#
# There is insufficient memory for the Java Runtime Environment to continue.
# Native memory allocation (malloc) failed to allocate 1762576 bytes. Error detail: Chunk::new
# Possible reasons:
#   The system is out of physical RAM or swap space
#   This process is running with CompressedOops enabled, and the Java Heap may be blocking the growth of the native heap
# Possible solutions:
#   Reduce memory load on the system
#   Increase physical memory or swap space
#   Check if swap backing store is full
#   Decrease Java heap size (-Xmx/-Xms)
#   Decrease number of Java threads
#   Decrease Java thread stack sizes (-Xss)
#   Set larger code cache with -XX:ReservedCodeCacheSize=
#   JVM is running with Unscaled Compressed Oops mode in which the Java heap is
#     placed in the first 4GB address space. The Java Heap base address is the
#     maximum limit for the native heap growth. Please use -XX:HeapBaseMinAddress
#     to set the Java Heap base and to place the Java Heap above 4GB virtual address.
# This output file may be truncated or incomplete.
#
#  Out of Memory Error (arena.cpp:168), pid=13884, tid=40520
#
# JRE version: OpenJDK Runtime Environment JBR-21.0.8+1-1038.71-jcef (21.0.8+1) (build 21.0.8+1-b1038.71)
# Java VM: OpenJDK 64-Bit Server VM JBR-21.0.8+1-1038.71-jcef (21.0.8+1-b1038.71, mixed mode, sharing, tiered, compressed oops, compressed class ptrs, g1 gc, windows-amd64)
# No core dump will be written. Minidumps are not enabled by default on client versions of Windows
#

---------------  S U M M A R Y ------------

Command Line: abort vfprintf -XX:ErrorFile=C:\Users\Kenwen\java_error_in_rider_%p.log -XX:HeapDumpPath=C:\Users\Kenwen\java_error_in_rider.hprof -Xms128m -Xmx2048m -XX:JbrShrinkingGcMaxHeapFreeRatio=40 -XX:ReservedCodeCacheSize=512m -XX:+HeapDumpOnOutOfMemoryError -XX:-OmitStackTraceInFastThrow -XX:CICompilerCount=2 -XX:+IgnoreUnrecognizedVMOptions -XX:+UnlockDiagnosticVMOptions -XX:TieredOldPercentage=100000 -ea -Dsun.io.useCanonCaches=false -Dsun.java2d.metal=true -Djbr.catch.SIGABRT=true -Djdk.http.auth.tunneling.disabledSchemes="" -Djdk.attach.allowAttachSelf=true -Djdk.module.illegalAccess.silent=true -Djdk.nio.maxCachedBufferSize=2097152 -Djava.util.zip.use.nio.for.zip.file.access=true -Dkotlinx.coroutines.debug=off -Djava.nio.file.spi.DefaultFileSystemProvider=com.intellij.platform.core.nio.fs.MultiRoutingFileSystemProvider -Dllm.show.ai.promotion.window.on.start=false -Xms128m -Xmx2048m -XX:ReservedCodeCacheSize=512m -XX:+IgnoreUnrecognizedVMOptions -XX:+UseG1GC -XX:SoftRefLRUPolicyMSPerMB=50 -XX:CICompilerCount=2 -XX:+HeapDumpOnOutOfMemoryError -XX:-OmitStackTraceInFastThrow -ea -Dsun.io.useCanonCaches=false -Djdk.http.auth.tunneling.disabledSchemes="" -Djdk.attach.allowAttachSelf=true -Djdk.module.illegalAccess.silent=true -Dkotlinx.coroutines.debug=off -XX:ErrorFile=$USER_HOME/java_error_in_idea_%p.log -XX:HeapDumpPath=$USER_HOME/java_error_in_idea.hprof --add-opens=java.base/jdk.internal.org.objectweb.asm=ALL-UNNAMED --add-opens=java.base/jdk.internal.org.objectweb.asm.tree=ALL-UNNAMED -javaagent:D:\jetbra\jetbra\ja-netfilter.jar=jetbrains -Djb.vmOptionsFile=D:\jetbra\jetbra\vmoptions\rider.vmoptions -Xbootclasspath/a:E:\Rider\JetBrains Rider 2024.3.6\lib\nio-fs.jar -Djava.system.class.loader=com.intellij.util.lang.PathClassLoader -Didea.vendor.name=JetBrains -Didea.paths.selector=Rider2025.2 -Djna.boot.library.path=E:\Rider\JetBrains Rider 2024.3.6/lib/jna/amd64 -Djna.nosys=true -Djna.noclasspath=true -Dpty4j.preferred.native.folder=E:\Rider\JetBrains Rider 2024.3.6/lib/pty4j -Dio.netty.allocator.type=pooled -Dintellij.platform.runtime.repository.path=E:\Rider\JetBrains Rider 2024.3.6/modules/module-descriptors.dat -Didea.platform.prefix=Rider -Dwsl.use.remote.agent.for.nio.filesystem=true -Djava.nio.file.spi.DefaultFileSystemProvider=com.intellij.platform.core.nio.fs.MultiRoutingFileSystemProvider -Dide.native.launcher=true -Didea.class.before.app=com.jetbrains.rider.protocol.EarlyBackendStarter -Didea.show.customize.ide.wizard=true -DFilePageCache.THROW_ERROR_ON_DUPLICATE_STORAGE_REGISTRATION=false -Dsplash=true -Daether.connector.resumeDownloads=false -Dcompose.swing.render.on.graphics=true --add-opens=java.base/java.io=ALL-UNNAMED --add-opens=java.base/java.lang=ALL-UNNAMED --add-opens=java.base/java.lang.ref=ALL-UNNAMED --add-opens=java.base/java.lang.reflect=ALL-UNNAMED --add-opens=java.base/java.net=ALL-UNNAMED --add-opens=java.base/java.nio=ALL-UNNAMED --add-opens=java.base/java.nio.charset=ALL-UNNAMED --add-opens=java.base/java.text=ALL-UNNAMED --add-opens=java.base/java.time=ALL-UNNAMED --add-opens=java.base/java.util=ALL-UNNAMED --add-opens=java.base/java.util.concurrent=ALL-UNNAMED --add-opens=java.base/java.util.concurrent.atomic=ALL-UNNAMED --add-opens=java.base/java.util.concurrent.locks=ALL-UNNAMED --add-opens=java.base/jdk.internal.vm=ALL-UNNAMED --add-opens=java.base/sun.net.dns=ALL-UNNAMED --add-opens=java.base/sun.nio.ch=ALL-UNNAMED --add-opens=java.base/sun.nio.fs=ALL-UNNAMED --add-opens=java.base/sun.security.ssl=ALL-UNNAMED --add-opens=java.base/sun.security.util=ALL-UNNAMED --add-opens=java.desktop/com.sun.java.swing=ALL-UNNAMED --add-opens=java.desktop/java.awt=ALL-UNNAMED --add-opens=java.desktop/java.awt.dnd.peer=ALL-UNNAMED --add-opens=java.desktop/java.awt.event=ALL-UNNAMED --add-opens=java.desktop/java.awt.font=ALL-UNNAMED --add-opens=java.desktop/java.awt.image=ALL-UNNAMED --add-opens=java.desktop/java.awt.peer=ALL-UNNAMED --add-opens=java.desktop/javax.swing=ALL-UNNAMED --add-opens=java.desktop/javax.swing.plaf.basic=ALL-UNNAMED --add-opens=java.desktop/javax.swing.text=ALL-UNNAMED --add-opens=java.desktop/javax.swing.text.html=ALL-UNNAMED --add-opens=java.desktop/javax.swing.text.html.parser=ALL-UNNAMED --add-opens=java.desktop/sun.awt=ALL-UNNAMED --add-opens=java.desktop/sun.awt.datatransfer=ALL-UNNAMED --add-opens=java.desktop/sun.awt.image=ALL-UNNAMED --add-opens=java.desktop/sun.awt.windows=ALL-UNNAMED --add-opens=java.desktop/sun.font=ALL-UNNAMED --add-opens=java.desktop/sun.java2d=ALL-UNNAMED --add-opens=java.desktop/sun.swing=ALL-UNNAMED --add-opens=java.management/sun.management=ALL-UNNAMED --add-opens=jdk.attach/sun.tools.attach=ALL-UNNAMED --add-opens=jdk.compiler/com.sun.tools.javac.api=ALL-UNNAMED --add-opens=jdk.internal.jvmstat/sun.jvmstat.monitor=ALL-UNNAMED --add-opens=jdk.jdi/com.sun.tools.jdi=ALL-UNNAMED -Dide.native.launcher=true -Djcef.sandbox.ptr=000001CE7B4DACA0 -Djcef.sandbox.cefVersion=122.1.9+gd14e051+chromium-122.0.6261.94 com.intellij.idea.Main E:\Project\Git\Hodgepodge\Hodgepodge.uproject

Host: 12th Gen Intel(R) Core(TM) i7-12700H, 20 cores, 15G,  Windows 11 , 64 bit Build 26100 (10.0.26100.4484)
Time: Sun Aug  9 17:21:20 2026 中国标准时间 elapsed time: 1030.984024 seconds (0d 0h 17m 10s)

---------------  T H R E A D  ---------------

Current thread (0x000001ce7f995530):  JavaThread "C2 CompilerThread0" daemon [_thread_in_native, id=40520, stack(0x000000287b300000,0x000000287b400000) (1024K)]


Current CompileTask:
C2:1030984 64558       4       com.intellij.openapi.editor.impl.view.IterationState::<init> (496 bytes)

Stack: [0x000000287b300000,0x000000287b400000]
Native frames: (J=compiled Java code, j=interpreted, Vv=VM code, C=native code)
V  [jvm.dll+0x6ebeb9]
V  [jvm.dll+0x8cbec3]
V  [jvm.dll+0x8ce47e]
V  [jvm.dll+0x8ceb63]
V  [jvm.dll+0x28adf6]
V  [jvm.dll+0xc6f3d]
V  [jvm.dll+0xc7473]
V  [jvm.dll+0x3c7ab1]
V  [jvm.dll+0x393697]
V  [jvm.dll+0x392b0a]
V  [jvm.dll+0x251d92]
V  [jvm.dll+0x251361]
V  [jvm.dll+0x1ceb64]
V  [jvm.dll+0x260bfe]
V  [jvm.dll+0x25f146]
V  [jvm.dll+0x402ee6]
V  [jvm.dll+0x873a78]
V  [jvm.dll+0x6ea63d]
C  [ucrtbase.dll+0x37b0]
C  [KERNEL32.DLL+0x2e8d7]
C  [ntdll.dll+0x3c34c]


---------------  P R O C E S S  ---------------

Threads class SMR info:
_java_thread_list=0x000001cea289c760, length=248, elements={
0x000001ce7b4fbd30, 0x000001ce7f979590, 0x000001ce7f984de0, 0x000001ce7f987950,
0x000001ce7f98b300, 0x000001ce7f98bd60, 0x000001ce7f98d040, 0x000001ce7f98e240,
0x000001ce7f995530, 0x000001ce7f997b60, 0x000001ce9dc1b1a0, 0x000001ce9e3f3ea0,
0x000001ce9e3f4510, 0x000001ce9e3c7930, 0x000001ce9e3ce210, 0x000001ce9e30eca0,
0x000001ce9e30e610, 0x000001ce9e30d260, 0x000001ce9e30f330, 0x000001ce9e30c540,
0x000001ce9e30df80, 0x000001ce9e30f9c0, 0x000001ce9e30d8f0, 0x000001ce9e30cbd0,
0x000001ce9e641cd0, 0x000001ce9e642360, 0x000001ce9e643da0, 0x000001ce9e6429f0,
0x000001ce9e643710, 0x000001ce9e640fb0, 0x000001ce9e641640, 0x000001ce9e644ac0,
0x000001ce9e645150, 0x000001ce9e643080, 0x000001ce9e646500, 0x000001ce9f66d950,
0x000001ce9f66ab60, 0x000001ce9f66b1f0, 0x000001ce9f6700b0, 0x000001ce9f670740,
0x000001ce9f671460, 0x000001cea011c7d0, 0x000001cea0119350, 0x000001cea011ce60,
0x000001cea011d4f0, 0x000001cea011db80, 0x000001cea011e210, 0x000001cea0d309d0,
0x000001cea0d2e270, 0x000001cea0d31d80, 0x000001cea0d31060, 0x000001cea0d2fcb0,
0x000001cea0d30340, 0x000001cea0d2f620, 0x000001cea0d2e900, 0x000001cea0d32410,
0x000001cea0d316f0, 0x000001cea0d2ef90, 0x000001cea0d33e50, 0x000001cea0d34b70,
0x000001cea0d32aa0, 0x000001cea0d33130, 0x000001cea0d337c0, 0x000001cea0d35200,
0x000001cea0d344e0, 0x000001cea0d35890, 0x000001cea0c75d40, 0x000001cea0c763d0,
0x000001cea0c756b0, 0x000001cea0c770f0, 0x000001cea0c74990, 0x000001cea0c77780,
0x000001cea0c76a60, 0x000001cea0c74300, 0x000001cea0c77e10, 0x000001cea0c784a0,
0x000001cea0c75020, 0x000001cea0c791c0, 0x000001cea0c7ac00, 0x000001cea0c79ee0,
0x000001cea0c7b920, 0x000001cea0c79850, 0x000001cea0c7a570, 0x000001cea0fb8b00,
0x000001cea0fb7750, 0x000001cea0fb70c0, 0x000001cea1afd900, 0x000001cee00caf20,
0x000001cf2e5cf670, 0x000001cf2e5cdc30, 0x000001cf4a432de0, 0x000001cf4a4320c0,
0x000001cf4a432750, 0x000001cf4a433470, 0x000001cf4a43c4d0, 0x000001cea1b01410,
0x000001cf60da5220, 0x000001cf68ba9760, 0x000001cf68ba90d0, 0x000001cf68baa480,
0x000001cf68bab830, 0x000001cf68babec0, 0x000001cf68bacbe0, 0x000001cf68ba9df0,
0x000001cf68badf90, 0x000001cf68baab10, 0x000001cf68bb62d0, 0x000001cf692c98a0,
0x000001cf692c9210, 0x000001cf692ce760, 0x000001cf692d5060, 0x000001cf692d56f0,
0x000001cf692d5d80, 0x000001cf692d6410, 0x000001cf692d49d0, 0x000001cf692db960,
0x000001cf6b5d6660, 0x000001cf6b5bc8f0, 0x000001cf6b5c7390, 0x000001cf6b5c9460,
0x000001cf6b5ca810, 0x000001cf73cc86b0, 0x000001cf73cc4ba0, 0x000001cf73cc58c0,
0x000001cf73cc7300, 0x000001cf73cc3e80, 0x000001cf73cc5230, 0x000001cf73cc65e0,
0x000001cf73cc7990, 0x000001cf73cc6c70, 0x000001cf73cc8020, 0x000001cf73cca780,
0x000001cf73cccee0, 0x000001cf73cc9a60, 0x000001cf73ccb4a0, 0x000001cf73cca0f0,
0x000001cf73ccbb30, 0x000001cf6b5d52b0, 0x000001cf6b5d5940, 0x000001cf6b5d5fd0,
0x000001cf6b5d2b50, 0x000001cf84c1de10, 0x000001cf84c20c00, 0x000001cf84c1f1c0,
0x000001cf84c23360, 0x000001cf84c267e0, 0x000001cf84c239f0, 0x000001cf84c25ac0,
0x000001cf84c27500, 0x000001cf84c2a980, 0x000001cf84c2b010, 0x000001cf847205b0,
0x000001cf84720c40, 0x000001cf84c2bd30, 0x000001cf84c2ca50, 0x000001cf84c2e490,
0x000001cf84c2d770, 0x000001cf84c2f1b0, 0x000001cf84c2fed0, 0x000001cf84c32630,
0x000001cf84c07520, 0x000001cf84c07bb0, 0x000001cf84c088d0, 0x000001cf84c09c80,
0x000001cf84c06800, 0x000001cf84c08f60, 0x000001cf84c095f0, 0x000001cf84c0a310,
0x000001cf84c06e90, 0x000001cf84c0b6c0, 0x000001cf84c0a9a0, 0x000001cf84c0d100,
0x000001cf84c0d790, 0x000001cf84c0de20, 0x000001cf84c0e4b0, 0x000001cf84c0b030,
0x000001cf84c0eb40, 0x000001cf84c0bd50, 0x000001cf84c0f1d0, 0x000001cf84c11fc0,
0x000001cf84c0c3e0, 0x000001cf84c11930, 0x000001cf8ebeb270, 0x000001cf8ea9c3a0,
0x000001cf8471f890, 0x000001cf847240c0, 0x000001cf8ea9feb0, 0x000001cf8ea9f820,
0x000001cf8ea9eb00, 0x000001cf8eaa0bd0, 0x000001cf8eaa5400, 0x000001cf8eaba2b0,
0x000001cf8eabbcf0, 0x000001cf8eab8f00, 0x000001cf8eab9c20, 0x000001cf8eab8870,
0x000001cf8eac0520, 0x000001cf9a8ea3f0, 0x000001cf9a8e1390, 0x000001cf9a8e0670,
0x000001cf9a8e4ea0, 0x000001cea1e93eb0, 0x000001cea1e779e0, 0x000001cea1e7f000,
0x000001cea1e7e2e0, 0x000001cea1e81df0, 0x000001cea1e7f690, 0x000001cea1e83830,
0x000001cea1e83ec0, 0x000001cea1e831a0, 0x000001cea1e88060, 0x000001cea1e84be0,
0x000001cea1e88d80, 0x000001cf8ea90550, 0x000001cf9a8f9d50, 0x000001cf8eaa5a90,
0x000001cf8eaa39c0, 0x000001cf8eaa6120, 0x000001cf8ec0a530, 0x000001cf8eab7b50,
0x000001cf8eab5a80, 0x000001ceab9d2050, 0x000001ceab9d47b0, 0x000001ceab9d1330,
0x000001ceab9d4e40, 0x000001ceab9d61f0, 0x000001ceab9d6880, 0x000001ceab9bf900,
0x000001ceab9bcb10, 0x000001ceab9c0620, 0x000001ceab9d9670, 0x000001ceaa01ed10,
0x000001ceaa022820, 0x000001ceaa023540, 0x000001ceaa025610, 0x000001ceaa025ca0,
0x000001ceaa026330, 0x000001ceaa022eb0, 0x000001ceaa024260, 0x000001ceaa020750,
0x000001ceaa028400, 0x000001cf8ec0e040, 0x000001cf8ec10e30, 0x000001cf8ec0f3f0,
0x000001ceaa012ec0, 0x000001ceaa01d960, 0x000001ceaa01d2d0, 0x000001ceaa01cc40
}

Java Threads: ( => current thread )
  0x000001ce7b4fbd30 JavaThread "main"                              [_thread_blocked, id=8692, stack(0x000000287a300000,0x000000287a500000) (2048K)]
  0x000001ce7f979590 JavaThread "Common-Cleaner"             daemon [_thread_blocked, id=42772, stack(0x000000287ac00000,0x000000287ad00000) (1024K)]
  0x000001ce7f984de0 JavaThread "Reference Handler"          daemon [_thread_blocked, id=2864, stack(0x000000287ad00000,0x000000287ae00000) (1024K)]
  0x000001ce7f987950 JavaThread "Finalizer"                  daemon [_thread_blocked, id=48936, stack(0x000000287ae00000,0x000000287af00000) (1024K)]
  0x000001ce7f98b300 JavaThread "Signal Dispatcher"          daemon [_thread_blocked, id=5584, stack(0x000000287af00000,0x000000287b000000) (1024K)]
  0x000001ce7f98bd60 JavaThread "Attach Listener"            daemon [_thread_blocked, id=40648, stack(0x000000287b000000,0x000000287b100000) (1024K)]
  0x000001ce7f98d040 JavaThread "Service Thread"             daemon [_thread_blocked, id=22724, stack(0x000000287b100000,0x000000287b200000) (1024K)]
  0x000001ce7f98e240 JavaThread "Monitor Deflation Thread"   daemon [_thread_blocked, id=7972, stack(0x000000287b200000,0x000000287b300000) (1024K)]
=>0x000001ce7f995530 JavaThread "C2 CompilerThread0"         daemon [_thread_in_native, id=40520, stack(0x000000287b300000,0x000000287b400000) (1024K)]
  0x000001ce7f997b60 JavaThread "C1 CompilerThread0"         daemon [_thread_in_vm, id=30428, stack(0x000000287b400000,0x000000287b500000) (1024K)]
  0x000001ce9dc1b1a0 JavaThread "Notification Thread"        daemon [_thread_blocked, id=22208, stack(0x000000287b500000,0x000000287b600000) (1024K)]
  0x000001ce9e3f3ea0 JavaThread "DefaultDispatcher-worker-1" daemon [_thread_blocked, id=22216, stack(0x000000287bc00000,0x000000287bd00000) (1024K)]
  0x000001ce9e3f4510 JavaThread "DefaultDispatcher-worker-2" daemon [_thread_in_vm, id=12772, stack(0x000000287bd00000,0x000000287be00000) (1024K)]
  0x000001ce9e3c7930 JavaThread "DefaultDispatcher-worker-3" daemon [_thread_blocked, id=47964, stack(0x000000287be00000,0x000000287bf00000) (1024K)]
  0x000001ce9e3ce210 JavaThread "DefaultDispatcher-worker-4" daemon [_thread_blocked, id=37368, stack(0x000000287bf00000,0x000000287c000000) (1024K)]
  0x000001ce9e30eca0 JavaThread "DefaultDispatcher-worker-5" daemon [_thread_blocked, id=6288, stack(0x000000287c000000,0x000000287c100000) (1024K)]
  0x000001ce9e30e610 JavaThread "DefaultDispatcher-worker-6" daemon [_thread_blocked, id=49052, stack(0x000000287c100000,0x000000287c200000) (1024K)]
  0x000001ce9e30d260 JavaThread "DefaultDispatcher-worker-7" daemon [_thread_blocked, id=8428, stack(0x000000287c200000,0x000000287c300000) (1024K)]
  0x000001ce9e30f330 JavaThread "DefaultDispatcher-worker-8" daemon [_thread_blocked, id=16712, stack(0x000000287c300000,0x000000287c400000) (1024K)]
  0x000001ce9e30c540 JavaThread "DefaultDispatcher-worker-9" daemon [_thread_blocked, id=9940, stack(0x000000287c400000,0x000000287c500000) (1024K)]
  0x000001ce9e30df80 JavaThread "DefaultDispatcher-worker-10" daemon [_thread_blocked, id=11436, stack(0x000000287c500000,0x000000287c600000) (1024K)]
  0x000001ce9e30f9c0 JavaThread "DefaultDispatcher-worker-11" daemon [_thread_blocked, id=47108, stack(0x000000287c600000,0x000000287c700000) (1024K)]
  0x000001ce9e30d8f0 JavaThread "DefaultDispatcher-worker-12" daemon [_thread_blocked, id=7052, stack(0x000000287c700000,0x000000287c800000) (1024K)]
  0x000001ce9e30cbd0 JavaThread "DefaultDispatcher-worker-13" daemon [_thread_blocked, id=7092, stack(0x000000287c800000,0x000000287c900000) (1024K)]
  0x000001ce9e641cd0 JavaThread "DefaultDispatcher-worker-14" daemon [_thread_blocked, id=39144, stack(0x000000287c900000,0x000000287ca00000) (1024K)]
  0x000001ce9e642360 JavaThread "DefaultDispatcher-worker-15" daemon [_thread_blocked, id=14332, stack(0x000000287ca00000,0x000000287cb00000) (1024K)]
  0x000001ce9e643da0 JavaThread "DefaultDispatcher-worker-16" daemon [_thread_blocked, id=12312, stack(0x000000287cb00000,0x000000287cc00000) (1024K)]
  0x000001ce9e6429f0 JavaThread "DefaultDispatcher-worker-17" daemon [_thread_blocked, id=13928, stack(0x000000287cc00000,0x000000287cd00000) (1024K)]
  0x000001ce9e643710 JavaThread "DefaultDispatcher-worker-18" daemon [_thread_blocked, id=37184, stack(0x000000287cd00000,0x000000287ce00000) (1024K)]
  0x000001ce9e640fb0 JavaThread "DefaultDispatcher-worker-19" daemon [_thread_blocked, id=10824, stack(0x000000287ce00000,0x000000287cf00000) (1024K)]
  0x000001ce9e641640 JavaThread "DefaultDispatcher-worker-20" daemon [_thread_blocked, id=23224, stack(0x000000287cf00000,0x000000287d000000) (1024K)]
  0x000001ce9e644ac0 JavaThread "Java2D Disposer"            daemon [_thread_blocked, id=18216, stack(0x000000287d000000,0x000000287d100000) (1024K)]
  0x000001ce9e645150 JavaThread "AWT-Shutdown"                      [_thread_blocked, id=35148, stack(0x000000287d100000,0x000000287d200000) (1024K)]
  0x000001ce9e643080 JavaThread "AWT-Windows"                daemon [_thread_in_native, id=49768, stack(0x000000287d200000,0x000000287d300000) (1024K)]
  0x000001ce9e646500 JavaThread "AWT-EventQueue-0"                  [_thread_in_Java, id=28172, stack(0x000000287d300000,0x000000287d400000) (1024K)]
  0x000001ce9f66d950 JavaThread "Kernel event loop thread jdq4pd1uqams7h8rl7nd" daemon [_thread_blocked, id=21256, stack(0x000000287d400000,0x000000287d500000) (1024K)]
  0x000001ce9f66ab60 JavaThread "External Command Listener"  daemon [_thread_in_native, id=10764, stack(0x000000287de00000,0x000000287df00000) (1024K)]
  0x000001ce9f66b1f0 JavaThread "kotlinx.coroutines.DefaultExecutor" daemon [_thread_blocked, id=43940, stack(0x000000287e200000,0x000000287e300000) (1024K)]
  0x000001ce9f6700b0 JavaThread "EarlyStartServerWire/Sender" daemon [_thread_blocked, id=48940, stack(0x000000287e300000,0x000000287e400000) (1024K)]
  0x000001ce9f670740 JavaThread "EarlyStartServerWire"       daemon [_thread_in_native, id=5564, stack(0x000000287e400000,0x000000287e500000) (1024K)]
  0x000001ce9f671460 JavaThread "SerializersBackgroundRegistrar" daemon [_thread_blocked, id=17100, stack(0x000000287e500000,0x000000287e600000) (1024K)]
  0x000001cea011c7d0 JavaThread "DefaultDispatcher-worker-21" daemon [_thread_blocked, id=44140, stack(0x000000287e600000,0x000000287e700000) (1024K)]
  0x000001cea0119350 JavaThread "DefaultDispatcher-worker-22" daemon [_thread_blocked, id=4644, stack(0x000000287e700000,0x000000287e800000) (1024K)]
  0x000001cea011ce60 JavaThread "DefaultDispatcher-worker-23" daemon [_thread_blocked, id=9156, stack(0x000000287e800000,0x000000287e900000) (1024K)]
  0x000001cea011d4f0 JavaThread "DefaultDispatcher-worker-25" daemon [_thread_blocked, id=25888, stack(0x000000287e900000,0x000000287ea00000) (1024K)]
  0x000001cea011db80 JavaThread "DefaultDispatcher-worker-24" daemon [_thread_in_native, id=45736, stack(0x000000287ea00000,0x000000287eb00000) (1024K)]
  0x000001cea011e210 JavaThread "DefaultDispatcher-worker-26" daemon [_thread_blocked, id=4768, stack(0x000000287eb00000,0x000000287ec00000) (1024K)]
  0x000001cea0d309d0 JavaThread "DefaultDispatcher-worker-27" daemon [_thread_blocked, id=32336, stack(0x000000287ec00000,0x000000287ed00000) (1024K)]
  0x000001cea0d2e270 JavaThread "DefaultDispatcher-worker-28" daemon [_thread_blocked, id=28232, stack(0x000000287ed00000,0x000000287ee00000) (1024K)]
  0x000001cea0d31d80 JavaThread "DefaultDispatcher-worker-29" daemon [_thread_blocked, id=26000, stack(0x000000287ee00000,0x000000287ef00000) (1024K)]
  0x000001cea0d31060 JavaThread "DefaultDispatcher-worker-30" daemon [_thread_blocked, id=28140, stack(0x000000287ef00000,0x000000287f000000) (1024K)]
  0x000001cea0d2fcb0 JavaThread "DefaultDispatcher-worker-32" daemon [_thread_blocked, id=26736, stack(0x000000287f000000,0x000000287f100000) (1024K)]
  0x000001cea0d30340 JavaThread "DefaultDispatcher-worker-33" daemon [_thread_blocked, id=43616, stack(0x000000287f100000,0x000000287f200000) (1024K)]
  0x000001cea0d2f620 JavaThread "DefaultDispatcher-worker-34" daemon [_thread_blocked, id=27736, stack(0x000000287f200000,0x000000287f300000) (1024K)]
  0x000001cea0d2e900 JavaThread "DefaultDispatcher-worker-31" daemon [_thread_blocked, id=25072, stack(0x000000287f300000,0x000000287f400000) (1024K)]
  0x000001cea0d32410 JavaThread "DefaultDispatcher-worker-35" daemon [_thread_blocked, id=17396, stack(0x000000287f400000,0x000000287f500000) (1024K)]
  0x000001cea0d316f0 JavaThread "DefaultDispatcher-worker-36" daemon [_thread_blocked, id=40824, stack(0x000000287f500000,0x000000287f600000) (1024K)]
  0x000001cea0d2ef90 JavaThread "DefaultDispatcher-worker-39" daemon [_thread_blocked, id=41232, stack(0x000000287f600000,0x000000287f700000) (1024K)]
  0x000001cea0d33e50 JavaThread "DefaultDispatcher-worker-38" daemon [_thread_blocked, id=40924, stack(0x000000287f700000,0x000000287f800000) (1024K)]
  0x000001cea0d34b70 JavaThread "DefaultDispatcher-worker-37" daemon [_thread_in_native, id=40036, stack(0x000000287f800000,0x000000287f900000) (1024K)]
  0x000001cea0d32aa0 JavaThread "DefaultDispatcher-worker-40" daemon [_thread_blocked, id=32696, stack(0x000000287f900000,0x000000287fa00000) (1024K)]
  0x000001cea0d33130 JavaThread "DefaultDispatcher-worker-41" daemon [_thread_blocked, id=43804, stack(0x000000287fa00000,0x000000287fb00000) (1024K)]
  0x000001cea0d337c0 JavaThread "DefaultDispatcher-worker-43" daemon [_thread_blocked, id=18524, stack(0x000000287fb00000,0x000000287fc00000) (1024K)]
  0x000001cea0d35200 JavaThread "DefaultDispatcher-worker-42" daemon [_thread_blocked, id=45672, stack(0x000000287fc00000,0x000000287fd00000) (1024K)]
  0x000001cea0d344e0 JavaThread "DefaultDispatcher-worker-44" daemon [_thread_blocked, id=35672, stack(0x000000287fd00000,0x000000287fe00000) (1024K)]
  0x000001cea0d35890 JavaThread "DefaultDispatcher-worker-45" daemon [_thread_blocked, id=35564, stack(0x000000287fe00000,0x000000287ff00000) (1024K)]
  0x000001cea0c75d40 JavaThread "DefaultDispatcher-worker-46" daemon [_thread_blocked, id=47492, stack(0x000000287ff00000,0x0000002880000000) (1024K)]
  0x000001cea0c763d0 JavaThread "DefaultDispatcher-worker-47" daemon [_thread_blocked, id=36568, stack(0x0000002800000000,0x0000002800100000) (1024K)]
  0x000001cea0c756b0 JavaThread "DefaultDispatcher-worker-48" daemon [_thread_blocked, id=40476, stack(0x0000002800100000,0x0000002800200000) (1024K)]
  0x000001cea0c770f0 JavaThread "DefaultDispatcher-worker-49" daemon [_thread_blocked, id=43416, stack(0x0000002800200000,0x0000002800300000) (1024K)]
  0x000001cea0c74990 JavaThread "DefaultDispatcher-worker-50" daemon [_thread_blocked, id=30668, stack(0x0000002800300000,0x0000002800400000) (1024K)]
  0x000001cea0c77780 JavaThread "DefaultDispatcher-worker-52" daemon [_thread_blocked, id=36684, stack(0x0000002800400000,0x0000002800500000) (1024K)]
  0x000001cea0c76a60 JavaThread "DefaultDispatcher-worker-51" daemon [_thread_blocked, id=36060, stack(0x0000002800500000,0x0000002800600000) (1024K)]
  0x000001cea0c74300 JavaThread "DefaultDispatcher-worker-53" daemon [_thread_blocked, id=31284, stack(0x0000002800600000,0x0000002800700000) (1024K)]
  0x000001cea0c77e10 JavaThread "DefaultDispatcher-worker-54" daemon [_thread_blocked, id=24904, stack(0x0000002800700000,0x0000002800800000) (1024K)]
  0x000001cea0c784a0 JavaThread "DefaultDispatcher-worker-55" daemon [_thread_blocked, id=44540, stack(0x0000002800800000,0x0000002800900000) (1024K)]
  0x000001cea0c75020 JavaThread "DefaultDispatcher-worker-56" daemon [_thread_blocked, id=23884, stack(0x0000002800900000,0x0000002800a00000) (1024K)]
  0x000001cea0c791c0 JavaThread "DefaultDispatcher-worker-57" daemon [_thread_blocked, id=32496, stack(0x0000002800a00000,0x0000002800b00000) (1024K)]
  0x000001cea0c7ac00 JavaThread "DefaultDispatcher-worker-58" daemon [_thread_blocked, id=38572, stack(0x0000002800b00000,0x0000002800c00000) (1024K)]
  0x000001cea0c79ee0 JavaThread "DefaultDispatcher-worker-59" daemon [_thread_blocked, id=38452, stack(0x0000002800c00000,0x0000002800d00000) (1024K)]
  0x000001cea0c7b920 JavaThread "DefaultDispatcher-worker-60" daemon [_thread_blocked, id=30584, stack(0x0000002800d00000,0x0000002800e00000) (1024K)]
  0x000001cea0c79850 JavaThread "DefaultDispatcher-worker-61" daemon [_thread_blocked, id=30260, stack(0x0000002800e00000,0x0000002800f00000) (1024K)]
  0x000001cea0c7a570 JavaThread "DefaultDispatcher-worker-62" daemon [_thread_blocked, id=47024, stack(0x0000002800f00000,0x0000002801000000) (1024K)]
  0x000001cea0fb8b00 JavaThread "JetBrains"                         [_thread_in_native, id=39428, stack(0x0000002801000000,0x0000002801100000) (1024K)]
  0x000001cea0fb7750 JavaThread "BaseDataReader: output stream of JetBrains"        [_thread_in_native, id=33012, stack(0x0000002801100000,0x0000002801200000) (1024K)]
  0x000001cea0fb70c0 JavaThread "BaseDataReader: error stream of JetBrains"        [_thread_in_native, id=15488, stack(0x0000002801200000,0x0000002801300000) (1024K)]
  0x000001cea1afd900 JavaThread "PeriodicMetricReader"       daemon [_thread_blocked, id=23812, stack(0x0000002801300000,0x0000002801400000) (1024K)]
  0x000001cee00caf20 JavaThread "Coroutines Debugger Cleaner" daemon [_thread_blocked, id=38020, stack(0x0000002801400000,0x0000002801500000) (1024K)]
  0x000001cf2e5cf670 JavaThread "JNA Cleaner"                daemon [_thread_blocked, id=38260, stack(0x0000002801500000,0x0000002801600000) (1024K)]
  0x000001cf2e5cdc30 JavaThread "Periodic tasks thread"      daemon [_thread_blocked, id=30648, stack(0x0000002801600000,0x0000002801700000) (1024K)]
  0x000001cf4a432de0 JavaThread "fsnotifier.exe"                    [_thread_in_native, id=45044, stack(0x0000002801800000,0x0000002801900000) (1024K)]
  0x000001cf4a4320c0 JavaThread "BaseDataReader: error stream of fsnotifier.exe"        [_thread_in_native, id=39912, stack(0x0000002801900000,0x0000002801a00000) (1024K)]
  0x000001cf4a432750 JavaThread "BaseDataReader: output stream of fsnotifier.exe"        [_thread_in_native, id=33020, stack(0x0000002801a00000,0x0000002801b00000) (1024K)]
  0x000001cf4a433470 JavaThread "Windows Shell integration"  daemon [_thread_blocked, id=39656, stack(0x0000002801b00000,0x0000002801c00000) (1024K)]
  0x000001cf4a43c4d0 JavaThread "Netty Builtin Server 1"     daemon [_thread_in_native, id=31204, stack(0x0000002801d00000,0x0000002801e00000) (1024K)]
  0x000001cea1b01410 JavaThread "pool-4-thread-1"                   [_thread_blocked, id=14412, stack(0x0000002802000000,0x0000002802100000) (1024K)]
  0x000001cf60da5220 JavaThread "pool-10-thread-1"                  [_thread_blocked, id=14584, stack(0x0000002802200000,0x0000002802300000) (1024K)]
  0x000001cf68ba9760 JavaThread "pool-10-thread-2"                  [_thread_blocked, id=34556, stack(0x0000002802300000,0x0000002802400000) (1024K)]
  0x000001cf68ba90d0 JavaThread "pool-10-thread-3"                  [_thread_blocked, id=12216, stack(0x0000002802400000,0x0000002802500000) (1024K)]
  0x000001cf68baa480 JavaThread "DefaultDispatcher-worker-1" daemon [_thread_blocked, id=39724, stack(0x0000002802500000,0x0000002802600000) (1024K)]
  0x000001cf68bab830 JavaThread "DefaultDispatcher-worker-2" daemon [_thread_blocked, id=25572, stack(0x0000002802600000,0x0000002802700000) (1024K)]
  0x000001cf68babec0 JavaThread "DefaultDispatcher-worker-3" daemon [_thread_blocked, id=12540, stack(0x0000002802700000,0x0000002802800000) (1024K)]
  0x000001cf68bacbe0 JavaThread "pool-10-thread-4"                  [_thread_blocked, id=44236, stack(0x0000002802800000,0x0000002802900000) (1024K)]
  0x000001cf68ba9df0 JavaThread "pool-10-thread-5"                  [_thread_blocked, id=12464, stack(0x0000002802900000,0x0000002802a00000) (1024K)]
  0x000001cf68badf90 JavaThread "pool-7-thread-1"                   [_thread_blocked, id=39932, stack(0x0000002802a00000,0x0000002802b00000) (1024K)]
  0x000001cf68baab10 JavaThread "kotlinx.coroutines.DefaultExecutor" daemon [_thread_blocked, id=48520, stack(0x0000002802b00000,0x0000002802c00000) (1024K)]
  0x000001cf68bb62d0 JavaThread "BackgroundScheduler"        daemon [_thread_blocked, id=26748, stack(0x0000002802f00000,0x0000002803000000) (1024K)]
  0x000001cf692c98a0 JavaThread "smart-input-caller"                [_thread_blocked, id=40300, stack(0x0000002803600000,0x0000002803700000) (1024K)]
  0x000001cf692c9210 JavaThread "pool-19-thread-1"                  [_thread_blocked, id=18052, stack(0x0000002803700000,0x0000002803800000) (1024K)]
  0x000001cf692ce760 JavaThread "HttpClient-1-SelectorManager" daemon [_thread_in_native, id=15284, stack(0x0000002803900000,0x0000002803a00000) (1024K)]
  0x000001cf692d5060 JavaThread "DefaultDispatcher-worker-4" daemon [_thread_blocked, id=37376, stack(0x0000002803a00000,0x0000002803b00000) (1024K)]
  0x000001cf692d56f0 JavaThread "DefaultDispatcher-worker-5" daemon [_thread_blocked, id=21056, stack(0x0000002803b00000,0x0000002803c00000) (1024K)]
  0x000001cf692d5d80 JavaThread "DefaultDispatcher-worker-6" daemon [_thread_blocked, id=29488, stack(0x0000002803c00000,0x0000002803d00000) (1024K)]
  0x000001cf692d6410 JavaThread "DefaultDispatcher-worker-7" daemon [_thread_blocked, id=40844, stack(0x0000002803d00000,0x0000002803e00000) (1024K)]
  0x000001cf692d49d0 JavaThread "DefaultDispatcher-worker-8" daemon [_thread_blocked, id=38364, stack(0x0000002803e00000,0x0000002803f00000) (1024K)]
  0x000001cf692db960 JavaThread "Jndi-Dns-address-change-listener" daemon [_thread_in_native, id=19624, stack(0x0000002804200000,0x0000002804300000) (1024K)]
  0x000001cf6b5d6660 JavaThread "JetBrains.ProcessEnumerator.Worker.exe"        [_thread_in_native, id=16268, stack(0x0000002803500000,0x0000002803600000) (1024K)]
  0x000001cf6b5bc8f0 JavaThread "TimerQueue"                 daemon [_thread_blocked, id=29960, stack(0x0000002803800000,0x0000002803900000) (1024K)]
  0x000001cf6b5c7390 JavaThread "pool-19-thread-2"                  [_thread_blocked, id=36268, stack(0x0000002804700000,0x0000002804800000) (1024K)]
  0x000001cf6b5c9460 JavaThread "smart-input-abort"                 [_thread_in_native, id=36480, stack(0x0000002804800000,0x0000002804900000) (1024K)]
  0x000001cf6b5ca810 JavaThread "smart-input-caller"                [_thread_blocked, id=38012, stack(0x0000002804900000,0x0000002804a00000) (1024K)]
  0x000001cf73cc86b0 JavaThread "BaseDataReader: error stream of LLDBFrontend.exe"        [_thread_in_native, id=45920, stack(0x0000002804500000,0x0000002804600000) (1024K)]
  0x000001cf73cc4ba0 JavaThread "DefaultDispatcher-worker-63" daemon [_thread_blocked, id=44084, stack(0x0000002802100000,0x0000002802200000) (1024K)]
  0x000001cf73cc58c0 JavaThread "DefaultDispatcher-worker-66" daemon [_thread_blocked, id=14744, stack(0x0000002804c00000,0x0000002804d00000) (1024K)]
  0x000001cf73cc7300 JavaThread "DefaultDispatcher-worker-65" daemon [_thread_blocked, id=17256, stack(0x0000002804d00000,0x0000002804e00000) (1024K)]
  0x000001cf73cc3e80 JavaThread "DefaultDispatcher-worker-69" daemon [_thread_in_native, id=26944, stack(0x0000002804e00000,0x0000002804f00000) (1024K)]
  0x000001cf73cc5230 JavaThread "DefaultDispatcher-worker-64" daemon [_thread_blocked, id=13772, stack(0x0000002804f00000,0x0000002805000000) (1024K)]
  0x000001cf73cc65e0 JavaThread "DefaultDispatcher-worker-68" daemon [_thread_blocked, id=40500, stack(0x0000002805000000,0x0000002805100000) (1024K)]
  0x000001cf73cc7990 JavaThread "DefaultDispatcher-worker-67" daemon [_thread_blocked, id=49260, stack(0x0000002805100000,0x0000002805200000) (1024K)]
  0x000001cf73cc6c70 JavaThread "DefaultDispatcher-worker-70" daemon [_thread_blocked, id=49460, stack(0x0000002805200000,0x0000002805300000) (1024K)]
  0x000001cf73cc8020 JavaThread "DefaultDispatcher-worker-73" daemon [_thread_blocked, id=16120, stack(0x0000002805300000,0x0000002805400000) (1024K)]
  0x000001cf73cca780 JavaThread "DefaultDispatcher-worker-72" daemon [_thread_blocked, id=42244, stack(0x0000002805400000,0x0000002805500000) (1024K)]
  0x000001cf73cccee0 JavaThread "DefaultDispatcher-worker-74" daemon [_thread_blocked, id=43452, stack(0x0000002805500000,0x0000002805600000) (1024K)]
  0x000001cf73cc9a60 JavaThread "DefaultDispatcher-worker-71" daemon [_thread_blocked, id=21304, stack(0x0000002805600000,0x0000002805700000) (1024K)]
  0x000001cf73ccb4a0 JavaThread "DefaultDispatcher-worker-75" daemon [_thread_blocked, id=30372, stack(0x0000002805700000,0x0000002805800000) (1024K)]
  0x000001cf73cca0f0 JavaThread "DefaultDispatcher-worker-76" daemon [_thread_blocked, id=44064, stack(0x0000002805800000,0x0000002805900000) (1024K)]
  0x000001cf73ccbb30 JavaThread "DefaultDispatcher-worker-77" daemon [_thread_blocked, id=36180, stack(0x0000002805900000,0x0000002805a00000) (1024K)]
  0x000001cf6b5d52b0 JavaThread "JetBrains.DPA.Protocol.Backend_Server/Sender" daemon [_thread_blocked, id=44868, stack(0x0000002805a00000,0x0000002805b00000) (1024K)]
  0x000001cf6b5d5940 JavaThread "JetBrains.DPA.Protocol.Backend_Server" daemon [_thread_in_native, id=50064, stack(0x0000002805b00000,0x0000002805c00000) (1024K)]
  0x000001cf6b5d5fd0 JavaThread "JetBrains.DPA.Protocol.Backend_Render_Server/Sender" daemon [_thread_blocked, id=13252, stack(0x0000002805c00000,0x0000002805d00000) (1024K)]
  0x000001cf6b5d2b50 JavaThread "JetBrains.DPA.Protocol.Backend_Render_Server" daemon [_thread_in_native, id=6480, stack(0x0000002805d00000,0x0000002805e00000) (1024K)]
  0x000001cf84c1de10 JavaThread "DefaultDispatcher-worker-78" daemon [_thread_blocked, id=3288, stack(0x0000002805e00000,0x0000002805f00000) (1024K)]
  0x000001cf84c20c00 JavaThread "DefaultDispatcher-worker-79" daemon [_thread_blocked, id=46652, stack(0x0000002805f00000,0x0000002806000000) (1024K)]
  0x000001cf84c1f1c0 JavaThread "BaseDataReader: output stream of JetBrains.ProcessEnumerator.Worker.exe"        [_thread_blocked, id=3444, stack(0x0000002806000000,0x0000002806100000) (1024K)]
  0x000001cf84c23360 JavaThread "BaseDataReader: output stream of LLDBFrontend.exe"        [_thread_in_native, id=47124, stack(0x0000002806100000,0x0000002806200000) (1024K)]
  0x000001cf84c267e0 JavaThread "BaseDataReader: error stream of dotnet.exe"        [_thread_blocked, id=24448, stack(0x0000002806400000,0x0000002806500000) (1024K)]
  0x000001cf84c239f0 JavaThread "copilot-language-server.exe"        [_thread_in_native, id=20548, stack(0x0000002806500000,0x0000002806600000) (1024K)]
  0x000001cf84c25ac0 JavaThread "BaseDataReader: output stream of dotnet.exe"        [_thread_blocked, id=39072, stack(0x0000002806900000,0x0000002806a00000) (1024K)]
  0x000001cf84c27500 JavaThread "BaseDataReader: output stream of copilot-language-server.exe"        [_thread_in_native, id=37092, stack(0x0000002806a00000,0x0000002806b00000) (1024K)]
  0x000001cf84c2a980 JavaThread "BaseDataReader: error stream of copilot-language-server.exe"        [_thread_in_native, id=17312, stack(0x0000002806c00000,0x0000002806d00000) (1024K)]
  0x000001cf84c2b010 JavaThread "dotnet.exe"                        [_thread_in_native, id=48864, stack(0x0000002806d00000,0x0000002806e00000) (1024K)]
  0x000001cf847205b0 JavaThread "MVStore background writer C:/Users/Kenwen/AppData/Local/github-copilot/rd/bg-agent-sessions/3HEAH6aVqbIVs8XPRP99xun6pNw/copilot-agent-snapshots.db" daemon [_thread_blocked, id=26524, stack(0x0000002806f00000,0x0000002807000000) (1024K)]
  0x000001cf84720c40 JavaThread "MVStore background writer C:/Users/Kenwen/AppData/Local/github-copilot/rd/chat-agent-sessions/3HEAH6aVqbIVs8XPRP99xun6pNw/copilot-agent-sessions-nitrite.db" daemon [_thread_blocked, id=44784, stack(0x0000002807000000,0x0000002807100000) (1024K)]
  0x000001cf84c2bd30 JavaThread "LocalFileLoader-0"          daemon [_thread_blocked, id=45104, stack(0x0000002807300000,0x0000002807400000) (1024K)]
  0x000001cf84c2ca50 JavaThread "LocalFilePurger-0"          daemon [_thread_blocked, id=40104, stack(0x0000002807400000,0x0000002807500000) (1024K)]
  0x000001cf84c2e490 JavaThread "LocalFileLoader-0"          daemon [_thread_blocked, id=25300, stack(0x0000002807600000,0x0000002807700000) (1024K)]
  0x000001cf84c2d770 JavaThread "LocalFilePurger-0"          daemon [_thread_blocked, id=43252, stack(0x0000002807700000,0x0000002807800000) (1024K)]
  0x000001cf84c2f1b0 JavaThread "CustomerSdkStats-0"         daemon [_thread_blocked, id=37892, stack(0x0000002807800000,0x0000002807900000) (1024K)]
  0x000001cf84c2fed0 JavaThread "BatchLogRecordProcessor_WorkerThread-1" daemon [_thread_blocked, id=27412, stack(0x0000002807900000,0x0000002807a00000) (1024K)]
  0x000001cf84c32630 JavaThread "WorkspaceModelUpdater"      daemon [_thread_blocked, id=28976, stack(0x0000002807a00000,0x0000002807b00000) (1024K)]
  0x000001cf84c07520 JavaThread "H2-serialization"           daemon [_thread_blocked, id=49764, stack(0x0000002807b00000,0x0000002807c00000) (1024K)]
  0x000001cf84c07bb0 JavaThread "H2-save"                    daemon [_thread_blocked, id=45308, stack(0x0000002807c00000,0x0000002807d00000) (1024K)]
  0x000001cf84c088d0 JavaThread "reactor-http-nio-1"         daemon [_thread_in_native, id=8176, stack(0x0000002807d00000,0x0000002807e00000) (1024K)]
  0x000001cf84c09c80 JavaThread "reactor-http-nio-2"         daemon [_thread_in_native, id=43336, stack(0x0000002807e00000,0x0000002807f00000) (1024K)]
  0x000001cf84c06800 JavaThread "reactor-http-nio-3"         daemon [_thread_in_native, id=46576, stack(0x0000002807f00000,0x0000002808000000) (1024K)]
  0x000001cf84c08f60 JavaThread "reactor-http-nio-4"         daemon [_thread_in_native, id=9044, stack(0x0000002808000000,0x0000002808100000) (1024K)]
  0x000001cf84c095f0 JavaThread "reactor-http-nio-5"         daemon [_thread_in_native, id=32376, stack(0x0000002808100000,0x0000002808200000) (1024K)]
  0x000001cf84c0a310 JavaThread "reactor-http-nio-6"         daemon [_thread_in_native, id=13800, stack(0x0000002808200000,0x0000002808300000) (1024K)]
  0x000001cf84c06e90 JavaThread "reactor-http-nio-7"         daemon [_thread_in_native, id=42412, stack(0x0000002808300000,0x0000002808400000) (1024K)]
  0x000001cf84c0b6c0 JavaThread "reactor-http-nio-8"         daemon [_thread_in_native, id=50024, stack(0x0000002808400000,0x0000002808500000) (1024K)]
  0x000001cf84c0a9a0 JavaThread "reactor-http-nio-9"         daemon [_thread_in_native, id=31452, stack(0x0000002808500000,0x0000002808600000) (1024K)]
  0x000001cf84c0d100 JavaThread "reactor-http-nio-10"        daemon [_thread_in_native, id=29156, stack(0x0000002808600000,0x0000002808700000) (1024K)]
  0x000001cf84c0d790 JavaThread "reactor-http-nio-11"        daemon [_thread_in_native, id=32240, stack(0x0000002808700000,0x0000002808800000) (1024K)]
  0x000001cf84c0de20 JavaThread "reactor-http-nio-12"        daemon [_thread_in_native, id=29136, stack(0x0000002808800000,0x0000002808900000) (1024K)]
  0x000001cf84c0e4b0 JavaThread "reactor-http-nio-13"        daemon [_thread_in_native, id=47888, stack(0x0000002808900000,0x0000002808a00000) (1024K)]
  0x000001cf84c0b030 JavaThread "reactor-http-nio-14"        daemon [_thread_in_native, id=46248, stack(0x0000002808a00000,0x0000002808b00000) (1024K)]
  0x000001cf84c0eb40 JavaThread "reactor-http-nio-15"        daemon [_thread_in_native, id=37020, stack(0x0000002808b00000,0x0000002808c00000) (1024K)]
  0x000001cf84c0bd50 JavaThread "reactor-http-nio-16"        daemon [_thread_in_native, id=29768, stack(0x0000002808c00000,0x0000002808d00000) (1024K)]
  0x000001cf84c0f1d0 JavaThread "reactor-http-nio-17"        daemon [_thread_in_native, id=30240, stack(0x0000002808d00000,0x0000002808e00000) (1024K)]
  0x000001cf84c11fc0 JavaThread "reactor-http-nio-18"        daemon [_thread_in_native, id=23232, stack(0x0000002808e00000,0x0000002808f00000) (1024K)]
  0x000001cf84c0c3e0 JavaThread "reactor-http-nio-19"        daemon [_thread_in_native, id=46944, stack(0x0000002808f00000,0x0000002809000000) (1024K)]
  0x000001cf84c11930 JavaThread "reactor-http-nio-20"        daemon [_thread_in_native, id=27188, stack(0x0000002809000000,0x0000002809100000) (1024K)]
  0x000001cf8ebeb270 JavaThread "Netty Station Client 1-1"   daemon [_thread_in_native, id=43588, stack(0x0000002809100000,0x0000002809200000) (1024K)]
  0x000001cf8ea9c3a0 JavaThread "Timer-0"                           [_thread_blocked, id=20284, stack(0x0000002809200000,0x0000002809300000) (1024K)]
  0x000001cf8471f890 JavaThread "FileSystemWatchService"     daemon [_thread_in_native, id=21616, stack(0x0000002809300000,0x0000002809400000) (1024K)]
  0x000001cf847240c0 JavaThread "FileSystemWatchService"     daemon [_thread_in_native, id=48876, stack(0x0000002809400000,0x0000002809500000) (1024K)]
  0x000001cf8ea9feb0 JavaThread "ApplicationImpl pooled thread 8"        [_thread_in_native, id=11732, stack(0x0000002809700000,0x0000002809800000) (1024K)]
  0x000001cf8ea9f820 JavaThread "pool-26-thread-1"                  [_thread_blocked, id=30244, stack(0x0000002809800000,0x0000002809900000) (1024K)]
  0x000001cf8ea9eb00 JavaThread "pool-17-thread-1"                  [_thread_blocked, id=24344, stack(0x0000002809900000,0x0000002809a00000) (1024K)]
  0x000001cf8eaa0bd0 JavaThread "pool-27-thread-1"                  [_thread_blocked, id=4724, stack(0x0000002809b00000,0x0000002809c00000) (1024K)]
  0x000001cf8eaa5400 JavaThread "GitHub Copilot agent"       daemon [_thread_blocked, id=32996, stack(0x0000002809d00000,0x0000002809e00000) (1024K)]
  0x000001cf8eaba2b0 JavaThread "pool-29-thread-1"                  [_thread_blocked, id=21984, stack(0x000000280a300000,0x000000280a400000) (1024K)]
  0x000001cf8eabbcf0 JavaThread "pool-30-thread-1"                  [_thread_blocked, id=44660, stack(0x000000280a400000,0x000000280a500000) (1024K)]
  0x000001cf8eab8f00 JavaThread "pool-31-thread-1"                  [_thread_blocked, id=35240, stack(0x000000280a500000,0x000000280a600000) (1024K)]
  0x000001cf8eab9c20 JavaThread "aiServer-errorStream"              [_thread_in_native, id=31060, stack(0x000000280a600000,0x000000280a700000) (1024K)]
  0x000001cf8eab8870 JavaThread "aha-ipc-client-io"                 [_thread_in_native, id=28444, stack(0x000000280a700000,0x000000280a800000) (1024K)]
  0x000001cf8eac0520 JavaThread "pool-33-thread-1"                  [_thread_blocked, id=45472, stack(0x000000280a800000,0x000000280a900000) (1024K)]
  0x000001cf9a8ea3f0 JavaThread "QuickPulseDataSender"       daemon [_thread_blocked, id=16220, stack(0x000000280b100000,0x000000280b200000) (1024K)]
  0x000001cf9a8e1390 JavaThread "BaseDataReader: error stream of JetBrains.ProcessEnumerator.Worker.exe"        [_thread_blocked, id=26912, stack(0x000000280b600000,0x000000280b700000) (1024K)]
  0x000001cf9a8e0670 JavaThread "Netty Station Server 1-1"   daemon [_thread_in_native, id=34140, stack(0x000000280b800000,0x000000280b900000) (1024K)]
  0x000001cf9a8e4ea0 JavaThread "Netty Station Client 1-2"   daemon [_thread_in_native, id=49908, stack(0x000000280b900000,0x000000280ba00000) (1024K)]
  0x000001cea1e93eb0 JavaThread "JVMResponsivenessMonitor"   daemon [_thread_blocked, id=26132, stack(0x000000280c300000,0x000000280c400000) (1024K)]
  0x000001cea1e779e0 JavaThread "boundedElastic-evictor-1"   daemon [_thread_blocked, id=36668, stack(0x000000280c400000,0x000000280c500000) (1024K)]
  0x000001cea1e7f000 JavaThread "pool-31-thread-2"                  [_thread_blocked, id=36416, stack(0x0000002809e00000,0x0000002809f00000) (1024K)]
  0x000001cea1e7e2e0 JavaThread "pool-36-thread-1"                  [_thread_blocked, id=1620, stack(0x0000002809f00000,0x000000280a000000) (1024K)]
  0x000001cea1e81df0 JavaThread "pool-11-thread-1"                  [_thread_blocked, id=19564, stack(0x000000280b200000,0x000000280b300000) (1024K)]
  0x000001cea1e7f690 JavaThread "pool-11-thread-2"                  [_thread_blocked, id=45216, stack(0x000000280ce00000,0x000000280cf00000) (1024K)]
  0x000001cea1e83830 JavaThread "pool-11-thread-3"                  [_thread_blocked, id=47896, stack(0x000000280cf00000,0x000000280d000000) (1024K)]
  0x000001cea1e83ec0 JavaThread "pool-11-thread-4"                  [_thread_blocked, id=28860, stack(0x000000280d000000,0x000000280d100000) (1024K)]
  0x000001cea1e831a0 JavaThread "pool-11-thread-5"                  [_thread_blocked, id=29040, stack(0x000000280d100000,0x000000280d200000) (1024K)]
  0x000001cea1e88060 JavaThread "ServerSocket/Sender"        daemon [_thread_blocked, id=16232, stack(0x000000280d200000,0x000000280d300000) (1024K)]
  0x000001cea1e84be0 JavaThread "ServerSocket"               daemon [_thread_in_native, id=16848, stack(0x000000280d300000,0x000000280d400000) (1024K)]
  0x000001cea1e88d80 JavaThread "OpenTelemetry.protocol"     daemon [_thread_blocked, id=43408, stack(0x000000280d400000,0x000000280d500000) (1024K)]
  0x000001cf8ea90550 JavaThread "pool-15-thread-1"                  [_thread_blocked, id=41472, stack(0x000000280d500000,0x000000280d600000) (1024K)]
  0x000001cf9a8f9d50 JavaThread "pool-41-thread-1"                  [_thread_blocked, id=35776, stack(0x000000280d600000,0x000000280d700000) (1024K)]
  0x000001cf8eaa5a90 JavaThread "FrontendToClrStackWorker/Sender" daemon [_thread_blocked, id=46848, stack(0x0000002807500000,0x0000002807600000) (1024K)]
  0x000001cf8eaa39c0 JavaThread "FrontendToClrStackWorker"   daemon [_thread_in_native, id=45136, stack(0x000000280d700000,0x000000280d800000) (1024K)]
  0x000001cf8eaa6120 JavaThread "pool-42-thread-1"                  [_thread_blocked, id=46512, stack(0x000000280d800000,0x000000280d900000) (1024K)]
  0x000001cf8ec0a530 JavaThread "LLDBFrontend.exe"                  [_thread_in_native, id=7564, stack(0x000000280da00000,0x000000280db00000) (1024K)]
  0x000001cf8eab7b50 JavaThread "pool-23-thread-1"                  [_thread_blocked, id=20224, stack(0x0000002802d00000,0x0000002802e00000) (1024K)]
  0x000001cf8eab5a80 JavaThread "pool-24-thread-1"                  [_thread_blocked, id=43396, stack(0x0000002803200000,0x0000002803300000) (1024K)]
  0x000001ceab9d2050 JavaThread "idle-timeout-task"          daemon [_thread_blocked, id=39232, stack(0x0000002803300000,0x0000002803400000) (1024K)]
  0x000001ceab9d47b0 JavaThread "HTTP-Dispatcher"                   [_thread_in_native, id=5704, stack(0x0000002803400000,0x0000002803500000) (1024K)]
  0x000001ceab9d1330 JavaThread "idle-timeout-task"          daemon [_thread_blocked, id=21660, stack(0x0000002803f00000,0x0000002804000000) (1024K)]
  0x000001ceab9d4e40 JavaThread "HttpClient-6-SelectorManager" daemon [_thread_in_native, id=45652, stack(0x0000002804000000,0x0000002804100000) (1024K)]
  0x000001ceab9d61f0 JavaThread "HTTP-Dispatcher"                   [_thread_in_native, id=10964, stack(0x0000002804b00000,0x0000002804c00000) (1024K)]
  0x000001ceab9d6880 JavaThread "ApplicationImpl pooled thread 10"        [_thread_blocked, id=7200, stack(0x0000002807200000,0x0000002807300000) (1024K)]
  0x000001ceab9bf900 JavaThread "com.jetbrains.rider.debugger.attach.processes.MsClrLocalAttachableHolder" daemon [_thread_blocked, id=24596, stack(0x0000002809500000,0x0000002809600000) (1024K)]
  0x000001ceab9bcb10 JavaThread "FrontendToProcessEnumerator.JetBrains.ProcessEnumerator.Worker.exe/Sender" daemon [_thread_blocked, id=37352, stack(0x0000002809600000,0x0000002809700000) (1024K)]
  0x000001ceab9c0620 JavaThread "FrontendToProcessEnumerator.JetBrains.ProcessEnumerator.Worker.exe" daemon [_thread_in_native, id=23368, stack(0x0000002809a00000,0x0000002809b00000) (1024K)]
  0x000001ceab9d9670 JavaThread "pool-45-thread-1"                  [_thread_blocked, id=45252, stack(0x0000002809c00000,0x0000002809d00000) (1024K)]
  0x000001ceaa01ed10 JavaThread "DefaultDispatcher-worker-80" daemon [_thread_in_native, id=44824, stack(0x0000002802c00000,0x0000002802d00000) (1024K)]
  0x000001ceaa022820 JavaThread "DefaultDispatcher-worker-81" daemon [_thread_in_Java, id=13172, stack(0x000000280a200000,0x000000280a300000) (1024K)]
  0x000001ceaa023540 JavaThread "DefaultDispatcher-worker-82" daemon [_thread_blocked, id=35060, stack(0x000000280cd00000,0x000000280ce00000) (1024K)]
  0x000001ceaa025610 JavaThread "DefaultDispatcher-worker-83" daemon [_thread_blocked, id=42044, stack(0x000000280de00000,0x000000280df00000) (1024K)]
  0x000001ceaa025ca0 JavaThread "DefaultDispatcher-worker-84" daemon [_thread_blocked, id=26248, stack(0x000000280df00000,0x000000280e000000) (1024K)]
  0x000001ceaa026330 JavaThread "DefaultDispatcher-worker-85" daemon [_thread_blocked, id=41804, stack(0x000000280e000000,0x000000280e100000) (1024K)]
  0x000001ceaa022eb0 JavaThread "DefaultDispatcher-worker-86" daemon [_thread_in_native, id=22672, stack(0x000000280e100000,0x000000280e200000) (1024K)]
  0x000001ceaa024260 JavaThread "DefaultDispatcher-worker-87" daemon [_thread_blocked, id=8052, stack(0x000000280e200000,0x000000280e300000) (1024K)]
  0x000001ceaa020750 JavaThread "HttpClient-9-SelectorManager" daemon [_thread_in_native, id=21084, stack(0x000000280dd00000,0x000000280de00000) (1024K)]
  0x000001ceaa028400 JavaThread "HttpClient-12-SelectorManager" daemon [_thread_in_native, id=43864, stack(0x000000280eb00000,0x000000280ec00000) (1024K)]
  0x000001cf8ec0e040 JavaThread "ApplicationImpl pooled thread 11"        [_thread_blocked, id=36404, stack(0x0000002801700000,0x0000002801800000) (1024K)]
  0x000001cf8ec10e30 JavaThread "HttpClient-17-SelectorManager" daemon [_thread_in_native, id=33872, stack(0x0000002806800000,0x0000002806900000) (1024K)]
  0x000001cf8ec0f3f0 JavaThread "HttpClient-16-SelectorManager" daemon [_thread_in_native, id=49316, stack(0x0000002806b00000,0x0000002806c00000) (1024K)]
  0x000001ceaa012ec0 JavaThread "pool-31-thread-3"                  [_thread_blocked, id=21160, stack(0x0000002804100000,0x0000002804200000) (1024K)]
  0x000001ceaa01d960 JavaThread "I/O pool 52"                       [_thread_blocked, id=5280, stack(0x0000002801f00000,0x0000002802000000) (1024K)]
  0x000001ceaa01d2d0 JavaThread "pool-31-thread-4"                  [_thread_in_native, id=14356, stack(0x0000002802e00000,0x0000002802f00000) (1024K)]
  0x000001ceaa01cc40 JavaThread "JobScheduler FJ pool 0/19"  daemon [_thread_blocked, id=22584, stack(0x0000002803000000,0x0000002803100000) (1024K)]
Total: 248

Other Threads:
  0x000001ce7f96ff00 VMThread "VM Thread"                           [id=1760, stack(0x000000287ab00000,0x000000287ac00000) (1024K)]
  0x000001ce7f95cec0 WatcherThread "VM Periodic Task Thread"        [id=24908, stack(0x000000287aa00000,0x000000287ab00000) (1024K)]
  0x000001ce7dc821e0 WorkerThread "GC Thread#0"                     [id=40896, stack(0x000000287a500000,0x000000287a600000) (1024K)]
  0x000001ce9e15a3d0 WorkerThread "GC Thread#1"                     [id=22232, stack(0x000000287b600000,0x000000287b700000) (1024K)]
  0x000001ce9dc66120 WorkerThread "GC Thread#2"                     [id=5252, stack(0x000000287b700000,0x000000287b800000) (1024K)]
  0x000001ce9ddc6a60 WorkerThread "GC Thread#3"                     [id=32888, stack(0x000000287b800000,0x000000287b900000) (1024K)]
  0x000001ce9e02d8c0 WorkerThread "GC Thread#4"                     [id=35160, stack(0x000000287b900000,0x000000287ba00000) (1024K)]
  0x000001ce9e03e0b0 WorkerThread "GC Thread#5"                     [id=11064, stack(0x000000287ba00000,0x000000287bb00000) (1024K)]
  0x000001ce9e0ee880 WorkerThread "GC Thread#6"                     [id=38984, stack(0x000000287bb00000,0x000000287bc00000) (1024K)]
  0x000001ce9eea1ef0 WorkerThread "GC Thread#7"                     [id=37872, stack(0x000000287d600000,0x000000287d700000) (1024K)]
  0x000001ce9eea29d0 WorkerThread "GC Thread#8"                     [id=43880, stack(0x000000287d700000,0x000000287d800000) (1024K)]
  0x000001ce9ee9f710 WorkerThread "GC Thread#9"                     [id=48388, stack(0x000000287d800000,0x000000287d900000) (1024K)]
  0x000001ce9eea01f0 WorkerThread "GC Thread#10"                    [id=39172, stack(0x000000287d900000,0x000000287da00000) (1024K)]
  0x000001ce9ee9fe50 WorkerThread "GC Thread#11"                    [id=27348, stack(0x000000287da00000,0x000000287db00000) (1024K)]
  0x000001ce9fb53850 WorkerThread "GC Thread#12"                    [id=48104, stack(0x000000287db00000,0x000000287dc00000) (1024K)]
  0x000001ce9fb53bf0 WorkerThread "GC Thread#13"                    [id=29844, stack(0x000000287dc00000,0x000000287dd00000) (1024K)]
  0x000001ce9fb55c90 WorkerThread "GC Thread#14"                    [id=18332, stack(0x000000287dd00000,0x000000287de00000) (1024K)]
  0x000001ce7dc931c0 ConcurrentGCThread "G1 Main Marker"            [id=38412, stack(0x000000287a600000,0x000000287a700000) (1024K)]
  0x000001ce7dc95450 WorkerThread "G1 Conc#0"                       [id=49624, stack(0x000000287a700000,0x000000287a800000) (1024K)]
  0x000001ce9fb551b0 WorkerThread "G1 Conc#1"                       [id=23788, stack(0x000000287df00000,0x000000287e000000) (1024K)]
  0x000001ce9fb53f90 WorkerThread "G1 Conc#2"                       [id=34844, stack(0x000000287e000000,0x000000287e100000) (1024K)]
  0x000001ce9fb54330 WorkerThread "G1 Conc#3"                       [id=42356, stack(0x000000287e100000,0x000000287e200000) (1024K)]
  0x000001ce7f89a290 ConcurrentGCThread "G1 Refine#0"               [id=11260, stack(0x000000287a800000,0x000000287a900000) (1024K)]
  0x000001ce7f89aab0 ConcurrentGCThread "G1 Service"                [id=28716, stack(0x000000287a900000,0x000000287aa00000) (1024K)]
Total: 24

Threads with active compile tasks:
C2 CompilerThread0  1031028 64558       4       com.intellij.openapi.editor.impl.view.IterationState::<init> (496 bytes)
Total: 1

VM state: not at safepoint (normal execution)

VM Mutex/Monitor currently owned by a thread: None

Heap address: 0x0000000080000000, size: 2048 MB, Compressed Oops mode: 32-bit

CDS archive(s) mapped at: [0x000001ce29000000-0x000001ce2ac00000-0x000001ce2ac00000), size 29360128, SharedBaseAddress: 0x000001ce29000000, ArchiveRelocationMode: 1.
Compressed class space mapped at: 0x000001ce2b000000-0x000001ce6b000000, reserved size: 1073741824
Narrow klass base: 0x000001ce29000000, Narrow klass shift: 0, Narrow klass range: 0x100000000

GC Precious Log:
 CardTable entry size: 512
 Card Set container configuration: InlinePtr #cards 5 size 8 Array Of Cards #cards 12 size 40 Howl #buckets 4 coarsen threshold 1843 Howl Bitmap #cards 512 size 80 coarsen threshold 460 Card regions per heap region 1 cards per card region 2048
 CPUs: 20 total, 20 available
 Memory: 16088M
 Large Page Support: Disabled
 NUMA Support: Disabled
 Compressed Oops: Enabled (32-bit)
 Heap Region Size: 1M
 Heap Min Capacity: 128M
 Heap Initial Capacity: 128M
 Heap Max Capacity: 2G
 Pre-touch: Disabled
 Parallel Workers: 15
 Concurrent Workers: 4
 Concurrent Refinement Workers: 15
 Periodic GC: Disabled

Heap:
 garbage-first heap   total 1182720K, used 629926K [0x0000000080000000, 0x0000000100000000)
  region size 1024K, 50 young (51200K), 10 survivors (10240K)
 Metaspace       used 438437K, committed 443712K, reserved 1441792K
  class space    used 54571K, committed 56960K, reserved 1048576K

Heap Regions: E=young(eden), S=young(survivor), O=old, HS=humongous(starts), HC=humongous(continues), CS=collection set, F=free, TAMS=top-at-mark-start, PB=parsable bottom
|   0|0x0000000080000000, 0x0000000080100000, 0x0000000080100000|100%|HS|  |TAMS 0x0000000080000000| PB 0x0000000080000000| Complete 
|   1|0x0000000080100000, 0x0000000080200000, 0x0000000080200000|100%|HS|  |TAMS 0x0000000080100000| PB 0x0000000080100000| Complete 
|   2|0x0000000080200000, 0x00000000802ffff0, 0x0000000080300000| 99%| O|  |TAMS 0x0000000080200000| PB 0x0000000080200000| Untracked 
|   3|0x0000000080300000, 0x0000000080400000, 0x0000000080400000|100%|HS|  |TAMS 0x0000000080300000| PB 0x0000000080300000| Complete 
|   4|0x0000000080400000, 0x0000000080500000, 0x0000000080500000|100%|HC|  |TAMS 0x0000000080400000| PB 0x0000000080400000| Complete 
|   5|0x0000000080500000, 0x0000000080600000, 0x0000000080600000|100%|HS|  |TAMS 0x0000000080500000| PB 0x0000000080500000| Complete 
|   6|0x0000000080600000, 0x0000000080700000, 0x0000000080700000|100%|HC|  |TAMS 0x0000000080600000| PB 0x0000000080600000| Complete 
|   7|0x0000000080700000, 0x0000000080800000, 0x0000000080800000|100%|HS|  |TAMS 0x0000000080700000| PB 0x0000000080700000| Complete 
|   8|0x0000000080800000, 0x0000000080900000, 0x0000000080900000|100%|HS|  |TAMS 0x0000000080800000| PB 0x0000000080800000| Complete 
|   9|0x0000000080900000, 0x00000000809ffff8, 0x0000000080a00000| 99%| O|  |TAMS 0x0000000080900000| PB 0x0000000080900000| Untracked 
|  10|0x0000000080a00000, 0x0000000080b00000, 0x0000000080b00000|100%| O|  |TAMS 0x0000000080a00000| PB 0x0000000080a00000| Untracked 
|  11|0x0000000080b00000, 0x0000000080c00000, 0x0000000080c00000|100%| O|  |TAMS 0x0000000080b00000| PB 0x0000000080b00000| Untracked 
|  12|0x0000000080c00000, 0x0000000080cfffc8, 0x0000000080d00000| 99%| O|  |TAMS 0x0000000080c00000| PB 0x0000000080c00000| Untracked 
|  13|0x0000000080d00000, 0x0000000080dffff8, 0x0000000080e00000| 99%| O|  |TAMS 0x0000000080d00000| PB 0x0000000080d00000| Untracked 
|  14|0x0000000080e00000, 0x0000000080effff8, 0x0000000080f00000| 99%| O|  |TAMS 0x0000000080e00000| PB 0x0000000080e00000| Untracked 
|  15|0x0000000080f00000, 0x0000000080fffff0, 0x0000000081000000| 99%| O|  |TAMS 0x0000000080f00000| PB 0x0000000080f00000| Untracked 
|  16|0x0000000081000000, 0x0000000081100000, 0x0000000081100000|100%| O|  |TAMS 0x0000000081000000| PB 0x0000000081000000| Untracked 
|  17|0x0000000081100000, 0x00000000811fffe0, 0x0000000081200000| 99%| O|  |TAMS 0x0000000081100000| PB 0x0000000081100000| Untracked 
|  18|0x0000000081200000, 0x0000000081300000, 0x0000000081300000|100%| O|  |TAMS 0x0000000081200000| PB 0x0000000081200000| Untracked 
|  19|0x0000000081300000, 0x00000000813ff6e0, 0x0000000081400000| 99%| O|  |TAMS 0x0000000081300000| PB 0x0000000081300000| Untracked 
|  20|0x0000000081400000, 0x00000000814ffff8, 0x0000000081500000| 99%| O|  |TAMS 0x0000000081400000| PB 0x0000000081400000| Untracked 
|  21|0x0000000081500000, 0x00000000815ffff8, 0x0000000081600000| 99%| O|  |TAMS 0x0000000081500000| PB 0x0000000081500000| Untracked 
|  22|0x0000000081600000, 0x0000000081700000, 0x0000000081700000|100%| O|  |TAMS 0x0000000081600000| PB 0x0000000081600000| Untracked 
|  23|0x0000000081700000, 0x00000000817fffe0, 0x0000000081800000| 99%| O|  |TAMS 0x0000000081700000| PB 0x0000000081700000| Untracked 
|  24|0x0000000081800000, 0x00000000818ffff8, 0x0000000081900000| 99%| O|  |TAMS 0x0000000081800000| PB 0x0000000081800000| Untracked 
|  25|0x0000000081900000, 0x00000000819ffff0, 0x0000000081a00000| 99%| O|  |TAMS 0x0000000081900000| PB 0x0000000081900000| Untracked 
|  26|0x0000000081a00000, 0x0000000081afffe0, 0x0000000081b00000| 99%| O|  |TAMS 0x0000000081a00000| PB 0x0000000081a00000| Untracked 
|  27|0x0000000081b00000, 0x0000000081bde5c0, 0x0000000081c00000| 86%| O|  |TAMS 0x0000000081b00000| PB 0x0000000081b00000| Untracked 
|  28|0x0000000081c00000, 0x0000000081d00000, 0x0000000081d00000|100%| O|  |TAMS 0x0000000081c00000| PB 0x0000000081c00000| Untracked 
|  29|0x0000000081d00000, 0x0000000081dfffd8, 0x0000000081e00000| 99%| O|  |TAMS 0x0000000081d00000| PB 0x0000000081d00000| Untracked 
|  30|0x0000000081e00000, 0x0000000081efff58, 0x0000000081f00000| 99%| O|  |TAMS 0x0000000081e00000| PB 0x0000000081e00000| Untracked 
|  31|0x0000000081f00000, 0x0000000081ffffe0, 0x0000000082000000| 99%| O|  |TAMS 0x0000000081f00000| PB 0x0000000081f00000| Untracked 
|  32|0x0000000082000000, 0x00000000820ffff0, 0x0000000082100000| 99%| O|  |TAMS 0x0000000082000000| PB 0x0000000082000000| Untracked 
|  33|0x0000000082100000, 0x0000000082200000, 0x0000000082200000|100%| O|  |TAMS 0x0000000082100000| PB 0x0000000082100000| Untracked 
|  34|0x0000000082200000, 0x00000000822fffe0, 0x0000000082300000| 99%| O|  |TAMS 0x0000000082200000| PB 0x0000000082200000| Untracked 
|  35|0x0000000082300000, 0x00000000823ffff8, 0x0000000082400000| 99%| O|  |TAMS 0x0000000082300000| PB 0x0000000082300000| Untracked 
|  36|0x0000000082400000, 0x0000000082500000, 0x0000000082500000|100%|HS|  |TAMS 0x0000000082400000| PB 0x0000000082400000| Complete 
|  37|0x0000000082500000, 0x0000000082600000, 0x0000000082600000|100%| O|  |TAMS 0x0000000082500000| PB 0x0000000082500000| Untracked 
|  38|0x0000000082600000, 0x00000000826ffff0, 0x0000000082700000| 99%| O|  |TAMS 0x0000000082600000| PB 0x0000000082600000| Untracked 
|  39|0x0000000082700000, 0x0000000082800000, 0x0000000082800000|100%|HS|  |TAMS 0x0000000082700000| PB 0x0000000082700000| Complete 
|  40|0x0000000082800000, 0x00000000828ffff0, 0x0000000082900000| 99%| O|  |TAMS 0x0000000082800000| PB 0x0000000082800000| Untracked 
|  41|0x0000000082900000, 0x00000000829fff98, 0x0000000082a00000| 99%| O|  |TAMS 0x0000000082900000| PB 0x0000000082900000| Untracked 
|  42|0x0000000082a00000, 0x0000000082afffd8, 0x0000000082b00000| 99%| O|  |TAMS 0x0000000082a00000| PB 0x0000000082a00000| Untracked 
|  43|0x0000000082b00000, 0x0000000082bfffb0, 0x0000000082c00000| 99%| O|  |TAMS 0x0000000082b00000| PB 0x0000000082b00000| Untracked 
|  44|0x0000000082c00000, 0x0000000082cffff8, 0x0000000082d00000| 99%| O|  |TAMS 0x0000000082c00000| PB 0x0000000082c00000| Untracked 
|  45|0x0000000082d00000, 0x0000000082dffff0, 0x0000000082e00000| 99%| O|  |TAMS 0x0000000082d00000| PB 0x0000000082d00000| Untracked 
|  46|0x0000000082e00000, 0x0000000082efffe8, 0x0000000082f00000| 99%| O|  |TAMS 0x0000000082e00000| PB 0x0000000082e00000| Untracked 
|  47|0x0000000082f00000, 0x0000000083000000, 0x0000000083000000|100%| O|  |TAMS 0x0000000082f00000| PB 0x0000000082f00000| Untracked 
|  48|0x0000000083000000, 0x00000000830fffe8, 0x0000000083100000| 99%| O|  |TAMS 0x0000000083000000| PB 0x0000000083000000| Untracked 
|  49|0x0000000083100000, 0x00000000831fffe8, 0x0000000083200000| 99%| O|  |TAMS 0x0000000083100000| PB 0x0000000083100000| Untracked 
|  50|0x0000000083200000, 0x00000000832fffe8, 0x0000000083300000| 99%| O|  |TAMS 0x0000000083200000| PB 0x0000000083200000| Untracked 
|  51|0x0000000083300000, 0x00000000833ffff0, 0x0000000083400000| 99%| O|  |TAMS 0x0000000083300000| PB 0x0000000083300000| Untracked 
|  52|0x0000000083400000, 0x00000000834fe6f0, 0x0000000083500000| 99%| O|  |TAMS 0x0000000083400000| PB 0x0000000083400000| Untracked 
|  53|0x0000000083500000, 0x0000000083600000, 0x0000000083600000|100%| O|  |TAMS 0x0000000083500000| PB 0x0000000083500000| Untracked 
|  54|0x0000000083600000, 0x00000000836fe648, 0x0000000083700000| 99%| O|  |TAMS 0x0000000083600000| PB 0x0000000083600000| Untracked 
|  55|0x0000000083700000, 0x00000000837fffb8, 0x0000000083800000| 99%| O|  |TAMS 0x0000000083700000| PB 0x0000000083700000| Untracked 
|  56|0x0000000083800000, 0x00000000838fffc0, 0x0000000083900000| 99%| O|  |TAMS 0x0000000083800000| PB 0x0000000083800000| Untracked 
|  57|0x0000000083900000, 0x00000000839fffc0, 0x0000000083a00000| 99%| O|  |TAMS 0x0000000083900000| PB 0x0000000083900000| Untracked 
|  58|0x0000000083a00000, 0x0000000083affff8, 0x0000000083b00000| 99%| O|  |TAMS 0x0000000083a00000| PB 0x0000000083a00000| Untracked 
|  59|0x0000000083b00000, 0x0000000083c00000, 0x0000000083c00000|100%| O|  |TAMS 0x0000000083b00000| PB 0x0000000083b00000| Untracked 
|  60|0x0000000083c00000, 0x0000000083cfffe0, 0x0000000083d00000| 99%| O|  |TAMS 0x0000000083c00000| PB 0x0000000083c00000| Untracked 
|  61|0x0000000083d00000, 0x0000000083dffff0, 0x0000000083e00000| 99%| O|  |TAMS 0x0000000083d00000| PB 0x0000000083d00000| Untracked 
|  62|0x0000000083e00000, 0x0000000083efffe8, 0x0000000083f00000| 99%| O|  |TAMS 0x0000000083e00000| PB 0x0000000083e00000| Untracked 
|  63|0x0000000083f00000, 0x0000000083fffff0, 0x0000000084000000| 99%| O|  |TAMS 0x0000000083f00000| PB 0x0000000083f00000| Untracked 
|  64|0x0000000084000000, 0x00000000840fffb8, 0x0000000084100000| 99%| O|  |TAMS 0x0000000084000000| PB 0x0000000084000000| Untracked 
|  65|0x0000000084100000, 0x00000000841fffd8, 0x0000000084200000| 99%| O|  |TAMS 0x0000000084100000| PB 0x0000000084100000| Untracked 
|  66|0x0000000084200000, 0x00000000842fc6f0, 0x0000000084300000| 98%| O|  |TAMS 0x0000000084200000| PB 0x0000000084200000| Untracked 
|  67|0x0000000084300000, 0x00000000843fffe0, 0x0000000084400000| 99%| O|  |TAMS 0x0000000084300000| PB 0x0000000084300000| Untracked 
|  68|0x0000000084400000, 0x00000000844ffff0, 0x0000000084500000| 99%| O|  |TAMS 0x0000000084400000| PB 0x0000000084400000| Untracked 
|  69|0x0000000084500000, 0x00000000845fffe8, 0x0000000084600000| 99%| O|  |TAMS 0x0000000084500000| PB 0x0000000084500000| Untracked 
|  70|0x0000000084600000, 0x00000000846ffff0, 0x0000000084700000| 99%| O|  |TAMS 0x0000000084600000| PB 0x0000000084600000| Untracked 
|  71|0x0000000084700000, 0x00000000847fffe8, 0x0000000084800000| 99%| O|  |TAMS 0x0000000084700000| PB 0x0000000084700000| Untracked 
|  72|0x0000000084800000, 0x00000000848fffd8, 0x0000000084900000| 99%| O|  |TAMS 0x0000000084800000| PB 0x0000000084800000| Untracked 
|  73|0x0000000084900000, 0x00000000849ffff0, 0x0000000084a00000| 99%| O|  |TAMS 0x0000000084900000| PB 0x0000000084900000| Untracked 
|  74|0x0000000084a00000, 0x0000000084aff018, 0x0000000084b00000| 99%| O|  |TAMS 0x0000000084a00000| PB 0x0000000084a00000| Untracked 
|  75|0x0000000084b00000, 0x0000000084bffe60, 0x0000000084c00000| 99%| O|  |TAMS 0x0000000084b00000| PB 0x0000000084b00000| Untracked 
|  76|0x0000000084c00000, 0x0000000084cfffe0, 0x0000000084d00000| 99%| O|  |TAMS 0x0000000084c00000| PB 0x0000000084c00000| Untracked 
|  77|0x0000000084d00000, 0x0000000084e00000, 0x0000000084e00000|100%| O|  |TAMS 0x0000000084d00000| PB 0x0000000084d00000| Untracked 
|  78|0x0000000084e00000, 0x0000000084efa080, 0x0000000084f00000| 97%| O|  |TAMS 0x0000000084e00000| PB 0x0000000084e00000| Untracked 
|  79|0x0000000084f00000, 0x0000000085000000, 0x0000000085000000|100%| O|  |TAMS 0x0000000084f00000| PB 0x0000000084f00000| Untracked 
|  80|0x0000000085000000, 0x0000000085100000, 0x0000000085100000|100%| O|  |TAMS 0x0000000085000000| PB 0x0000000085000000| Untracked 
|  81|0x0000000085100000, 0x00000000851ffff8, 0x0000000085200000| 99%| O|  |TAMS 0x0000000085100000| PB 0x0000000085100000| Untracked 
|  82|0x0000000085200000, 0x00000000852ffff8, 0x0000000085300000| 99%| O|  |TAMS 0x0000000085200000| PB 0x0000000085200000| Untracked 
|  83|0x0000000085300000, 0x00000000853fea60, 0x0000000085400000| 99%| O|  |TAMS 0x0000000085300000| PB 0x0000000085300000| Untracked 
|  84|0x0000000085400000, 0x0000000085500000, 0x0000000085500000|100%| O|  |TAMS 0x0000000085400000| PB 0x0000000085400000| Untracked 
|  85|0x0000000085500000, 0x0000000085600000, 0x0000000085600000|100%| O|  |TAMS 0x0000000085500000| PB 0x0000000085500000| Untracked 
|  86|0x0000000085600000, 0x0000000085700000, 0x0000000085700000|100%| O|  |TAMS 0x0000000085600000| PB 0x0000000085600000| Untracked 
|  87|0x0000000085700000, 0x0000000085800000, 0x0000000085800000|100%| O|  |TAMS 0x0000000085700000| PB 0x0000000085700000| Untracked 
|  88|0x0000000085800000, 0x0000000085900000, 0x0000000085900000|100%| O|  |TAMS 0x0000000085800000| PB 0x0000000085800000| Untracked 
|  89|0x0000000085900000, 0x0000000085a00000, 0x0000000085a00000|100%| O|  |TAMS 0x0000000085900000| PB 0x0000000085900000| Untracked 
|  90|0x0000000085a00000, 0x0000000085afffe8, 0x0000000085b00000| 99%| O|  |TAMS 0x0000000085a00000| PB 0x0000000085a00000| Untracked 
|  91|0x0000000085b00000, 0x0000000085bffff8, 0x0000000085c00000| 99%| O|  |TAMS 0x0000000085b00000| PB 0x0000000085b00000| Untracked 
|  92|0x0000000085c00000, 0x0000000085d00000, 0x0000000085d00000|100%|HS|  |TAMS 0x0000000085c00000| PB 0x0000000085c00000| Complete 
|  93|0x0000000085d00000, 0x0000000085dfffc0, 0x0000000085e00000| 99%| O|  |TAMS 0x0000000085d00000| PB 0x0000000085d00000| Untracked 
|  94|0x0000000085e00000, 0x0000000085effff8, 0x0000000085f00000| 99%| O|  |TAMS 0x0000000085e00000| PB 0x0000000085e00000| Untracked 
|  95|0x0000000085f00000, 0x0000000085fffff0, 0x0000000086000000| 99%| O|  |TAMS 0x0000000085f00000| PB 0x0000000085f00000| Untracked 
|  96|0x0000000086000000, 0x00000000860ffff8, 0x0000000086100000| 99%| O|  |TAMS 0x0000000086000000| PB 0x0000000086000000| Untracked 
|  97|0x0000000086100000, 0x0000000086200000, 0x0000000086200000|100%| O|  |TAMS 0x0000000086100000| PB 0x0000000086100000| Untracked 
|  98|0x0000000086200000, 0x0000000086300000, 0x0000000086300000|100%| O|  |TAMS 0x0000000086200000| PB 0x0000000086200000| Untracked 
|  99|0x0000000086300000, 0x0000000086400000, 0x0000000086400000|100%| O|  |TAMS 0x0000000086300000| PB 0x0000000086300000| Untracked 
| 100|0x0000000086400000, 0x00000000864fffd8, 0x0000000086500000| 99%| O|  |TAMS 0x0000000086400000| PB 0x0000000086400000| Untracked 
| 101|0x0000000086500000, 0x00000000865ffff0, 0x0000000086600000| 99%| O|  |TAMS 0x0000000086500000| PB 0x0000000086500000| Untracked 
| 102|0x0000000086600000, 0x00000000866ffff8, 0x0000000086700000| 99%| O|  |TAMS 0x0000000086600000| PB 0x0000000086600000| Untracked 
| 103|0x0000000086700000, 0x00000000867fff48, 0x0000000086800000| 99%| O|  |TAMS 0x0000000086700000| PB 0x0000000086700000| Untracked 
| 104|0x0000000086800000, 0x00000000868ffff0, 0x0000000086900000| 99%| O|  |TAMS 0x0000000086800000| PB 0x0000000086800000| Untracked 
| 105|0x0000000086900000, 0x00000000869ffff8, 0x0000000086a00000| 99%| O|  |TAMS 0x0000000086900000| PB 0x0000000086900000| Untracked 
| 106|0x0000000086a00000, 0x0000000086afffe0, 0x0000000086b00000| 99%| O|  |TAMS 0x0000000086a00000| PB 0x0000000086a00000| Untracked 
| 107|0x0000000086b00000, 0x0000000086bffff8, 0x0000000086c00000| 99%| O|  |TAMS 0x0000000086b00000| PB 0x0000000086b00000| Untracked 
| 108|0x0000000086c00000, 0x0000000086d00000, 0x0000000086d00000|100%| O|  |TAMS 0x0000000086c00000| PB 0x0000000086c00000| Untracked 
| 109|0x0000000086d00000, 0x0000000086e00000, 0x0000000086e00000|100%| O|  |TAMS 0x0000000086d00000| PB 0x0000000086d00000| Untracked 
| 110|0x0000000086e00000, 0x0000000086f00000, 0x0000000086f00000|100%| O|  |TAMS 0x0000000086e00000| PB 0x0000000086e00000| Untracked 
| 111|0x0000000086f00000, 0x0000000087000000, 0x0000000087000000|100%| O|  |TAMS 0x0000000086f00000| PB 0x0000000086f00000| Untracked 
| 112|0x0000000087000000, 0x0000000087100000, 0x0000000087100000|100%| O|  |TAMS 0x0000000087000000| PB 0x0000000087000000| Untracked 
| 113|0x0000000087100000, 0x0000000087200000, 0x0000000087200000|100%| O|  |TAMS 0x0000000087100000| PB 0x0000000087100000| Untracked 
| 114|0x0000000087200000, 0x0000000087300000, 0x0000000087300000|100%| O|  |TAMS 0x0000000087200000| PB 0x0000000087200000| Untracked 
| 115|0x0000000087300000, 0x00000000873fffe0, 0x0000000087400000| 99%| O|  |TAMS 0x0000000087300000| PB 0x0000000087300000| Untracked 
| 116|0x0000000087400000, 0x00000000874fffe0, 0x0000000087500000| 99%| O|  |TAMS 0x0000000087400000| PB 0x0000000087400000| Untracked 
| 117|0x0000000087500000, 0x0000000087600000, 0x0000000087600000|100%| O|  |TAMS 0x0000000087500000| PB 0x0000000087500000| Untracked 
| 118|0x0000000087600000, 0x00000000876ffff0, 0x0000000087700000| 99%| O|  |TAMS 0x0000000087600000| PB 0x0000000087600000| Untracked 
| 119|0x0000000087700000, 0x0000000087800000, 0x0000000087800000|100%| O|  |TAMS 0x0000000087700000| PB 0x0000000087700000| Untracked 
| 120|0x0000000087800000, 0x0000000087900000, 0x0000000087900000|100%| O|  |TAMS 0x0000000087800000| PB 0x0000000087800000| Untracked 
| 121|0x0000000087900000, 0x0000000087a00000, 0x0000000087a00000|100%| O|  |TAMS 0x0000000087900000| PB 0x0000000087900000| Untracked 
| 122|0x0000000087a00000, 0x0000000087afffd8, 0x0000000087b00000| 99%| O|  |TAMS 0x0000000087a00000| PB 0x0000000087a00000| Untracked 
| 123|0x0000000087b00000, 0x0000000087bfffb8, 0x0000000087c00000| 99%| O|  |TAMS 0x0000000087b00000| PB 0x0000000087b00000| Untracked 
| 124|0x0000000087c00000, 0x0000000087cffff8, 0x0000000087d00000| 99%| O|  |TAMS 0x0000000087c00000| PB 0x0000000087c00000| Untracked 
| 125|0x0000000087d00000, 0x0000000087dfffe8, 0x0000000087e00000| 99%| O|  |TAMS 0x0000000087d00000| PB 0x0000000087d00000| Untracked 
| 126|0x0000000087e00000, 0x0000000087f00000, 0x0000000087f00000|100%| O|  |TAMS 0x0000000087e00000| PB 0x0000000087e00000| Untracked 
| 127|0x0000000087f00000, 0x0000000087ffffe8, 0x0000000088000000| 99%| O|  |TAMS 0x0000000087f00000| PB 0x0000000087f00000| Untracked 
| 128|0x0000000088000000, 0x0000000088100000, 0x0000000088100000|100%| O|  |TAMS 0x0000000088000000| PB 0x0000000088000000| Untracked 
| 129|0x0000000088100000, 0x00000000881ffa88, 0x0000000088200000| 99%| O|  |TAMS 0x0000000088100000| PB 0x0000000088100000| Untracked 
| 130|0x0000000088200000, 0x0000000088300000, 0x0000000088300000|100%| O|  |TAMS 0x0000000088200000| PB 0x0000000088200000| Untracked 
| 131|0x0000000088300000, 0x00000000883ffff0, 0x0000000088400000| 99%| O|  |TAMS 0x0000000088300000| PB 0x0000000088300000| Untracked 
| 132|0x0000000088400000, 0x00000000884f1d30, 0x0000000088500000| 94%| O|  |TAMS 0x0000000088400000| PB 0x0000000088400000| Untracked 
| 133|0x0000000088500000, 0x0000000088600000, 0x0000000088600000|100%| O|  |TAMS 0x0000000088500000| PB 0x0000000088500000| Untracked 
| 134|0x0000000088600000, 0x0000000088700000, 0x0000000088700000|100%| O|  |TAMS 0x0000000088600000| PB 0x0000000088600000| Untracked 
| 135|0x0000000088700000, 0x00000000887ffff0, 0x0000000088800000| 99%| O|  |TAMS 0x0000000088700000| PB 0x0000000088700000| Untracked 
| 136|0x0000000088800000, 0x00000000888ffff8, 0x0000000088900000| 99%| O|  |TAMS 0x0000000088800000| PB 0x0000000088800000| Untracked 
| 137|0x0000000088900000, 0x00000000889fffa0, 0x0000000088a00000| 99%| O|  |TAMS 0x0000000088900000| PB 0x0000000088900000| Untracked 
| 138|0x0000000088a00000, 0x0000000088affff8, 0x0000000088b00000| 99%| O|  |TAMS 0x0000000088a00000| PB 0x0000000088a00000| Untracked 
| 139|0x0000000088b00000, 0x0000000088bffff8, 0x0000000088c00000| 99%| O|  |TAMS 0x0000000088b00000| PB 0x0000000088b00000| Untracked 
| 140|0x0000000088c00000, 0x0000000088cfffc8, 0x0000000088d00000| 99%| O|  |TAMS 0x0000000088c00000| PB 0x0000000088c00000| Untracked 
| 141|0x0000000088d00000, 0x0000000088dffff0, 0x0000000088e00000| 99%| O|  |TAMS 0x0000000088d00000| PB 0x0000000088d00000| Untracked 
| 142|0x0000000088e00000, 0x0000000088efff80, 0x0000000088f00000| 99%| O|  |TAMS 0x0000000088e00000| PB 0x0000000088e00000| Untracked 
| 143|0x0000000088f00000, 0x0000000088ffffd8, 0x0000000089000000| 99%| O|  |TAMS 0x0000000088f00000| PB 0x0000000088f00000| Untracked 
| 144|0x0000000089000000, 0x00000000890ffff8, 0x0000000089100000| 99%| O|  |TAMS 0x0000000089000000| PB 0x0000000089000000| Untracked 
| 145|0x0000000089100000, 0x0000000089200000, 0x0000000089200000|100%| O|  |TAMS 0x0000000089100000| PB 0x0000000089100000| Untracked 
| 146|0x0000000089200000, 0x00000000892ffff8, 0x0000000089300000| 99%| O|  |TAMS 0x0000000089200000| PB 0x0000000089200000| Untracked 
| 147|0x0000000089300000, 0x00000000893ffff8, 0x0000000089400000| 99%| O|  |TAMS 0x0000000089300000| PB 0x0000000089300000| Untracked 
| 148|0x0000000089400000, 0x0000000089500000, 0x0000000089500000|100%|HS|  |TAMS 0x0000000089400000| PB 0x0000000089400000| Complete 
| 149|0x0000000089500000, 0x0000000089600000, 0x0000000089600000|100%|HC|  |TAMS 0x0000000089500000| PB 0x0000000089500000| Complete 
| 150|0x0000000089600000, 0x0000000089700000, 0x0000000089700000|100%|HC|  |TAMS 0x0000000089600000| PB 0x0000000089600000| Complete 
| 151|0x0000000089700000, 0x0000000089800000, 0x0000000089800000|100%|HC|  |TAMS 0x0000000089700000| PB 0x0000000089700000| Complete 
| 152|0x0000000089800000, 0x0000000089900000, 0x0000000089900000|100%|HC|  |TAMS 0x0000000089800000| PB 0x0000000089800000| Complete 
| 153|0x0000000089900000, 0x0000000089a00000, 0x0000000089a00000|100%|HC|  |TAMS 0x0000000089900000| PB 0x0000000089900000| Complete 
| 154|0x0000000089a00000, 0x0000000089b00000, 0x0000000089b00000|100%|HC|  |TAMS 0x0000000089a00000| PB 0x0000000089a00000| Complete 
| 155|0x0000000089b00000, 0x0000000089c00000, 0x0000000089c00000|100%|HC|  |TAMS 0x0000000089b00000| PB 0x0000000089b00000| Complete 
| 156|0x0000000089c00000, 0x0000000089d00000, 0x0000000089d00000|100%|HC|  |TAMS 0x0000000089c00000| PB 0x0000000089c00000| Complete 
| 157|0x0000000089d00000, 0x0000000089e00000, 0x0000000089e00000|100%| O|  |TAMS 0x0000000089d00000| PB 0x0000000089d00000| Untracked 
| 158|0x0000000089e00000, 0x0000000089effff0, 0x0000000089f00000| 99%| O|  |TAMS 0x0000000089e00000| PB 0x0000000089e00000| Untracked 
| 159|0x0000000089f00000, 0x0000000089ffffb8, 0x000000008a000000| 99%| O|  |TAMS 0x0000000089f00000| PB 0x0000000089f00000| Untracked 
| 160|0x000000008a000000, 0x000000008a100000, 0x000000008a100000|100%| O|  |TAMS 0x000000008a000000| PB 0x000000008a000000| Untracked 
| 161|0x000000008a100000, 0x000000008a1ffff8, 0x000000008a200000| 99%| O|  |TAMS 0x000000008a100000| PB 0x000000008a100000| Untracked 
| 162|0x000000008a200000, 0x000000008a2ffff8, 0x000000008a300000| 99%| O|  |TAMS 0x000000008a200000| PB 0x000000008a200000| Untracked 
| 163|0x000000008a300000, 0x000000008a400000, 0x000000008a400000|100%| O|  |TAMS 0x000000008a300000| PB 0x000000008a300000| Untracked 
| 164|0x000000008a400000, 0x000000008a4ffff0, 0x000000008a500000| 99%| O|  |TAMS 0x000000008a400000| PB 0x000000008a400000| Untracked 
| 165|0x000000008a500000, 0x000000008a5fba18, 0x000000008a600000| 98%| O|  |TAMS 0x000000008a500000| PB 0x000000008a500000| Untracked 
| 166|0x000000008a600000, 0x000000008a6ffff8, 0x000000008a700000| 99%| O|  |TAMS 0x000000008a600000| PB 0x000000008a600000| Untracked 
| 167|0x000000008a700000, 0x000000008a800000, 0x000000008a800000|100%| O|  |TAMS 0x000000008a700000| PB 0x000000008a700000| Untracked 
| 168|0x000000008a800000, 0x000000008a8ffff8, 0x000000008a900000| 99%| O|  |TAMS 0x000000008a800000| PB 0x000000008a800000| Untracked 
| 169|0x000000008a900000, 0x000000008aa00000, 0x000000008aa00000|100%| O|  |TAMS 0x000000008a900000| PB 0x000000008a900000| Untracked 
| 170|0x000000008aa00000, 0x000000008aaffff8, 0x000000008ab00000| 99%| O|  |TAMS 0x000000008aa00000| PB 0x000000008aa00000| Untracked 
| 171|0x000000008ab00000, 0x000000008abe22b0, 0x000000008ac00000| 88%| O|  |TAMS 0x000000008ab00000| PB 0x000000008ab00000| Untracked 
| 172|0x000000008ac00000, 0x000000008ad00000, 0x000000008ad00000|100%| O|  |TAMS 0x000000008ac00000| PB 0x000000008ac00000| Untracked 
| 173|0x000000008ad00000, 0x000000008ae00000, 0x000000008ae00000|100%| O|  |TAMS 0x000000008ad00000| PB 0x000000008ad00000| Untracked 
| 174|0x000000008ae00000, 0x000000008aeffe48, 0x000000008af00000| 99%| O|  |TAMS 0x000000008ae00000| PB 0x000000008ae00000| Untracked 
| 175|0x000000008af00000, 0x000000008affff88, 0x000000008b000000| 99%| O|  |TAMS 0x000000008af00000| PB 0x000000008af00000| Untracked 
| 176|0x000000008b000000, 0x000000008b0ffff8, 0x000000008b100000| 99%| O|  |TAMS 0x000000008b000000| PB 0x000000008b000000| Untracked 
| 177|0x000000008b100000, 0x000000008b1ffff8, 0x000000008b200000| 99%| O|  |TAMS 0x000000008b100000| PB 0x000000008b100000| Untracked 
| 178|0x000000008b200000, 0x000000008b2ffff0, 0x000000008b300000| 99%| O|  |TAMS 0x000000008b200000| PB 0x000000008b200000| Untracked 
| 179|0x000000008b300000, 0x000000008b3ffff8, 0x000000008b400000| 99%| O|  |TAMS 0x000000008b300000| PB 0x000000008b300000| Untracked 
| 180|0x000000008b400000, 0x000000008b500000, 0x000000008b500000|100%|HS|  |TAMS 0x000000008b400000| PB 0x000000008b400000| Complete 
| 181|0x000000008b500000, 0x000000008b5ffff0, 0x000000008b600000| 99%| O|  |TAMS 0x000000008b500000| PB 0x000000008b500000| Untracked 
| 182|0x000000008b600000, 0x000000008b6fffe8, 0x000000008b700000| 99%| O|  |TAMS 0x000000008b600000| PB 0x000000008b600000| Untracked 
| 183|0x000000008b700000, 0x000000008b7ffff0, 0x000000008b800000| 99%| O|  |TAMS 0x000000008b700000| PB 0x000000008b700000| Untracked 
| 184|0x000000008b800000, 0x000000008b900000, 0x000000008b900000|100%| O|  |TAMS 0x000000008b800000| PB 0x000000008b800000| Untracked 
| 185|0x000000008b900000, 0x000000008b9ffff8, 0x000000008ba00000| 99%| O|  |TAMS 0x000000008b900000| PB 0x000000008b900000| Untracked 
| 186|0x000000008ba00000, 0x000000008bb00000, 0x000000008bb00000|100%| O|  |TAMS 0x000000008ba00000| PB 0x000000008ba00000| Untracked 
| 187|0x000000008bb00000, 0x000000008bbfffb8, 0x000000008bc00000| 99%| O|  |TAMS 0x000000008bb00000| PB 0x000000008bb00000| Untracked 
| 188|0x000000008bc00000, 0x000000008bcfffe8, 0x000000008bd00000| 99%| O|  |TAMS 0x000000008bc00000| PB 0x000000008bc00000| Untracked 
| 189|0x000000008bd00000, 0x000000008bdfffe8, 0x000000008be00000| 99%| O|  |TAMS 0x000000008bd00000| PB 0x000000008bd00000| Untracked 
| 190|0x000000008be00000, 0x000000008befffd0, 0x000000008bf00000| 99%| O|  |TAMS 0x000000008be00000| PB 0x000000008be00000| Untracked 
| 191|0x000000008bf00000, 0x000000008bffffe0, 0x000000008c000000| 99%| O|  |TAMS 0x000000008bf00000| PB 0x000000008bf00000| Untracked 
| 192|0x000000008c000000, 0x000000008c0fff70, 0x000000008c100000| 99%| O|  |TAMS 0x000000008c000000| PB 0x000000008c000000| Untracked 
| 193|0x000000008c100000, 0x000000008c1fffc0, 0x000000008c200000| 99%| O|  |TAMS 0x000000008c100000| PB 0x000000008c100000| Untracked 
| 194|0x000000008c200000, 0x000000008c2ffff0, 0x000000008c300000| 99%| O|  |TAMS 0x000000008c200000| PB 0x000000008c200000| Untracked 
| 195|0x000000008c300000, 0x000000008c3ffff0, 0x000000008c400000| 99%| O|  |TAMS 0x000000008c300000| PB 0x000000008c300000| Untracked 
| 196|0x000000008c400000, 0x000000008c4ffff8, 0x000000008c500000| 99%| O|  |TAMS 0x000000008c400000| PB 0x000000008c400000| Untracked 
| 197|0x000000008c500000, 0x000000008c5fffe0, 0x000000008c600000| 99%| O|  |TAMS 0x000000008c500000| PB 0x000000008c500000| Untracked 
| 198|0x000000008c600000, 0x000000008c6ffff0, 0x000000008c700000| 99%| O|  |TAMS 0x000000008c600000| PB 0x000000008c600000| Untracked 
| 199|0x000000008c700000, 0x000000008c7fffe0, 0x000000008c800000| 99%| O|  |TAMS 0x000000008c700000| PB 0x000000008c700000| Untracked 
| 200|0x000000008c800000, 0x000000008c8ffff8, 0x000000008c900000| 99%| O|  |TAMS 0x000000008c800000| PB 0x000000008c800000| Untracked 
| 201|0x000000008c900000, 0x000000008c9ffff8, 0x000000008ca00000| 99%| O|  |TAMS 0x000000008c900000| PB 0x000000008c900000| Untracked 
| 202|0x000000008ca00000, 0x000000008cafffd8, 0x000000008cb00000| 99%| O|  |TAMS 0x000000008ca00000| PB 0x000000008ca00000| Untracked 
| 203|0x000000008cb00000, 0x000000008cc00000, 0x000000008cc00000|100%| O|  |TAMS 0x000000008cb00000| PB 0x000000008cb00000| Untracked 
| 204|0x000000008cc00000, 0x000000008cd00000, 0x000000008cd00000|100%| O|  |TAMS 0x000000008cc00000| PB 0x000000008cc00000| Untracked 
| 205|0x000000008cd00000, 0x000000008ce00000, 0x000000008ce00000|100%|HS|  |TAMS 0x000000008cd00000| PB 0x000000008cd00000| Untracked 
| 206|0x000000008ce00000, 0x000000008cf00000, 0x000000008cf00000|100%| O|  |TAMS 0x000000008ce00000| PB 0x000000008ce00000| Untracked 
| 207|0x000000008cf00000, 0x000000008cfffff0, 0x000000008d000000| 99%| O|  |TAMS 0x000000008cf00000| PB 0x000000008cf00000| Untracked 
| 208|0x000000008d000000, 0x000000008d0ffff0, 0x000000008d100000| 99%| O|  |TAMS 0x000000008d000000| PB 0x000000008d000000| Untracked 
| 209|0x000000008d100000, 0x000000008d1fffd0, 0x000000008d200000| 99%| O|  |TAMS 0x000000008d100000| PB 0x000000008d100000| Untracked 
| 210|0x000000008d200000, 0x000000008d300000, 0x000000008d300000|100%| O|  |TAMS 0x000000008d200000| PB 0x000000008d200000| Untracked 
| 211|0x000000008d300000, 0x000000008d3ffff8, 0x000000008d400000| 99%| O|  |TAMS 0x000000008d300000| PB 0x000000008d300000| Untracked 
| 212|0x000000008d400000, 0x000000008d500000, 0x000000008d500000|100%| O|  |TAMS 0x000000008d400000| PB 0x000000008d400000| Untracked 
| 213|0x000000008d500000, 0x000000008d600000, 0x000000008d600000|100%| O|  |TAMS 0x000000008d500000| PB 0x000000008d500000| Untracked 
| 214|0x000000008d600000, 0x000000008d700000, 0x000000008d700000|100%| O|  |TAMS 0x000000008d600000| PB 0x000000008d600000| Untracked 
| 215|0x000000008d700000, 0x000000008d800000, 0x000000008d800000|100%| O|  |TAMS 0x000000008d700000| PB 0x000000008d700000| Untracked 
| 216|0x000000008d800000, 0x000000008d8fffe0, 0x000000008d900000| 99%| O|  |TAMS 0x000000008d800000| PB 0x000000008d800000| Untracked 
| 217|0x000000008d900000, 0x000000008d9fffb0, 0x000000008da00000| 99%| O|  |TAMS 0x000000008d900000| PB 0x000000008d900000| Untracked 
| 218|0x000000008da00000, 0x000000008db00000, 0x000000008db00000|100%| O|  |TAMS 0x000000008da00000| PB 0x000000008da00000| Untracked 
| 219|0x000000008db00000, 0x000000008dc00000, 0x000000008dc00000|100%| O|  |TAMS 0x000000008db00000| PB 0x000000008db00000| Untracked 
| 220|0x000000008dc00000, 0x000000008dd00000, 0x000000008dd00000|100%| O|  |TAMS 0x000000008dc00000| PB 0x000000008dc00000| Untracked 
| 221|0x000000008dd00000, 0x000000008de00000, 0x000000008de00000|100%|HS|  |TAMS 0x000000008dd00000| PB 0x000000008dd00000| Untracked 
| 222|0x000000008de00000, 0x000000008df00000, 0x000000008df00000|100%|HS|  |TAMS 0x000000008de00000| PB 0x000000008de00000| Complete 
| 223|0x000000008df00000, 0x000000008e000000, 0x000000008e000000|100%|HC|  |TAMS 0x000000008df00000| PB 0x000000008df00000| Complete 
| 224|0x000000008e000000, 0x000000008e100000, 0x000000008e100000|100%|HS|  |TAMS 0x000000008e000000| PB 0x000000008e000000| Complete 
| 225|0x000000008e100000, 0x000000008e200000, 0x000000008e200000|100%|HC|  |TAMS 0x000000008e100000| PB 0x000000008e100000| Complete 
| 226|0x000000008e200000, 0x000000008e300000, 0x000000008e300000|100%|HS|  |TAMS 0x000000008e200000| PB 0x000000008e200000| Complete 
| 227|0x000000008e300000, 0x000000008e3fffe8, 0x000000008e400000| 99%| O|  |TAMS 0x000000008e300000| PB 0x000000008e300000| Untracked 
| 228|0x000000008e400000, 0x000000008e4fffe0, 0x000000008e500000| 99%| O|  |TAMS 0x000000008e400000| PB 0x000000008e400000| Untracked 
| 229|0x000000008e500000, 0x000000008e600000, 0x000000008e600000|100%| O|  |TAMS 0x000000008e500000| PB 0x000000008e500000| Untracked 
| 230|0x000000008e600000, 0x000000008e700000, 0x000000008e700000|100%| O|  |TAMS 0x000000008e600000| PB 0x000000008e600000| Untracked 
| 231|0x000000008e700000, 0x000000008e800000, 0x000000008e800000|100%|HS|  |TAMS 0x000000008e700000| PB 0x000000008e700000| Complete 
| 232|0x000000008e800000, 0x000000008e900000, 0x000000008e900000|100%|HC|  |TAMS 0x000000008e800000| PB 0x000000008e800000| Complete 
| 233|0x000000008e900000, 0x000000008ea00000, 0x000000008ea00000|100%|HC|  |TAMS 0x000000008e900000| PB 0x000000008e900000| Complete 
| 234|0x000000008ea00000, 0x000000008eb00000, 0x000000008eb00000|100%|HC|  |TAMS 0x000000008ea00000| PB 0x000000008ea00000| Complete 
| 235|0x000000008eb00000, 0x000000008ec00000, 0x000000008ec00000|100%|HC|  |TAMS 0x000000008eb00000| PB 0x000000008eb00000| Complete 
| 236|0x000000008ec00000, 0x000000008ed00000, 0x000000008ed00000|100%|HC|  |TAMS 0x000000008ec00000| PB 0x000000008ec00000| Complete 
| 237|0x000000008ed00000, 0x000000008ee00000, 0x000000008ee00000|100%|HC|  |TAMS 0x000000008ed00000| PB 0x000000008ed00000| Complete 
| 238|0x000000008ee00000, 0x000000008ef00000, 0x000000008ef00000|100%|HC|  |TAMS 0x000000008ee00000| PB 0x000000008ee00000| Complete 
| 239|0x000000008ef00000, 0x000000008f000000, 0x000000008f000000|100%| O|  |TAMS 0x000000008ef00000| PB 0x000000008ef00000| Untracked 
| 240|0x000000008f000000, 0x000000008f0ffef8, 0x000000008f100000| 99%| O|  |TAMS 0x000000008f000000| PB 0x000000008f000000| Untracked 
| 241|0x000000008f100000, 0x000000008f1ffff0, 0x000000008f200000| 99%| O|  |TAMS 0x000000008f100000| PB 0x000000008f100000| Untracked 
| 242|0x000000008f200000, 0x000000008f2fffe0, 0x000000008f300000| 99%| O|  |TAMS 0x000000008f200000| PB 0x000000008f200000| Untracked 
| 243|0x000000008f300000, 0x000000008f3ffff0, 0x000000008f400000| 99%| O|  |TAMS 0x000000008f300000| PB 0x000000008f300000| Untracked 
| 244|0x000000008f400000, 0x000000008f500000, 0x000000008f500000|100%| O|  |TAMS 0x000000008f400000| PB 0x000000008f400000| Untracked 
| 245|0x000000008f500000, 0x000000008f5ffff8, 0x000000008f600000| 99%| O|  |TAMS 0x000000008f500000| PB 0x000000008f500000| Untracked 
| 246|0x000000008f600000, 0x000000008f6ffff8, 0x000000008f700000| 99%| O|  |TAMS 0x000000008f600000| PB 0x000000008f600000| Untracked 
| 247|0x000000008f700000, 0x000000008f7fffb8, 0x000000008f800000| 99%| O|  |TAMS 0x000000008f700000| PB 0x000000008f700000| Untracked 
| 248|0x000000008f800000, 0x000000008f900000, 0x000000008f900000|100%| O|  |TAMS 0x000000008f800000| PB 0x000000008f800000| Untracked 
| 249|0x000000008f900000, 0x000000008fa00000, 0x000000008fa00000|100%| O|  |TAMS 0x000000008f900000| PB 0x000000008f900000| Untracked 
| 250|0x000000008fa00000, 0x000000008faffff8, 0x000000008fb00000| 99%| O|  |TAMS 0x000000008fa00000| PB 0x000000008fa00000| Untracked 
| 251|0x000000008fb00000, 0x000000008fbfffd8, 0x000000008fc00000| 99%| O|  |TAMS 0x000000008fb00000| PB 0x000000008fb00000| Untracked 
| 252|0x000000008fc00000, 0x000000008fcfff08, 0x000000008fd00000| 99%| O|  |TAMS 0x000000008fc00000| PB 0x000000008fc00000| Untracked 
| 253|0x000000008fd00000, 0x000000008fe00000, 0x000000008fe00000|100%| O|  |TAMS 0x000000008fd00000| PB 0x000000008fd00000| Untracked 
| 254|0x000000008fe00000, 0x000000008feffff0, 0x000000008ff00000| 99%| O|  |TAMS 0x000000008fe00000| PB 0x000000008fe00000| Untracked 
| 255|0x000000008ff00000, 0x0000000090000000, 0x0000000090000000|100%| O|  |TAMS 0x000000008ff00000| PB 0x000000008ff00000| Untracked 
| 256|0x0000000090000000, 0x00000000900ffff0, 0x0000000090100000| 99%| O|  |TAMS 0x0000000090000000| PB 0x0000000090000000| Untracked 
| 257|0x0000000090100000, 0x0000000090200000, 0x0000000090200000|100%|HS|  |TAMS 0x0000000090100000| PB 0x0000000090100000| Untracked 
| 258|0x0000000090200000, 0x0000000090300000, 0x0000000090300000|100%|HS|  |TAMS 0x0000000090200000| PB 0x0000000090200000| Complete 
| 259|0x0000000090300000, 0x0000000090400000, 0x0000000090400000|100%|HS|  |TAMS 0x0000000090300000| PB 0x0000000090300000| Untracked 
| 260|0x0000000090400000, 0x0000000090500000, 0x0000000090500000|100%|HS|  |TAMS 0x0000000090400000| PB 0x0000000090400000| Untracked 
| 261|0x0000000090500000, 0x0000000090600000, 0x0000000090600000|100%|HS|  |TAMS 0x0000000090500000| PB 0x0000000090500000| Untracked 
| 262|0x0000000090600000, 0x00000000906ffff8, 0x0000000090700000| 99%| O|  |TAMS 0x0000000090600000| PB 0x0000000090600000| Untracked 
| 263|0x0000000090700000, 0x00000000907d7f60, 0x0000000090800000| 84%| O|  |TAMS 0x0000000090700000| PB 0x0000000090700000| Untracked 
| 264|0x0000000090800000, 0x00000000908ffff8, 0x0000000090900000| 99%| O|  |TAMS 0x0000000090800000| PB 0x0000000090800000| Untracked 
| 265|0x0000000090900000, 0x00000000909ffff8, 0x0000000090a00000| 99%| O|  |TAMS 0x0000000090900000| PB 0x0000000090900000| Untracked 
| 266|0x0000000090a00000, 0x0000000090affff0, 0x0000000090b00000| 99%| O|  |TAMS 0x0000000090a00000| PB 0x0000000090a00000| Untracked 
| 267|0x0000000090b00000, 0x0000000090bfffc8, 0x0000000090c00000| 99%| O|  |TAMS 0x0000000090b00000| PB 0x0000000090b00000| Untracked 
| 268|0x0000000090c00000, 0x0000000090d00000, 0x0000000090d00000|100%| O|  |TAMS 0x0000000090c00000| PB 0x0000000090c00000| Untracked 
| 269|0x0000000090d00000, 0x0000000090dffff8, 0x0000000090e00000| 99%| O|  |TAMS 0x0000000090d00000| PB 0x0000000090d00000| Untracked 
| 270|0x0000000090e00000, 0x0000000090efffc0, 0x0000000090f00000| 99%| O|  |TAMS 0x0000000090e00000| PB 0x0000000090e00000| Untracked 
| 271|0x0000000090f00000, 0x0000000090fffff0, 0x0000000091000000| 99%| O|  |TAMS 0x0000000090f00000| PB 0x0000000090f00000| Untracked 
| 272|0x0000000091000000, 0x00000000910fffe0, 0x0000000091100000| 99%| O|  |TAMS 0x0000000091000000| PB 0x0000000091000000| Untracked 
| 273|0x0000000091100000, 0x00000000911fffe8, 0x0000000091200000| 99%| O|  |TAMS 0x0000000091100000| PB 0x0000000091100000| Untracked 
| 274|0x0000000091200000, 0x0000000091300000, 0x0000000091300000|100%| O|  |TAMS 0x0000000091200000| PB 0x0000000091200000| Untracked 
| 275|0x0000000091300000, 0x0000000091400000, 0x0000000091400000|100%|HS|  |TAMS 0x0000000091300000| PB 0x0000000091300000| Complete 
| 276|0x0000000091400000, 0x0000000091500000, 0x0000000091500000|100%|HS|  |TAMS 0x0000000091400000| PB 0x0000000091400000| Complete 
| 277|0x0000000091500000, 0x00000000915fffe8, 0x0000000091600000| 99%| O|  |TAMS 0x0000000091500000| PB 0x0000000091500000| Untracked 
| 278|0x0000000091600000, 0x00000000916ffff8, 0x0000000091700000| 99%| O|  |TAMS 0x0000000091600000| PB 0x0000000091600000| Untracked 
| 279|0x0000000091700000, 0x00000000917ffff0, 0x0000000091800000| 99%| O|  |TAMS 0x0000000091700000| PB 0x0000000091700000| Untracked 
| 280|0x0000000091800000, 0x00000000918ffff8, 0x0000000091900000| 99%| O|  |TAMS 0x0000000091800000| PB 0x0000000091800000| Untracked 
| 281|0x0000000091900000, 0x0000000091a00000, 0x0000000091a00000|100%| O|  |TAMS 0x0000000091900000| PB 0x0000000091900000| Untracked 
| 282|0x0000000091a00000, 0x0000000091b00000, 0x0000000091b00000|100%| O|  |TAMS 0x0000000091a00000| PB 0x0000000091a00000| Untracked 
| 283|0x0000000091b00000, 0x0000000091bffff0, 0x0000000091c00000| 99%| O|  |TAMS 0x0000000091b00000| PB 0x0000000091b00000| Untracked 
| 284|0x0000000091c00000, 0x0000000091d00000, 0x0000000091d00000|100%| O|  |TAMS 0x0000000091c00000| PB 0x0000000091c00000| Untracked 
| 285|0x0000000091d00000, 0x0000000091dfffa0, 0x0000000091e00000| 99%| O|  |TAMS 0x0000000091d00000| PB 0x0000000091d00000| Untracked 
| 286|0x0000000091e00000, 0x0000000091effff8, 0x0000000091f00000| 99%| O|  |TAMS 0x0000000091e00000| PB 0x0000000091e00000| Untracked 
| 287|0x0000000091f00000, 0x0000000092000000, 0x0000000092000000|100%| O|  |TAMS 0x0000000091f00000| PB 0x0000000091f00000| Untracked 
| 288|0x0000000092000000, 0x00000000920fffb8, 0x0000000092100000| 99%| O|  |TAMS 0x0000000092000000| PB 0x0000000092000000| Untracked 
| 289|0x0000000092100000, 0x00000000921fff80, 0x0000000092200000| 99%| O|  |TAMS 0x0000000092100000| PB 0x0000000092100000| Untracked 
| 290|0x0000000092200000, 0x00000000922ffff8, 0x0000000092300000| 99%| O|  |TAMS 0x0000000092200000| PB 0x0000000092200000| Untracked 
| 291|0x0000000092300000, 0x00000000923ffff0, 0x0000000092400000| 99%| O|  |TAMS 0x0000000092300000| PB 0x0000000092300000| Untracked 
| 292|0x0000000092400000, 0x0000000092500000, 0x0000000092500000|100%|HS|  |TAMS 0x0000000092400000| PB 0x0000000092400000| Untracked 
| 293|0x0000000092500000, 0x0000000092600000, 0x0000000092600000|100%|HS|  |TAMS 0x0000000092500000| PB 0x0000000092500000| Untracked 
| 294|0x0000000092600000, 0x0000000092700000, 0x0000000092700000|100%| O|  |TAMS 0x0000000092600000| PB 0x0000000092600000| Untracked 
| 295|0x0000000092700000, 0x0000000092800000, 0x0000000092800000|100%| O|  |TAMS 0x0000000092700000| PB 0x0000000092700000| Untracked 
| 296|0x0000000092800000, 0x0000000092900000, 0x0000000092900000|100%| O|  |TAMS 0x0000000092800000| PB 0x0000000092800000| Untracked 
| 297|0x0000000092900000, 0x0000000092a00000, 0x0000000092a00000|100%|HS|  |TAMS 0x0000000092900000| PB 0x0000000092900000| Complete 
| 298|0x0000000092a00000, 0x0000000092b00000, 0x0000000092b00000|100%|HC|  |TAMS 0x0000000092a00000| PB 0x0000000092a00000| Complete 
| 299|0x0000000092b00000, 0x0000000092c00000, 0x0000000092c00000|100%|HS|  |TAMS 0x0000000092b00000| PB 0x0000000092b00000| Untracked 
| 300|0x0000000092c00000, 0x0000000092cffff8, 0x0000000092d00000| 99%| O|  |TAMS 0x0000000092c00000| PB 0x0000000092c00000| Untracked 
| 301|0x0000000092d00000, 0x0000000092e00000, 0x0000000092e00000|100%| O|  |TAMS 0x0000000092d00000| PB 0x0000000092d00000| Untracked 
| 302|0x0000000092e00000, 0x0000000092f00000, 0x0000000092f00000|100%| O|  |TAMS 0x0000000092e00000| PB 0x0000000092e00000| Untracked 
| 303|0x0000000092f00000, 0x0000000093000000, 0x0000000093000000|100%|HS|  |TAMS 0x0000000092f00000| PB 0x0000000092f00000| Complete 
| 304|0x0000000093000000, 0x0000000093100000, 0x0000000093100000|100%|HC|  |TAMS 0x0000000093000000| PB 0x0000000093000000| Complete 
| 305|0x0000000093100000, 0x0000000093200000, 0x0000000093200000|100%|HC|  |TAMS 0x0000000093100000| PB 0x0000000093100000| Complete 
| 306|0x0000000093200000, 0x00000000932fff60, 0x0000000093300000| 99%| O|  |TAMS 0x0000000093200000| PB 0x0000000093200000| Untracked 
| 307|0x0000000093300000, 0x00000000933ffff0, 0x0000000093400000| 99%| O|  |TAMS 0x0000000093300000| PB 0x0000000093300000| Untracked 
| 308|0x0000000093400000, 0x00000000934ffff8, 0x0000000093500000| 99%| O|  |TAMS 0x0000000093400000| PB 0x0000000093400000| Untracked 
| 309|0x0000000093500000, 0x00000000935ffff8, 0x0000000093600000| 99%| O|  |TAMS 0x0000000093500000| PB 0x0000000093500000| Untracked 
| 310|0x0000000093600000, 0x00000000936ffb28, 0x0000000093700000| 99%| O|  |TAMS 0x0000000093600000| PB 0x0000000093600000| Untracked 
| 311|0x0000000093700000, 0x00000000937fffe8, 0x0000000093800000| 99%| O|  |TAMS 0x0000000093700000| PB 0x0000000093700000| Untracked 
| 312|0x0000000093800000, 0x00000000938fffb0, 0x0000000093900000| 99%| O|  |TAMS 0x0000000093800000| PB 0x0000000093800000| Untracked 
| 313|0x0000000093900000, 0x00000000939ffff0, 0x0000000093a00000| 99%| O|  |TAMS 0x0000000093900000| PB 0x0000000093900000| Untracked 
| 314|0x0000000093a00000, 0x0000000093afffe0, 0x0000000093b00000| 99%| O|  |TAMS 0x0000000093a00000| PB 0x0000000093a00000| Untracked 
| 315|0x0000000093b00000, 0x0000000093bfffe0, 0x0000000093c00000| 99%| O|  |TAMS 0x0000000093b00000| PB 0x0000000093b00000| Untracked 
| 316|0x0000000093c00000, 0x0000000093cffff0, 0x0000000093d00000| 99%| O|  |TAMS 0x0000000093c00000| PB 0x0000000093c00000| Untracked 
| 317|0x0000000093d00000, 0x0000000093e00000, 0x0000000093e00000|100%| O|  |TAMS 0x0000000093d00000| PB 0x0000000093d00000| Untracked 
| 318|0x0000000093e00000, 0x0000000093f00000, 0x0000000093f00000|100%| O|  |TAMS 0x0000000093e00000| PB 0x0000000093e00000| Untracked 
| 319|0x0000000093f00000, 0x0000000094000000, 0x0000000094000000|100%| O|  |TAMS 0x0000000093f00000| PB 0x0000000093f00000| Untracked 
| 320|0x0000000094000000, 0x0000000094100000, 0x0000000094100000|100%| O|  |TAMS 0x0000000094000000| PB 0x0000000094000000| Untracked 
| 321|0x0000000094100000, 0x0000000094200000, 0x0000000094200000|100%| O|  |TAMS 0x0000000094100000| PB 0x0000000094100000| Untracked 
| 322|0x0000000094200000, 0x0000000094300000, 0x0000000094300000|100%| O|  |TAMS 0x0000000094200000| PB 0x0000000094200000| Untracked 
| 323|0x0000000094300000, 0x0000000094400000, 0x0000000094400000|100%| O|  |TAMS 0x0000000094300000| PB 0x0000000094300000| Untracked 
| 324|0x0000000094400000, 0x00000000944fffd8, 0x0000000094500000| 99%| O|  |TAMS 0x0000000094400000| PB 0x0000000094400000| Untracked 
| 325|0x0000000094500000, 0x00000000945ffff8, 0x0000000094600000| 99%| O|  |TAMS 0x0000000094500000| PB 0x0000000094500000| Untracked 
| 326|0x0000000094600000, 0x00000000946fffe8, 0x0000000094700000| 99%| O|  |TAMS 0x0000000094600000| PB 0x0000000094600000| Untracked 
| 327|0x0000000094700000, 0x0000000094800000, 0x0000000094800000|100%| O|  |TAMS 0x0000000094700000| PB 0x0000000094700000| Untracked 
| 328|0x0000000094800000, 0x0000000094900000, 0x0000000094900000|100%| O|  |TAMS 0x0000000094800000| PB 0x0000000094800000| Untracked 
| 329|0x0000000094900000, 0x0000000094a00000, 0x0000000094a00000|100%|HS|  |TAMS 0x0000000094900000| PB 0x0000000094900000| Complete 
| 330|0x0000000094a00000, 0x0000000094b00000, 0x0000000094b00000|100%|HC|  |TAMS 0x0000000094a00000| PB 0x0000000094a00000| Complete 
| 331|0x0000000094b00000, 0x0000000094bffff8, 0x0000000094c00000| 99%| O|  |TAMS 0x0000000094b00000| PB 0x0000000094b00000| Untracked 
| 332|0x0000000094c00000, 0x0000000094d00000, 0x0000000094d00000|100%| O|  |TAMS 0x0000000094c00000| PB 0x0000000094c00000| Untracked 
| 333|0x0000000094d00000, 0x0000000094dffc38, 0x0000000094e00000| 99%| O|  |TAMS 0x0000000094d00000| PB 0x0000000094d00000| Untracked 
| 334|0x0000000094e00000, 0x0000000094f00000, 0x0000000094f00000|100%| O|  |TAMS 0x0000000094e00000| PB 0x0000000094e00000| Untracked 
| 335|0x0000000094f00000, 0x0000000095000000, 0x0000000095000000|100%| O|  |TAMS 0x0000000094f00000| PB 0x0000000094f00000| Untracked 
| 336|0x0000000095000000, 0x0000000095100000, 0x0000000095100000|100%| O|  |TAMS 0x0000000095000000| PB 0x0000000095000000| Untracked 
| 337|0x0000000095100000, 0x00000000951ffff0, 0x0000000095200000| 99%| O|  |TAMS 0x0000000095100000| PB 0x0000000095100000| Untracked 
| 338|0x0000000095200000, 0x00000000952fffc8, 0x0000000095300000| 99%| O|  |TAMS 0x0000000095200000| PB 0x0000000095200000| Untracked 
| 339|0x0000000095300000, 0x00000000953fffd8, 0x0000000095400000| 99%| O|  |TAMS 0x0000000095300000| PB 0x0000000095300000| Untracked 
| 340|0x0000000095400000, 0x0000000095500000, 0x0000000095500000|100%| O|  |TAMS 0x0000000095400000| PB 0x0000000095400000| Untracked 
| 341|0x0000000095500000, 0x00000000955ffff0, 0x0000000095600000| 99%| O|  |TAMS 0x0000000095500000| PB 0x0000000095500000| Untracked 
| 342|0x0000000095600000, 0x00000000956ffff0, 0x0000000095700000| 99%| O|  |TAMS 0x0000000095600000| PB 0x0000000095600000| Untracked 
| 343|0x0000000095700000, 0x0000000095800000, 0x0000000095800000|100%| O|  |TAMS 0x0000000095700000| PB 0x0000000095700000| Untracked 
| 344|0x0000000095800000, 0x00000000958ffff8, 0x0000000095900000| 99%| O|  |TAMS 0x0000000095800000| PB 0x0000000095800000| Untracked 
| 345|0x0000000095900000, 0x0000000095a00000, 0x0000000095a00000|100%| O|  |TAMS 0x0000000095900000| PB 0x0000000095900000| Untracked 
| 346|0x0000000095a00000, 0x0000000095b00000, 0x0000000095b00000|100%| O|  |TAMS 0x0000000095a00000| PB 0x0000000095a00000| Untracked 
| 347|0x0000000095b00000, 0x0000000095bfffd0, 0x0000000095c00000| 99%| O|  |TAMS 0x0000000095b00000| PB 0x0000000095b00000| Untracked 
| 348|0x0000000095c00000, 0x0000000095cfffe0, 0x0000000095d00000| 99%| O|  |TAMS 0x0000000095c00000| PB 0x0000000095c00000| Untracked 
| 349|0x0000000095d00000, 0x0000000095e00000, 0x0000000095e00000|100%|HS|  |TAMS 0x0000000095d00000| PB 0x0000000095d00000| Untracked 
| 350|0x0000000095e00000, 0x0000000095f00000, 0x0000000095f00000|100%| O|  |TAMS 0x0000000095e00000| PB 0x0000000095e00000| Untracked 
| 351|0x0000000095f00000, 0x0000000096000000, 0x0000000096000000|100%|HS|  |TAMS 0x0000000095f00000| PB 0x0000000095f00000| Untracked 
| 352|0x0000000096000000, 0x0000000096100000, 0x0000000096100000|100%| O|  |TAMS 0x0000000096000000| PB 0x0000000096000000| Untracked 
| 353|0x0000000096100000, 0x0000000096200000, 0x0000000096200000|100%| O|  |TAMS 0x0000000096100000| PB 0x0000000096100000| Untracked 
| 354|0x0000000096200000, 0x0000000096300000, 0x0000000096300000|100%| O|  |TAMS 0x0000000096200000| PB 0x0000000096200000| Untracked 
| 355|0x0000000096300000, 0x0000000096400000, 0x0000000096400000|100%| O|  |TAMS 0x0000000096300000| PB 0x0000000096300000| Untracked 
| 356|0x0000000096400000, 0x00000000964ffa98, 0x0000000096500000| 99%| O|  |TAMS 0x0000000096400000| PB 0x0000000096400000| Untracked 
| 357|0x0000000096500000, 0x0000000096600000, 0x0000000096600000|100%| O|  |TAMS 0x0000000096500000| PB 0x0000000096500000| Untracked 
| 358|0x0000000096600000, 0x00000000966d7c28, 0x0000000096700000| 84%| O|  |TAMS 0x0000000096600000| PB 0x0000000096600000| Untracked 
| 359|0x0000000096700000, 0x00000000967ffff8, 0x0000000096800000| 99%| O|  |TAMS 0x0000000096700000| PB 0x0000000096700000| Untracked 
| 360|0x0000000096800000, 0x00000000968ffff8, 0x0000000096900000| 99%| O|  |TAMS 0x0000000096800000| PB 0x0000000096800000| Untracked 
| 361|0x0000000096900000, 0x00000000969ffbb0, 0x0000000096a00000| 99%| O|  |TAMS 0x0000000096900000| PB 0x0000000096900000| Untracked 
| 362|0x0000000096a00000, 0x0000000096afffd0, 0x0000000096b00000| 99%| O|  |TAMS 0x0000000096a00000| PB 0x0000000096a00000| Untracked 
| 363|0x0000000096b00000, 0x0000000096bffff8, 0x0000000096c00000| 99%| O|  |TAMS 0x0000000096b00000| PB 0x0000000096b00000| Untracked 
| 364|0x0000000096c00000, 0x0000000096d00000, 0x0000000096d00000|100%| O|  |TAMS 0x0000000096c00000| PB 0x0000000096c00000| Untracked 
| 365|0x0000000096d00000, 0x0000000096dfffd8, 0x0000000096e00000| 99%| O|  |TAMS 0x0000000096d00000| PB 0x0000000096d00000| Untracked 
| 366|0x0000000096e00000, 0x0000000096efffd8, 0x0000000096f00000| 99%| O|  |TAMS 0x0000000096e00000| PB 0x0000000096e00000| Untracked 
| 367|0x0000000096f00000, 0x0000000096fffff8, 0x0000000097000000| 99%| O|  |TAMS 0x0000000096f00000| PB 0x0000000096f00000| Untracked 
| 368|0x0000000097000000, 0x00000000970ffff8, 0x0000000097100000| 99%| O|  |TAMS 0x0000000097000000| PB 0x0000000097000000| Untracked 
| 369|0x0000000097100000, 0x00000000971fffe8, 0x0000000097200000| 99%| O|  |TAMS 0x0000000097100000| PB 0x0000000097100000| Untracked 
| 370|0x0000000097200000, 0x00000000972ffff0, 0x0000000097300000| 99%| O|  |TAMS 0x0000000097200000| PB 0x0000000097200000| Untracked 
| 371|0x0000000097300000, 0x00000000973ffff8, 0x0000000097400000| 99%| O|  |TAMS 0x0000000097300000| PB 0x0000000097300000| Untracked 
| 372|0x0000000097400000, 0x00000000974fffe8, 0x0000000097500000| 99%| O|  |TAMS 0x0000000097400000| PB 0x0000000097400000| Untracked 
| 373|0x0000000097500000, 0x00000000975ffff0, 0x0000000097600000| 99%| O|  |TAMS 0x0000000097500000| PB 0x0000000097500000| Untracked 
| 374|0x0000000097600000, 0x00000000976fffd0, 0x0000000097700000| 99%| O|  |TAMS 0x0000000097600000| PB 0x0000000097600000| Untracked 
| 375|0x0000000097700000, 0x00000000977ffff8, 0x0000000097800000| 99%| O|  |TAMS 0x0000000097700000| PB 0x0000000097700000| Untracked 
| 376|0x0000000097800000, 0x00000000978ffff0, 0x0000000097900000| 99%| O|  |TAMS 0x0000000097800000| PB 0x0000000097800000| Untracked 
| 377|0x0000000097900000, 0x0000000097a00000, 0x0000000097a00000|100%| O|  |TAMS 0x0000000097900000| PB 0x0000000097900000| Untracked 
| 378|0x0000000097a00000, 0x0000000097afffc8, 0x0000000097b00000| 99%| O|  |TAMS 0x0000000097a00000| PB 0x0000000097a00000| Untracked 
| 379|0x0000000097b00000, 0x0000000097bfe8e8, 0x0000000097c00000| 99%| O|  |TAMS 0x0000000097b00000| PB 0x0000000097b00000| Untracked 
| 380|0x0000000097c00000, 0x0000000097cffe70, 0x0000000097d00000| 99%| O|  |TAMS 0x0000000097c00000| PB 0x0000000097c00000| Untracked 
| 381|0x0000000097d00000, 0x0000000097e00000, 0x0000000097e00000|100%| O|  |TAMS 0x0000000097d00000| PB 0x0000000097d00000| Untracked 
| 382|0x0000000097e00000, 0x0000000097efffa8, 0x0000000097f00000| 99%| O|  |TAMS 0x0000000097e00000| PB 0x0000000097e00000| Untracked 
| 383|0x0000000097f00000, 0x0000000097fffff8, 0x0000000098000000| 99%| O|  |TAMS 0x0000000097f00000| PB 0x0000000097f00000| Untracked 
| 384|0x0000000098000000, 0x00000000980ffff8, 0x0000000098100000| 99%| O|  |TAMS 0x0000000098000000| PB 0x0000000098000000| Untracked 
| 385|0x0000000098100000, 0x00000000981ffff0, 0x0000000098200000| 99%| O|  |TAMS 0x0000000098100000| PB 0x0000000098100000| Untracked 
| 386|0x0000000098200000, 0x0000000098300000, 0x0000000098300000|100%| O|  |TAMS 0x0000000098200000| PB 0x0000000098200000| Untracked 
| 387|0x0000000098300000, 0x00000000983ffff0, 0x0000000098400000| 99%| O|  |TAMS 0x0000000098300000| PB 0x0000000098300000| Untracked 
| 388|0x0000000098400000, 0x00000000984ffff8, 0x0000000098500000| 99%| O|  |TAMS 0x0000000098400000| PB 0x0000000098400000| Untracked 
| 389|0x0000000098500000, 0x00000000985fffe8, 0x0000000098600000| 99%| O|  |TAMS 0x0000000098500000| PB 0x0000000098500000| Untracked 
| 390|0x0000000098600000, 0x0000000098700000, 0x0000000098700000|100%| O|  |TAMS 0x0000000098600000| PB 0x0000000098600000| Untracked 
| 391|0x0000000098700000, 0x0000000098800000, 0x0000000098800000|100%| O|  |TAMS 0x0000000098700000| PB 0x0000000098700000| Untracked 
| 392|0x0000000098800000, 0x00000000988fff98, 0x0000000098900000| 99%| O|  |TAMS 0x0000000098800000| PB 0x0000000098800000| Untracked 
| 393|0x0000000098900000, 0x0000000098a00000, 0x0000000098a00000|100%| O|  |TAMS 0x0000000098900000| PB 0x0000000098900000| Untracked 
| 394|0x0000000098a00000, 0x0000000098affff0, 0x0000000098b00000| 99%| O|  |TAMS 0x0000000098a00000| PB 0x0000000098a00000| Untracked 
| 395|0x0000000098b00000, 0x0000000098bffff0, 0x0000000098c00000| 99%| O|  |TAMS 0x0000000098b00000| PB 0x0000000098b00000| Untracked 
| 396|0x0000000098c00000, 0x0000000098cffff8, 0x0000000098d00000| 99%| O|  |TAMS 0x0000000098c00000| PB 0x0000000098c00000| Untracked 
| 397|0x0000000098d00000, 0x0000000098e00000, 0x0000000098e00000|100%|HS|  |TAMS 0x0000000098d00000| PB 0x0000000098d00000| Complete 
| 398|0x0000000098e00000, 0x0000000098f00000, 0x0000000098f00000|100%|HC|  |TAMS 0x0000000098e00000| PB 0x0000000098e00000| Complete 
| 399|0x0000000098f00000, 0x0000000099000000, 0x0000000099000000|100%|HC|  |TAMS 0x0000000098f00000| PB 0x0000000098f00000| Complete 
| 400|0x0000000099000000, 0x0000000099100000, 0x0000000099100000|100%|HC|  |TAMS 0x0000000099000000| PB 0x0000000099000000| Complete 
| 401|0x0000000099100000, 0x0000000099200000, 0x0000000099200000|100%|HC|  |TAMS 0x0000000099100000| PB 0x0000000099100000| Complete 
| 402|0x0000000099200000, 0x00000000992ffff8, 0x0000000099300000| 99%| O|  |TAMS 0x0000000099200000| PB 0x0000000099200000| Untracked 
| 403|0x0000000099300000, 0x00000000993ffff8, 0x0000000099400000| 99%| O|  |TAMS 0x0000000099300000| PB 0x0000000099300000| Untracked 
| 404|0x0000000099400000, 0x00000000994ffff0, 0x0000000099500000| 99%| O|  |TAMS 0x0000000099400000| PB 0x0000000099400000| Untracked 
| 405|0x0000000099500000, 0x00000000995ffff8, 0x0000000099600000| 99%| O|  |TAMS 0x0000000099500000| PB 0x0000000099500000| Untracked 
| 406|0x0000000099600000, 0x00000000996ffff0, 0x0000000099700000| 99%| O|  |TAMS 0x0000000099600000| PB 0x0000000099600000| Untracked 
| 407|0x0000000099700000, 0x0000000099800000, 0x0000000099800000|100%| O|  |TAMS 0x0000000099700000| PB 0x0000000099700000| Untracked 
| 408|0x0000000099800000, 0x00000000998ffff8, 0x0000000099900000| 99%| O|  |TAMS 0x0000000099800000| PB 0x0000000099800000| Untracked 
| 409|0x0000000099900000, 0x00000000999fc5f8, 0x0000000099a00000| 98%| O|  |TAMS 0x0000000099900000| PB 0x0000000099900000| Untracked 
| 410|0x0000000099a00000, 0x0000000099b00000, 0x0000000099b00000|100%| O|  |TAMS 0x0000000099a00000| PB 0x0000000099a00000| Untracked 
| 411|0x0000000099b00000, 0x0000000099bfffe8, 0x0000000099c00000| 99%| O|  |TAMS 0x0000000099b00000| PB 0x0000000099b00000| Untracked 
| 412|0x0000000099c00000, 0x0000000099cffff0, 0x0000000099d00000| 99%| O|  |TAMS 0x0000000099c00000| PB 0x0000000099c00000| Untracked 
| 413|0x0000000099d00000, 0x0000000099dffff8, 0x0000000099e00000| 99%| O|  |TAMS 0x0000000099d00000| PB 0x0000000099d00000| Untracked 
| 414|0x0000000099e00000, 0x0000000099efffe8, 0x0000000099f00000| 99%| O|  |TAMS 0x0000000099e00000| PB 0x0000000099e00000| Untracked 
| 415|0x0000000099f00000, 0x000000009a000000, 0x000000009a000000|100%| O|  |TAMS 0x0000000099f00000| PB 0x0000000099f00000| Untracked 
| 416|0x000000009a000000, 0x000000009a100000, 0x000000009a100000|100%|HS|  |TAMS 0x000000009a000000| PB 0x000000009a000000| Complete 
| 417|0x000000009a100000, 0x000000009a200000, 0x000000009a200000|100%| O|  |TAMS 0x000000009a100000| PB 0x000000009a100000| Untracked 
| 418|0x000000009a200000, 0x000000009a300000, 0x000000009a300000|100%| O|  |TAMS 0x000000009a200000| PB 0x000000009a200000| Untracked 
| 419|0x000000009a300000, 0x000000009a400000, 0x000000009a400000|100%|HS|  |TAMS 0x000000009a300000| PB 0x000000009a300000| Complete 
| 420|0x000000009a400000, 0x000000009a500000, 0x000000009a500000|100%|HC|  |TAMS 0x000000009a400000| PB 0x000000009a400000| Complete 
| 421|0x000000009a500000, 0x000000009a600000, 0x000000009a600000|100%| O|  |TAMS 0x000000009a500000| PB 0x000000009a500000| Untracked 
| 422|0x000000009a600000, 0x000000009a700000, 0x000000009a700000|100%| O|  |TAMS 0x000000009a600000| PB 0x000000009a600000| Untracked 
| 423|0x000000009a700000, 0x000000009a800000, 0x000000009a800000|100%| O|  |TAMS 0x000000009a700000| PB 0x000000009a700000| Untracked 
| 424|0x000000009a800000, 0x000000009a900000, 0x000000009a900000|100%| O|  |TAMS 0x000000009a800000| PB 0x000000009a800000| Untracked 
| 425|0x000000009a900000, 0x000000009a9fffe8, 0x000000009aa00000| 99%| O|  |TAMS 0x000000009a900000| PB 0x000000009a900000| Untracked 
| 426|0x000000009aa00000, 0x000000009ab00000, 0x000000009ab00000|100%| O|  |TAMS 0x000000009aa00000| PB 0x000000009aa00000| Untracked 
| 427|0x000000009ab00000, 0x000000009abffff8, 0x000000009ac00000| 99%| O|  |TAMS 0x000000009ab00000| PB 0x000000009ab00000| Untracked 
| 428|0x000000009ac00000, 0x000000009ad00000, 0x000000009ad00000|100%| O|  |TAMS 0x000000009ac00000| PB 0x000000009ac00000| Untracked 
| 429|0x000000009ad00000, 0x000000009adffff0, 0x000000009ae00000| 99%| O|  |TAMS 0x000000009ad00000| PB 0x000000009ad00000| Untracked 
| 430|0x000000009ae00000, 0x000000009aeffff8, 0x000000009af00000| 99%| O|  |TAMS 0x000000009ae00000| PB 0x000000009ae00000| Untracked 
| 431|0x000000009af00000, 0x000000009afffff8, 0x000000009b000000| 99%| O|  |TAMS 0x000000009af00000| PB 0x000000009af00000| Untracked 
| 432|0x000000009b000000, 0x000000009b100000, 0x000000009b100000|100%|HS|  |TAMS 0x000000009b000000| PB 0x000000009b000000| Untracked 
| 433|0x000000009b100000, 0x000000009b1ffff0, 0x000000009b200000| 99%| O|  |TAMS 0x000000009b100000| PB 0x000000009b100000| Untracked 
| 434|0x000000009b200000, 0x000000009b2fde70, 0x000000009b300000| 99%| O|  |TAMS 0x000000009b200000| PB 0x000000009b200000| Untracked 
| 435|0x000000009b300000, 0x000000009b3ffb38, 0x000000009b400000| 99%| O|  |TAMS 0x000000009b300000| PB 0x000000009b300000| Untracked 
| 436|0x000000009b400000, 0x000000009b4ffff0, 0x000000009b500000| 99%| O|  |TAMS 0x000000009b400000| PB 0x000000009b400000| Untracked 
| 437|0x000000009b500000, 0x000000009b5ffff0, 0x000000009b600000| 99%| O|  |TAMS 0x000000009b500000| PB 0x000000009b500000| Untracked 
| 438|0x000000009b600000, 0x000000009b6ffff8, 0x000000009b700000| 99%| O|  |TAMS 0x000000009b600000| PB 0x000000009b600000| Untracked 
| 439|0x000000009b700000, 0x000000009b7d7318, 0x000000009b800000| 84%| O|  |TAMS 0x000000009b700000| PB 0x000000009b700000| Untracked 
| 440|0x000000009b800000, 0x000000009b8fffe8, 0x000000009b900000| 99%| O|  |TAMS 0x000000009b800000| PB 0x000000009b800000| Untracked 
| 441|0x000000009b900000, 0x000000009b9fffe0, 0x000000009ba00000| 99%| O|  |TAMS 0x000000009b900000| PB 0x000000009b900000| Untracked 
| 442|0x000000009ba00000, 0x000000009bb00000, 0x000000009bb00000|100%| O|  |TAMS 0x000000009ba00000| PB 0x000000009ba00000| Untracked 
| 443|0x000000009bb00000, 0x000000009bc00000, 0x000000009bc00000|100%| O|  |TAMS 0x000000009bb00000| PB 0x000000009bb00000| Untracked 
| 444|0x000000009bc00000, 0x000000009bd00000, 0x000000009bd00000|100%| O|  |TAMS 0x000000009bc00000| PB 0x000000009bc00000| Untracked 
| 445|0x000000009bd00000, 0x000000009bd5c8b0, 0x000000009be00000| 36%| O|  |TAMS 0x000000009bd00000| PB 0x000000009bd00000| Untracked 
| 446|0x000000009be00000, 0x000000009beffff0, 0x000000009bf00000| 99%| O|  |TAMS 0x000000009be00000| PB 0x000000009be00000| Untracked 
| 447|0x000000009bf00000, 0x000000009bfb7268, 0x000000009c000000| 71%| O|  |TAMS 0x000000009bf00000| PB 0x000000009bf00000| Untracked 
| 448|0x000000009c000000, 0x000000009c0fffe8, 0x000000009c100000| 99%| O|  |TAMS 0x000000009c000000| PB 0x000000009c000000| Untracked 
| 449|0x000000009c100000, 0x000000009c200000, 0x000000009c200000|100%| O|  |TAMS 0x000000009c100000| PB 0x000000009c100000| Untracked 
| 450|0x000000009c200000, 0x000000009c2fffd8, 0x000000009c300000| 99%| O|  |TAMS 0x000000009c200000| PB 0x000000009c200000| Untracked 
| 451|0x000000009c300000, 0x000000009c3ffff0, 0x000000009c400000| 99%| O|  |TAMS 0x000000009c300000| PB 0x000000009c300000| Untracked 
| 452|0x000000009c400000, 0x000000009c4ffff8, 0x000000009c500000| 99%| O|  |TAMS 0x000000009c400000| PB 0x000000009c400000| Untracked 
| 453|0x000000009c500000, 0x000000009c5fffe8, 0x000000009c600000| 99%| O|  |TAMS 0x000000009c500000| PB 0x000000009c500000| Untracked 
| 454|0x000000009c600000, 0x000000009c6fd188, 0x000000009c700000| 98%| O|  |TAMS 0x000000009c600000| PB 0x000000009c600000| Untracked 
| 455|0x000000009c700000, 0x000000009c7ffff0, 0x000000009c800000| 99%| O|  |TAMS 0x000000009c700000| PB 0x000000009c700000| Untracked 
| 456|0x000000009c800000, 0x000000009c900000, 0x000000009c900000|100%|HS|  |TAMS 0x000000009c800000| PB 0x000000009c800000| Complete 
| 457|0x000000009c900000, 0x000000009ca00000, 0x000000009ca00000|100%|HC|  |TAMS 0x000000009c900000| PB 0x000000009c900000| Complete 
| 458|0x000000009ca00000, 0x000000009cafffd0, 0x000000009cb00000| 99%| O|  |TAMS 0x000000009ca00000| PB 0x000000009ca00000| Untracked 
| 459|0x000000009cb00000, 0x000000009cc00000, 0x000000009cc00000|100%| O|  |TAMS 0x000000009cb00000| PB 0x000000009cb00000| Untracked 
| 460|0x000000009cc00000, 0x000000009ccffff0, 0x000000009cd00000| 99%| O|  |TAMS 0x000000009cc00000| PB 0x000000009cc00000| Untracked 
| 461|0x000000009cd00000, 0x000000009cd5bef0, 0x000000009ce00000| 35%| O|  |TAMS 0x000000009cd00000| PB 0x000000009cd00000| Untracked 
| 462|0x000000009ce00000, 0x000000009ce70d78, 0x000000009cf00000| 44%| O|  |TAMS 0x000000009ce00000| PB 0x000000009ce00000| Untracked 
| 463|0x000000009cf00000, 0x000000009cffffe0, 0x000000009d000000| 99%| O|  |TAMS 0x000000009cf00000| PB 0x000000009cf00000| Untracked 
| 464|0x000000009d000000, 0x000000009d100000, 0x000000009d100000|100%|HS|  |TAMS 0x000000009d000000| PB 0x000000009d000000| Untracked 
| 465|0x000000009d100000, 0x000000009d148f10, 0x000000009d200000| 28%| O|  |TAMS 0x000000009d100000| PB 0x000000009d100000| Untracked 
| 466|0x000000009d200000, 0x000000009d2ff030, 0x000000009d300000| 99%| O|  |TAMS 0x000000009d200000| PB 0x000000009d200000| Untracked 
| 467|0x000000009d300000, 0x000000009d395650, 0x000000009d400000| 58%| O|  |TAMS 0x000000009d300000| PB 0x000000009d300000| Untracked 
| 468|0x000000009d400000, 0x000000009d500000, 0x000000009d500000|100%| O|  |TAMS 0x000000009d400000| PB 0x000000009d400000| Untracked 
| 469|0x000000009d500000, 0x000000009d5fffe8, 0x000000009d600000| 99%| O|  |TAMS 0x000000009d500000| PB 0x000000009d500000| Untracked 
| 470|0x000000009d600000, 0x000000009d600000, 0x000000009d700000|  0%| F|  |TAMS 0x000000009d600000| PB 0x000000009d600000| Untracked 
| 471|0x000000009d700000, 0x000000009d800000, 0x000000009d800000|100%| O|  |TAMS 0x000000009d700000| PB 0x000000009d700000| Untracked 
| 472|0x000000009d800000, 0x000000009d8ffff0, 0x000000009d900000| 99%| O|  |TAMS 0x000000009d800000| PB 0x000000009d800000| Untracked 
| 473|0x000000009d900000, 0x000000009da00000, 0x000000009da00000|100%| O|  |TAMS 0x000000009d900000| PB 0x000000009d900000| Untracked 
| 474|0x000000009da00000, 0x000000009db00000, 0x000000009db00000|100%| O|  |TAMS 0x000000009da00000| PB 0x000000009da00000| Untracked 
| 475|0x000000009db00000, 0x000000009dbfffe8, 0x000000009dc00000| 99%| O|  |TAMS 0x000000009db00000| PB 0x000000009db00000| Untracked 
| 476|0x000000009dc00000, 0x000000009dcffff0, 0x000000009dd00000| 99%| O|  |TAMS 0x000000009dc00000| PB 0x000000009dc00000| Untracked 
| 477|0x000000009dd00000, 0x000000009ddfffd8, 0x000000009de00000| 99%| O|  |TAMS 0x000000009dd00000| PB 0x000000009dd00000| Untracked 
| 478|0x000000009de00000, 0x000000009ded4d70, 0x000000009df00000| 83%| O|  |TAMS 0x000000009de00000| PB 0x000000009de00000| Untracked 
| 479|0x000000009df00000, 0x000000009dffa1d8, 0x000000009e000000| 97%| O|  |TAMS 0x000000009df00000| PB 0x000000009df00000| Untracked 
| 480|0x000000009e000000, 0x000000009e0ffff8, 0x000000009e100000| 99%| O|  |TAMS 0x000000009e000000| PB 0x000000009e000000| Untracked 
| 481|0x000000009e100000, 0x000000009e200000, 0x000000009e200000|100%| O|  |TAMS 0x000000009e100000| PB 0x000000009e100000| Untracked 
| 482|0x000000009e200000, 0x000000009e300000, 0x000000009e300000|100%| O|  |TAMS 0x000000009e200000| PB 0x000000009e200000| Untracked 
| 483|0x000000009e300000, 0x000000009e300000, 0x000000009e400000|  0%| F|  |TAMS 0x000000009e300000| PB 0x000000009e300000| Untracked 
| 484|0x000000009e400000, 0x000000009e4ff890, 0x000000009e500000| 99%| O|  |TAMS 0x000000009e400000| PB 0x000000009e400000| Untracked 
| 485|0x000000009e500000, 0x000000009e500000, 0x000000009e600000|  0%| F|  |TAMS 0x000000009e500000| PB 0x000000009e500000| Untracked 
| 486|0x000000009e600000, 0x000000009e6b7d20, 0x000000009e700000| 71%| O|  |TAMS 0x000000009e600000| PB 0x000000009e600000| Untracked 
| 487|0x000000009e700000, 0x000000009e700000, 0x000000009e800000|  0%| F|  |TAMS 0x000000009e700000| PB 0x000000009e700000| Untracked 
| 488|0x000000009e800000, 0x000000009e8fffc0, 0x000000009e900000| 99%| O|  |TAMS 0x000000009e800000| PB 0x000000009e800000| Untracked 
| 489|0x000000009e900000, 0x000000009e900000, 0x000000009ea00000|  0%| F|  |TAMS 0x000000009e900000| PB 0x000000009e900000| Untracked 
| 490|0x000000009ea00000, 0x000000009eaa8b60, 0x000000009eb00000| 65%| O|  |TAMS 0x000000009ea00000| PB 0x000000009ea00000| Untracked 
| 491|0x000000009eb00000, 0x000000009eb6f6e8, 0x000000009ec00000| 43%| O|  |TAMS 0x000000009eb00000| PB 0x000000009eb00000| Untracked 
| 492|0x000000009ec00000, 0x000000009ec00000, 0x000000009ed00000|  0%| F|  |TAMS 0x000000009ec00000| PB 0x000000009ec00000| Untracked 
| 493|0x000000009ed00000, 0x000000009ed738f0, 0x000000009ee00000| 45%| O|  |TAMS 0x000000009ed00000| PB 0x000000009ed00000| Untracked 
| 494|0x000000009ee00000, 0x000000009ee00000, 0x000000009ef00000|  0%| F|  |TAMS 0x000000009ee00000| PB 0x000000009ee00000| Untracked 
| 495|0x000000009ef00000, 0x000000009f000000, 0x000000009f000000|100%| O|  |TAMS 0x000000009ef00000| PB 0x000000009ef00000| Untracked 
| 496|0x000000009f000000, 0x000000009f000000, 0x000000009f100000|  0%| F|  |TAMS 0x000000009f000000| PB 0x000000009f000000| Untracked 
| 497|0x000000009f100000, 0x000000009f152570, 0x000000009f200000| 32%| O|  |TAMS 0x000000009f100000| PB 0x000000009f100000| Untracked 
| 498|0x000000009f200000, 0x000000009f300000, 0x000000009f300000|100%| O|  |TAMS 0x000000009f200000| PB 0x000000009f200000| Untracked 
| 499|0x000000009f300000, 0x000000009f400000, 0x000000009f400000|100%| O|  |TAMS 0x000000009f300000| PB 0x000000009f300000| Untracked 
| 500|0x000000009f400000, 0x000000009f500000, 0x000000009f500000|100%|HS|  |TAMS 0x000000009f400000| PB 0x000000009f400000| Complete 
| 501|0x000000009f500000, 0x000000009f600000, 0x000000009f600000|100%|HC|  |TAMS 0x000000009f500000| PB 0x000000009f500000| Complete 
| 502|0x000000009f600000, 0x000000009f600000, 0x000000009f700000|  0%| F|  |TAMS 0x000000009f600000| PB 0x000000009f600000| Untracked 
| 503|0x000000009f700000, 0x000000009f700000, 0x000000009f800000|  0%| F|  |TAMS 0x000000009f700000| PB 0x000000009f700000| Untracked 
| 504|0x000000009f800000, 0x000000009f800000, 0x000000009f900000|  0%| F|  |TAMS 0x000000009f800000| PB 0x000000009f800000| Untracked 
| 505|0x000000009f900000, 0x000000009fa00000, 0x000000009fa00000|100%| O|  |TAMS 0x000000009f900000| PB 0x000000009f900000| Untracked 
| 506|0x000000009fa00000, 0x000000009fa00000, 0x000000009fb00000|  0%| F|  |TAMS 0x000000009fa00000| PB 0x000000009fa00000| Untracked 
| 507|0x000000009fb00000, 0x000000009fb98d38, 0x000000009fc00000| 59%| O|  |TAMS 0x000000009fb00000| PB 0x000000009fb00000| Untracked 
| 508|0x000000009fc00000, 0x000000009fc00000, 0x000000009fd00000|  0%| F|  |TAMS 0x000000009fc00000| PB 0x000000009fc00000| Untracked 
| 509|0x000000009fd00000, 0x000000009fe00000, 0x000000009fe00000|100%| O|  |TAMS 0x000000009fd00000| PB 0x000000009fd00000| Untracked 
| 510|0x000000009fe00000, 0x000000009ff00000, 0x000000009ff00000|100%| O|  |TAMS 0x000000009fe00000| PB 0x000000009fe00000| Untracked 
| 511|0x000000009ff00000, 0x00000000a0000000, 0x00000000a0000000|100%| O|  |TAMS 0x000000009ff00000| PB 0x000000009ff00000| Untracked 
| 512|0x00000000a0000000, 0x00000000a0100000, 0x00000000a0100000|100%| O|  |TAMS 0x00000000a0000000| PB 0x00000000a0000000| Untracked 
| 513|0x00000000a0100000, 0x00000000a0100000, 0x00000000a0200000|  0%| F|  |TAMS 0x00000000a0100000| PB 0x00000000a0100000| Untracked 
| 514|0x00000000a0200000, 0x00000000a0200000, 0x00000000a0300000|  0%| F|  |TAMS 0x00000000a0200000| PB 0x00000000a0200000| Untracked 
| 515|0x00000000a0300000, 0x00000000a0300000, 0x00000000a0400000|  0%| F|  |TAMS 0x00000000a0300000| PB 0x00000000a0300000| Untracked 
| 516|0x00000000a0400000, 0x00000000a0400000, 0x00000000a0500000|  0%| F|  |TAMS 0x00000000a0400000| PB 0x00000000a0400000| Untracked 
| 517|0x00000000a0500000, 0x00000000a0500000, 0x00000000a0600000|  0%| F|  |TAMS 0x00000000a0500000| PB 0x00000000a0500000| Untracked 
| 518|0x00000000a0600000, 0x00000000a0700000, 0x00000000a0700000|100%| O|  |TAMS 0x00000000a0600000| PB 0x00000000a0600000| Untracked 
| 519|0x00000000a0700000, 0x00000000a0700000, 0x00000000a0800000|  0%| F|  |TAMS 0x00000000a0700000| PB 0x00000000a0700000| Untracked 
| 520|0x00000000a0800000, 0x00000000a0800000, 0x00000000a0900000|  0%| F|  |TAMS 0x00000000a0800000| PB 0x00000000a0800000| Untracked 
| 521|0x00000000a0900000, 0x00000000a0900000, 0x00000000a0a00000|  0%| F|  |TAMS 0x00000000a0900000| PB 0x00000000a0900000| Untracked 
| 522|0x00000000a0a00000, 0x00000000a0a00000, 0x00000000a0b00000|  0%| F|  |TAMS 0x00000000a0a00000| PB 0x00000000a0a00000| Untracked 
| 523|0x00000000a0b00000, 0x00000000a0b00000, 0x00000000a0c00000|  0%| F|  |TAMS 0x00000000a0b00000| PB 0x00000000a0b00000| Untracked 
| 524|0x00000000a0c00000, 0x00000000a0c00000, 0x00000000a0d00000|  0%| F|  |TAMS 0x00000000a0c00000| PB 0x00000000a0c00000| Untracked 
| 525|0x00000000a0d00000, 0x00000000a0e00000, 0x00000000a0e00000|100%| O|  |TAMS 0x00000000a0d00000| PB 0x00000000a0d00000| Untracked 
| 526|0x00000000a0e00000, 0x00000000a0e00000, 0x00000000a0f00000|  0%| F|  |TAMS 0x00000000a0e00000| PB 0x00000000a0e00000| Untracked 
| 527|0x00000000a0f00000, 0x00000000a0f00000, 0x00000000a1000000|  0%| F|  |TAMS 0x00000000a0f00000| PB 0x00000000a0f00000| Untracked 
| 528|0x00000000a1000000, 0x00000000a1000000, 0x00000000a1100000|  0%| F|  |TAMS 0x00000000a1000000| PB 0x00000000a1000000| Untracked 
| 529|0x00000000a1100000, 0x00000000a1100000, 0x00000000a1200000|  0%| F|  |TAMS 0x00000000a1100000| PB 0x00000000a1100000| Untracked 
| 530|0x00000000a1200000, 0x00000000a1300000, 0x00000000a1300000|100%|HS|  |TAMS 0x00000000a1200000| PB 0x00000000a1200000| Complete 
| 531|0x00000000a1300000, 0x00000000a1400000, 0x00000000a1400000|100%|HC|  |TAMS 0x00000000a1300000| PB 0x00000000a1300000| Complete 
| 532|0x00000000a1400000, 0x00000000a1400000, 0x00000000a1500000|  0%| F|  |TAMS 0x00000000a1400000| PB 0x00000000a1400000| Untracked 
| 533|0x00000000a1500000, 0x00000000a1500000, 0x00000000a1600000|  0%| F|  |TAMS 0x00000000a1500000| PB 0x00000000a1500000| Untracked 
| 534|0x00000000a1600000, 0x00000000a1700000, 0x00000000a1700000|100%|HS|  |TAMS 0x00000000a1600000| PB 0x00000000a1600000| Complete 
| 535|0x00000000a1700000, 0x00000000a1800000, 0x00000000a1800000|100%|HC|  |TAMS 0x00000000a1700000| PB 0x00000000a1700000| Complete 
| 536|0x00000000a1800000, 0x00000000a1800000, 0x00000000a1900000|  0%| F|  |TAMS 0x00000000a1800000| PB 0x00000000a1800000| Untracked 
| 537|0x00000000a1900000, 0x00000000a1a00000, 0x00000000a1a00000|100%|HS|  |TAMS 0x00000000a1900000| PB 0x00000000a1900000| Complete 
| 538|0x00000000a1a00000, 0x00000000a1b00000, 0x00000000a1b00000|100%|HC|  |TAMS 0x00000000a1a00000| PB 0x00000000a1a00000| Complete 
| 539|0x00000000a1b00000, 0x00000000a1b00000, 0x00000000a1c00000|  0%| F|  |TAMS 0x00000000a1b00000| PB 0x00000000a1b00000| Untracked 
| 540|0x00000000a1c00000, 0x00000000a1c00000, 0x00000000a1d00000|  0%| F|  |TAMS 0x00000000a1c00000| PB 0x00000000a1c00000| Untracked 
| 541|0x00000000a1d00000, 0x00000000a1d00000, 0x00000000a1e00000|  0%| F|  |TAMS 0x00000000a1d00000| PB 0x00000000a1d00000| Untracked 
| 542|0x00000000a1e00000, 0x00000000a1e00000, 0x00000000a1f00000|  0%| F|  |TAMS 0x00000000a1e00000| PB 0x00000000a1e00000| Untracked 
| 543|0x00000000a1f00000, 0x00000000a1f00000, 0x00000000a2000000|  0%| F|  |TAMS 0x00000000a1f00000| PB 0x00000000a1f00000| Untracked 
| 544|0x00000000a2000000, 0x00000000a2000000, 0x00000000a2100000|  0%| F|  |TAMS 0x00000000a2000000| PB 0x00000000a2000000| Untracked 
| 545|0x00000000a2100000, 0x00000000a2100000, 0x00000000a2200000|  0%| F|  |TAMS 0x00000000a2100000| PB 0x00000000a2100000| Untracked 
| 546|0x00000000a2200000, 0x00000000a2200000, 0x00000000a2300000|  0%| F|  |TAMS 0x00000000a2200000| PB 0x00000000a2200000| Untracked 
| 547|0x00000000a2300000, 0x00000000a2300000, 0x00000000a2400000|  0%| F|  |TAMS 0x00000000a2300000| PB 0x00000000a2300000| Untracked 
| 548|0x00000000a2400000, 0x00000000a2500000, 0x00000000a2500000|100%| O|  |TAMS 0x00000000a2400000| PB 0x00000000a2400000| Untracked 
| 549|0x00000000a2500000, 0x00000000a2600000, 0x00000000a2600000|100%| O|  |TAMS 0x00000000a2500000| PB 0x00000000a2500000| Untracked 
| 550|0x00000000a2600000, 0x00000000a2700000, 0x00000000a2700000|100%| O|  |TAMS 0x00000000a2600000| PB 0x00000000a2600000| Untracked 
| 551|0x00000000a2700000, 0x00000000a2800000, 0x00000000a2800000|100%| O|  |TAMS 0x00000000a2700000| PB 0x00000000a2700000| Untracked 
| 552|0x00000000a2800000, 0x00000000a2800000, 0x00000000a2900000|  0%| F|  |TAMS 0x00000000a2800000| PB 0x00000000a2800000| Untracked 
| 553|0x00000000a2900000, 0x00000000a2900000, 0x00000000a2a00000|  0%| F|  |TAMS 0x00000000a2900000| PB 0x00000000a2900000| Untracked 
| 554|0x00000000a2a00000, 0x00000000a2a00000, 0x00000000a2b00000|  0%| F|  |TAMS 0x00000000a2a00000| PB 0x00000000a2a00000| Untracked 
| 555|0x00000000a2b00000, 0x00000000a2b00000, 0x00000000a2c00000|  0%| F|  |TAMS 0x00000000a2b00000| PB 0x00000000a2b00000| Untracked 
| 556|0x00000000a2c00000, 0x00000000a2c00000, 0x00000000a2d00000|  0%| F|  |TAMS 0x00000000a2c00000| PB 0x00000000a2c00000| Untracked 
| 557|0x00000000a2d00000, 0x00000000a2e00000, 0x00000000a2e00000|100%| O|  |TAMS 0x00000000a2d00000| PB 0x00000000a2d00000| Untracked 
| 558|0x00000000a2e00000, 0x00000000a2f00000, 0x00000000a2f00000|100%| O|  |TAMS 0x00000000a2e00000| PB 0x00000000a2e00000| Untracked 
| 559|0x00000000a2f00000, 0x00000000a3000000, 0x00000000a3000000|100%| O|  |TAMS 0x00000000a2f00000| PB 0x00000000a2f00000| Untracked 
| 560|0x00000000a3000000, 0x00000000a3100000, 0x00000000a3100000|100%| O|  |TAMS 0x00000000a3000000| PB 0x00000000a3000000| Untracked 
| 561|0x00000000a3100000, 0x00000000a3200000, 0x00000000a3200000|100%| O|  |TAMS 0x00000000a3100000| PB 0x00000000a3100000| Untracked 
| 562|0x00000000a3200000, 0x00000000a3200000, 0x00000000a3300000|  0%| F|  |TAMS 0x00000000a3200000| PB 0x00000000a3200000| Untracked 
| 563|0x00000000a3300000, 0x00000000a3300000, 0x00000000a3400000|  0%| F|  |TAMS 0x00000000a3300000| PB 0x00000000a3300000| Untracked 
| 564|0x00000000a3400000, 0x00000000a3400000, 0x00000000a3500000|  0%| F|  |TAMS 0x00000000a3400000| PB 0x00000000a3400000| Untracked 
| 565|0x00000000a3500000, 0x00000000a3500000, 0x00000000a3600000|  0%| F|  |TAMS 0x00000000a3500000| PB 0x00000000a3500000| Untracked 
| 566|0x00000000a3600000, 0x00000000a3600000, 0x00000000a3700000|  0%| F|  |TAMS 0x00000000a3600000| PB 0x00000000a3600000| Untracked 
| 567|0x00000000a3700000, 0x00000000a3700000, 0x00000000a3800000|  0%| F|  |TAMS 0x00000000a3700000| PB 0x00000000a3700000| Untracked 
| 568|0x00000000a3800000, 0x00000000a3800000, 0x00000000a3900000|  0%| F|  |TAMS 0x00000000a3800000| PB 0x00000000a3800000| Untracked 
| 569|0x00000000a3900000, 0x00000000a3900000, 0x00000000a3a00000|  0%| F|  |TAMS 0x00000000a3900000| PB 0x00000000a3900000| Untracked 
| 570|0x00000000a3a00000, 0x00000000a3a00000, 0x00000000a3b00000|  0%| F|  |TAMS 0x00000000a3a00000| PB 0x00000000a3a00000| Untracked 
| 571|0x00000000a3b00000, 0x00000000a3b00000, 0x00000000a3c00000|  0%| F|  |TAMS 0x00000000a3b00000| PB 0x00000000a3b00000| Untracked 
| 572|0x00000000a3c00000, 0x00000000a3c00000, 0x00000000a3d00000|  0%| F|  |TAMS 0x00000000a3c00000| PB 0x00000000a3c00000| Untracked 
| 573|0x00000000a3d00000, 0x00000000a3d00000, 0x00000000a3e00000|  0%| F|  |TAMS 0x00000000a3d00000| PB 0x00000000a3d00000| Untracked 
| 574|0x00000000a3e00000, 0x00000000a3e00000, 0x00000000a3f00000|  0%| F|  |TAMS 0x00000000a3e00000| PB 0x00000000a3e00000| Untracked 
| 575|0x00000000a3f00000, 0x00000000a3f00000, 0x00000000a4000000|  0%| F|  |TAMS 0x00000000a3f00000| PB 0x00000000a3f00000| Untracked 
| 576|0x00000000a4000000, 0x00000000a4100000, 0x00000000a4100000|100%| O|  |TAMS 0x00000000a4000000| PB 0x00000000a4000000| Untracked 
| 577|0x00000000a4100000, 0x00000000a4100000, 0x00000000a4200000|  0%| F|  |TAMS 0x00000000a4100000| PB 0x00000000a4100000| Untracked 
| 578|0x00000000a4200000, 0x00000000a4300000, 0x00000000a4300000|100%| O|  |TAMS 0x00000000a4200000| PB 0x00000000a4200000| Untracked 
| 579|0x00000000a4300000, 0x00000000a4400000, 0x00000000a4400000|100%| O|  |TAMS 0x00000000a4300000| PB 0x00000000a4300000| Untracked 
| 580|0x00000000a4400000, 0x00000000a4400000, 0x00000000a4500000|  0%| F|  |TAMS 0x00000000a4400000| PB 0x00000000a4400000| Untracked 
| 581|0x00000000a4500000, 0x00000000a4500000, 0x00000000a4600000|  0%| F|  |TAMS 0x00000000a4500000| PB 0x00000000a4500000| Untracked 
| 582|0x00000000a4600000, 0x00000000a4600000, 0x00000000a4700000|  0%| F|  |TAMS 0x00000000a4600000| PB 0x00000000a4600000| Untracked 
| 583|0x00000000a4700000, 0x00000000a4700000, 0x00000000a4800000|  0%| F|  |TAMS 0x00000000a4700000| PB 0x00000000a4700000| Untracked 
| 584|0x00000000a4800000, 0x00000000a4857668, 0x00000000a4900000| 34%| S|CS|TAMS 0x00000000a4800000| PB 0x00000000a4800000| Complete 
| 585|0x00000000a4900000, 0x00000000a4a00000, 0x00000000a4a00000|100%| S|CS|TAMS 0x00000000a4900000| PB 0x00000000a4900000| Complete 
| 586|0x00000000a4a00000, 0x00000000a4b00000, 0x00000000a4b00000|100%| S|CS|TAMS 0x00000000a4a00000| PB 0x00000000a4a00000| Complete 
| 587|0x00000000a4b00000, 0x00000000a4b00000, 0x00000000a4c00000|  0%| F|  |TAMS 0x00000000a4b00000| PB 0x00000000a4b00000| Untracked 
| 588|0x00000000a4c00000, 0x00000000a4d00000, 0x00000000a4d00000|100%| O|  |TAMS 0x00000000a4c00000| PB 0x00000000a4c00000| Untracked 
| 589|0x00000000a4d00000, 0x00000000a4e00000, 0x00000000a4e00000|100%| O|  |TAMS 0x00000000a4d00000| PB 0x00000000a4d00000| Untracked 
| 590|0x00000000a4e00000, 0x00000000a4f00000, 0x00000000a4f00000|100%| O|  |TAMS 0x00000000a4e00000| PB 0x00000000a4e00000| Untracked 
| 591|0x00000000a4f00000, 0x00000000a5000000, 0x00000000a5000000|100%| O|  |TAMS 0x00000000a4f00000| PB 0x00000000a4f00000| Untracked 
| 592|0x00000000a5000000, 0x00000000a5100000, 0x00000000a5100000|100%| O|  |TAMS 0x00000000a5000000| PB 0x00000000a5000000| Untracked 
| 593|0x00000000a5100000, 0x00000000a5200000, 0x00000000a5200000|100%| O|  |TAMS 0x00000000a5100000| PB 0x00000000a5100000| Untracked 
| 594|0x00000000a5200000, 0x00000000a5300000, 0x00000000a5300000|100%| O|  |TAMS 0x00000000a5200000| PB 0x00000000a5200000| Untracked 
| 595|0x00000000a5300000, 0x00000000a5400000, 0x00000000a5400000|100%| O|  |TAMS 0x00000000a5300000| PB 0x00000000a5300000| Untracked 
| 596|0x00000000a5400000, 0x00000000a5500000, 0x00000000a5500000|100%| O|  |TAMS 0x00000000a5400000| PB 0x00000000a5400000| Untracked 
| 597|0x00000000a5500000, 0x00000000a5600000, 0x00000000a5600000|100%| O|  |TAMS 0x00000000a5500000| PB 0x00000000a5500000| Untracked 
| 598|0x00000000a5600000, 0x00000000a5600000, 0x00000000a5700000|  0%| F|  |TAMS 0x00000000a5600000| PB 0x00000000a5600000| Untracked 
| 599|0x00000000a5700000, 0x00000000a5700000, 0x00000000a5800000|  0%| F|  |TAMS 0x00000000a5700000| PB 0x00000000a5700000| Untracked 
| 600|0x00000000a5800000, 0x00000000a5800000, 0x00000000a5900000|  0%| F|  |TAMS 0x00000000a5800000| PB 0x00000000a5800000| Untracked 
| 601|0x00000000a5900000, 0x00000000a5900000, 0x00000000a5a00000|  0%| F|  |TAMS 0x00000000a5900000| PB 0x00000000a5900000| Untracked 
| 602|0x00000000a5a00000, 0x00000000a5a00000, 0x00000000a5b00000|  0%| F|  |TAMS 0x00000000a5a00000| PB 0x00000000a5a00000| Untracked 
| 603|0x00000000a5b00000, 0x00000000a5b00000, 0x00000000a5c00000|  0%| F|  |TAMS 0x00000000a5b00000| PB 0x00000000a5b00000| Untracked 
| 604|0x00000000a5c00000, 0x00000000a5c00000, 0x00000000a5d00000|  0%| F|  |TAMS 0x00000000a5c00000| PB 0x00000000a5c00000| Untracked 
| 605|0x00000000a5d00000, 0x00000000a5e00000, 0x00000000a5e00000|100%| S|CS|TAMS 0x00000000a5d00000| PB 0x00000000a5d00000| Complete 
| 606|0x00000000a5e00000, 0x00000000a5f00000, 0x00000000a5f00000|100%| S|CS|TAMS 0x00000000a5e00000| PB 0x00000000a5e00000| Complete 
| 607|0x00000000a5f00000, 0x00000000a6000000, 0x00000000a6000000|100%| S|CS|TAMS 0x00000000a5f00000| PB 0x00000000a5f00000| Complete 
| 608|0x00000000a6000000, 0x00000000a6100000, 0x00000000a6100000|100%| S|CS|TAMS 0x00000000a6000000| PB 0x00000000a6000000| Complete 
| 609|0x00000000a6100000, 0x00000000a6200000, 0x00000000a6200000|100%| S|CS|TAMS 0x00000000a6100000| PB 0x00000000a6100000| Complete 
| 610|0x00000000a6200000, 0x00000000a6300000, 0x00000000a6300000|100%| S|CS|TAMS 0x00000000a6200000| PB 0x00000000a6200000| Complete 
| 611|0x00000000a6300000, 0x00000000a6400000, 0x00000000a6400000|100%| O|  |TAMS 0x00000000a6300000| PB 0x00000000a6300000| Untracked 
| 612|0x00000000a6400000, 0x00000000a6500000, 0x00000000a6500000|100%| S|CS|TAMS 0x00000000a6400000| PB 0x00000000a6400000| Complete 
| 613|0x00000000a6500000, 0x00000000a6500000, 0x00000000a6600000|  0%| F|  |TAMS 0x00000000a6500000| PB 0x00000000a6500000| Untracked 
| 614|0x00000000a6600000, 0x00000000a6600000, 0x00000000a6700000|  0%| F|  |TAMS 0x00000000a6600000| PB 0x00000000a6600000| Untracked 
| 615|0x00000000a6700000, 0x00000000a6700000, 0x00000000a6800000|  0%| F|  |TAMS 0x00000000a6700000| PB 0x00000000a6700000| Untracked 
| 616|0x00000000a6800000, 0x00000000a6800000, 0x00000000a6900000|  0%| F|  |TAMS 0x00000000a6800000| PB 0x00000000a6800000| Untracked 
| 617|0x00000000a6900000, 0x00000000a6a00000, 0x00000000a6a00000|100%|HS|  |TAMS 0x00000000a6900000| PB 0x00000000a6900000| Complete 
| 618|0x00000000a6a00000, 0x00000000a6b00000, 0x00000000a6b00000|100%|HC|  |TAMS 0x00000000a6a00000| PB 0x00000000a6a00000| Complete 
| 619|0x00000000a6b00000, 0x00000000a6c00000, 0x00000000a6c00000|100%|HC|  |TAMS 0x00000000a6b00000| PB 0x00000000a6b00000| Complete 
| 620|0x00000000a6c00000, 0x00000000a6d00000, 0x00000000a6d00000|100%|HC|  |TAMS 0x00000000a6c00000| PB 0x00000000a6c00000| Complete 
| 621|0x00000000a6d00000, 0x00000000a6e00000, 0x00000000a6e00000|100%|HC|  |TAMS 0x00000000a6d00000| PB 0x00000000a6d00000| Complete 
| 622|0x00000000a6e00000, 0x00000000a6f00000, 0x00000000a6f00000|100%|HC|  |TAMS 0x00000000a6e00000| PB 0x00000000a6e00000| Complete 
| 623|0x00000000a6f00000, 0x00000000a6f00000, 0x00000000a7000000|  0%| F|  |TAMS 0x00000000a6f00000| PB 0x00000000a6f00000| Untracked 
| 624|0x00000000a7000000, 0x00000000a7000000, 0x00000000a7100000|  0%| F|  |TAMS 0x00000000a7000000| PB 0x00000000a7000000| Untracked 
| 625|0x00000000a7100000, 0x00000000a7100000, 0x00000000a7200000|  0%| F|  |TAMS 0x00000000a7100000| PB 0x00000000a7100000| Untracked 
| 626|0x00000000a7200000, 0x00000000a7200000, 0x00000000a7300000|  0%| F|  |TAMS 0x00000000a7200000| PB 0x00000000a7200000| Untracked 
| 627|0x00000000a7300000, 0x00000000a7300000, 0x00000000a7400000|  0%| F|  |TAMS 0x00000000a7300000| PB 0x00000000a7300000| Untracked 
| 628|0x00000000a7400000, 0x00000000a7400000, 0x00000000a7500000|  0%| F|  |TAMS 0x00000000a7400000| PB 0x00000000a7400000| Untracked 
| 629|0x00000000a7500000, 0x00000000a7500000, 0x00000000a7600000|  0%| F|  |TAMS 0x00000000a7500000| PB 0x00000000a7500000| Untracked 
| 630|0x00000000a7600000, 0x00000000a7600000, 0x00000000a7700000|  0%| F|  |TAMS 0x00000000a7600000| PB 0x00000000a7600000| Untracked 
| 631|0x00000000a7700000, 0x00000000a7700000, 0x00000000a7800000|  0%| F|  |TAMS 0x00000000a7700000| PB 0x00000000a7700000| Untracked 
| 632|0x00000000a7800000, 0x00000000a7800000, 0x00000000a7900000|  0%| F|  |TAMS 0x00000000a7800000| PB 0x00000000a7800000| Untracked 
| 633|0x00000000a7900000, 0x00000000a7900000, 0x00000000a7a00000|  0%| F|  |TAMS 0x00000000a7900000| PB 0x00000000a7900000| Untracked 
| 634|0x00000000a7a00000, 0x00000000a7a00000, 0x00000000a7b00000|  0%| F|  |TAMS 0x00000000a7a00000| PB 0x00000000a7a00000| Untracked 
| 635|0x00000000a7b00000, 0x00000000a7b00000, 0x00000000a7c00000|  0%| F|  |TAMS 0x00000000a7b00000| PB 0x00000000a7b00000| Untracked 
| 636|0x00000000a7c00000, 0x00000000a7c00000, 0x00000000a7d00000|  0%| F|  |TAMS 0x00000000a7c00000| PB 0x00000000a7c00000| Untracked 
| 637|0x00000000a7d00000, 0x00000000a7e00000, 0x00000000a7e00000|100%| O|  |TAMS 0x00000000a7d00000| PB 0x00000000a7d00000| Untracked 
| 638|0x00000000a7e00000, 0x00000000a7e00000, 0x00000000a7f00000|  0%| F|  |TAMS 0x00000000a7e00000| PB 0x00000000a7e00000| Untracked 
| 639|0x00000000a7f00000, 0x00000000a7f00000, 0x00000000a8000000|  0%| F|  |TAMS 0x00000000a7f00000| PB 0x00000000a7f00000| Untracked 
| 640|0x00000000a8000000, 0x00000000a8100000, 0x00000000a8100000|100%| O|  |TAMS 0x00000000a8000000| PB 0x00000000a8000000| Untracked 
| 641|0x00000000a8100000, 0x00000000a8100000, 0x00000000a8200000|  0%| F|  |TAMS 0x00000000a8100000| PB 0x00000000a8100000| Untracked 
| 642|0x00000000a8200000, 0x00000000a8300000, 0x00000000a8300000|100%| O|  |TAMS 0x00000000a8200000| PB 0x00000000a8200000| Untracked 
| 643|0x00000000a8300000, 0x00000000a8400000, 0x00000000a8400000|100%| O|  |TAMS 0x00000000a8300000| PB 0x00000000a8300000| Untracked 
| 644|0x00000000a8400000, 0x00000000a8500000, 0x00000000a8500000|100%| O|  |TAMS 0x00000000a8400000| PB 0x00000000a8400000| Untracked 
| 645|0x00000000a8500000, 0x00000000a8500000, 0x00000000a8600000|  0%| F|  |TAMS 0x00000000a8500000| PB 0x00000000a8500000| Untracked 
| 646|0x00000000a8600000, 0x00000000a8600000, 0x00000000a8700000|  0%| F|  |TAMS 0x00000000a8600000| PB 0x00000000a8600000| Untracked 
| 647|0x00000000a8700000, 0x00000000a8700000, 0x00000000a8800000|  0%| F|  |TAMS 0x00000000a8700000| PB 0x00000000a8700000| Untracked 
| 648|0x00000000a8800000, 0x00000000a8900000, 0x00000000a8900000|100%| O|  |TAMS 0x00000000a8800000| PB 0x00000000a8800000| Untracked 
| 649|0x00000000a8900000, 0x00000000a8a00000, 0x00000000a8a00000|100%| O|  |TAMS 0x00000000a8900000| PB 0x00000000a8900000| Untracked 
| 650|0x00000000a8a00000, 0x00000000a8a00000, 0x00000000a8b00000|  0%| F|  |TAMS 0x00000000a8a00000| PB 0x00000000a8a00000| Untracked 
| 651|0x00000000a8b00000, 0x00000000a8c00000, 0x00000000a8c00000|100%| O|  |TAMS 0x00000000a8b00000| PB 0x00000000a8b00000| Untracked 
| 652|0x00000000a8c00000, 0x00000000a8c00000, 0x00000000a8d00000|  0%| F|  |TAMS 0x00000000a8c00000| PB 0x00000000a8c00000| Untracked 
| 653|0x00000000a8d00000, 0x00000000a8d00000, 0x00000000a8e00000|  0%| F|  |TAMS 0x00000000a8d00000| PB 0x00000000a8d00000| Untracked 
| 654|0x00000000a8e00000, 0x00000000a8e00000, 0x00000000a8f00000|  0%| F|  |TAMS 0x00000000a8e00000| PB 0x00000000a8e00000| Untracked 
| 655|0x00000000a8f00000, 0x00000000a8f00000, 0x00000000a9000000|  0%| F|  |TAMS 0x00000000a8f00000| PB 0x00000000a8f00000| Untracked 
| 656|0x00000000a9000000, 0x00000000a9000000, 0x00000000a9100000|  0%| F|  |TAMS 0x00000000a9000000| PB 0x00000000a9000000| Untracked 
| 657|0x00000000a9100000, 0x00000000a9100000, 0x00000000a9200000|  0%| F|  |TAMS 0x00000000a9100000| PB 0x00000000a9100000| Untracked 
| 658|0x00000000a9200000, 0x00000000a9200000, 0x00000000a9300000|  0%| F|  |TAMS 0x00000000a9200000| PB 0x00000000a9200000| Untracked 
| 659|0x00000000a9300000, 0x00000000a9300000, 0x00000000a9400000|  0%| F|  |TAMS 0x00000000a9300000| PB 0x00000000a9300000| Untracked 
| 660|0x00000000a9400000, 0x00000000a9400000, 0x00000000a9500000|  0%| F|  |TAMS 0x00000000a9400000| PB 0x00000000a9400000| Untracked 
| 661|0x00000000a9500000, 0x00000000a9500000, 0x00000000a9600000|  0%| F|  |TAMS 0x00000000a9500000| PB 0x00000000a9500000| Untracked 
| 662|0x00000000a9600000, 0x00000000a9700000, 0x00000000a9700000|100%| O|  |TAMS 0x00000000a9600000| PB 0x00000000a9600000| Untracked 
| 663|0x00000000a9700000, 0x00000000a9800000, 0x00000000a9800000|100%| O|  |TAMS 0x00000000a9700000| PB 0x00000000a9700000| Untracked 
| 664|0x00000000a9800000, 0x00000000a9800000, 0x00000000a9900000|  0%| F|  |TAMS 0x00000000a9800000| PB 0x00000000a9800000| Untracked 
| 665|0x00000000a9900000, 0x00000000a9900000, 0x00000000a9a00000|  0%| F|  |TAMS 0x00000000a9900000| PB 0x00000000a9900000| Untracked 
| 666|0x00000000a9a00000, 0x00000000a9a00000, 0x00000000a9b00000|  0%| F|  |TAMS 0x00000000a9a00000| PB 0x00000000a9a00000| Untracked 
| 667|0x00000000a9b00000, 0x00000000a9b00000, 0x00000000a9c00000|  0%| F|  |TAMS 0x00000000a9b00000| PB 0x00000000a9b00000| Untracked 
| 668|0x00000000a9c00000, 0x00000000a9d00000, 0x00000000a9d00000|100%| O|  |TAMS 0x00000000a9c00000| PB 0x00000000a9c00000| Untracked 
| 669|0x00000000a9d00000, 0x00000000a9d00000, 0x00000000a9e00000|  0%| F|  |TAMS 0x00000000a9d00000| PB 0x00000000a9d00000| Untracked 
| 670|0x00000000a9e00000, 0x00000000a9e00000, 0x00000000a9f00000|  0%| F|  |TAMS 0x00000000a9e00000| PB 0x00000000a9e00000| Untracked 
| 671|0x00000000a9f00000, 0x00000000a9f00000, 0x00000000aa000000|  0%| F|  |TAMS 0x00000000a9f00000| PB 0x00000000a9f00000| Untracked 
| 672|0x00000000aa000000, 0x00000000aa000000, 0x00000000aa100000|  0%| F|  |TAMS 0x00000000aa000000| PB 0x00000000aa000000| Untracked 
| 673|0x00000000aa100000, 0x00000000aa100000, 0x00000000aa200000|  0%| F|  |TAMS 0x00000000aa100000| PB 0x00000000aa100000| Untracked 
| 674|0x00000000aa200000, 0x00000000aa300000, 0x00000000aa300000|100%| O|  |TAMS 0x00000000aa200000| PB 0x00000000aa200000| Untracked 
| 675|0x00000000aa300000, 0x00000000aa300000, 0x00000000aa400000|  0%| F|  |TAMS 0x00000000aa300000| PB 0x00000000aa300000| Untracked 
| 676|0x00000000aa400000, 0x00000000aa400000, 0x00000000aa500000|  0%| F|  |TAMS 0x00000000aa400000| PB 0x00000000aa400000| Untracked 
| 677|0x00000000aa500000, 0x00000000aa500000, 0x00000000aa600000|  0%| F|  |TAMS 0x00000000aa500000| PB 0x00000000aa500000| Untracked 
| 678|0x00000000aa600000, 0x00000000aa600000, 0x00000000aa700000|  0%| F|  |TAMS 0x00000000aa600000| PB 0x00000000aa600000| Untracked 
| 679|0x00000000aa700000, 0x00000000aa700000, 0x00000000aa800000|  0%| F|  |TAMS 0x00000000aa700000| PB 0x00000000aa700000| Untracked 
| 680|0x00000000aa800000, 0x00000000aa800000, 0x00000000aa900000|  0%| F|  |TAMS 0x00000000aa800000| PB 0x00000000aa800000| Untracked 
| 681|0x00000000aa900000, 0x00000000aa900000, 0x00000000aaa00000|  0%| F|  |TAMS 0x00000000aa900000| PB 0x00000000aa900000| Untracked 
| 682|0x00000000aaa00000, 0x00000000aaa00000, 0x00000000aab00000|  0%| F|  |TAMS 0x00000000aaa00000| PB 0x00000000aaa00000| Untracked 
| 683|0x00000000aab00000, 0x00000000aac00000, 0x00000000aac00000|100%| O|  |TAMS 0x00000000aab00000| PB 0x00000000aab00000| Untracked 
| 684|0x00000000aac00000, 0x00000000aac00000, 0x00000000aad00000|  0%| F|  |TAMS 0x00000000aac00000| PB 0x00000000aac00000| Untracked 
| 685|0x00000000aad00000, 0x00000000aad00000, 0x00000000aae00000|  0%| F|  |TAMS 0x00000000aad00000| PB 0x00000000aad00000| Untracked 
| 686|0x00000000aae00000, 0x00000000aae00000, 0x00000000aaf00000|  0%| F|  |TAMS 0x00000000aae00000| PB 0x00000000aae00000| Untracked 
| 687|0x00000000aaf00000, 0x00000000aaf00000, 0x00000000ab000000|  0%| F|  |TAMS 0x00000000aaf00000| PB 0x00000000aaf00000| Untracked 
| 688|0x00000000ab000000, 0x00000000ab000000, 0x00000000ab100000|  0%| F|  |TAMS 0x00000000ab000000| PB 0x00000000ab000000| Untracked 
| 689|0x00000000ab100000, 0x00000000ab100000, 0x00000000ab200000|  0%| F|  |TAMS 0x00000000ab100000| PB 0x00000000ab100000| Untracked 
| 690|0x00000000ab200000, 0x00000000ab200000, 0x00000000ab300000|  0%| F|  |TAMS 0x00000000ab200000| PB 0x00000000ab200000| Untracked 
| 691|0x00000000ab300000, 0x00000000ab400000, 0x00000000ab400000|100%| O|  |TAMS 0x00000000ab300000| PB 0x00000000ab300000| Untracked 
| 692|0x00000000ab400000, 0x00000000ab400000, 0x00000000ab500000|  0%| F|  |TAMS 0x00000000ab400000| PB 0x00000000ab400000| Untracked 
| 693|0x00000000ab500000, 0x00000000ab500000, 0x00000000ab600000|  0%| F|  |TAMS 0x00000000ab500000| PB 0x00000000ab500000| Untracked 
| 694|0x00000000ab600000, 0x00000000ab600000, 0x00000000ab700000|  0%| F|  |TAMS 0x00000000ab600000| PB 0x00000000ab600000| Untracked 
| 695|0x00000000ab700000, 0x00000000ab700000, 0x00000000ab800000|  0%| F|  |TAMS 0x00000000ab700000| PB 0x00000000ab700000| Untracked 
| 696|0x00000000ab800000, 0x00000000ab800000, 0x00000000ab900000|  0%| F|  |TAMS 0x00000000ab800000| PB 0x00000000ab800000| Untracked 
| 697|0x00000000ab900000, 0x00000000ab900000, 0x00000000aba00000|  0%| F|  |TAMS 0x00000000ab900000| PB 0x00000000ab900000| Untracked 
| 698|0x00000000aba00000, 0x00000000aba00000, 0x00000000abb00000|  0%| F|  |TAMS 0x00000000aba00000| PB 0x00000000aba00000| Untracked 
| 699|0x00000000abb00000, 0x00000000abb00000, 0x00000000abc00000|  0%| F|  |TAMS 0x00000000abb00000| PB 0x00000000abb00000| Untracked 
| 700|0x00000000abc00000, 0x00000000abc00000, 0x00000000abd00000|  0%| F|  |TAMS 0x00000000abc00000| PB 0x00000000abc00000| Untracked 
| 701|0x00000000abd00000, 0x00000000abd00000, 0x00000000abe00000|  0%| F|  |TAMS 0x00000000abd00000| PB 0x00000000abd00000| Untracked 
| 702|0x00000000abe00000, 0x00000000abf00000, 0x00000000abf00000|100%| O|  |TAMS 0x00000000abe00000| PB 0x00000000abe00000| Untracked 
| 703|0x00000000abf00000, 0x00000000ac000000, 0x00000000ac000000|100%| O|  |TAMS 0x00000000abf00000| PB 0x00000000abf00000| Untracked 
| 704|0x00000000ac000000, 0x00000000ac000000, 0x00000000ac100000|  0%| F|  |TAMS 0x00000000ac000000| PB 0x00000000ac000000| Untracked 
| 705|0x00000000ac100000, 0x00000000ac100000, 0x00000000ac200000|  0%| F|  |TAMS 0x00000000ac100000| PB 0x00000000ac100000| Untracked 
| 706|0x00000000ac200000, 0x00000000ac200000, 0x00000000ac300000|  0%| F|  |TAMS 0x00000000ac200000| PB 0x00000000ac200000| Untracked 
| 707|0x00000000ac300000, 0x00000000ac300000, 0x00000000ac400000|  0%| F|  |TAMS 0x00000000ac300000| PB 0x00000000ac300000| Untracked 
| 708|0x00000000ac400000, 0x00000000ac400000, 0x00000000ac500000|  0%| F|  |TAMS 0x00000000ac400000| PB 0x00000000ac400000| Untracked 
| 709|0x00000000ac500000, 0x00000000ac500000, 0x00000000ac600000|  0%| F|  |TAMS 0x00000000ac500000| PB 0x00000000ac500000| Untracked 
| 710|0x00000000ac600000, 0x00000000ac600000, 0x00000000ac700000|  0%| F|  |TAMS 0x00000000ac600000| PB 0x00000000ac600000| Untracked 
| 711|0x00000000ac700000, 0x00000000ac700000, 0x00000000ac800000|  0%| F|  |TAMS 0x00000000ac700000| PB 0x00000000ac700000| Untracked 
| 712|0x00000000ac800000, 0x00000000ac800000, 0x00000000ac900000|  0%| F|  |TAMS 0x00000000ac800000| PB 0x00000000ac800000| Untracked 
| 713|0x00000000ac900000, 0x00000000ac900000, 0x00000000aca00000|  0%| F|  |TAMS 0x00000000ac900000| PB 0x00000000ac900000| Untracked 
| 714|0x00000000aca00000, 0x00000000aca00000, 0x00000000acb00000|  0%| F|  |TAMS 0x00000000aca00000| PB 0x00000000aca00000| Untracked 
| 715|0x00000000acb00000, 0x00000000acb00000, 0x00000000acc00000|  0%| F|  |TAMS 0x00000000acb00000| PB 0x00000000acb00000| Untracked 
| 716|0x00000000acc00000, 0x00000000acc00000, 0x00000000acd00000|  0%| F|  |TAMS 0x00000000acc00000| PB 0x00000000acc00000| Untracked 
| 717|0x00000000acd00000, 0x00000000ace00000, 0x00000000ace00000|100%| O|  |TAMS 0x00000000acd00000| PB 0x00000000acd00000| Untracked 
| 718|0x00000000ace00000, 0x00000000ace00000, 0x00000000acf00000|  0%| F|  |TAMS 0x00000000ace00000| PB 0x00000000ace00000| Untracked 
| 719|0x00000000acf00000, 0x00000000acf00000, 0x00000000ad000000|  0%| F|  |TAMS 0x00000000acf00000| PB 0x00000000acf00000| Untracked 
| 720|0x00000000ad000000, 0x00000000ad000000, 0x00000000ad100000|  0%| F|  |TAMS 0x00000000ad000000| PB 0x00000000ad000000| Untracked 
| 721|0x00000000ad100000, 0x00000000ad100000, 0x00000000ad200000|  0%| F|  |TAMS 0x00000000ad100000| PB 0x00000000ad100000| Untracked 
| 722|0x00000000ad200000, 0x00000000ad200000, 0x00000000ad300000|  0%| F|  |TAMS 0x00000000ad200000| PB 0x00000000ad200000| Untracked 
| 723|0x00000000ad300000, 0x00000000ad300000, 0x00000000ad400000|  0%| F|  |TAMS 0x00000000ad300000| PB 0x00000000ad300000| Untracked 
| 724|0x00000000ad400000, 0x00000000ad400000, 0x00000000ad500000|  0%| F|  |TAMS 0x00000000ad400000| PB 0x00000000ad400000| Untracked 
| 725|0x00000000ad500000, 0x00000000ad500000, 0x00000000ad600000|  0%| F|  |TAMS 0x00000000ad500000| PB 0x00000000ad500000| Untracked 
| 726|0x00000000ad600000, 0x00000000ad600000, 0x00000000ad700000|  0%| F|  |TAMS 0x00000000ad600000| PB 0x00000000ad600000| Untracked 
| 727|0x00000000ad700000, 0x00000000ad700000, 0x00000000ad800000|  0%| F|  |TAMS 0x00000000ad700000| PB 0x00000000ad700000| Untracked 
| 728|0x00000000ad800000, 0x00000000ad800000, 0x00000000ad900000|  0%| F|  |TAMS 0x00000000ad800000| PB 0x00000000ad800000| Untracked 
| 729|0x00000000ad900000, 0x00000000ad900000, 0x00000000ada00000|  0%| F|  |TAMS 0x00000000ad900000| PB 0x00000000ad900000| Untracked 
| 730|0x00000000ada00000, 0x00000000ada00000, 0x00000000adb00000|  0%| F|  |TAMS 0x00000000ada00000| PB 0x00000000ada00000| Untracked 
| 731|0x00000000adb00000, 0x00000000adb00000, 0x00000000adc00000|  0%| F|  |TAMS 0x00000000adb00000| PB 0x00000000adb00000| Untracked 
| 732|0x00000000adc00000, 0x00000000adc00000, 0x00000000add00000|  0%| F|  |TAMS 0x00000000adc00000| PB 0x00000000adc00000| Untracked 
| 733|0x00000000add00000, 0x00000000add00000, 0x00000000ade00000|  0%| F|  |TAMS 0x00000000add00000| PB 0x00000000add00000| Untracked 
| 734|0x00000000ade00000, 0x00000000ade00000, 0x00000000adf00000|  0%| F|  |TAMS 0x00000000ade00000| PB 0x00000000ade00000| Untracked 
| 735|0x00000000adf00000, 0x00000000adf00000, 0x00000000ae000000|  0%| F|  |TAMS 0x00000000adf00000| PB 0x00000000adf00000| Untracked 
| 736|0x00000000ae000000, 0x00000000ae000000, 0x00000000ae100000|  0%| F|  |TAMS 0x00000000ae000000| PB 0x00000000ae000000| Untracked 
| 737|0x00000000ae100000, 0x00000000ae100000, 0x00000000ae200000|  0%| F|  |TAMS 0x00000000ae100000| PB 0x00000000ae100000| Untracked 
| 738|0x00000000ae200000, 0x00000000ae200000, 0x00000000ae300000|  0%| F|  |TAMS 0x00000000ae200000| PB 0x00000000ae200000| Untracked 
| 739|0x00000000ae300000, 0x00000000ae300000, 0x00000000ae400000|  0%| F|  |TAMS 0x00000000ae300000| PB 0x00000000ae300000| Untracked 
| 740|0x00000000ae400000, 0x00000000ae400000, 0x00000000ae500000|  0%| F|  |TAMS 0x00000000ae400000| PB 0x00000000ae400000| Untracked 
| 741|0x00000000ae500000, 0x00000000ae500000, 0x00000000ae600000|  0%| F|  |TAMS 0x00000000ae500000| PB 0x00000000ae500000| Untracked 
| 742|0x00000000ae600000, 0x00000000ae700000, 0x00000000ae700000|100%| O|  |TAMS 0x00000000ae600000| PB 0x00000000ae600000| Untracked 
| 743|0x00000000ae700000, 0x00000000ae700000, 0x00000000ae800000|  0%| F|  |TAMS 0x00000000ae700000| PB 0x00000000ae700000| Untracked 
| 744|0x00000000ae800000, 0x00000000ae900000, 0x00000000ae900000|100%| O|  |TAMS 0x00000000ae800000| PB 0x00000000ae800000| Untracked 
| 745|0x00000000ae900000, 0x00000000aea00000, 0x00000000aea00000|100%| O|  |TAMS 0x00000000ae900000| PB 0x00000000ae900000| Untracked 
| 746|0x00000000aea00000, 0x00000000aeb00000, 0x00000000aeb00000|100%| O|  |TAMS 0x00000000aea00000| PB 0x00000000aea00000| Untracked 
| 747|0x00000000aeb00000, 0x00000000aec00000, 0x00000000aec00000|100%| O|  |TAMS 0x00000000aeb00000| PB 0x00000000aeb00000| Untracked 
| 748|0x00000000aec00000, 0x00000000aed00000, 0x00000000aed00000|100%| O|  |TAMS 0x00000000aec00000| PB 0x00000000aec00000| Untracked 
| 749|0x00000000aed00000, 0x00000000aee00000, 0x00000000aee00000|100%| O|  |TAMS 0x00000000aed00000| PB 0x00000000aed00000| Untracked 
| 750|0x00000000aee00000, 0x00000000aef00000, 0x00000000aef00000|100%| O|  |TAMS 0x00000000aee00000| PB 0x00000000aee00000| Untracked 
| 751|0x00000000aef00000, 0x00000000aef00000, 0x00000000af000000|  0%| F|  |TAMS 0x00000000aef00000| PB 0x00000000aef00000| Untracked 
| 752|0x00000000af000000, 0x00000000af100000, 0x00000000af100000|100%| O|  |TAMS 0x00000000af000000| PB 0x00000000af000000| Untracked 
| 753|0x00000000af100000, 0x00000000af100000, 0x00000000af200000|  0%| F|  |TAMS 0x00000000af100000| PB 0x00000000af100000| Untracked 
| 754|0x00000000af200000, 0x00000000af200000, 0x00000000af300000|  0%| F|  |TAMS 0x00000000af200000| PB 0x00000000af200000| Untracked 
| 755|0x00000000af300000, 0x00000000af300000, 0x00000000af400000|  0%| F|  |TAMS 0x00000000af300000| PB 0x00000000af300000| Untracked 
| 756|0x00000000af400000, 0x00000000af400000, 0x00000000af500000|  0%| F|  |TAMS 0x00000000af400000| PB 0x00000000af400000| Untracked 
| 757|0x00000000af500000, 0x00000000af500000, 0x00000000af600000|  0%| F|  |TAMS 0x00000000af500000| PB 0x00000000af500000| Untracked 
| 758|0x00000000af600000, 0x00000000af600000, 0x00000000af700000|  0%| F|  |TAMS 0x00000000af600000| PB 0x00000000af600000| Untracked 
| 759|0x00000000af700000, 0x00000000af700000, 0x00000000af800000|  0%| F|  |TAMS 0x00000000af700000| PB 0x00000000af700000| Untracked 
| 760|0x00000000af800000, 0x00000000af800000, 0x00000000af900000|  0%| F|  |TAMS 0x00000000af800000| PB 0x00000000af800000| Untracked 
| 761|0x00000000af900000, 0x00000000af900000, 0x00000000afa00000|  0%| F|  |TAMS 0x00000000af900000| PB 0x00000000af900000| Untracked 
| 762|0x00000000afa00000, 0x00000000afa00000, 0x00000000afb00000|  0%| F|  |TAMS 0x00000000afa00000| PB 0x00000000afa00000| Untracked 
| 763|0x00000000afb00000, 0x00000000afb00000, 0x00000000afc00000|  0%| F|  |TAMS 0x00000000afb00000| PB 0x00000000afb00000| Untracked 
| 764|0x00000000afc00000, 0x00000000afc00000, 0x00000000afd00000|  0%| F|  |TAMS 0x00000000afc00000| PB 0x00000000afc00000| Untracked 
| 765|0x00000000afd00000, 0x00000000afd00000, 0x00000000afe00000|  0%| F|  |TAMS 0x00000000afd00000| PB 0x00000000afd00000| Untracked 
| 766|0x00000000afe00000, 0x00000000afe00000, 0x00000000aff00000|  0%| F|  |TAMS 0x00000000afe00000| PB 0x00000000afe00000| Untracked 
| 767|0x00000000aff00000, 0x00000000aff00000, 0x00000000b0000000|  0%| F|  |TAMS 0x00000000aff00000| PB 0x00000000aff00000| Untracked 
| 768|0x00000000b0000000, 0x00000000b0000000, 0x00000000b0100000|  0%| F|  |TAMS 0x00000000b0000000| PB 0x00000000b0000000| Untracked 
| 769|0x00000000b0100000, 0x00000000b0200000, 0x00000000b0200000|100%| O|  |TAMS 0x00000000b0100000| PB 0x00000000b0100000| Untracked 
| 770|0x00000000b0200000, 0x00000000b0300000, 0x00000000b0300000|100%| O|  |TAMS 0x00000000b0200000| PB 0x00000000b0200000| Untracked 
| 771|0x00000000b0300000, 0x00000000b0300000, 0x00000000b0400000|  0%| F|  |TAMS 0x00000000b0300000| PB 0x00000000b0300000| Untracked 
| 772|0x00000000b0400000, 0x00000000b0400000, 0x00000000b0500000|  0%| F|  |TAMS 0x00000000b0400000| PB 0x00000000b0400000| Untracked 
| 773|0x00000000b0500000, 0x00000000b0500000, 0x00000000b0600000|  0%| F|  |TAMS 0x00000000b0500000| PB 0x00000000b0500000| Untracked 
| 774|0x00000000b0600000, 0x00000000b0600000, 0x00000000b0700000|  0%| F|  |TAMS 0x00000000b0600000| PB 0x00000000b0600000| Untracked 
| 775|0x00000000b0700000, 0x00000000b0700000, 0x00000000b0800000|  0%| F|  |TAMS 0x00000000b0700000| PB 0x00000000b0700000| Untracked 
| 776|0x00000000b0800000, 0x00000000b0800000, 0x00000000b0900000|  0%| F|  |TAMS 0x00000000b0800000| PB 0x00000000b0800000| Untracked 
| 777|0x00000000b0900000, 0x00000000b0a00000, 0x00000000b0a00000|100%| O|  |TAMS 0x00000000b0900000| PB 0x00000000b0900000| Untracked 
| 778|0x00000000b0a00000, 0x00000000b0a00000, 0x00000000b0b00000|  0%| F|  |TAMS 0x00000000b0a00000| PB 0x00000000b0a00000| Untracked 
| 779|0x00000000b0b00000, 0x00000000b0b00000, 0x00000000b0c00000|  0%| F|  |TAMS 0x00000000b0b00000| PB 0x00000000b0b00000| Untracked 
| 780|0x00000000b0c00000, 0x00000000b0d00000, 0x00000000b0d00000|100%| O|  |TAMS 0x00000000b0c00000| PB 0x00000000b0c00000| Untracked 
| 781|0x00000000b0d00000, 0x00000000b0d00000, 0x00000000b0e00000|  0%| F|  |TAMS 0x00000000b0d00000| PB 0x00000000b0d00000| Untracked 
| 782|0x00000000b0e00000, 0x00000000b0e00000, 0x00000000b0f00000|  0%| F|  |TAMS 0x00000000b0e00000| PB 0x00000000b0e00000| Untracked 
| 783|0x00000000b0f00000, 0x00000000b0f00000, 0x00000000b1000000|  0%| F|  |TAMS 0x00000000b0f00000| PB 0x00000000b0f00000| Untracked 
| 784|0x00000000b1000000, 0x00000000b1000000, 0x00000000b1100000|  0%| F|  |TAMS 0x00000000b1000000| PB 0x00000000b1000000| Untracked 
| 785|0x00000000b1100000, 0x00000000b1100000, 0x00000000b1200000|  0%| F|  |TAMS 0x00000000b1100000| PB 0x00000000b1100000| Untracked 
| 786|0x00000000b1200000, 0x00000000b1200000, 0x00000000b1300000|  0%| F|  |TAMS 0x00000000b1200000| PB 0x00000000b1200000| Untracked 
| 787|0x00000000b1300000, 0x00000000b1300000, 0x00000000b1400000|  0%| F|  |TAMS 0x00000000b1300000| PB 0x00000000b1300000| Untracked 
| 788|0x00000000b1400000, 0x00000000b1400000, 0x00000000b1500000|  0%| F|  |TAMS 0x00000000b1400000| PB 0x00000000b1400000| Untracked 
| 789|0x00000000b1500000, 0x00000000b1500000, 0x00000000b1600000|  0%| F|  |TAMS 0x00000000b1500000| PB 0x00000000b1500000| Untracked 
| 790|0x00000000b1600000, 0x00000000b1600000, 0x00000000b1700000|  0%| F|  |TAMS 0x00000000b1600000| PB 0x00000000b1600000| Untracked 
| 791|0x00000000b1700000, 0x00000000b1700000, 0x00000000b1800000|  0%| F|  |TAMS 0x00000000b1700000| PB 0x00000000b1700000| Untracked 
| 792|0x00000000b1800000, 0x00000000b1800000, 0x00000000b1900000|  0%| F|  |TAMS 0x00000000b1800000| PB 0x00000000b1800000| Untracked 
| 793|0x00000000b1900000, 0x00000000b1900000, 0x00000000b1a00000|  0%| F|  |TAMS 0x00000000b1900000| PB 0x00000000b1900000| Untracked 
| 794|0x00000000b1a00000, 0x00000000b1a00000, 0x00000000b1b00000|  0%| F|  |TAMS 0x00000000b1a00000| PB 0x00000000b1a00000| Untracked 
| 795|0x00000000b1b00000, 0x00000000b1b00000, 0x00000000b1c00000|  0%| F|  |TAMS 0x00000000b1b00000| PB 0x00000000b1b00000| Untracked 
| 796|0x00000000b1c00000, 0x00000000b1c00000, 0x00000000b1d00000|  0%| F|  |TAMS 0x00000000b1c00000| PB 0x00000000b1c00000| Untracked 
| 797|0x00000000b1d00000, 0x00000000b1d00000, 0x00000000b1e00000|  0%| F|  |TAMS 0x00000000b1d00000| PB 0x00000000b1d00000| Untracked 
| 798|0x00000000b1e00000, 0x00000000b1e00000, 0x00000000b1f00000|  0%| F|  |TAMS 0x00000000b1e00000| PB 0x00000000b1e00000| Untracked 
| 799|0x00000000b1f00000, 0x00000000b1f00000, 0x00000000b2000000|  0%| F|  |TAMS 0x00000000b1f00000| PB 0x00000000b1f00000| Untracked 
| 800|0x00000000b2000000, 0x00000000b2000000, 0x00000000b2100000|  0%| F|  |TAMS 0x00000000b2000000| PB 0x00000000b2000000| Untracked 
| 801|0x00000000b2100000, 0x00000000b2100000, 0x00000000b2200000|  0%| F|  |TAMS 0x00000000b2100000| PB 0x00000000b2100000| Untracked 
| 802|0x00000000b2200000, 0x00000000b2300000, 0x00000000b2300000|100%|HS|  |TAMS 0x00000000b2200000| PB 0x00000000b2200000| Complete 
| 803|0x00000000b2300000, 0x00000000b2400000, 0x00000000b2400000|100%|HC|  |TAMS 0x00000000b2300000| PB 0x00000000b2300000| Complete 
| 804|0x00000000b2400000, 0x00000000b2500000, 0x00000000b2500000|100%|HC|  |TAMS 0x00000000b2400000| PB 0x00000000b2400000| Complete 
| 805|0x00000000b2500000, 0x00000000b2600000, 0x00000000b2600000|100%|HC|  |TAMS 0x00000000b2500000| PB 0x00000000b2500000| Complete 
| 806|0x00000000b2600000, 0x00000000b2600000, 0x00000000b2700000|  0%| F|  |TAMS 0x00000000b2600000| PB 0x00000000b2600000| Untracked 
| 807|0x00000000b2700000, 0x00000000b2700000, 0x00000000b2800000|  0%| F|  |TAMS 0x00000000b2700000| PB 0x00000000b2700000| Untracked 
| 808|0x00000000b2800000, 0x00000000b2800000, 0x00000000b2900000|  0%| F|  |TAMS 0x00000000b2800000| PB 0x00000000b2800000| Untracked 
| 809|0x00000000b2900000, 0x00000000b2900000, 0x00000000b2a00000|  0%| F|  |TAMS 0x00000000b2900000| PB 0x00000000b2900000| Untracked 
| 810|0x00000000b2a00000, 0x00000000b2a00000, 0x00000000b2b00000|  0%| F|  |TAMS 0x00000000b2a00000| PB 0x00000000b2a00000| Untracked 
| 811|0x00000000b2b00000, 0x00000000b2b00000, 0x00000000b2c00000|  0%| F|  |TAMS 0x00000000b2b00000| PB 0x00000000b2b00000| Untracked 
| 812|0x00000000b2c00000, 0x00000000b2c00000, 0x00000000b2d00000|  0%| F|  |TAMS 0x00000000b2c00000| PB 0x00000000b2c00000| Untracked 
| 813|0x00000000b2d00000, 0x00000000b2d00000, 0x00000000b2e00000|  0%| F|  |TAMS 0x00000000b2d00000| PB 0x00000000b2d00000| Untracked 
| 814|0x00000000b2e00000, 0x00000000b2e00000, 0x00000000b2f00000|  0%| F|  |TAMS 0x00000000b2e00000| PB 0x00000000b2e00000| Untracked 
| 815|0x00000000b2f00000, 0x00000000b2f00000, 0x00000000b3000000|  0%| F|  |TAMS 0x00000000b2f00000| PB 0x00000000b2f00000| Untracked 
| 816|0x00000000b3000000, 0x00000000b3000000, 0x00000000b3100000|  0%| F|  |TAMS 0x00000000b3000000| PB 0x00000000b3000000| Untracked 
| 817|0x00000000b3100000, 0x00000000b3100000, 0x00000000b3200000|  0%| F|  |TAMS 0x00000000b3100000| PB 0x00000000b3100000| Untracked 
| 818|0x00000000b3200000, 0x00000000b3200000, 0x00000000b3300000|  0%| F|  |TAMS 0x00000000b3200000| PB 0x00000000b3200000| Untracked 
| 819|0x00000000b3300000, 0x00000000b3300000, 0x00000000b3400000|  0%| F|  |TAMS 0x00000000b3300000| PB 0x00000000b3300000| Untracked 
| 820|0x00000000b3400000, 0x00000000b3400000, 0x00000000b3500000|  0%| F|  |TAMS 0x00000000b3400000| PB 0x00000000b3400000| Untracked 
| 821|0x00000000b3500000, 0x00000000b3500000, 0x00000000b3600000|  0%| F|  |TAMS 0x00000000b3500000| PB 0x00000000b3500000| Untracked 
| 822|0x00000000b3600000, 0x00000000b3600000, 0x00000000b3700000|  0%| F|  |TAMS 0x00000000b3600000| PB 0x00000000b3600000| Untracked 
| 823|0x00000000b3700000, 0x00000000b3700000, 0x00000000b3800000|  0%| F|  |TAMS 0x00000000b3700000| PB 0x00000000b3700000| Untracked 
| 824|0x00000000b3800000, 0x00000000b3800000, 0x00000000b3900000|  0%| F|  |TAMS 0x00000000b3800000| PB 0x00000000b3800000| Untracked 
| 825|0x00000000b3900000, 0x00000000b3900000, 0x00000000b3a00000|  0%| F|  |TAMS 0x00000000b3900000| PB 0x00000000b3900000| Untracked 
| 826|0x00000000b3a00000, 0x00000000b3a00000, 0x00000000b3b00000|  0%| F|  |TAMS 0x00000000b3a00000| PB 0x00000000b3a00000| Untracked 
| 827|0x00000000b3b00000, 0x00000000b3b00000, 0x00000000b3c00000|  0%| F|  |TAMS 0x00000000b3b00000| PB 0x00000000b3b00000| Untracked 
| 828|0x00000000b3c00000, 0x00000000b3c00000, 0x00000000b3d00000|  0%| F|  |TAMS 0x00000000b3c00000| PB 0x00000000b3c00000| Untracked 
| 829|0x00000000b3d00000, 0x00000000b3d00000, 0x00000000b3e00000|  0%| F|  |TAMS 0x00000000b3d00000| PB 0x00000000b3d00000| Untracked 
| 830|0x00000000b3e00000, 0x00000000b3e00000, 0x00000000b3f00000|  0%| F|  |TAMS 0x00000000b3e00000| PB 0x00000000b3e00000| Untracked 
| 831|0x00000000b3f00000, 0x00000000b3f00000, 0x00000000b4000000|  0%| F|  |TAMS 0x00000000b3f00000| PB 0x00000000b3f00000| Untracked 
| 832|0x00000000b4000000, 0x00000000b4000000, 0x00000000b4100000|  0%| F|  |TAMS 0x00000000b4000000| PB 0x00000000b4000000| Untracked 
| 833|0x00000000b4100000, 0x00000000b4100000, 0x00000000b4200000|  0%| F|  |TAMS 0x00000000b4100000| PB 0x00000000b4100000| Untracked 
| 834|0x00000000b4200000, 0x00000000b4200000, 0x00000000b4300000|  0%| F|  |TAMS 0x00000000b4200000| PB 0x00000000b4200000| Untracked 
| 835|0x00000000b4300000, 0x00000000b4300000, 0x00000000b4400000|  0%| F|  |TAMS 0x00000000b4300000| PB 0x00000000b4300000| Untracked 
| 836|0x00000000b4400000, 0x00000000b4400000, 0x00000000b4500000|  0%| F|  |TAMS 0x00000000b4400000| PB 0x00000000b4400000| Untracked 
| 837|0x00000000b4500000, 0x00000000b4500000, 0x00000000b4600000|  0%| F|  |TAMS 0x00000000b4500000| PB 0x00000000b4500000| Untracked 
| 838|0x00000000b4600000, 0x00000000b4600000, 0x00000000b4700000|  0%| F|  |TAMS 0x00000000b4600000| PB 0x00000000b4600000| Untracked 
| 839|0x00000000b4700000, 0x00000000b4700000, 0x00000000b4800000|  0%| F|  |TAMS 0x00000000b4700000| PB 0x00000000b4700000| Untracked 
| 840|0x00000000b4800000, 0x00000000b4800000, 0x00000000b4900000|  0%| F|  |TAMS 0x00000000b4800000| PB 0x00000000b4800000| Untracked 
| 841|0x00000000b4900000, 0x00000000b4900000, 0x00000000b4a00000|  0%| F|  |TAMS 0x00000000b4900000| PB 0x00000000b4900000| Untracked 
| 842|0x00000000b4a00000, 0x00000000b4a00000, 0x00000000b4b00000|  0%| F|  |TAMS 0x00000000b4a00000| PB 0x00000000b4a00000| Untracked 
| 843|0x00000000b4b00000, 0x00000000b4b00000, 0x00000000b4c00000|  0%| F|  |TAMS 0x00000000b4b00000| PB 0x00000000b4b00000| Untracked 
| 844|0x00000000b4c00000, 0x00000000b4c00000, 0x00000000b4d00000|  0%| F|  |TAMS 0x00000000b4c00000| PB 0x00000000b4c00000| Untracked 
| 845|0x00000000b4d00000, 0x00000000b4d00000, 0x00000000b4e00000|  0%| F|  |TAMS 0x00000000b4d00000| PB 0x00000000b4d00000| Untracked 
| 846|0x00000000b4e00000, 0x00000000b4e00000, 0x00000000b4f00000|  0%| F|  |TAMS 0x00000000b4e00000| PB 0x00000000b4e00000| Untracked 
| 847|0x00000000b4f00000, 0x00000000b5000000, 0x00000000b5000000|100%| O|  |TAMS 0x00000000b4f00000| PB 0x00000000b4f00000| Untracked 
| 848|0x00000000b5000000, 0x00000000b5000000, 0x00000000b5100000|  0%| F|  |TAMS 0x00000000b5000000| PB 0x00000000b5000000| Untracked 
| 849|0x00000000b5100000, 0x00000000b5100000, 0x00000000b5200000|  0%| F|  |TAMS 0x00000000b5100000| PB 0x00000000b5100000| Untracked 
| 850|0x00000000b5200000, 0x00000000b5200000, 0x00000000b5300000|  0%| F|  |TAMS 0x00000000b5200000| PB 0x00000000b5200000| Untracked 
| 851|0x00000000b5300000, 0x00000000b5300000, 0x00000000b5400000|  0%| F|  |TAMS 0x00000000b5300000| PB 0x00000000b5300000| Untracked 
| 852|0x00000000b5400000, 0x00000000b5400000, 0x00000000b5500000|  0%| F|  |TAMS 0x00000000b5400000| PB 0x00000000b5400000| Untracked 
| 853|0x00000000b5500000, 0x00000000b5500000, 0x00000000b5600000|  0%| F|  |TAMS 0x00000000b5500000| PB 0x00000000b5500000| Untracked 
| 854|0x00000000b5600000, 0x00000000b5600000, 0x00000000b5700000|  0%| F|  |TAMS 0x00000000b5600000| PB 0x00000000b5600000| Untracked 
| 855|0x00000000b5700000, 0x00000000b5700000, 0x00000000b5800000|  0%| F|  |TAMS 0x00000000b5700000| PB 0x00000000b5700000| Untracked 
| 856|0x00000000b5800000, 0x00000000b5800000, 0x00000000b5900000|  0%| F|  |TAMS 0x00000000b5800000| PB 0x00000000b5800000| Untracked 
| 857|0x00000000b5900000, 0x00000000b5900000, 0x00000000b5a00000|  0%| F|  |TAMS 0x00000000b5900000| PB 0x00000000b5900000| Untracked 
| 858|0x00000000b5a00000, 0x00000000b5a00000, 0x00000000b5b00000|  0%| F|  |TAMS 0x00000000b5a00000| PB 0x00000000b5a00000| Untracked 
| 859|0x00000000b5b00000, 0x00000000b5b00000, 0x00000000b5c00000|  0%| F|  |TAMS 0x00000000b5b00000| PB 0x00000000b5b00000| Untracked 
| 860|0x00000000b5c00000, 0x00000000b5c00000, 0x00000000b5d00000|  0%| F|  |TAMS 0x00000000b5c00000| PB 0x00000000b5c00000| Untracked 
| 861|0x00000000b5d00000, 0x00000000b5d00000, 0x00000000b5e00000|  0%| F|  |TAMS 0x00000000b5d00000| PB 0x00000000b5d00000| Untracked 
| 862|0x00000000b5e00000, 0x00000000b5e00000, 0x00000000b5f00000|  0%| F|  |TAMS 0x00000000b5e00000| PB 0x00000000b5e00000| Untracked 
| 863|0x00000000b5f00000, 0x00000000b5f00000, 0x00000000b6000000|  0%| F|  |TAMS 0x00000000b5f00000| PB 0x00000000b5f00000| Untracked 
| 864|0x00000000b6000000, 0x00000000b6000000, 0x00000000b6100000|  0%| F|  |TAMS 0x00000000b6000000| PB 0x00000000b6000000| Untracked 
| 865|0x00000000b6100000, 0x00000000b6100000, 0x00000000b6200000|  0%| F|  |TAMS 0x00000000b6100000| PB 0x00000000b6100000| Untracked 
| 866|0x00000000b6200000, 0x00000000b6200000, 0x00000000b6300000|  0%| F|  |TAMS 0x00000000b6200000| PB 0x00000000b6200000| Untracked 
| 867|0x00000000b6300000, 0x00000000b6300000, 0x00000000b6400000|  0%| F|  |TAMS 0x00000000b6300000| PB 0x00000000b6300000| Untracked 
| 868|0x00000000b6400000, 0x00000000b6400000, 0x00000000b6500000|  0%| F|  |TAMS 0x00000000b6400000| PB 0x00000000b6400000| Untracked 
| 869|0x00000000b6500000, 0x00000000b6500000, 0x00000000b6600000|  0%| F|  |TAMS 0x00000000b6500000| PB 0x00000000b6500000| Untracked 
| 870|0x00000000b6600000, 0x00000000b6600000, 0x00000000b6700000|  0%| F|  |TAMS 0x00000000b6600000| PB 0x00000000b6600000| Untracked 
| 871|0x00000000b6700000, 0x00000000b6700000, 0x00000000b6800000|  0%| F|  |TAMS 0x00000000b6700000| PB 0x00000000b6700000| Untracked 
| 872|0x00000000b6800000, 0x00000000b6800000, 0x00000000b6900000|  0%| F|  |TAMS 0x00000000b6800000| PB 0x00000000b6800000| Untracked 
| 873|0x00000000b6900000, 0x00000000b6900000, 0x00000000b6a00000|  0%| F|  |TAMS 0x00000000b6900000| PB 0x00000000b6900000| Untracked 
| 874|0x00000000b6a00000, 0x00000000b6a00000, 0x00000000b6b00000|  0%| F|  |TAMS 0x00000000b6a00000| PB 0x00000000b6a00000| Untracked 
| 875|0x00000000b6b00000, 0x00000000b6b00000, 0x00000000b6c00000|  0%| F|  |TAMS 0x00000000b6b00000| PB 0x00000000b6b00000| Untracked 
| 876|0x00000000b6c00000, 0x00000000b6c00000, 0x00000000b6d00000|  0%| F|  |TAMS 0x00000000b6c00000| PB 0x00000000b6c00000| Untracked 
| 877|0x00000000b6d00000, 0x00000000b6d00000, 0x00000000b6e00000|  0%| F|  |TAMS 0x00000000b6d00000| PB 0x00000000b6d00000| Untracked 
| 878|0x00000000b6e00000, 0x00000000b6e00000, 0x00000000b6f00000|  0%| F|  |TAMS 0x00000000b6e00000| PB 0x00000000b6e00000| Untracked 
| 879|0x00000000b6f00000, 0x00000000b6f00000, 0x00000000b7000000|  0%| F|  |TAMS 0x00000000b6f00000| PB 0x00000000b6f00000| Untracked 
| 880|0x00000000b7000000, 0x00000000b7000000, 0x00000000b7100000|  0%| F|  |TAMS 0x00000000b7000000| PB 0x00000000b7000000| Untracked 
| 881|0x00000000b7100000, 0x00000000b7100000, 0x00000000b7200000|  0%| F|  |TAMS 0x00000000b7100000| PB 0x00000000b7100000| Untracked 
| 882|0x00000000b7200000, 0x00000000b7200000, 0x00000000b7300000|  0%| F|  |TAMS 0x00000000b7200000| PB 0x00000000b7200000| Untracked 
| 883|0x00000000b7300000, 0x00000000b7300000, 0x00000000b7400000|  0%| F|  |TAMS 0x00000000b7300000| PB 0x00000000b7300000| Untracked 
| 884|0x00000000b7400000, 0x00000000b7400000, 0x00000000b7500000|  0%| F|  |TAMS 0x00000000b7400000| PB 0x00000000b7400000| Untracked 
| 885|0x00000000b7500000, 0x00000000b7500000, 0x00000000b7600000|  0%| F|  |TAMS 0x00000000b7500000| PB 0x00000000b7500000| Untracked 
| 886|0x00000000b7600000, 0x00000000b7600000, 0x00000000b7700000|  0%| F|  |TAMS 0x00000000b7600000| PB 0x00000000b7600000| Untracked 
| 887|0x00000000b7700000, 0x00000000b7700000, 0x00000000b7800000|  0%| F|  |TAMS 0x00000000b7700000| PB 0x00000000b7700000| Untracked 
| 888|0x00000000b7800000, 0x00000000b7800000, 0x00000000b7900000|  0%| F|  |TAMS 0x00000000b7800000| PB 0x00000000b7800000| Untracked 
| 889|0x00000000b7900000, 0x00000000b7900000, 0x00000000b7a00000|  0%| F|  |TAMS 0x00000000b7900000| PB 0x00000000b7900000| Untracked 
| 890|0x00000000b7a00000, 0x00000000b7a00000, 0x00000000b7b00000|  0%| F|  |TAMS 0x00000000b7a00000| PB 0x00000000b7a00000| Untracked 
| 891|0x00000000b7b00000, 0x00000000b7b00000, 0x00000000b7c00000|  0%| F|  |TAMS 0x00000000b7b00000| PB 0x00000000b7b00000| Untracked 
| 892|0x00000000b7c00000, 0x00000000b7c00000, 0x00000000b7d00000|  0%| F|  |TAMS 0x00000000b7c00000| PB 0x00000000b7c00000| Untracked 
| 893|0x00000000b7d00000, 0x00000000b7d00000, 0x00000000b7e00000|  0%| F|  |TAMS 0x00000000b7d00000| PB 0x00000000b7d00000| Untracked 
| 894|0x00000000b7e00000, 0x00000000b7e00000, 0x00000000b7f00000|  0%| F|  |TAMS 0x00000000b7e00000| PB 0x00000000b7e00000| Untracked 
| 895|0x00000000b7f00000, 0x00000000b7f00000, 0x00000000b8000000|  0%| F|  |TAMS 0x00000000b7f00000| PB 0x00000000b7f00000| Untracked 
| 896|0x00000000b8000000, 0x00000000b8000000, 0x00000000b8100000|  0%| F|  |TAMS 0x00000000b8000000| PB 0x00000000b8000000| Untracked 
| 897|0x00000000b8100000, 0x00000000b8100000, 0x00000000b8200000|  0%| F|  |TAMS 0x00000000b8100000| PB 0x00000000b8100000| Untracked 
| 898|0x00000000b8200000, 0x00000000b8200000, 0x00000000b8300000|  0%| F|  |TAMS 0x00000000b8200000| PB 0x00000000b8200000| Untracked 
| 899|0x00000000b8300000, 0x00000000b8300000, 0x00000000b8400000|  0%| F|  |TAMS 0x00000000b8300000| PB 0x00000000b8300000| Untracked 
| 900|0x00000000b8400000, 0x00000000b8400000, 0x00000000b8500000|  0%| F|  |TAMS 0x00000000b8400000| PB 0x00000000b8400000| Untracked 
| 901|0x00000000b8500000, 0x00000000b8500000, 0x00000000b8600000|  0%| F|  |TAMS 0x00000000b8500000| PB 0x00000000b8500000| Untracked 
| 902|0x00000000b8600000, 0x00000000b8600000, 0x00000000b8700000|  0%| F|  |TAMS 0x00000000b8600000| PB 0x00000000b8600000| Untracked 
| 903|0x00000000b8700000, 0x00000000b8700000, 0x00000000b8800000|  0%| F|  |TAMS 0x00000000b8700000| PB 0x00000000b8700000| Untracked 
| 904|0x00000000b8800000, 0x00000000b8800000, 0x00000000b8900000|  0%| F|  |TAMS 0x00000000b8800000| PB 0x00000000b8800000| Untracked 
| 905|0x00000000b8900000, 0x00000000b8900000, 0x00000000b8a00000|  0%| F|  |TAMS 0x00000000b8900000| PB 0x00000000b8900000| Untracked 
| 906|0x00000000b8a00000, 0x00000000b8a00000, 0x00000000b8b00000|  0%| F|  |TAMS 0x00000000b8a00000| PB 0x00000000b8a00000| Untracked 
| 907|0x00000000b8b00000, 0x00000000b8b00000, 0x00000000b8c00000|  0%| F|  |TAMS 0x00000000b8b00000| PB 0x00000000b8b00000| Untracked 
| 908|0x00000000b8c00000, 0x00000000b8c00000, 0x00000000b8d00000|  0%| F|  |TAMS 0x00000000b8c00000| PB 0x00000000b8c00000| Untracked 
| 909|0x00000000b8d00000, 0x00000000b8d00000, 0x00000000b8e00000|  0%| F|  |TAMS 0x00000000b8d00000| PB 0x00000000b8d00000| Untracked 
| 910|0x00000000b8e00000, 0x00000000b8e00000, 0x00000000b8f00000|  0%| F|  |TAMS 0x00000000b8e00000| PB 0x00000000b8e00000| Untracked 
| 911|0x00000000b8f00000, 0x00000000b8f00000, 0x00000000b9000000|  0%| F|  |TAMS 0x00000000b8f00000| PB 0x00000000b8f00000| Untracked 
| 912|0x00000000b9000000, 0x00000000b9000000, 0x00000000b9100000|  0%| F|  |TAMS 0x00000000b9000000| PB 0x00000000b9000000| Untracked 
| 913|0x00000000b9100000, 0x00000000b9100000, 0x00000000b9200000|  0%| F|  |TAMS 0x00000000b9100000| PB 0x00000000b9100000| Untracked 
| 914|0x00000000b9200000, 0x00000000b9200000, 0x00000000b9300000|  0%| F|  |TAMS 0x00000000b9200000| PB 0x00000000b9200000| Untracked 
| 915|0x00000000b9300000, 0x00000000b9300000, 0x00000000b9400000|  0%| F|  |TAMS 0x00000000b9300000| PB 0x00000000b9300000| Untracked 
| 916|0x00000000b9400000, 0x00000000b9400000, 0x00000000b9500000|  0%| F|  |TAMS 0x00000000b9400000| PB 0x00000000b9400000| Untracked 
| 917|0x00000000b9500000, 0x00000000b9500000, 0x00000000b9600000|  0%| F|  |TAMS 0x00000000b9500000| PB 0x00000000b9500000| Untracked 
| 918|0x00000000b9600000, 0x00000000b9600000, 0x00000000b9700000|  0%| F|  |TAMS 0x00000000b9600000| PB 0x00000000b9600000| Untracked 
| 919|0x00000000b9700000, 0x00000000b9700000, 0x00000000b9800000|  0%| F|  |TAMS 0x00000000b9700000| PB 0x00000000b9700000| Untracked 
| 920|0x00000000b9800000, 0x00000000b9800000, 0x00000000b9900000|  0%| F|  |TAMS 0x00000000b9800000| PB 0x00000000b9800000| Untracked 
| 921|0x00000000b9900000, 0x00000000b9900000, 0x00000000b9a00000|  0%| F|  |TAMS 0x00000000b9900000| PB 0x00000000b9900000| Untracked 
| 922|0x00000000b9a00000, 0x00000000b9a00000, 0x00000000b9b00000|  0%| F|  |TAMS 0x00000000b9a00000| PB 0x00000000b9a00000| Untracked 
| 923|0x00000000b9b00000, 0x00000000b9b00000, 0x00000000b9c00000|  0%| F|  |TAMS 0x00000000b9b00000| PB 0x00000000b9b00000| Untracked 
| 924|0x00000000b9c00000, 0x00000000b9c00000, 0x00000000b9d00000|  0%| F|  |TAMS 0x00000000b9c00000| PB 0x00000000b9c00000| Untracked 
| 925|0x00000000b9d00000, 0x00000000b9d00000, 0x00000000b9e00000|  0%| F|  |TAMS 0x00000000b9d00000| PB 0x00000000b9d00000| Untracked 
| 926|0x00000000b9e00000, 0x00000000b9e00000, 0x00000000b9f00000|  0%| F|  |TAMS 0x00000000b9e00000| PB 0x00000000b9e00000| Untracked 
| 927|0x00000000b9f00000, 0x00000000b9f00000, 0x00000000ba000000|  0%| F|  |TAMS 0x00000000b9f00000| PB 0x00000000b9f00000| Untracked 
| 928|0x00000000ba000000, 0x00000000ba000000, 0x00000000ba100000|  0%| F|  |TAMS 0x00000000ba000000| PB 0x00000000ba000000| Untracked 
| 929|0x00000000ba100000, 0x00000000ba100000, 0x00000000ba200000|  0%| F|  |TAMS 0x00000000ba100000| PB 0x00000000ba100000| Untracked 
| 930|0x00000000ba200000, 0x00000000ba200000, 0x00000000ba300000|  0%| F|  |TAMS 0x00000000ba200000| PB 0x00000000ba200000| Untracked 
| 931|0x00000000ba300000, 0x00000000ba300000, 0x00000000ba400000|  0%| F|  |TAMS 0x00000000ba300000| PB 0x00000000ba300000| Untracked 
| 932|0x00000000ba400000, 0x00000000ba400000, 0x00000000ba500000|  0%| F|  |TAMS 0x00000000ba400000| PB 0x00000000ba400000| Untracked 
| 933|0x00000000ba500000, 0x00000000ba500000, 0x00000000ba600000|  0%| F|  |TAMS 0x00000000ba500000| PB 0x00000000ba500000| Untracked 
| 934|0x00000000ba600000, 0x00000000ba600000, 0x00000000ba700000|  0%| F|  |TAMS 0x00000000ba600000| PB 0x00000000ba600000| Untracked 
| 935|0x00000000ba700000, 0x00000000ba700000, 0x00000000ba800000|  0%| F|  |TAMS 0x00000000ba700000| PB 0x00000000ba700000| Untracked 
| 936|0x00000000ba800000, 0x00000000ba800000, 0x00000000ba900000|  0%| F|  |TAMS 0x00000000ba800000| PB 0x00000000ba800000| Untracked 
| 937|0x00000000ba900000, 0x00000000ba900000, 0x00000000baa00000|  0%| F|  |TAMS 0x00000000ba900000| PB 0x00000000ba900000| Untracked 
| 938|0x00000000baa00000, 0x00000000baa00000, 0x00000000bab00000|  0%| F|  |TAMS 0x00000000baa00000| PB 0x00000000baa00000| Untracked 
| 939|0x00000000bab00000, 0x00000000bab00000, 0x00000000bac00000|  0%| F|  |TAMS 0x00000000bab00000| PB 0x00000000bab00000| Untracked 
| 940|0x00000000bac00000, 0x00000000bac00000, 0x00000000bad00000|  0%| F|  |TAMS 0x00000000bac00000| PB 0x00000000bac00000| Untracked 
| 941|0x00000000bad00000, 0x00000000bad00000, 0x00000000bae00000|  0%| F|  |TAMS 0x00000000bad00000| PB 0x00000000bad00000| Untracked 
| 942|0x00000000bae00000, 0x00000000bae00000, 0x00000000baf00000|  0%| F|  |TAMS 0x00000000bae00000| PB 0x00000000bae00000| Untracked 
| 943|0x00000000baf00000, 0x00000000baf00000, 0x00000000bb000000|  0%| F|  |TAMS 0x00000000baf00000| PB 0x00000000baf00000| Untracked 
| 944|0x00000000bb000000, 0x00000000bb000000, 0x00000000bb100000|  0%| F|  |TAMS 0x00000000bb000000| PB 0x00000000bb000000| Untracked 
| 945|0x00000000bb100000, 0x00000000bb100000, 0x00000000bb200000|  0%| F|  |TAMS 0x00000000bb100000| PB 0x00000000bb100000| Untracked 
| 946|0x00000000bb200000, 0x00000000bb200000, 0x00000000bb300000|  0%| F|  |TAMS 0x00000000bb200000| PB 0x00000000bb200000| Untracked 
| 947|0x00000000bb300000, 0x00000000bb300000, 0x00000000bb400000|  0%| F|  |TAMS 0x00000000bb300000| PB 0x00000000bb300000| Untracked 
| 948|0x00000000bb400000, 0x00000000bb400000, 0x00000000bb500000|  0%| F|  |TAMS 0x00000000bb400000| PB 0x00000000bb400000| Untracked 
| 949|0x00000000bb500000, 0x00000000bb500000, 0x00000000bb600000|  0%| F|  |TAMS 0x00000000bb500000| PB 0x00000000bb500000| Untracked 
| 950|0x00000000bb600000, 0x00000000bb600000, 0x00000000bb700000|  0%| F|  |TAMS 0x00000000bb600000| PB 0x00000000bb600000| Untracked 
| 951|0x00000000bb700000, 0x00000000bb700000, 0x00000000bb800000|  0%| F|  |TAMS 0x00000000bb700000| PB 0x00000000bb700000| Untracked 
| 952|0x00000000bb800000, 0x00000000bb800000, 0x00000000bb900000|  0%| F|  |TAMS 0x00000000bb800000| PB 0x00000000bb800000| Untracked 
| 953|0x00000000bb900000, 0x00000000bb900000, 0x00000000bba00000|  0%| F|  |TAMS 0x00000000bb900000| PB 0x00000000bb900000| Untracked 
| 954|0x00000000bba00000, 0x00000000bba00000, 0x00000000bbb00000|  0%| F|  |TAMS 0x00000000bba00000| PB 0x00000000bba00000| Untracked 
| 955|0x00000000bbb00000, 0x00000000bbb00000, 0x00000000bbc00000|  0%| F|  |TAMS 0x00000000bbb00000| PB 0x00000000bbb00000| Untracked 
| 956|0x00000000bbc00000, 0x00000000bbc00000, 0x00000000bbd00000|  0%| F|  |TAMS 0x00000000bbc00000| PB 0x00000000bbc00000| Untracked 
| 957|0x00000000bbd00000, 0x00000000bbd00000, 0x00000000bbe00000|  0%| F|  |TAMS 0x00000000bbd00000| PB 0x00000000bbd00000| Untracked 
| 958|0x00000000bbe00000, 0x00000000bbe00000, 0x00000000bbf00000|  0%| F|  |TAMS 0x00000000bbe00000| PB 0x00000000bbe00000| Untracked 
| 959|0x00000000bbf00000, 0x00000000bbf00000, 0x00000000bc000000|  0%| F|  |TAMS 0x00000000bbf00000| PB 0x00000000bbf00000| Untracked 
| 960|0x00000000bc000000, 0x00000000bc000000, 0x00000000bc100000|  0%| F|  |TAMS 0x00000000bc000000| PB 0x00000000bc000000| Untracked 
| 961|0x00000000bc100000, 0x00000000bc100000, 0x00000000bc200000|  0%| F|  |TAMS 0x00000000bc100000| PB 0x00000000bc100000| Untracked 
| 962|0x00000000bc200000, 0x00000000bc200000, 0x00000000bc300000|  0%| F|  |TAMS 0x00000000bc200000| PB 0x00000000bc200000| Untracked 
| 963|0x00000000bc300000, 0x00000000bc300000, 0x00000000bc400000|  0%| F|  |TAMS 0x00000000bc300000| PB 0x00000000bc300000| Untracked 
| 964|0x00000000bc400000, 0x00000000bc400000, 0x00000000bc500000|  0%| F|  |TAMS 0x00000000bc400000| PB 0x00000000bc400000| Untracked 
| 965|0x00000000bc500000, 0x00000000bc500000, 0x00000000bc600000|  0%| F|  |TAMS 0x00000000bc500000| PB 0x00000000bc500000| Untracked 
| 966|0x00000000bc600000, 0x00000000bc600000, 0x00000000bc700000|  0%| F|  |TAMS 0x00000000bc600000| PB 0x00000000bc600000| Untracked 
| 967|0x00000000bc700000, 0x00000000bc700000, 0x00000000bc800000|  0%| F|  |TAMS 0x00000000bc700000| PB 0x00000000bc700000| Untracked 
| 968|0x00000000bc800000, 0x00000000bc800000, 0x00000000bc900000|  0%| F|  |TAMS 0x00000000bc800000| PB 0x00000000bc800000| Untracked 
| 969|0x00000000bc900000, 0x00000000bc900000, 0x00000000bca00000|  0%| F|  |TAMS 0x00000000bc900000| PB 0x00000000bc900000| Untracked 
| 970|0x00000000bca00000, 0x00000000bca00000, 0x00000000bcb00000|  0%| F|  |TAMS 0x00000000bca00000| PB 0x00000000bca00000| Untracked 
| 971|0x00000000bcb00000, 0x00000000bcb00000, 0x00000000bcc00000|  0%| F|  |TAMS 0x00000000bcb00000| PB 0x00000000bcb00000| Untracked 
| 972|0x00000000bcc00000, 0x00000000bcc00000, 0x00000000bcd00000|  0%| F|  |TAMS 0x00000000bcc00000| PB 0x00000000bcc00000| Untracked 
| 973|0x00000000bcd00000, 0x00000000bcd00000, 0x00000000bce00000|  0%| F|  |TAMS 0x00000000bcd00000| PB 0x00000000bcd00000| Untracked 
| 974|0x00000000bce00000, 0x00000000bce00000, 0x00000000bcf00000|  0%| F|  |TAMS 0x00000000bce00000| PB 0x00000000bce00000| Untracked 
| 975|0x00000000bcf00000, 0x00000000bcf00000, 0x00000000bd000000|  0%| F|  |TAMS 0x00000000bcf00000| PB 0x00000000bcf00000| Untracked 
| 976|0x00000000bd000000, 0x00000000bd000000, 0x00000000bd100000|  0%| F|  |TAMS 0x00000000bd000000| PB 0x00000000bd000000| Untracked 
| 977|0x00000000bd100000, 0x00000000bd100000, 0x00000000bd200000|  0%| F|  |TAMS 0x00000000bd100000| PB 0x00000000bd100000| Untracked 
| 978|0x00000000bd200000, 0x00000000bd200000, 0x00000000bd300000|  0%| F|  |TAMS 0x00000000bd200000| PB 0x00000000bd200000| Untracked 
| 979|0x00000000bd300000, 0x00000000bd300000, 0x00000000bd400000|  0%| F|  |TAMS 0x00000000bd300000| PB 0x00000000bd300000| Untracked 
| 980|0x00000000bd400000, 0x00000000bd400000, 0x00000000bd500000|  0%| F|  |TAMS 0x00000000bd400000| PB 0x00000000bd400000| Untracked 
| 981|0x00000000bd500000, 0x00000000bd500000, 0x00000000bd600000|  0%| F|  |TAMS 0x00000000bd500000| PB 0x00000000bd500000| Untracked 
| 982|0x00000000bd600000, 0x00000000bd600000, 0x00000000bd700000|  0%| F|  |TAMS 0x00000000bd600000| PB 0x00000000bd600000| Untracked 
| 983|0x00000000bd700000, 0x00000000bd700000, 0x00000000bd800000|  0%| F|  |TAMS 0x00000000bd700000| PB 0x00000000bd700000| Untracked 
| 984|0x00000000bd800000, 0x00000000bd800000, 0x00000000bd900000|  0%| F|  |TAMS 0x00000000bd800000| PB 0x00000000bd800000| Untracked 
| 985|0x00000000bd900000, 0x00000000bd900000, 0x00000000bda00000|  0%| F|  |TAMS 0x00000000bd900000| PB 0x00000000bd900000| Untracked 
| 986|0x00000000bda00000, 0x00000000bda00000, 0x00000000bdb00000|  0%| F|  |TAMS 0x00000000bda00000| PB 0x00000000bda00000| Untracked 
| 987|0x00000000bdb00000, 0x00000000bdb00000, 0x00000000bdc00000|  0%| F|  |TAMS 0x00000000bdb00000| PB 0x00000000bdb00000| Untracked 
| 988|0x00000000bdc00000, 0x00000000bdc00000, 0x00000000bdd00000|  0%| F|  |TAMS 0x00000000bdc00000| PB 0x00000000bdc00000| Untracked 
| 989|0x00000000bdd00000, 0x00000000bdd00000, 0x00000000bde00000|  0%| F|  |TAMS 0x00000000bdd00000| PB 0x00000000bdd00000| Untracked 
| 990|0x00000000bde00000, 0x00000000bde00000, 0x00000000bdf00000|  0%| F|  |TAMS 0x00000000bde00000| PB 0x00000000bde00000| Untracked 
| 991|0x00000000bdf00000, 0x00000000bdf00000, 0x00000000be000000|  0%| F|  |TAMS 0x00000000bdf00000| PB 0x00000000bdf00000| Untracked 
| 992|0x00000000be000000, 0x00000000be000000, 0x00000000be100000|  0%| F|  |TAMS 0x00000000be000000| PB 0x00000000be000000| Untracked 
| 993|0x00000000be100000, 0x00000000be100000, 0x00000000be200000|  0%| F|  |TAMS 0x00000000be100000| PB 0x00000000be100000| Untracked 
| 994|0x00000000be200000, 0x00000000be200000, 0x00000000be300000|  0%| F|  |TAMS 0x00000000be200000| PB 0x00000000be200000| Untracked 
| 995|0x00000000be300000, 0x00000000be300000, 0x00000000be400000|  0%| F|  |TAMS 0x00000000be300000| PB 0x00000000be300000| Untracked 
| 996|0x00000000be400000, 0x00000000be400000, 0x00000000be500000|  0%| F|  |TAMS 0x00000000be400000| PB 0x00000000be400000| Untracked 
| 997|0x00000000be500000, 0x00000000be500000, 0x00000000be600000|  0%| F|  |TAMS 0x00000000be500000| PB 0x00000000be500000| Untracked 
| 998|0x00000000be600000, 0x00000000be600000, 0x00000000be700000|  0%| F|  |TAMS 0x00000000be600000| PB 0x00000000be600000| Untracked 
| 999|0x00000000be700000, 0x00000000be700000, 0x00000000be800000|  0%| F|  |TAMS 0x00000000be700000| PB 0x00000000be700000| Untracked 
|1000|0x00000000be800000, 0x00000000be800000, 0x00000000be900000|  0%| F|  |TAMS 0x00000000be800000| PB 0x00000000be800000| Untracked 
|1001|0x00000000be900000, 0x00000000be900000, 0x00000000bea00000|  0%| F|  |TAMS 0x00000000be900000| PB 0x00000000be900000| Untracked 
|1002|0x00000000bea00000, 0x00000000bea00000, 0x00000000beb00000|  0%| F|  |TAMS 0x00000000bea00000| PB 0x00000000bea00000| Untracked 
|1003|0x00000000beb00000, 0x00000000beb00000, 0x00000000bec00000|  0%| F|  |TAMS 0x00000000beb00000| PB 0x00000000beb00000| Untracked 
|1004|0x00000000bec00000, 0x00000000bec00000, 0x00000000bed00000|  0%| F|  |TAMS 0x00000000bec00000| PB 0x00000000bec00000| Untracked 
|1005|0x00000000bed00000, 0x00000000bed00000, 0x00000000bee00000|  0%| F|  |TAMS 0x00000000bed00000| PB 0x00000000bed00000| Untracked 
|1006|0x00000000bee00000, 0x00000000bee00000, 0x00000000bef00000|  0%| F|  |TAMS 0x00000000bee00000| PB 0x00000000bee00000| Untracked 
|1007|0x00000000bef00000, 0x00000000bef00000, 0x00000000bf000000|  0%| F|  |TAMS 0x00000000bef00000| PB 0x00000000bef00000| Untracked 
|1008|0x00000000bf000000, 0x00000000bf000000, 0x00000000bf100000|  0%| F|  |TAMS 0x00000000bf000000| PB 0x00000000bf000000| Untracked 
|1009|0x00000000bf100000, 0x00000000bf100000, 0x00000000bf200000|  0%| F|  |TAMS 0x00000000bf100000| PB 0x00000000bf100000| Untracked 
|1010|0x00000000bf200000, 0x00000000bf200000, 0x00000000bf300000|  0%| F|  |TAMS 0x00000000bf200000| PB 0x00000000bf200000| Untracked 
|1011|0x00000000bf300000, 0x00000000bf300000, 0x00000000bf400000|  0%| F|  |TAMS 0x00000000bf300000| PB 0x00000000bf300000| Untracked 
|1012|0x00000000bf400000, 0x00000000bf400000, 0x00000000bf500000|  0%| F|  |TAMS 0x00000000bf400000| PB 0x00000000bf400000| Untracked 
|1013|0x00000000bf500000, 0x00000000bf500000, 0x00000000bf600000|  0%| F|  |TAMS 0x00000000bf500000| PB 0x00000000bf500000| Untracked 
|1014|0x00000000bf600000, 0x00000000bf600000, 0x00000000bf700000|  0%| F|  |TAMS 0x00000000bf600000| PB 0x00000000bf600000| Untracked 
|1015|0x00000000bf700000, 0x00000000bf700000, 0x00000000bf800000|  0%| F|  |TAMS 0x00000000bf700000| PB 0x00000000bf700000| Untracked 
|1016|0x00000000bf800000, 0x00000000bf800000, 0x00000000bf900000|  0%| F|  |TAMS 0x00000000bf800000| PB 0x00000000bf800000| Untracked 
|1017|0x00000000bf900000, 0x00000000bf900000, 0x00000000bfa00000|  0%| F|  |TAMS 0x00000000bf900000| PB 0x00000000bf900000| Untracked 
|1018|0x00000000bfa00000, 0x00000000bfa00000, 0x00000000bfb00000|  0%| F|  |TAMS 0x00000000bfa00000| PB 0x00000000bfa00000| Untracked 
|1019|0x00000000bfb00000, 0x00000000bfb00000, 0x00000000bfc00000|  0%| F|  |TAMS 0x00000000bfb00000| PB 0x00000000bfb00000| Untracked 
|1020|0x00000000bfc00000, 0x00000000bfc00000, 0x00000000bfd00000|  0%| F|  |TAMS 0x00000000bfc00000| PB 0x00000000bfc00000| Untracked 
|1021|0x00000000bfd00000, 0x00000000bfd00000, 0x00000000bfe00000|  0%| F|  |TAMS 0x00000000bfd00000| PB 0x00000000bfd00000| Untracked 
|1022|0x00000000bfe00000, 0x00000000bfe00000, 0x00000000bff00000|  0%| F|  |TAMS 0x00000000bfe00000| PB 0x00000000bfe00000| Untracked 
|1023|0x00000000bff00000, 0x00000000bff00000, 0x00000000c0000000|  0%| F|  |TAMS 0x00000000bff00000| PB 0x00000000bff00000| Untracked 
|1024|0x00000000c0000000, 0x00000000c0000000, 0x00000000c0100000|  0%| F|  |TAMS 0x00000000c0000000| PB 0x00000000c0000000| Untracked 
|1025|0x00000000c0100000, 0x00000000c0100000, 0x00000000c0200000|  0%| F|  |TAMS 0x00000000c0100000| PB 0x00000000c0100000| Untracked 
|1026|0x00000000c0200000, 0x00000000c0200000, 0x00000000c0300000|  0%| F|  |TAMS 0x00000000c0200000| PB 0x00000000c0200000| Untracked 
|1027|0x00000000c0300000, 0x00000000c0300000, 0x00000000c0400000|  0%| F|  |TAMS 0x00000000c0300000| PB 0x00000000c0300000| Untracked 
|1028|0x00000000c0400000, 0x00000000c0400000, 0x00000000c0500000|  0%| F|  |TAMS 0x00000000c0400000| PB 0x00000000c0400000| Untracked 
|1029|0x00000000c0500000, 0x00000000c0500000, 0x00000000c0600000|  0%| F|  |TAMS 0x00000000c0500000| PB 0x00000000c0500000| Untracked 
|1030|0x00000000c0600000, 0x00000000c0600000, 0x00000000c0700000|  0%| F|  |TAMS 0x00000000c0600000| PB 0x00000000c0600000| Untracked 
|1031|0x00000000c0700000, 0x00000000c0700000, 0x00000000c0800000|  0%| F|  |TAMS 0x00000000c0700000| PB 0x00000000c0700000| Untracked 
|1032|0x00000000c0800000, 0x00000000c0800000, 0x00000000c0900000|  0%| F|  |TAMS 0x00000000c0800000| PB 0x00000000c0800000| Untracked 
|1033|0x00000000c0900000, 0x00000000c0900000, 0x00000000c0a00000|  0%| F|  |TAMS 0x00000000c0900000| PB 0x00000000c0900000| Untracked 
|1034|0x00000000c0a00000, 0x00000000c0a00000, 0x00000000c0b00000|  0%| F|  |TAMS 0x00000000c0a00000| PB 0x00000000c0a00000| Untracked 
|1035|0x00000000c0b00000, 0x00000000c0b00000, 0x00000000c0c00000|  0%| F|  |TAMS 0x00000000c0b00000| PB 0x00000000c0b00000| Untracked 
|1036|0x00000000c0c00000, 0x00000000c0c00000, 0x00000000c0d00000|  0%| F|  |TAMS 0x00000000c0c00000| PB 0x00000000c0c00000| Untracked 
|1037|0x00000000c0d00000, 0x00000000c0d00000, 0x00000000c0e00000|  0%| F|  |TAMS 0x00000000c0d00000| PB 0x00000000c0d00000| Untracked 
|1038|0x00000000c0e00000, 0x00000000c0e00000, 0x00000000c0f00000|  0%| F|  |TAMS 0x00000000c0e00000| PB 0x00000000c0e00000| Untracked 
|1039|0x00000000c0f00000, 0x00000000c0f00000, 0x00000000c1000000|  0%| F|  |TAMS 0x00000000c0f00000| PB 0x00000000c0f00000| Untracked 
|1040|0x00000000c1000000, 0x00000000c1000000, 0x00000000c1100000|  0%| F|  |TAMS 0x00000000c1000000| PB 0x00000000c1000000| Untracked 
|1041|0x00000000c1100000, 0x00000000c1100000, 0x00000000c1200000|  0%| F|  |TAMS 0x00000000c1100000| PB 0x00000000c1100000| Untracked 
|1042|0x00000000c1200000, 0x00000000c1200000, 0x00000000c1300000|  0%| F|  |TAMS 0x00000000c1200000| PB 0x00000000c1200000| Untracked 
|1043|0x00000000c1300000, 0x00000000c1300000, 0x00000000c1400000|  0%| F|  |TAMS 0x00000000c1300000| PB 0x00000000c1300000| Untracked 
|1044|0x00000000c1400000, 0x00000000c1400000, 0x00000000c1500000|  0%| F|  |TAMS 0x00000000c1400000| PB 0x00000000c1400000| Untracked 
|1045|0x00000000c1500000, 0x00000000c1500000, 0x00000000c1600000|  0%| F|  |TAMS 0x00000000c1500000| PB 0x00000000c1500000| Untracked 
|1046|0x00000000c1600000, 0x00000000c1600000, 0x00000000c1700000|  0%| F|  |TAMS 0x00000000c1600000| PB 0x00000000c1600000| Untracked 
|1047|0x00000000c1700000, 0x00000000c1700000, 0x00000000c1800000|  0%| F|  |TAMS 0x00000000c1700000| PB 0x00000000c1700000| Untracked 
|1048|0x00000000c1800000, 0x00000000c1800000, 0x00000000c1900000|  0%| F|  |TAMS 0x00000000c1800000| PB 0x00000000c1800000| Untracked 
|1049|0x00000000c1900000, 0x00000000c1900000, 0x00000000c1a00000|  0%| F|  |TAMS 0x00000000c1900000| PB 0x00000000c1900000| Untracked 
|1050|0x00000000c1a00000, 0x00000000c1a00000, 0x00000000c1b00000|  0%| F|  |TAMS 0x00000000c1a00000| PB 0x00000000c1a00000| Untracked 
|1051|0x00000000c1b00000, 0x00000000c1b00000, 0x00000000c1c00000|  0%| F|  |TAMS 0x00000000c1b00000| PB 0x00000000c1b00000| Untracked 
|1052|0x00000000c1c00000, 0x00000000c1c00000, 0x00000000c1d00000|  0%| F|  |TAMS 0x00000000c1c00000| PB 0x00000000c1c00000| Untracked 
|1053|0x00000000c1d00000, 0x00000000c1d00000, 0x00000000c1e00000|  0%| F|  |TAMS 0x00000000c1d00000| PB 0x00000000c1d00000| Untracked 
|1054|0x00000000c1e00000, 0x00000000c1e00000, 0x00000000c1f00000|  0%| F|  |TAMS 0x00000000c1e00000| PB 0x00000000c1e00000| Untracked 
|1055|0x00000000c1f00000, 0x00000000c1f00000, 0x00000000c2000000|  0%| F|  |TAMS 0x00000000c1f00000| PB 0x00000000c1f00000| Untracked 
|1056|0x00000000c2000000, 0x00000000c2000000, 0x00000000c2100000|  0%| F|  |TAMS 0x00000000c2000000| PB 0x00000000c2000000| Untracked 
|1057|0x00000000c2100000, 0x00000000c2100000, 0x00000000c2200000|  0%| F|  |TAMS 0x00000000c2100000| PB 0x00000000c2100000| Untracked 
|1058|0x00000000c2200000, 0x00000000c2200000, 0x00000000c2300000|  0%| F|  |TAMS 0x00000000c2200000| PB 0x00000000c2200000| Untracked 
|1059|0x00000000c2300000, 0x00000000c2300000, 0x00000000c2400000|  0%| F|  |TAMS 0x00000000c2300000| PB 0x00000000c2300000| Untracked 
|1060|0x00000000c2400000, 0x00000000c2400000, 0x00000000c2500000|  0%| F|  |TAMS 0x00000000c2400000| PB 0x00000000c2400000| Untracked 
|1061|0x00000000c2500000, 0x00000000c2500000, 0x00000000c2600000|  0%| F|  |TAMS 0x00000000c2500000| PB 0x00000000c2500000| Untracked 
|1062|0x00000000c2600000, 0x00000000c2600000, 0x00000000c2700000|  0%| F|  |TAMS 0x00000000c2600000| PB 0x00000000c2600000| Untracked 
|1063|0x00000000c2700000, 0x00000000c2700000, 0x00000000c2800000|  0%| F|  |TAMS 0x00000000c2700000| PB 0x00000000c2700000| Untracked 
|1064|0x00000000c2800000, 0x00000000c2800000, 0x00000000c2900000|  0%| F|  |TAMS 0x00000000c2800000| PB 0x00000000c2800000| Untracked 
|1065|0x00000000c2900000, 0x00000000c2900000, 0x00000000c2a00000|  0%| F|  |TAMS 0x00000000c2900000| PB 0x00000000c2900000| Untracked 
|1066|0x00000000c2a00000, 0x00000000c2a00000, 0x00000000c2b00000|  0%| F|  |TAMS 0x00000000c2a00000| PB 0x00000000c2a00000| Untracked 
|1067|0x00000000c2b00000, 0x00000000c2b00000, 0x00000000c2c00000|  0%| F|  |TAMS 0x00000000c2b00000| PB 0x00000000c2b00000| Untracked 
|1068|0x00000000c2c00000, 0x00000000c2c00000, 0x00000000c2d00000|  0%| F|  |TAMS 0x00000000c2c00000| PB 0x00000000c2c00000| Untracked 
|1069|0x00000000c2d00000, 0x00000000c2d00000, 0x00000000c2e00000|  0%| F|  |TAMS 0x00000000c2d00000| PB 0x00000000c2d00000| Untracked 
|1070|0x00000000c2e00000, 0x00000000c2e00000, 0x00000000c2f00000|  0%| F|  |TAMS 0x00000000c2e00000| PB 0x00000000c2e00000| Untracked 
|1071|0x00000000c2f00000, 0x00000000c2f00000, 0x00000000c3000000|  0%| F|  |TAMS 0x00000000c2f00000| PB 0x00000000c2f00000| Untracked 
|1072|0x00000000c3000000, 0x00000000c3000000, 0x00000000c3100000|  0%| F|  |TAMS 0x00000000c3000000| PB 0x00000000c3000000| Untracked 
|1073|0x00000000c3100000, 0x00000000c3100000, 0x00000000c3200000|  0%| F|  |TAMS 0x00000000c3100000| PB 0x00000000c3100000| Untracked 
|1074|0x00000000c3200000, 0x00000000c3200000, 0x00000000c3300000|  0%| F|  |TAMS 0x00000000c3200000| PB 0x00000000c3200000| Untracked 
|1075|0x00000000c3300000, 0x00000000c3300000, 0x00000000c3400000|  0%| F|  |TAMS 0x00000000c3300000| PB 0x00000000c3300000| Untracked 
|1076|0x00000000c3400000, 0x00000000c3400000, 0x00000000c3500000|  0%| F|  |TAMS 0x00000000c3400000| PB 0x00000000c3400000| Untracked 
|1077|0x00000000c3500000, 0x00000000c3500000, 0x00000000c3600000|  0%| F|  |TAMS 0x00000000c3500000| PB 0x00000000c3500000| Untracked 
|1078|0x00000000c3600000, 0x00000000c3600000, 0x00000000c3700000|  0%| F|  |TAMS 0x00000000c3600000| PB 0x00000000c3600000| Untracked 
|1079|0x00000000c3700000, 0x00000000c3700000, 0x00000000c3800000|  0%| F|  |TAMS 0x00000000c3700000| PB 0x00000000c3700000| Untracked 
|1080|0x00000000c3800000, 0x00000000c3800000, 0x00000000c3900000|  0%| F|  |TAMS 0x00000000c3800000| PB 0x00000000c3800000| Untracked 
|1081|0x00000000c3900000, 0x00000000c3900000, 0x00000000c3a00000|  0%| F|  |TAMS 0x00000000c3900000| PB 0x00000000c3900000| Untracked 
|1082|0x00000000c3a00000, 0x00000000c3a00000, 0x00000000c3b00000|  0%| F|  |TAMS 0x00000000c3a00000| PB 0x00000000c3a00000| Untracked 
|1083|0x00000000c3b00000, 0x00000000c3b00000, 0x00000000c3c00000|  0%| F|  |TAMS 0x00000000c3b00000| PB 0x00000000c3b00000| Untracked 
|1084|0x00000000c3c00000, 0x00000000c3c00000, 0x00000000c3d00000|  0%| F|  |TAMS 0x00000000c3c00000| PB 0x00000000c3c00000| Untracked 
|1085|0x00000000c3d00000, 0x00000000c3d00000, 0x00000000c3e00000|  0%| F|  |TAMS 0x00000000c3d00000| PB 0x00000000c3d00000| Untracked 
|1086|0x00000000c3e00000, 0x00000000c3e00000, 0x00000000c3f00000|  0%| F|  |TAMS 0x00000000c3e00000| PB 0x00000000c3e00000| Untracked 
|1087|0x00000000c3f00000, 0x00000000c3f00000, 0x00000000c4000000|  0%| F|  |TAMS 0x00000000c3f00000| PB 0x00000000c3f00000| Untracked 
|1088|0x00000000c4000000, 0x00000000c4000000, 0x00000000c4100000|  0%| F|  |TAMS 0x00000000c4000000| PB 0x00000000c4000000| Untracked 
|1089|0x00000000c4100000, 0x00000000c4100000, 0x00000000c4200000|  0%| F|  |TAMS 0x00000000c4100000| PB 0x00000000c4100000| Untracked 
|1090|0x00000000c4200000, 0x00000000c4200000, 0x00000000c4300000|  0%| F|  |TAMS 0x00000000c4200000| PB 0x00000000c4200000| Untracked 
|1091|0x00000000c4300000, 0x00000000c4300000, 0x00000000c4400000|  0%| F|  |TAMS 0x00000000c4300000| PB 0x00000000c4300000| Untracked 
|1092|0x00000000c4400000, 0x00000000c4400000, 0x00000000c4500000|  0%| F|  |TAMS 0x00000000c4400000| PB 0x00000000c4400000| Untracked 
|1093|0x00000000c4500000, 0x00000000c4500000, 0x00000000c4600000|  0%| F|  |TAMS 0x00000000c4500000| PB 0x00000000c4500000| Untracked 
|1094|0x00000000c4600000, 0x00000000c4600000, 0x00000000c4700000|  0%| F|  |TAMS 0x00000000c4600000| PB 0x00000000c4600000| Untracked 
|1095|0x00000000c4700000, 0x00000000c4700000, 0x00000000c4800000|  0%| F|  |TAMS 0x00000000c4700000| PB 0x00000000c4700000| Untracked 
|1096|0x00000000c4800000, 0x00000000c4800000, 0x00000000c4900000|  0%| F|  |TAMS 0x00000000c4800000| PB 0x00000000c4800000| Untracked 
|1097|0x00000000c4900000, 0x00000000c4900000, 0x00000000c4a00000|  0%| F|  |TAMS 0x00000000c4900000| PB 0x00000000c4900000| Untracked 
|1098|0x00000000c4a00000, 0x00000000c4a00000, 0x00000000c4b00000|  0%| F|  |TAMS 0x00000000c4a00000| PB 0x00000000c4a00000| Untracked 
|1099|0x00000000c4b00000, 0x00000000c4b00000, 0x00000000c4c00000|  0%| F|  |TAMS 0x00000000c4b00000| PB 0x00000000c4b00000| Untracked 
|1100|0x00000000c4c00000, 0x00000000c4c00000, 0x00000000c4d00000|  0%| F|  |TAMS 0x00000000c4c00000| PB 0x00000000c4c00000| Untracked 
|1101|0x00000000c4d00000, 0x00000000c4d00000, 0x00000000c4e00000|  0%| F|  |TAMS 0x00000000c4d00000| PB 0x00000000c4d00000| Untracked 
|1102|0x00000000c4e00000, 0x00000000c4e7f3a0, 0x00000000c4f00000| 49%| E|  |TAMS 0x00000000c4e00000| PB 0x00000000c4e00000| Complete 
|1103|0x00000000c4f00000, 0x00000000c5000000, 0x00000000c5000000|100%| E|CS|TAMS 0x00000000c4f00000| PB 0x00000000c4f00000| Complete 
|1104|0x00000000c5000000, 0x00000000c5100000, 0x00000000c5100000|100%| E|CS|TAMS 0x00000000c5000000| PB 0x00000000c5000000| Complete 
|1105|0x00000000c5100000, 0x00000000c5200000, 0x00000000c5200000|100%| E|CS|TAMS 0x00000000c5100000| PB 0x00000000c5100000| Complete 
|1106|0x00000000c5200000, 0x00000000c5300000, 0x00000000c5300000|100%| E|CS|TAMS 0x00000000c5200000| PB 0x00000000c5200000| Complete 
|1107|0x00000000c5300000, 0x00000000c5400000, 0x00000000c5400000|100%| E|CS|TAMS 0x00000000c5300000| PB 0x00000000c5300000| Complete 
|1108|0x00000000c5400000, 0x00000000c5500000, 0x00000000c5500000|100%| E|CS|TAMS 0x00000000c5400000| PB 0x00000000c5400000| Complete 
|1109|0x00000000c5500000, 0x00000000c5600000, 0x00000000c5600000|100%| E|CS|TAMS 0x00000000c5500000| PB 0x00000000c5500000| Complete 
|1110|0x00000000c5600000, 0x00000000c5700000, 0x00000000c5700000|100%| E|CS|TAMS 0x00000000c5600000| PB 0x00000000c5600000| Complete 
|1111|0x00000000c5700000, 0x00000000c5800000, 0x00000000c5800000|100%| E|CS|TAMS 0x00000000c5700000| PB 0x00000000c5700000| Complete 
|1112|0x00000000c5800000, 0x00000000c5900000, 0x00000000c5900000|100%| E|CS|TAMS 0x00000000c5800000| PB 0x00000000c5800000| Complete 
|2006|0x00000000fd600000, 0x00000000fd700000, 0x00000000fd700000|100%| O|  |TAMS 0x00000000fd600000| PB 0x00000000fd600000| Untracked 
|2007|0x00000000fd700000, 0x00000000fd800000, 0x00000000fd800000|100%| O|  |TAMS 0x00000000fd700000| PB 0x00000000fd700000| Untracked 
|2008|0x00000000fd800000, 0x00000000fd900000, 0x00000000fd900000|100%| O|  |TAMS 0x00000000fd800000| PB 0x00000000fd800000| Untracked 
|2009|0x00000000fd900000, 0x00000000fda00000, 0x00000000fda00000|100%| E|CS|TAMS 0x00000000fd900000| PB 0x00000000fd900000| Complete 
|2010|0x00000000fda00000, 0x00000000fdb00000, 0x00000000fdb00000|100%| E|CS|TAMS 0x00000000fda00000| PB 0x00000000fda00000| Complete 
|2011|0x00000000fdb00000, 0x00000000fdc00000, 0x00000000fdc00000|100%| E|CS|TAMS 0x00000000fdb00000| PB 0x00000000fdb00000| Complete 
|2012|0x00000000fdc00000, 0x00000000fdd00000, 0x00000000fdd00000|100%| E|CS|TAMS 0x00000000fdc00000| PB 0x00000000fdc00000| Complete 
|2013|0x00000000fdd00000, 0x00000000fde00000, 0x00000000fde00000|100%| E|CS|TAMS 0x00000000fdd00000| PB 0x00000000fdd00000| Complete 
|2014|0x00000000fde00000, 0x00000000fdf00000, 0x00000000fdf00000|100%| E|CS|TAMS 0x00000000fde00000| PB 0x00000000fde00000| Complete 
|2015|0x00000000fdf00000, 0x00000000fe000000, 0x00000000fe000000|100%| E|CS|TAMS 0x00000000fdf00000| PB 0x00000000fdf00000| Complete 
|2016|0x00000000fe000000, 0x00000000fe100000, 0x00000000fe100000|100%| E|CS|TAMS 0x00000000fe000000| PB 0x00000000fe000000| Complete 
|2017|0x00000000fe100000, 0x00000000fe200000, 0x00000000fe200000|100%| E|CS|TAMS 0x00000000fe100000| PB 0x00000000fe100000| Complete 
|2018|0x00000000fe200000, 0x00000000fe300000, 0x00000000fe300000|100%| E|  |TAMS 0x00000000fe200000| PB 0x00000000fe200000| Complete 
|2019|0x00000000fe300000, 0x00000000fe400000, 0x00000000fe400000|100%| E|CS|TAMS 0x00000000fe300000| PB 0x00000000fe300000| Complete 
|2020|0x00000000fe400000, 0x00000000fe500000, 0x00000000fe500000|100%| E|CS|TAMS 0x00000000fe400000| PB 0x00000000fe400000| Complete 
|2021|0x00000000fe500000, 0x00000000fe600000, 0x00000000fe600000|100%| E|CS|TAMS 0x00000000fe500000| PB 0x00000000fe500000| Complete 
|2022|0x00000000fe600000, 0x00000000fe700000, 0x00000000fe700000|100%| E|CS|TAMS 0x00000000fe600000| PB 0x00000000fe600000| Complete 
|2023|0x00000000fe700000, 0x00000000fe800000, 0x00000000fe800000|100%| E|CS|TAMS 0x00000000fe700000| PB 0x00000000fe700000| Complete 
|2024|0x00000000fe800000, 0x00000000fe900000, 0x00000000fe900000|100%| E|CS|TAMS 0x00000000fe800000| PB 0x00000000fe800000| Complete 
|2025|0x00000000fe900000, 0x00000000fea00000, 0x00000000fea00000|100%| E|CS|TAMS 0x00000000fe900000| PB 0x00000000fe900000| Complete 
|2026|0x00000000fea00000, 0x00000000feb00000, 0x00000000feb00000|100%| E|CS|TAMS 0x00000000fea00000| PB 0x00000000fea00000| Complete 
|2027|0x00000000feb00000, 0x00000000fec00000, 0x00000000fec00000|100%| E|CS|TAMS 0x00000000feb00000| PB 0x00000000feb00000| Complete 
|2028|0x00000000fec00000, 0x00000000fed00000, 0x00000000fed00000|100%| E|CS|TAMS 0x00000000fec00000| PB 0x00000000fec00000| Complete 
|2029|0x00000000fed00000, 0x00000000fee00000, 0x00000000fee00000|100%| E|CS|TAMS 0x00000000fed00000| PB 0x00000000fed00000| Complete 
|2030|0x00000000fee00000, 0x00000000fef00000, 0x00000000fef00000|100%| E|CS|TAMS 0x00000000fee00000| PB 0x00000000fee00000| Complete 
|2031|0x00000000fef00000, 0x00000000ff000000, 0x00000000ff000000|100%| E|CS|TAMS 0x00000000fef00000| PB 0x00000000fef00000| Complete 
|2032|0x00000000ff000000, 0x00000000ff100000, 0x00000000ff100000|100%| E|CS|TAMS 0x00000000ff000000| PB 0x00000000ff000000| Complete 
|2033|0x00000000ff100000, 0x00000000ff200000, 0x00000000ff200000|100%| E|CS|TAMS 0x00000000ff100000| PB 0x00000000ff100000| Complete 
|2034|0x00000000ff200000, 0x00000000ff300000, 0x00000000ff300000|100%| E|CS|TAMS 0x00000000ff200000| PB 0x00000000ff200000| Complete 
|2035|0x00000000ff300000, 0x00000000ff400000, 0x00000000ff400000|100%| E|CS|TAMS 0x00000000ff300000| PB 0x00000000ff300000| Complete 
|2036|0x00000000ff400000, 0x00000000ff500000, 0x00000000ff500000|100%| E|CS|TAMS 0x00000000ff400000| PB 0x00000000ff400000| Complete 
|2037|0x00000000ff500000, 0x00000000ff600000, 0x00000000ff600000|100%| E|CS|TAMS 0x00000000ff500000| PB 0x00000000ff500000| Complete 
|2038|0x00000000ff600000, 0x00000000ff700000, 0x00000000ff700000|100%| E|CS|TAMS 0x00000000ff600000| PB 0x00000000ff600000| Complete 
|2039|0x00000000ff700000, 0x00000000ff800000, 0x00000000ff800000|100%| E|CS|TAMS 0x00000000ff700000| PB 0x00000000ff700000| Complete 
|2040|0x00000000ff800000, 0x00000000ff900000, 0x00000000ff900000|100%| E|CS|TAMS 0x00000000ff800000| PB 0x00000000ff800000| Complete 
|2041|0x00000000ff900000, 0x00000000ffa00000, 0x00000000ffa00000|100%| E|CS|TAMS 0x00000000ff900000| PB 0x00000000ff900000| Complete 
|2042|0x00000000ffa00000, 0x00000000ffb00000, 0x00000000ffb00000|100%| E|CS|TAMS 0x00000000ffa00000| PB 0x00000000ffa00000| Complete 
|2043|0x00000000ffb00000, 0x00000000ffc00000, 0x00000000ffc00000|100%| E|CS|TAMS 0x00000000ffb00000| PB 0x00000000ffb00000| Complete 
|2044|0x00000000ffc00000, 0x00000000ffd00000, 0x00000000ffd00000|100%| E|CS|TAMS 0x00000000ffc00000| PB 0x00000000ffc00000| Complete 
|2045|0x00000000ffd00000, 0x00000000ffe00000, 0x00000000ffe00000|100%| E|CS|TAMS 0x00000000ffd00000| PB 0x00000000ffd00000| Complete 
|2046|0x00000000ffe00000, 0x00000000fff00000, 0x00000000fff00000|100%| E|CS|TAMS 0x00000000ffe00000| PB 0x00000000ffe00000| Complete 
|2047|0x00000000fff00000, 0x0000000100000000, 0x0000000100000000|100%| E|CS|TAMS 0x00000000fff00000| PB 0x00000000fff00000| Complete 

Card table byte_map: [0x000001ce7ee80000,0x000001ce7f280000] _byte_map_base: 0x000001ce7ea80000

Marking Bits: (CMBitMap*) 0x000001ce7dc828e0
 Bits: [0x000001ce23f80000, 0x000001ce25f80000)

Polling page: 0x000001ce7b470000

Metaspace:

Usage:
  Non-class:    374.98 MB used.
      Class:     53.32 MB used.
       Both:    428.31 MB used.

Virtual space:
  Non-class space:      384.00 MB reserved,     377.75 MB ( 98%) committed,  6 nodes.
      Class space:        1.00 GB reserved,      55.62 MB (  5%) committed,  1 nodes.
             Both:        1.38 GB reserved,     433.38 MB ( 31%) committed. 

Chunk freelists:
   Non-Class:  5.56 MB
       Class:  8.27 MB
        Both:  13.84 MB

MaxMetaspaceSize: unlimited
CompressedClassSpaceSize: 1.00 GB
Initial GC threshold: 21.00 MB
Current GC threshold: 722.00 MB
CDS: on
 - commit_granule_bytes: 65536.
 - commit_granule_words: 8192.
 - virtual_space_node_default_size: 8388608.
 - enlarge_chunks_in_place: 1.
 - use_allocation_guard: 0.


Internal statistics:

num_allocs_failed_limit: 5.
num_arena_births: 8822.
num_arena_deaths: 3270.
num_vsnodes_births: 7.
num_vsnodes_deaths: 0.
num_space_committed: 6928.
num_space_uncommitted: 0.
num_chunks_returned_to_freelist: 4207.
num_chunks_taken_from_freelist: 34177.
num_chunk_merges: 1098.
num_chunk_splits: 18566.
num_chunks_enlarged: 9417.
num_inconsistent_stats: 0.

CodeHeap 'non-profiled nmethods': size=259328Kb used=22810Kb max_used=23747Kb free=236517Kb
 bounds [0x000001ce14240000, 0x000001ce15990000, 0x000001ce23f80000]
CodeHeap 'profiled nmethods': size=259264Kb used=63396Kb max_used=80404Kb free=195867Kb
 bounds [0x000001ce03f80000, 0x000001ce08e10000, 0x000001ce13cb0000]
CodeHeap 'non-nmethods': size=5696Kb used=3831Kb max_used=3875Kb free=1864Kb
 bounds [0x000001ce13cb0000, 0x000001ce14090000, 0x000001ce14240000]
CodeCache: size=524288Kb, used=90037Kb, max_used=108026Kb, free=434248Kb
 total_blobs=31747, nmethods=29378, adapters=2268, full_count=0
Compilation: enabled, stopped_count=0, restarted_count=0

Compilation events (20 events):
Event: 1029.943 Thread 0x000001ce7f997b60 64569       3       com.intellij.ui.Color16::minus (50 bytes)
Event: 1029.943 Thread 0x000001ce7f997b60 nmethod 64569 0x000001ce047d3390 code [0x000001ce047d35c0, 0x000001ce047d3cf0]
Event: 1029.943 Thread 0x000001ce7f997b60 64570       3       com.intellij.ui.Color16::toColor8 (40 bytes)
Event: 1029.943 Thread 0x000001ce7f997b60 nmethod 64570 0x000001ce06fe2010 code [0x000001ce06fe2240, 0x000001ce06fe2930]
Event: 1029.943 Thread 0x000001ce7f997b60 64571       3       java.awt.image.DirectColorModel::getDataElements (928 bytes)
Event: 1029.944 Thread 0x000001ce7f997b60 nmethod 64571 0x000001ce03f80010 code [0x000001ce03f80400, 0x000001ce03f81d48]
Event: 1029.944 Thread 0x000001ce7f997b60 64572       3       sun.awt.image.IntegerInterleavedRaster::setDataElements (91 bytes)
Event: 1029.944 Thread 0x000001ce7f997b60 nmethod 64572 0x000001ce071f5810 code [0x000001ce071f5a00, 0x000001ce071f5f18]
Event: 1029.944 Thread 0x000001ce7f997b60 64576       1       com.jetbrains.rider.model.RiderDocumentModel::getDocumentInfo (5 bytes)
Event: 1029.945 Thread 0x000001ce7f997b60 nmethod 64576 0x000001ce15734890 code [0x000001ce15734a20, 0x000001ce15734ae8]
Event: 1029.972 Thread 0x000001ce7f997b60 64578       3       com.intellij.ui.DeferredIconImpl::paintIcon (83 bytes)
Event: 1029.972 Thread 0x000001ce7f997b60 nmethod 64578 0x000001ce07e66690 code [0x000001ce07e66960, 0x000001ce07e676e0]
Event: 1029.978 Thread 0x000001ce7f997b60 64579       3       sun.font.FileFontStrike::getGlyphImageFromNative (18 bytes)
Event: 1029.979 Thread 0x000001ce7f997b60 nmethod 64579 0x000001ce05fac390 code [0x000001ce05fac560, 0x000001ce05fac750]
Event: 1029.984 Thread 0x000001ce7f997b60 64580       1       com.intellij.util.ui.JBUI$CurrentTheme$Toolbar::stripeToolbarButtonIconPaddingKey (3 bytes)
Event: 1029.984 Thread 0x000001ce7f997b60 nmethod 64580 0x000001ce15774610 code [0x000001ce157747a0, 0x000001ce15774850]
Event: 1029.986 Thread 0x000001ce7f997b60 64581       3       java.awt.geom.Path2D$Float::<init> (8 bytes)
Event: 1029.986 Thread 0x000001ce7f997b60 nmethod 64581 0x000001ce0721c990 code [0x000001ce0721cb80, 0x000001ce0721d128]
Event: 1029.990 Thread 0x000001ce7f997b60 64582       3       sun.security.ssl.HandshakeHash$T13HandshakeHash::update (13 bytes)
Event: 1030.980 Thread 0x000001ce7f997b60 nmethod 64582 0x000001ce06047010 code [0x000001ce060471c0, 0x000001ce06047398]

GC Heap History (20 events):
Event: 665.179 GC heap after
{Heap after GC invocations=141 (full 2):
 garbage-first heap   total 1171456K, used 618500K [0x0000000080000000, 0x0000000100000000)
  region size 1024K, 12 young (12288K), 12 survivors (12288K)
 Metaspace       used 438048K, committed 443200K, reserved 1441792K
  class space    used 54576K, committed 56896K, reserved 1048576K
}
Event: 690.543 GC heap before
{Heap before GC invocations=141 (full 2):
 garbage-first heap   total 1171456K, used 1034244K [0x0000000080000000, 0x0000000100000000)
  region size 1024K, 411 young (420864K), 12 survivors (12288K)
 Metaspace       used 438171K, committed 443392K, reserved 1441792K
  class space    used 54605K, committed 56960K, reserved 1048576K
}
Event: 690.547 GC heap after
{Heap after GC invocations=142 (full 2):
 garbage-first heap   total 1171456K, used 601488K [0x0000000080000000, 0x0000000100000000)
  region size 1024K, 13 young (13312K), 13 survivors (13312K)
 Metaspace       used 438171K, committed 443392K, reserved 1441792K
  class space    used 54605K, committed 56960K, reserved 1048576K
}
Event: 846.572 GC heap before
{Heap before GC invocations=142 (full 2):
 garbage-first heap   total 1171456K, used 1037712K [0x0000000080000000, 0x0000000100000000)
  region size 1024K, 440 young (450560K), 13 survivors (13312K)
 Metaspace       used 438338K, committed 443520K, reserved 1441792K
  class space    used 54611K, committed 56960K, reserved 1048576K
}
Event: 846.577 GC heap after
{Heap after GC invocations=143 (full 2):
 garbage-first heap   total 1171456K, used 609648K [0x0000000080000000, 0x0000000100000000)
  region size 1024K, 21 young (21504K), 21 survivors (21504K)
 Metaspace       used 438338K, committed 443520K, reserved 1441792K
  class space    used 54611K, committed 56960K, reserved 1048576K
}
Event: 936.234 GC heap before
{Heap before GC invocations=144 (full 2):
 garbage-first heap   total 1171456K, used 1097072K [0x0000000080000000, 0x0000000100000000)
  region size 1024K, 455 young (465920K), 21 survivors (21504K)
 Metaspace       used 438442K, committed 443648K, reserved 1441792K
  class space    used 54612K, committed 56960K, reserved 1048576K
}
Event: 936.268 GC heap after
{Heap after GC invocations=145 (full 2):
 garbage-first heap   total 1182720K, used 689210K [0x0000000080000000, 0x0000000100000000)
  region size 1024K, 57 young (58368K), 57 survivors (58368K)
 Metaspace       used 438442K, committed 443648K, reserved 1441792K
  class space    used 54612K, committed 56960K, reserved 1048576K
}
Event: 937.345 GC heap before
{Heap before GC invocations=145 (full 2):
 garbage-first heap   total 1182720K, used 1056826K [0x0000000080000000, 0x0000000100000000)
  region size 1024K, 416 young (425984K), 57 survivors (58368K)
 Metaspace       used 438442K, committed 443648K, reserved 1441792K
  class space    used 54612K, committed 56960K, reserved 1048576K
}
Event: 937.372 GC heap after
{Heap after GC invocations=146 (full 2):
 garbage-first heap   total 1182720K, used 689395K [0x0000000080000000, 0x0000000100000000)
  region size 1024K, 8 young (8192K), 8 survivors (8192K)
 Metaspace       used 438442K, committed 443648K, reserved 1441792K
  class space    used 54612K, committed 56960K, reserved 1048576K
}
Event: 952.893 GC heap before
{Heap before GC invocations=146 (full 2):
 garbage-first heap   total 1182720K, used 1075443K [0x0000000080000000, 0x0000000100000000)
  region size 1024K, 386 young (395264K), 8 survivors (8192K)
 Metaspace       used 438442K, committed 443648K, reserved 1441792K
  class space    used 54612K, committed 56960K, reserved 1048576K
}
Event: 952.897 GC heap after
{Heap after GC invocations=147 (full 2):
 garbage-first heap   total 1182720K, used 687091K [0x0000000080000000, 0x0000000100000000)
  region size 1024K, 6 young (6144K), 6 survivors (6144K)
 Metaspace       used 438442K, committed 443648K, reserved 1441792K
  class space    used 54612K, committed 56960K, reserved 1048576K
}
Event: 968.412 GC heap before
{Heap before GC invocations=148 (full 2):
 garbage-first heap   total 1182720K, used 1016819K [0x0000000080000000, 0x0000000100000000)
  region size 1024K, 397 young (406528K), 6 survivors (6144K)
 Metaspace       used 438356K, committed 443648K, reserved 1441792K
  class space    used 54565K, committed 56960K, reserved 1048576K
}
Event: 968.417 GC heap after
{Heap after GC invocations=149 (full 2):
 garbage-first heap   total 1182720K, used 618267K [0x0000000080000000, 0x0000000100000000)
  region size 1024K, 8 young (8192K), 8 survivors (8192K)
 Metaspace       used 438356K, committed 443648K, reserved 1441792K
  class space    used 54565K, committed 56960K, reserved 1048576K
}
Event: 984.079 GC heap before
{Heap before GC invocations=149 (full 2):
 garbage-first heap   total 1182720K, used 1082139K [0x0000000080000000, 0x0000000100000000)
  region size 1024K, 461 young (472064K), 8 survivors (8192K)
 Metaspace       used 438380K, committed 443648K, reserved 1441792K
  class space    used 54567K, committed 56960K, reserved 1048576K
}
Event: 984.084 GC heap after
{Heap after GC invocations=150 (full 2):
 garbage-first heap   total 1182720K, used 600233K [0x0000000080000000, 0x0000000100000000)
  region size 1024K, 8 young (8192K), 8 survivors (8192K)
 Metaspace       used 438380K, committed 443648K, reserved 1441792K
  class space    used 54567K, committed 56960K, reserved 1048576K
}
Event: 999.724 GC heap before
{Heap before GC invocations=150 (full 2):
 garbage-first heap   total 1182720K, used 1092777K [0x0000000080000000, 0x0000000100000000)
  region size 1024K, 489 young (500736K), 8 survivors (8192K)
 Metaspace       used 438385K, committed 443648K, reserved 1441792K
  class space    used 54568K, committed 56960K, reserved 1048576K
}
Event: 999.730 GC heap after
{Heap after GC invocations=151 (full 2):
 garbage-first heap   total 1182720K, used 600576K [0x0000000080000000, 0x0000000100000000)
  region size 1024K, 8 young (8192K), 8 survivors (8192K)
 Metaspace       used 438385K, committed 443648K, reserved 1441792K
  class space    used 54568K, committed 56960K, reserved 1048576K
}
Event: 1015.555 GC heap before
{Heap before GC invocations=152 (full 2):
 garbage-first heap   total 1182720K, used 1105408K [0x0000000080000000, 0x0000000100000000)
  region size 1024K, 501 young (513024K), 8 survivors (8192K)
 Metaspace       used 438391K, committed 443648K, reserved 1441792K
  class space    used 54568K, committed 56960K, reserved 1048576K
}
Event: 1015.560 GC heap after
{Heap after GC invocations=153 (full 2):
 garbage-first heap   total 1182720K, used 600410K [0x0000000080000000, 0x0000000100000000)
  region size 1024K, 8 young (8192K), 8 survivors (8192K)
 Metaspace       used 438391K, committed 443648K, reserved 1441792K
  class space    used 54568K, committed 56960K, reserved 1048576K
}
Event: 1030.980 GC heap before
{Heap before GC invocations=153 (full 2):
 garbage-first heap   total 1182720K, used 1105242K [0x0000000080000000, 0x0000000100000000)
  region size 1024K, 502 young (514048K), 8 survivors (8192K)
 Metaspace       used 438411K, committed 443712K, reserved 1441792K
  class space    used 54570K, committed 56960K, reserved 1048576K
}

Dll operation events (3 events):
Event: 0.005 Loaded shared library E:\Rider\JetBrains Rider 2024.3.6\jbr\bin\java.dll
Event: 0.006 Loaded shared library E:\Rider\JetBrains Rider 2024.3.6\jbr\bin\zip.dll
Event: 0.297 Loaded shared library E:\Rider\JetBrains Rider 2024.3.6\jbr\bin\verify.dll

Deoptimization events (20 events):
Event: 962.518 Thread 0x000001cf4a432750 DEOPT PACKING pc=0x000001ce144b648c sp=0x0000002801afe800
Event: 962.518 Thread 0x000001cf4a432750 DEOPT UNPACKING pc=0x000001ce13d046a2 sp=0x0000002801afe820 mode 2
Event: 962.529 Thread 0x000001cf4a432750 Uncommon trap: trap_request=0xffffffde fr.pc=0x000001ce144b648c relative=0x0000000000002a4c
Event: 962.529 Thread 0x000001cf4a432750 Uncommon trap: reason=class_check action=maybe_recompile pc=0x000001ce144b648c method=com.intellij.util.io.BaseOutputReader.processInput([CLjava/lang/StringBuilder;I)V @ 152 c2
Event: 962.529 Thread 0x000001cf4a432750 DEOPT PACKING pc=0x000001ce144b648c sp=0x0000002801afe800
Event: 962.529 Thread 0x000001cf4a432750 DEOPT UNPACKING pc=0x000001ce13d046a2 sp=0x0000002801afe820 mode 2
Event: 1029.912 Thread 0x000001ce9e646500 Uncommon trap: trap_request=0xffffff45 fr.pc=0x000001ce14f228c0 relative=0x0000000000000500
Event: 1029.912 Thread 0x000001ce9e646500 Uncommon trap: reason=unstable_if action=reinterpret pc=0x000001ce14f228c0 method=com.intellij.openapi.wm.impl.IdeFrameImpl.detectWindowActivationByMousePressed(Ljava/awt/AWTEvent;)V @ 16 c2
Event: 1029.912 Thread 0x000001ce9e646500 DEOPT PACKING pc=0x000001ce14f228c0 sp=0x000000287d3fd6b0
Event: 1029.912 Thread 0x000001ce9e646500 DEOPT UNPACKING pc=0x000001ce13d046a2 sp=0x000000287d3fd670 mode 2
Event: 1029.919 Thread 0x000001ce9e646500 Uncommon trap: trap_request=0xffffffde fr.pc=0x000001ce157a94bc relative=0x000000000000135c
Event: 1029.919 Thread 0x000001ce9e646500 Uncommon trap: reason=class_check action=maybe_recompile pc=0x000001ce157a94bc method=java.awt.AWTEvent.toString()Ljava/lang/String; @ 16 c2
Event: 1029.919 Thread 0x000001ce9e646500 DEOPT PACKING pc=0x000001ce157a94bc sp=0x000000287d3fe9c0
Event: 1029.919 Thread 0x000001ce9e646500 DEOPT UNPACKING pc=0x000001ce13d046a2 sp=0x000000287d3fe938 mode 2
Event: 1029.937 Thread 0x000001ce9e646500 DEOPT PACKING pc=0x000001ce08a3efbc sp=0x000000287d3fd260
Event: 1029.937 Thread 0x000001ce9e646500 DEOPT UNPACKING pc=0x000001ce13d04e42 sp=0x000000287d3fc660 mode 0
Event: 1029.941 Thread 0x000001ce9e646500 Uncommon trap: trap_request=0xffffffde fr.pc=0x000001ce157a94bc relative=0x000000000000135c
Event: 1029.941 Thread 0x000001ce9e646500 Uncommon trap: reason=class_check action=maybe_recompile pc=0x000001ce157a94bc method=java.awt.AWTEvent.toString()Ljava/lang/String; @ 16 c2
Event: 1029.941 Thread 0x000001ce9e646500 DEOPT PACKING pc=0x000001ce157a94bc sp=0x000000287d3fe9c0
Event: 1029.941 Thread 0x000001ce9e646500 DEOPT UNPACKING pc=0x000001ce13d046a2 sp=0x000000287d3fe938 mode 2

Classes loaded (20 events):
Event: 961.470 Loading class kotlin/Float
Event: 961.470 Loading class kotlin/Float done
Event: 961.470 Loading class kotlin/Float
Event: 961.470 Loading class kotlin/Float done
Event: 961.470 Loading class kotlin/FloatArray
Event: 961.470 Loading class kotlin/FloatArray done
Event: 961.470 Loading class kotlin/FloatArray
Event: 961.470 Loading class kotlin/FloatArray done
Event: 961.471 Loading class kotlin/LongArray
Event: 961.471 Loading class kotlin/LongArray done
Event: 961.471 Loading class kotlin/LongArray
Event: 961.471 Loading class kotlin/LongArray done
Event: 961.471 Loading class kotlin/DoubleArray
Event: 961.471 Loading class kotlin/DoubleArray done
Event: 961.471 Loading class kotlin/DoubleArray
Event: 961.471 Loading class kotlin/DoubleArray done
Event: 961.472 Loading class javax/annotation/Nullable
Event: 961.472 Loading class javax/annotation/Nullable done
Event: 1021.371 Loading class javax/annotation/Nullable
Event: 1021.371 Loading class javax/annotation/Nullable done

Classes unloaded (20 events):
Event: 953.090 Thread 0x000001ce7f96ff00 Unloading class 0x000001ce2e76dc00 'java/lang/invoke/LambdaForm$MH+0x000001ce2e76dc00'
Event: 953.090 Thread 0x000001ce7f96ff00 Unloading class 0x000001ce2e76d800 'java/lang/invoke/LambdaForm$MH+0x000001ce2e76d800'
Event: 953.090 Thread 0x000001ce7f96ff00 Unloading class 0x000001ce2e76d400 'java/lang/invoke/LambdaForm$MH+0x000001ce2e76d400'
Event: 953.090 Thread 0x000001ce7f96ff00 Unloading class 0x000001ce2e76d000 'java/lang/invoke/LambdaForm$MH+0x000001ce2e76d000'
Event: 953.090 Thread 0x000001ce7f96ff00 Unloading class 0x000001ce2e76cc00 'java/lang/invoke/LambdaForm$MH+0x000001ce2e76cc00'
Event: 953.090 Thread 0x000001ce7f96ff00 Unloading class 0x000001ce2e76c800 'java/lang/invoke/LambdaForm$MH+0x000001ce2e76c800'
Event: 953.090 Thread 0x000001ce7f96ff00 Unloading class 0x000001ce2e76c000 'java/lang/invoke/LambdaForm$MH+0x000001ce2e76c000'
Event: 953.090 Thread 0x000001ce7f96ff00 Unloading class 0x000001ce2e75c400 'java/lang/invoke/LambdaForm$MH+0x000001ce2e75c400'
Event: 953.090 Thread 0x000001ce7f96ff00 Unloading class 0x000001ce2e754000 'java/lang/invoke/LambdaForm$MH+0x000001ce2e754000'
Event: 953.090 Thread 0x000001ce7f96ff00 Unloading class 0x000001ce2e74c400 'java/lang/invoke/LambdaForm$MH+0x000001ce2e74c400'
Event: 953.090 Thread 0x000001ce7f96ff00 Unloading class 0x000001ce2e74c000 'java/lang/invoke/LambdaForm$MH+0x000001ce2e74c000'
Event: 953.090 Thread 0x000001ce7f96ff00 Unloading class 0x000001ce2e6b5400 'java/lang/invoke/LambdaForm$MH+0x000001ce2e6b5400'
Event: 953.090 Thread 0x000001ce7f96ff00 Unloading class 0x000001ce2e580000 'java/lang/invoke/LambdaForm$MH+0x000001ce2e580000'
Event: 953.090 Thread 0x000001ce7f96ff00 Unloading class 0x000001ce2e0d6000 'java/lang/invoke/LambdaForm$MH+0x000001ce2e0d6000'
Event: 953.090 Thread 0x000001ce7f96ff00 Unloading class 0x000001ce2ce51800 'java/lang/invoke/LambdaForm$MH+0x000001ce2ce51800'
Event: 953.090 Thread 0x000001ce7f96ff00 Unloading class 0x000001ce2de81000 'java/lang/invoke/LambdaForm$MH+0x000001ce2de81000'
Event: 953.090 Thread 0x000001ce7f96ff00 Unloading class 0x000001ce2e6bac00 'java/lang/invoke/LambdaForm$MH+0x000001ce2e6bac00'
Event: 953.090 Thread 0x000001ce7f96ff00 Unloading class 0x000001ce2e6c0800 'java/lang/invoke/LambdaForm$MH+0x000001ce2e6c0800'
Event: 953.090 Thread 0x000001ce7f96ff00 Unloading class 0x000001ce2e6c0400 'java/lang/invoke/LambdaForm$MH+0x000001ce2e6c0400'
Event: 953.090 Thread 0x000001ce7f96ff00 Unloading class 0x000001ce2e5cac00 'java/lang/invoke/LambdaForm$BMH+0x000001ce2e5cac00'

Classes redefined (4 events):
Event: 0.212 Thread 0x000001ce7f96ff00 redefined class name=java.math.BigInteger, count=1
Event: 0.218 Thread 0x000001ce7f96ff00 redefined class name=java.net.InetAddress, count=1
Event: 0.221 Thread 0x000001ce7f96ff00 redefined class name=sun.management.VMManagementImpl, count=1
Event: 0.235 Thread 0x000001ce7f96ff00 redefined class name=java.lang.Class, count=1

Internal exceptions (20 events):
Event: 1026.682 Thread 0x000001ceab9d6880 Exception <a 'sun/nio/fs/WindowsException'{0x00000000af77cb30}> (0x00000000af77cb30) 
thrown [s\src\hotspot\share\prims\jni.cpp, line 537]
Event: 1026.682 Thread 0x000001ceab9d6880 Exception <a 'sun/nio/fs/WindowsException'{0x00000000af77d640}> (0x00000000af77d640) 
thrown [s\src\hotspot\share\prims\jni.cpp, line 537]
Event: 1026.682 Thread 0x000001ceab9d6880 Exception <a 'sun/nio/fs/WindowsException'{0x00000000af77dff0}> (0x00000000af77dff0) 
thrown [s\src\hotspot\share\prims\jni.cpp, line 537]
Event: 1026.683 Thread 0x000001ceab9d6880 Exception <a 'sun/nio/fs/WindowsException'{0x00000000af77fc78}> (0x00000000af77fc78) 
thrown [s\src\hotspot\share\prims\jni.cpp, line 537]
Event: 1026.683 Thread 0x000001ceab9d6880 Exception <a 'sun/nio/fs/WindowsException'{0x00000000af780778}> (0x00000000af780778) 
thrown [s\src\hotspot\share\prims\jni.cpp, line 537]
Event: 1026.683 Thread 0x000001ceab9d6880 Exception <a 'sun/nio/fs/WindowsException'{0x00000000af785f60}> (0x00000000af785f60) 
thrown [s\src\hotspot\share\prims\jni.cpp, line 537]
Event: 1026.683 Thread 0x000001ceab9d6880 Exception <a 'sun/nio/fs/WindowsException'{0x00000000af7868b8}> (0x00000000af7868b8) 
thrown [s\src\hotspot\share\prims\jni.cpp, line 537]
Event: 1026.683 Thread 0x000001ceab9d6880 Exception <a 'sun/nio/fs/WindowsException'{0x00000000af7873c0}> (0x00000000af7873c0) 
thrown [s\src\hotspot\share\prims\jni.cpp, line 537]
Event: 1026.683 Thread 0x000001ceab9d6880 Exception <a 'sun/nio/fs/WindowsException'{0x00000000af787d58}> (0x00000000af787d58) 
thrown [s\src\hotspot\share\prims\jni.cpp, line 537]
Event: 1026.683 Thread 0x000001ceab9d6880 Exception <a 'sun/nio/fs/WindowsException'{0x00000000af7897e8}> (0x00000000af7897e8) 
thrown [s\src\hotspot\share\prims\jni.cpp, line 537]
Event: 1026.683 Thread 0x000001ceab9d6880 Exception <a 'sun/nio/fs/WindowsException'{0x00000000af78a140}> (0x00000000af78a140) 
thrown [s\src\hotspot\share\prims\jni.cpp, line 537]
Event: 1026.683 Thread 0x000001ceab9d6880 Exception <a 'sun/nio/fs/WindowsException'{0x00000000af78ac88}> (0x00000000af78ac88) 
thrown [s\src\hotspot\share\prims\jni.cpp, line 537]
Event: 1026.683 Thread 0x000001ceab9d6880 Exception <a 'sun/nio/fs/WindowsException'{0x00000000af78b620}> (0x00000000af78b620) 
thrown [s\src\hotspot\share\prims\jni.cpp, line 537]
Event: 1026.684 Thread 0x000001ceab9d6880 Exception <a 'sun/nio/fs/WindowsException'{0x00000000af78ff38}> (0x00000000af78ff38) 
thrown [s\src\hotspot\share\prims\jni.cpp, line 537]
Event: 1028.228 Thread 0x000001ce9e3ce210 Exception <a 'sun/nio/fs/WindowsException'{0x00000000af562770}> (0x00000000af562770) 
thrown [s\src\hotspot\share\prims\jni.cpp, line 537]
Event: 1028.229 Thread 0x000001cf9a8e4ea0 Exception <a 'java/net/ConnectException'{0x00000000af4e2d20}: Connection refused: connect> (0x00000000af4e2d20) 
thrown [s\src\hotspot\share\prims\jni.cpp, line 572]
Event: 1030.000 Thread 0x000001cf6b5c9460 Implicit null exception at 0x000001ce06d233bc to 0x000001ce06d23f7c
Event: 1030.000 Thread 0x000001cf6b5c9460 Exception <a 'java/lang/NullPointerException'{0x00000000ae0a6840}> (0x00000000ae0a6840) 
thrown [s\src\hotspot\share\runtime\sharedRuntime.cpp, line 625]
Event: 1030.219 Thread 0x000001cea0d34b70 Exception <a 'sun/nio/fs/WindowsException'{0x00000000adf82898}> (0x00000000adf82898) 
thrown [s\src\hotspot\share\prims\jni.cpp, line 537]
Event: 1030.245 Thread 0x000001cea0d34b70 Exception <a 'sun/nio/fs/WindowsException'{0x00000000ad172630}> (0x00000000ad172630) 
thrown [s\src\hotspot\share\prims\jni.cpp, line 537]

ZGC Phase Switch (0 events):
No events

VM Operations (20 events):
Event: 999.959 Executing VM operation: G1PauseRemark done
Event: 1000.043 Executing VM operation: G1PauseCleanup
Event: 1000.043 Executing VM operation: G1PauseCleanup done
Event: 1011.134 Executing VM operation: Cleanup
Event: 1011.134 Executing VM operation: Cleanup done
Event: 1012.139 Executing VM operation: Cleanup
Event: 1012.139 Executing VM operation: Cleanup done
Event: 1015.554 Executing VM operation: G1CollectForAllocation (G1 Evacuation Pause)
Event: 1015.560 Executing VM operation: G1CollectForAllocation (G1 Evacuation Pause) done
Event: 1021.622 Executing VM operation: Cleanup
Event: 1021.622 Executing VM operation: Cleanup done
Event: 1022.121 Executing VM operation: HandshakeAllThreads (HandshakeForDeflation)
Event: 1022.122 Executing VM operation: HandshakeAllThreads (HandshakeForDeflation) done
Event: 1022.122 Executing VM operation: RendezvousGCThreads
Event: 1022.122 Executing VM operation: RendezvousGCThreads done
Event: 1024.146 Executing VM operation: Cleanup
Event: 1024.146 Executing VM operation: Cleanup done
Event: 1030.198 Executing VM operation: Cleanup
Event: 1030.980 Executing VM operation: Cleanup done
Event: 1030.980 Executing VM operation: G1CollectForAllocation (G1 Evacuation Pause)

Memory protections (0 events):
No events

Nmethod flushes (20 events):
Event: 999.956 Thread 0x000001ce7f96ff00 flushing  nmethod 0x000001ce151d8b90
Event: 999.956 Thread 0x000001ce7f96ff00 flushing  nmethod 0x000001ce045d0110
Event: 999.956 Thread 0x000001ce7f96ff00 flushing  nmethod 0x000001ce04c69690
Event: 999.956 Thread 0x000001ce7f96ff00 flushing  nmethod 0x000001ce04d57390
Event: 999.956 Thread 0x000001ce7f96ff00 flushing  nmethod 0x000001ce04dc5110
Event: 999.956 Thread 0x000001ce7f96ff00 flushing  nmethod 0x000001ce04e38c90
Event: 999.956 Thread 0x000001ce7f96ff00 flushing  nmethod 0x000001ce0521b890
Event: 999.956 Thread 0x000001ce7f96ff00 flushing  nmethod 0x000001ce06b6c810
Event: 999.956 Thread 0x000001ce7f96ff00 flushing  nmethod 0x000001ce06e0d890
Event: 999.956 Thread 0x000001ce7f96ff00 flushing  nmethod 0x000001ce0432d190
Event: 999.956 Thread 0x000001ce7f96ff00 flushing  nmethod 0x000001ce08342c10
Event: 999.956 Thread 0x000001ce7f96ff00 flushing  nmethod 0x000001ce08a1fc90
Event: 999.956 Thread 0x000001ce7f96ff00 flushing  nmethod 0x000001ce041ee790
Event: 999.956 Thread 0x000001ce7f96ff00 flushing  nmethod 0x000001ce0547cd90
Event: 999.956 Thread 0x000001ce7f96ff00 flushing  nmethod 0x000001ce0435b990
Event: 999.956 Thread 0x000001ce7f96ff00 flushing  nmethod 0x000001ce047d3390
Event: 999.956 Thread 0x000001ce7f96ff00 flushing  nmethod 0x000001ce049af110
Event: 999.956 Thread 0x000001ce7f96ff00 flushing  nmethod 0x000001ce04dabc10
Event: 999.956 Thread 0x000001ce7f96ff00 flushing  nmethod 0x000001ce0728b610
Event: 999.956 Thread 0x000001ce7f96ff00 flushing  nmethod 0x000001ce08ae9010

Events (20 events):
Event: 852.925 Thread 0x000001ceaa00ab80 Thread exited: 0x000001ceaa00ab80
Event: 856.084 Thread 0x000001ceaa003560 Thread exited: 0x000001ceaa003560
Event: 859.241 Thread 0x000001ceaa004910 Thread exited: 0x000001ceaa004910
Event: 862.402 Thread 0x000001ceaa0097d0 Thread exited: 0x000001ceaa0097d0
Event: 906.570 Thread 0x000001ceaa00b8a0 Thread exited: 0x000001ceaa00b8a0
Event: 906.570 Thread 0x000001ceaa00b210 Thread exited: 0x000001ceaa00b210
Event: 906.570 Thread 0x000001ceaa007d90 Thread exited: 0x000001ceaa007d90
Event: 919.832 Thread 0x000001cf8eac0520 Thread added: 0x000001ceaa0097d0
Event: 922.999 Thread 0x000001ceaa0097d0 Thread exited: 0x000001ceaa0097d0
Event: 962.548 Thread 0x000001cea011d4f0 Thread added: 0x000001ceaa03bf00
Event: 962.608 Thread 0x000001ce9e30c540 Thread added: 0x000001ceaa038a80
Event: 964.164 Thread 0x000001ceaa00c5c0 Thread exited: 0x000001ceaa00c5c0
Event: 968.418 Thread 0x000001ceaa03bf00 Thread exited: 0x000001ceaa03bf00
Event: 968.418 Thread 0x000001ceaa038a80 Thread exited: 0x000001ceaa038a80
Event: 982.509 Thread 0x000001cf8eac0520 Thread added: 0x000001ceaa01b200
Event: 985.788 Thread 0x000001ceaa01b200 Thread exited: 0x000001ceaa01b200
Event: 1029.902 Thread 0x000001ce9e646500 Thread added: 0x000001ceaa01d960
Event: 1029.917 Thread 0x000001cf692d5060 Thread added: 0x000001ceaa01d2d0
Event: 1029.935 Thread 0x000001ce9e646500 Thread added: 0x000001ceaa01cc40
Event: 1030.980 Thread 0x000001cf6b5c9460 Thread added: 0x000001ceaa01bf20


Dynamic libraries:
0x00007ff6c7860000 - 0x00007ff6c79d5000 	E:\Rider\JetBrains Rider 2024.3.6\bin\rider64.exe
0x00007ff8e5740000 - 0x00007ff8e59a8000 	C:\WINDOWS\SYSTEM32\ntdll.dll
0x00007ff8e4360000 - 0x00007ff8e4429000 	C:\WINDOWS\System32\KERNEL32.DLL
0x00007ff8e29d0000 - 0x00007ff8e2dbd000 	C:\WINDOWS\System32\KERNELBASE.dll
0x00007ff8e34e0000 - 0x00007ff8e35c0000 	C:\WINDOWS\System32\oleaut32.dll
0x00007ff8e3340000 - 0x00007ff8e33e3000 	C:\WINDOWS\System32\msvcp_win.dll
0x00007ff8e30c0000 - 0x00007ff8e320b000 	C:\WINDOWS\System32\ucrtbase.dll
0x00007ff8e5200000 - 0x00007ff8e5586000 	C:\WINDOWS\System32\combase.dll
0x00007ff8e3630000 - 0x00007ff8e3748000 	C:\WINDOWS\System32\RPCRT4.dll
0x00007ff8e45e0000 - 0x00007ff8e47ac000 	C:\WINDOWS\System32\user32.dll
0x00007ff8e33f0000 - 0x00007ff8e3417000 	C:\WINDOWS\System32\win32u.dll
0x00007ff8e4e80000 - 0x00007ff8e4eab000 	C:\WINDOWS\System32\GDI32.dll
0x00007ff8e2890000 - 0x00007ff8e29c7000 	C:\WINDOWS\System32\gdi32full.dll
0x00007ff8e3990000 - 0x00007ff8e40da000 	C:\WINDOWS\System32\shell32.dll
0x00007ff8e2dc0000 - 0x00007ff8e2f34000 	C:\WINDOWS\System32\wintypes.dll
0x00007ff8e1c60000 - 0x00007ff8e1c8b000 	C:\WINDOWS\SYSTEM32\userenv.dll
0x00007ff8e4160000 - 0x00007ff8e4214000 	C:\WINDOWS\System32\advapi32.dll
0x00007ff8e38e0000 - 0x00007ff8e3989000 	C:\WINDOWS\System32\msvcrt.dll
0x00007ff8e4c40000 - 0x00007ff8e4ce6000 	C:\WINDOWS\System32\sechost.dll
0x00007ff8e3210000 - 0x00007ff8e32a9000 	C:\WINDOWS\System32\bcryptprimitives.dll
0x00007ff8d7490000 - 0x00007ff8d74c5000 	C:\WINDOWS\SYSTEM32\WINMM.dll
0x00007ff8dfce0000 - 0x00007ff8dff21000 	C:\WINDOWS\SYSTEM32\dbghelp.dll
0x00007ff8e5590000 - 0x00007ff8e55bf000 	C:\WINDOWS\System32\IMM32.DLL
0x00007ff8e0510000 - 0x00007ff8e0d6b000 	C:\WINDOWS\SYSTEM32\windows.storage.dll
0x00007ff8e4d80000 - 0x00007ff8e4e75000 	C:\WINDOWS\System32\SHCORE.dll
0x00007ff8e4220000 - 0x00007ff8e428a000 	C:\WINDOWS\System32\shlwapi.dll
0x00007ff8e27a0000 - 0x00007ff8e27cf000 	C:\WINDOWS\SYSTEM32\profapi.dll
0x00007ff8e1760000 - 0x00007ff8e1796000 	C:\WINDOWS\SYSTEM32\ntmarta.dll
0x00007ff8282d0000 - 0x00007ff82909b000 	E:\Rider\JetBrains Rider 2024.3.6\jbr\bin\server\jvm.dll
0x00007ff8e40e0000 - 0x00007ff8e4154000 	C:\WINDOWS\System32\WS2_32.dll
0x00007ff8e2540000 - 0x00007ff8e259e000 	C:\WINDOWS\SYSTEM32\POWRPROF.dll
0x00007ff8dbe30000 - 0x00007ff8dbe4b000 	E:\Rider\JetBrains Rider 2024.3.6\jbr\bin\VCRUNTIME140.dll
0x00007ff8dd5d0000 - 0x00007ff8dd5dc000 	E:\Rider\JetBrains Rider 2024.3.6\jbr\bin\VCRUNTIME140_1.dll
0x00007ff8da440000 - 0x00007ff8da44b000 	C:\WINDOWS\SYSTEM32\VERSION.dll
0x00007ff8e2520000 - 0x00007ff8e2534000 	C:\WINDOWS\SYSTEM32\UMPDC.dll
0x00007ff8d8af0000 - 0x00007ff8d8afa000 	E:\Rider\JetBrains Rider 2024.3.6\jbr\bin\jimage.dll
0x00007ff8cf6b0000 - 0x00007ff8cf6f3000 	C:\WINDOWS\SYSTEM32\dbgcore.DLL
0x00007ff8d8ae0000 - 0x00007ff8d8aee000 	E:\Rider\JetBrains Rider 2024.3.6\jbr\bin\instrument.dll
0x00007ff8d8aa0000 - 0x00007ff8d8ac0000 	E:\Rider\JetBrains Rider 2024.3.6\jbr\bin\java.dll
0x00007ff8cec70000 - 0x00007ff8cec88000 	E:\Rider\JetBrains Rider 2024.3.6\jbr\bin\jli.dll
0x00007ff8bcaa0000 - 0x00007ff8bcb54000 	C:\WINDOWS\WinSxS\amd64_microsoft.windows.common-controls_6595b64144ccf1df_5.82.26100.4484_none_87ef4f277a2c8b1a\COMCTL32.dll
0x00007ff8c35a0000 - 0x00007ff8c35b8000 	E:\Rider\JetBrains Rider 2024.3.6\jbr\bin\zip.dll
0x00007ff8e1630000 - 0x00007ff8e164b000 	C:\WINDOWS\SYSTEM32\kernel.appcore.dll
0x00007ff8cf480000 - 0x00007ff8cf490000 	E:\Rider\JetBrains Rider 2024.3.6\jbr\bin\net.dll
0x00007ff8da540000 - 0x00007ff8da65e000 	C:\WINDOWS\SYSTEM32\WINHTTP.dll
0x00007ff8e1bc0000 - 0x00007ff8e1c2a000 	C:\WINDOWS\system32\mswsock.dll
0x00007ff8ba110000 - 0x00007ff8ba126000 	E:\Rider\JetBrains Rider 2024.3.6\jbr\bin\nio.dll
0x00007ff8ce7a0000 - 0x00007ff8ce7a9000 	E:\Rider\JetBrains Rider 2024.3.6\jbr\bin\management.dll
0x00007ff8ce510000 - 0x00007ff8ce51b000 	E:\Rider\JetBrains Rider 2024.3.6\jbr\bin\management_ext.dll
0x00007ff8e42a0000 - 0x00007ff8e42a8000 	C:\WINDOWS\System32\PSAPI.DLL
0x00007ff8bd3c0000 - 0x00007ff8bd3d8000 	C:\WINDOWS\system32\napinsp.dll
0x00007ff8e1150000 - 0x00007ff8e1276000 	C:\WINDOWS\SYSTEM32\DNSAPI.dll
0x00007ff8e1060000 - 0x00007ff8e1093000 	C:\WINDOWS\SYSTEM32\IPHLPAPI.DLL
0x00007ff8e4290000 - 0x00007ff8e429a000 	C:\WINDOWS\System32\NSI.dll
0x00007ff8bd3a0000 - 0x00007ff8bd3b2000 	C:\WINDOWS\System32\winrnr.dll
0x00007ff8bd360000 - 0x00007ff8bd390000 	C:\WINDOWS\system32\nlansp_c.dll
0x00007ff8da470000 - 0x00007ff8da490000 	C:\WINDOWS\system32\wshbth.dll
0x00007ff8da170000 - 0x00007ff8da17b000 	C:\Windows\System32\rasadhlp.dll
0x00007ff8d9a90000 - 0x00007ff8d9b16000 	C:\WINDOWS\System32\fwpuclnt.dll
0x00007ff8ba100000 - 0x00007ff8ba110000 	E:\Rider\JetBrains Rider 2024.3.6\jbr\bin\verify.dll
0x00007ff85d520000 - 0x00007ff85d6b8000 	E:\Rider\JetBrains Rider 2024.3.6\jbr\bin\awt.dll
0x00007ff8ded30000 - 0x00007ff8ded66000 	C:\WINDOWS\SYSTEM32\dwmapi.dll
0x00007ff8b9c50000 - 0x00007ff8b9c94000 	E:\Rider\JetBrains Rider 2024.3.6\jbr\bin\nvdaControllerClient64.dll
0x00007ff8a3f90000 - 0x00007ff8a401d000 	E:\Rider\JetBrains Rider 2024.3.6\bin\MSVCP140.dll
0x00007ff8de980000 - 0x00007ff8dea1e000 	C:\WINDOWS\SYSTEM32\apphelp.dll
0x00007ff8b9c40000 - 0x00007ff8b9c49000 	E:\Rider\JetBrains Rider 2024.3.6\jbr\bin\prefs.dll
0x00007ff8debd0000 - 0x00007ff8dec7f000 	C:\WINDOWS\system32\uxtheme.dll
0x00007ff8e5090000 - 0x00007ff8e51f0000 	C:\WINDOWS\System32\MSCTF.dll
0x00007ff8e4430000 - 0x00007ff8e45ce000 	C:\WINDOWS\System32\ole32.dll
0x00007ff89b380000 - 0x00007ff89b407000 	E:\Rider\JetBrains Rider 2024.3.6\jbr\bin\freetype.dll
0x00007ff88a4d0000 - 0x00007ff88a5be000 	E:\Rider\JetBrains Rider 2024.3.6\jbr\bin\fontmanager.dll
0x00007ff8b9c30000 - 0x00007ff8b9c3e000 	E:\Rider\JetBrains Rider 2024.3.6\jbr\bin\sunmscapi.dll
0x00007ff8e2f40000 - 0x00007ff8e30b7000 	C:\WINDOWS\System32\CRYPT32.dll
0x00007ff8e2090000 - 0x00007ff8e20c0000 	C:\WINDOWS\SYSTEM32\ncrypt.dll
0x00007ff8e2040000 - 0x00007ff8e207f000 	C:\WINDOWS\SYSTEM32\NTASN1.dll
0x00007ff8bc6a0000 - 0x00007ff8bc6a8000 	C:\WINDOWS\system32\wshunix.dll
0x00007ff8e1e70000 - 0x00007ff8e1e8b000 	C:\WINDOWS\SYSTEM32\CRYPTSP.dll
0x00007ff8e1590000 - 0x00007ff8e15cb000 	C:\WINDOWS\system32\rsaenh.dll
0x00007ff8e2770000 - 0x00007ff8e2796000 	C:\WINDOWS\SYSTEM32\bcrypt.dll
0x00007ff8e1e90000 - 0x00007ff8e1e9c000 	C:\WINDOWS\SYSTEM32\CRYPTBASE.dll
0x00007ff8dea40000 - 0x00007ff8dea56000 	C:\WINDOWS\system32\Wtsapi32.dll
0x00007ff8e23d0000 - 0x00007ff8e2437000 	C:\WINDOWS\SYSTEM32\WINSTA.dll
0x00007ff854e70000 - 0x00007ff854f88000 	C:\WINDOWS\system32\opengl32.dll
0x00007ff854d40000 - 0x00007ff854d6d000 	C:\WINDOWS\SYSTEM32\GLU32.dll
0x00007ff8df1e0000 - 0x00007ff8df22d000 	C:\WINDOWS\SYSTEM32\dxcore.dll
0x00007ff8b9c20000 - 0x00007ff8b9c29000 	E:\Rider\JetBrains Rider 2024.3.6\jbr\bin\extnet.dll
0x00007ff8a3f40000 - 0x00007ff8a3f89000 	E:\Rider\JetBrains Rider 2024.3.6\lib\jna\amd64\jnidispatch.dll
0x00007ff87ef10000 - 0x00007ff87ef48000 	E:\Rider\JetBrains Rider 2024.3.6\bin\WinShellIntegrationBridge.dll
0x00007ff8e42b0000 - 0x00007ff8e4358000 	C:\WINDOWS\System32\clbcatq.dll
0x00007ff8ca5e0000 - 0x00007ff8ca695000 	C:\Windows\System32\appresolver.dll
0x00007ff8dd0e0000 - 0x00007ff8dd1ed000 	C:\WINDOWS\system32\propsys.dll
0x00007ff8baab0000 - 0x00007ff8bab0e000 	C:\Windows\System32\Bcp47Langs.dll
0x00007ff8e1fa0000 - 0x00007ff8e1fb3000 	C:\WINDOWS\SYSTEM32\MSASN1.dll
0x00007ff8e1c30000 - 0x00007ff8e1c57000 	C:\WINDOWS\SYSTEM32\gpapi.dll
0x00007ff8e55d0000 - 0x00007ff8e564a000 	C:\WINDOWS\System32\coml2.dll
0x00007ff8e2440000 - 0x00007ff8e2497000 	C:\WINDOWS\SYSTEM32\CFGMGR32.dll
0x00007ff8ae680000 - 0x00007ff8ae742000 	C:\Windows\System32\Windows.FileExplorer.Common.dll
0x00007ff8da1c0000 - 0x00007ff8da1fb000 	C:\WINDOWS\SYSTEM32\cryptnet.dll
0x00007ff8deb60000 - 0x00007ff8deb6f000 	C:\WINDOWS\SYSTEM32\WINNSI.DLL
0x00007ff8a4cb0000 - 0x00007ff8a4ccb000 	C:\WINDOWS\system32\NetworkExplorer.dll
0x00007ff8a1a90000 - 0x00007ff8a1a9f000 	C:\WINDOWS\SYSTEM32\LINKINFO.dll
0x00007ff8bccf0000 - 0x00007ff8bcd9d000 	C:\WINDOWS\SYSTEM32\ntshrui.dll
0x00007ff8d4220000 - 0x00007ff8d4249000 	C:\WINDOWS\SYSTEM32\srvcli.dll
0x00007ff8ba2c0000 - 0x00007ff8ba2d3000 	C:\WINDOWS\SYSTEM32\cscapi.dll
0x00007ff8dcf60000 - 0x00007ff8dd022000 	C:\WINDOWS\SYSTEM32\policymanager.dll
0x00007ff8dce80000 - 0x00007ff8dcf11000 	C:\WINDOWS\SYSTEM32\msvcp110_win.dll
0x00007ff8da410000 - 0x00007ff8da42f000 	C:\WINDOWS\SYSTEM32\dhcpcsvc6.DLL
0x00007ff8da3e0000 - 0x00007ff8da405000 	C:\WINDOWS\SYSTEM32\dhcpcsvc.DLL
0x00007ff87e8e0000 - 0x00007ff87e8fe000 	C:\Users\Kenwen\AppData\Local\Temp\74fefe32aae5295c67644065f2f07770\wism_1.dll
0x00007ff8d9670000 - 0x00007ff8d9682000 	C:\WINDOWS\system32\wbem\wbemprox.dll
0x00007ff8d5220000 - 0x00007ff8d529a000 	C:\WINDOWS\SYSTEM32\wbemcomn.dll
0x00007ff8ceb70000 - 0x00007ff8ceb85000 	C:\WINDOWS\system32\wbem\wbemsvc.dll
0x00007ff8cf960000 - 0x00007ff8cfa50000 	C:\WINDOWS\system32\wbem\fastprox.dll
0x00007ff8bd610000 - 0x00007ff8bd62d000 	C:\WINDOWS\SYSTEM32\amsi.dll
0x00007ff8adc10000 - 0x00007ff8adcb3000 	C:\ProgramData\Microsoft\Windows Defender\Platform\4.18.26070.9-0\MpOav.dll
0x00007ff8002e0000 - 0x00007ff80062e000 	C:\Users\Kenwen\AppData\Local\Temp\74fefe32aae5295c67644065f2f07770\libcrypto-1_1-x64.dll
0x00007ff87aac0000 - 0x00007ff87aadd000 	C:\Users\Kenwen\AppData\Local\Temp\74fefe32aae5295c67644065f2f07770\wism_2.dll
0x00007ff8c9d00000 - 0x00007ff8c9ed7000 	C:\WINDOWS\WinSxS\amd64_microsoft.windows.gdiplus_6595b64144ccf1df_1.1.26100.4484_none_6ef960323dc16d81\gdiplus.dll
0x00007ff8c3680000 - 0x00007ff8c37d0000 	C:\WINDOWS\SYSTEM32\textinputframework.dll
0x00007ff8c20c0000 - 0x00007ff8c213d000 	C:\WINDOWS\system32\Oleacc.dll
0x00007ff883cf0000 - 0x00007ff883d01000 	C:\WINDOWS\SYSTEM32\wtdccm.dll
0x00007ff8de6b0000 - 0x00007ff8de7d5000 	C:\WINDOWS\SYSTEM32\CoreMessaging.dll
0x00007ff8bc100000 - 0x00007ff8bc3e3000 	C:\WINDOWS\SYSTEM32\CoreUIComponents.dll
0x00007ff8d2ec0000 - 0x00007ff8d315a000 	C:\WINDOWS\WinSxS\amd64_microsoft.windows.common-controls_6595b64144ccf1df_6.0.26100.4484_none_3e0e6d4ce32ef3b3\comctl32.dll
0x00007ff8ddcb0000 - 0x00007ff8ddeeb000 	C:\WINDOWS\SYSTEM32\WindowsCodecs.dll
0x00007ff8c9510000 - 0x00007ff8c956a000 	C:\WINDOWS\system32\dataexchange.dll
0x00007ff8c1830000 - 0x00007ff8c1a68000 	C:\WINDOWS\system32\twinapi.appcore.dll
0x00007ff8001f0000 - 0x00007ff80026d000 	C:\Users\Kenwen\AppData\Local\Temp\aha_ipc_native_3053057715837453429\libzmq-mt-4_3_6.dll

JVMTI agents:
D:\jetbra\jetbra\ja-netfilter.jar path:E:\Rider\JetBrains Rider 2024.3.6\jbr\bin\instrument.dll, loaded, initialized, instrumentlib options:jetbrains

dbghelp: loaded successfully - version: 4.0.5 - missing functions: none
symbol engine: initialized successfully - sym options: 0x614 - pdb path: .;E:\Rider\JetBrains Rider 2024.3.6\bin;C:\WINDOWS\SYSTEM32;E:\Rider\JetBrains Rider 2024.3.6\jbr\bin\server;E:\Rider\JetBrains Rider 2024.3.6\jbr\bin;C:\WINDOWS\WinSxS\amd64_microsoft.windows.common-controls_6595b64144ccf1df_5.82.26100.4484_none_87ef4f277a2c8b1a;E:\Rider\JetBrains Rider 2024.3.6\lib\jna\amd64;C:\Users\Kenwen\AppData\Local\Temp\74fefe32aae5295c67644065f2f07770;C:\WINDOWS\system32\wbem;C:\ProgramData\Microsoft\Windows Defender\Platform\4.18.26070.9-0;C:\WINDOWS\WinSxS\amd64_microsoft.windows.gdiplus_6595b64144ccf1df_1.1.26100.4484_none_6ef960323dc16d81;C:\WINDOWS\WinSxS\amd64_microsoft.windows.common-controls_6595b64144ccf1df_6.0.26100.4484_none_3e0e6d4ce32ef3b3;C:\Users\Kenwen\AppData\Local\Temp\aha_ipc_native_3053057715837453429;E:\Rider\JetBrains Rider 2024.3.6\plugins\dotCommon\DotFiles\windows-x64

VM Arguments:
jvm_args: abort vfprintf -XX:ErrorFile=C:\Users\Kenwen\java_error_in_rider_%p.log -XX:HeapDumpPath=C:\Users\Kenwen\java_error_in_rider.hprof -Xms128m -Xmx2048m -XX:JbrShrinkingGcMaxHeapFreeRatio=40 -XX:ReservedCodeCacheSize=512m -XX:+HeapDumpOnOutOfMemoryError -XX:-OmitStackTraceInFastThrow -XX:CICompilerCount=2 -XX:+IgnoreUnrecognizedVMOptions -XX:+UnlockDiagnosticVMOptions -XX:TieredOldPercentage=100000 -ea -Dsun.io.useCanonCaches=false -Dsun.java2d.metal=true -Djbr.catch.SIGABRT=true -Djdk.http.auth.tunneling.disabledSchemes="" -Djdk.attach.allowAttachSelf=true -Djdk.module.illegalAccess.silent=true -Djdk.nio.maxCachedBufferSize=2097152 -Djava.util.zip.use.nio.for.zip.file.access=true -Dkotlinx.coroutines.debug=off -Djava.nio.file.spi.DefaultFileSystemProvider=com.intellij.platform.core.nio.fs.MultiRoutingFileSystemProvider -Dllm.show.ai.promotion.window.on.start=false -Xms128m -Xmx2048m -XX:ReservedCodeCacheSize=512m -XX:+IgnoreUnrecognizedVMOptions -XX:+UseG1GC -XX:SoftRefLRUPolicyMSPerMB=50 -XX:CICompilerCount=2 -XX:+HeapDumpOnOutOfMemoryError -XX:-OmitStackTraceInFastThrow -ea -Dsun.io.useCanonCaches=false -Djdk.http.auth.tunneling.disabledSchemes="" -Djdk.attach.allowAttachSelf=true -Djdk.module.illegalAccess.silent=true -Dkotlinx.coroutines.debug=off -XX:ErrorFile=$USER_HOME/java_error_in_idea_%p.log -XX:HeapDumpPath=$USER_HOME/java_error_in_idea.hprof --add-opens=java.base/jdk.internal.org.objectweb.asm=ALL-UNNAMED --add-opens=java.base/jdk.internal.org.objectweb.asm.tree=ALL-UNNAMED -javaagent:D:\jetbra\jetbra\ja-netfilter.jar=jetbrains -Djb.vmOptionsFile=D:\jetbra\jetbra\vmoptions\rider.vmoptions -Xbootclasspath/a:E:\Rider\JetBrains Rider 2024.3.6\lib\nio-fs.jar -Djava.system.class.loader=com.intellij.util.lang.PathClassLoader -Didea.vendor.name=JetBrains -Didea.paths.selector=Rider2025.2 -Djna.boot.library.path=E:\Rider\JetBrains Rider 2024.3.6/lib/jna/amd64 -Djna.nosys=true -Djna.noclasspath=true -Dpty4j.preferred.native.folder=E:\Rider\JetBrains Rider 2024.3.6/lib/pty4j -Dio.netty.allocator.type=pooled -Dintellij.platform.runtime.repository.path=E:\Rider\JetBrains Rider 2024.3.6/modules/module-descriptors.dat -Didea.platform.prefix=Rider -Dwsl.use.remote.agent.for.nio.filesystem=true -Djava.nio.file.spi.DefaultFileSystemProvider=com.intellij.platform.core.nio.fs.MultiRoutingFileSystemProvider -Dide.native.launcher=true -Didea.class.before.app=com.jetbrains.rider.protocol.EarlyBackendStarter -Didea.show.customize.ide.wizard=true -DFilePageCache.THROW_ERROR_ON_DUPLICATE_STORAGE_REGISTRATION=false -Dsplash=true -Daether.connector.resumeDownloads=false -Dcompose.swing.render.on.graphics=true --add-opens=java.base/java.io=ALL-UNNAMED --add-opens=java.base/java.lang=ALL-UNNAMED --add-opens=java.base/java.lang.ref=ALL-UNNAMED --add-opens=java.base/java.lang.reflect=ALL-UNNAMED --add-opens=java.base/java.net=ALL-UNNAMED --add-opens=java.base/java.nio=ALL-UNNAMED --add-opens=java.base/java.nio.charset=ALL-UNNAMED --add-opens=java.base/java.text=ALL-UNNAMED --add-opens=java.base/java.time=ALL-UNNAMED --add-opens=java.base/java.util=ALL-UNNAMED --add-opens=java.base/java.util.concurrent=ALL-UNNAMED --add-opens=java.base/java.util.concurrent.atomic=ALL-UNNAMED --add-opens=java.base/java.util.concurrent.locks=ALL-UNNAMED --add-opens=java.base/jdk.internal.vm=ALL-UNNAMED --add-opens=java.base/sun.net.dns=ALL-UNNAMED --add-opens=java.base/sun.nio.ch=ALL-UNNAMED --add-opens=java.base/sun.nio.fs=ALL-UNNAMED --add-opens=java.base/sun.security.ssl=ALL-UNNAMED --add-opens=java.base/sun.security.util=ALL-UNNAMED --add-opens=java.desktop/com.sun.java.swing=ALL-UNNAMED --add-opens=java.desktop/java.awt=ALL-UNNAMED --add-opens=java.desktop/java.awt.dnd.peer=ALL-UNNAMED --add-opens=java.desktop/java.awt.event=ALL-UNNAMED --add-opens=java.desktop/java.awt.font=ALL-UNNAMED --add-opens=java.desktop/java.awt.image=ALL-UNNAMED --add-opens=java.desktop/java.awt.peer=ALL-UNNAMED --add-opens=java.desktop/javax.swing=ALL-UNNAMED --add-opens=java.desktop/javax.swing.plaf.basic=ALL-UNNAMED --add-opens=java.desktop/javax.swing.text=ALL-UNNAMED --add-opens=java.desktop/javax.swing.text.html=ALL-UNNAMED --add-opens=java.desktop/javax.swing.text.html.parser=ALL-UNNAMED --add-opens=java.desktop/sun.awt=ALL-UNNAMED --add-opens=java.desktop/sun.awt.datatransfer=ALL-UNNAMED --add-opens=java.desktop/sun.awt.image=ALL-UNNAMED --add-opens=java.desktop/sun.awt.windows=ALL-UNNAMED --add-opens=java.desktop/sun.font=ALL-UNNAMED --add-opens=java.desktop/sun.java2d=ALL-UNNAMED --add-opens=java.desktop/sun.swing=ALL-UNNAMED --add-opens=java.management/sun.management=ALL-UNNAMED --add-opens=jdk.attach/sun.tools.attach=ALL-UNNAMED --add-opens=jdk.compiler/com.sun.tools.javac.api=ALL-UNNAMED --add-opens=jdk.internal.jvmstat/sun.jvmstat.monitor=ALL-UNNAMED --add-opens=jdk.jdi/com.sun.tools.jdi=ALL-UNNAMED -Dide.native.launcher=true -Djcef.sandbox.ptr=000001CE7B4DACA0 -Djcef.sandbox.cefVersion=122.1.9+gd14e051+chromium-122.0.6261.94 
java_command: com.intellij.idea.Main E:\Project\Git\Hodgepodge\Hodgepodge.uproject
java_class_path (initial): E:\Rider\JetBrains Rider 2024.3.6\lib\platform-loader.jar;E:\Rider\JetBrains Rider 2024.3.6\lib\util-8.jar;E:\Rider\JetBrains Rider 2024.3.6\lib\app-client.jar;E:\Rider\JetBrains Rider 2024.3.6\lib\util.jar;E:\Rider\JetBrains Rider 2024.3.6\lib\product.jar;E:\Rider\JetBrains Rider 2024.3.6\lib\app.jar;E:\Rider\JetBrains Rider 2024.3.6\lib\annotations.jar;E:\Rider\JetBrains Rider 2024.3.6\lib\bouncy-castle.jar;E:\Rider\JetBrains Rider 2024.3.6\lib\eclipse.lsp4j.debug.jar;E:\Rider\JetBrains Rider 2024.3.6\lib\eclipse.lsp4j.jar;E:\Rider\JetBrains Rider 2024.3.6\lib\eclipse.lsp4j.jsonrpc.debug.jar;E:\Rider\JetBrains Rider 2024.3.6\lib\eclipse.lsp4j.jsonrpc.jar;E:\Rider\JetBrains Rider 2024.3.6\lib\external-system-rt.jar;E:\Rider\JetBrains Rider 2024.3.6\lib\externalProcess-rt.jar;E:\Rider\JetBrains Rider 2024.3.6\lib\forms_rt.jar;E:\Rider\JetBrains Rider 2024.3.6\lib\groovy.jar;E:\Rider\JetBrains Rider 2024.3.6\lib\javax.activation.jar;E:\Rider\JetBrains Rider 2024.3.6\lib\javax.annotation-api.jar;E:\Rider\JetBrains Rider 2024.3.6\lib\jaxb-api.jar;E:\Rider\JetBrains Rider 2024.3.6\lib\jaxb-runtime.jar;E:\Rider\JetBrains Rider 2024.3.6\lib\jps-model.jar;E:\Rider\JetBrains Rider 2024.3.6\lib\jsch-agent.jar;E:\Rider\JetBrains Rider 2024.3.6\lib\kotlinx-coroutines-slf4j-1.10.1-intellij.jar;E:\Rider\JetBrains Rider 2024.3.6\lib\lib-client.jar;E:\Rider\JetBrains Rider 2024.3.6\lib\lib.jar;E:\Rider\JetBrains Rider 2024.3.6\lib\opentelemetry.jar;E:\Rider\JetBrains Rider 2024.3.6\lib\product-client.jar;E:\Rider\JetBrains Rider 2024.3.6\lib\protobuf.jar;E:\Rider\JetBrains Rider 2024.3.6\lib\rd.jar;E:\Rider\JetBrains Rider 2024.3.6\lib\rhino.jar;E:\Rider\JetBrains Rider 2024.3.6\lib\stats.jar;E:\Rider\JetBrains Rider 2024.3.6\lib\trove.jar;E:\Rider\JetBrains Rider 2024.3.6\lib\util_rt.jar
Launcher Type: generic

[Global flags]
     intx CICompilerCount                          = 2                                         {product} {command line}
     uint ConcGCThreads                            = 4                                         {product} {ergonomic}
    ccstr ErrorFile                                = $USER_HOME/java_error_in_idea_%p.log            {product} {command line}
     uint G1ConcRefinementThreads                  = 15                                        {product} {ergonomic}
   size_t G1HeapRegionSize                         = 1048576                                   {product} {ergonomic}
    uintx GCDrainStackTargetSize                   = 64                                        {product} {ergonomic}
     bool HeapDumpOnOutOfMemoryError               = true                                   {manageable} {command line}
    ccstr HeapDumpPath                             = $USER_HOME/java_error_in_idea.hprof         {manageable} {command line}
     bool IgnoreUnrecognizedVMOptions              = true                                      {product} {command line}
   size_t InitialHeapSize                          = 134217728                                 {product} {command line}
    uintx JbrShrinkingGcMaxHeapFreeRatio           = 40                                     {manageable} {command line}
   size_t MarkStackSize                            = 4194304                                   {product} {ergonomic}
   size_t MaxHeapSize                              = 2147483648                                {product} {command line}
   size_t MaxNewSize                               = 1287651328                                {product} {ergonomic}
   size_t MinHeapDeltaBytes                        = 1048576                                   {product} {ergonomic}
   size_t MinHeapSize                              = 134217728                                 {product} {command line}
    uintx NonNMethodCodeHeapSize                   = 5826188                                {pd product} {ergonomic}
    uintx NonProfiledCodeHeapSize                  = 265522362                              {pd product} {ergonomic}
     bool OmitStackTraceInFastThrow                = false                                     {product} {command line}
    uintx ProfiledCodeHeapSize                     = 265522362                              {pd product} {ergonomic}
    uintx ReservedCodeCacheSize                    = 536870912                              {pd product} {command line}
     bool SegmentedCodeCache                       = true                                      {product} {ergonomic}
   size_t SoftMaxHeapSize                          = 2147483648                             {manageable} {ergonomic}
     intx SoftRefLRUPolicyMSPerMB                  = 50                                        {product} {command line}
     intx TieredOldPercentage                      = 100000                                 {diagnostic} {command line}
     bool UnlockDiagnosticVMOptions                = true                                   {diagnostic} {command line}
     bool UseCompressedOops                        = true                           {product lp64_product} {ergonomic}
     bool UseG1GC                                  = true                                      {product} {command line}
     bool UseLargePagesIndividualAllocation        = false                                  {pd product} {ergonomic}

Logging:
Log output configuration:
 #0: stdout all=warning uptime,level,tags foldmultilines=false
 #1: stderr all=off uptime,level,tags foldmultilines=false

Environment Variables:
JAVA_HOME=E:\Java\jdk-21_windows-x64_bin\jdk-21.0.1
PATH=C:\Program Files\Microsoft MPI\Bin\;E:\Java\jdk-21_windows-x64_bin\jdk-21.0.1\bin;C:\Program Files\Microsoft\jdk-11.0.16.101-hotspot\bin;C:\WINDOWS\system32;C:\WINDOWS;C:\WINDOWS\System32\Wbem;C:\WINDOWS\System32\WindowsPowerShell\v1.0\;C:\WINDOWS\System32\OpenSSH\;C:\Users\Administrator\AppData\Local\Microsoft\WindowsApps;C:\Recovery\OEM\Backup\;C:\Program Files (x86)\NVIDIA Corporation\PhysX\Common;C:\Windows\system32;C:\Windows;C:\Windows\System32\Wbem;C:\Windows\System32\WindowsPowerShell\v1.0\;C:\Windows\System32\OpenSSH\;C:\Program Files\Microsoft SQL Server\150\Tools\Binn\;C:\Program Files\dotnet\;E:\Git\Git\cmd;C:\Program Files\Microsoft SQL Server\Client SDK\ODBC\170\Tools\Binn\;C:\Program Files (x86)\Microsoft SQL Server\160\Tools\Binn\;C:\Program Files\Microsoft SQL Server\160\Tools\Binn\;C:\Program Files\Microsoft SQL Server\160\DTS\Binn\;C:\Program Files (x86)\Microsoft SQL Server\160\DTS\Binn\;C:\Program Files\NVIDIA Corporation\NVIDIA NvDLISR;C:\WINDOWS\system32;C:\WINDOWS;C:\WINDOWS\System32\Wbem;C:\WINDOWS\System32\WindowsPowerShell\v1.0\;C:\WINDOWS\System32\OpenSSH\;C:\Program Files\nodejs\;D:\vivo鍔炲叕濂椾欢\pcsuite\;D:\vivo\pcsuite\;E:\Python\Scripts\;E:\Python\;C:\Users\Kenwen\AppData\Local\Microsoft\WindowsApps;E:\IDEA\IntelliJ IDEA Community Edition 2023.2.4\bin;;E:\Microsoft VS Code\bin;C:\Users\Kenwen\AppData\Local\Programs\Ollama;E:\Rider\JetBrains Rider 2024.3.6\bin;;C:\Users\Kenwen\AppData\Roaming\npm;C:\Users\Kenwen\.dotnet\tools;C:\Users\Kenwen\AppData\Local\GitHubDesktop\bin;E:\cursor\resources\app\bin;D:\CodeBuddy CN\bin
USERNAME=Kenwen
OS=Windows_NT
PROCESSOR_IDENTIFIER=Intel64 Family 6 Model 154 Stepping 3, GenuineIntel
TMP=C:\Users\Kenwen\AppData\Local\Temp
TEMP=C:\Users\Kenwen\AppData\Local\Temp




Periodic native trim disabled

JNI global refs:
JNI global refs: 133, weak refs: 171

JNI global refs memory usage: 2099, weak refs: 3809

Process memory usage:
Resident Set Size: 2091332K (12% of 16474616K total physical memory with 1477528K free physical memory)

OOME stack traces (most recent first):
Classloader memory used:
Loader com.intellij.util.lang.PathClassLoader                                          : 221M
Loader com.intellij.ide.plugins.cl.PluginClassLoader                                   : 154M
Loader bootstrap                                                                       : 48844K
Loader jdk.internal.loader.ClassLoaders$PlatformClassLoader                            : 3303K
Loader jdk.internal.loader.ClassLoaders$AppClassLoader                                 : 649K
Loader com.intellij.util.lang.UrlClassLoader                                           : 464K
Loader sun.reflect.misc.MethodUtil                                                     : 4248B

Classes loaded by more than one classloader:
Class kotlin.NotImplementedError                                                      : loaded 6 times (x 82B)
Class kotlin.jvm.internal.markers.KMappedMarker                                       : loaded 6 times (x 70B)
Class kotlin.KotlinNullPointerException                                               : loaded 6 times (x 83B)
Class kotlin.collections.CollectionsKt__IterablesKt                                   : loaded 6 times (x 71B)
Class kotlin.UninitializedPropertyAccessException                                     : loaded 6 times (x 82B)
Class kotlin.collections.CollectionsKt__CollectionsJVMKt                              : loaded 6 times (x 71B)
Class kotlin.collections.CollectionsKt__IteratorsKt                                   : loaded 6 times (x 71B)
Class kotlin.jvm.internal.Intrinsics                                                  : loaded 6 times (x 71B)
Class kotlin.collections.CollectionsKt__MutableCollectionsJVMKt                       : loaded 6 times (x 71B)
Class kotlin.collections.CollectionsKt__ReversedViewsKt                               : loaded 6 times (x 71B)
Class kotlin.collections.CollectionsKt__MutableCollectionsKt                          : loaded 6 times (x 71B)
Class kotlin.collections.CollectionsKt__CollectionsKt                                 : loaded 6 times (x 71B)
Class kotlin.collections.CollectionsKt___CollectionsJvmKt                             : loaded 6 times (x 71B)
Class kotlin.collections.CollectionsKt__IteratorsJVMKt                                : loaded 6 times (x 71B)
Class kotlin.collections.CollectionsKt                                                : loaded 6 times (x 71B)
Class kotlin.collections.CollectionsKt___CollectionsKt                                : loaded 6 times (x 71B)
Class kotlin.text.StringsKt__StringsJVMKt                                             : loaded 5 times (x 71B)
Class kotlin.text.StringsKt__StringBuilderJVMKt                                       : loaded 5 times (x 71B)
Class kotlin.text.StringsKt__RegexExtensionsJVMKt                                     : loaded 5 times (x 71B)
Class kotlin.text.StringsKt___StringsJvmKt                                            : loaded 5 times (x 71B)
Class kotlin.text.StringsKt__RegexExtensionsKt                                        : loaded 5 times (x 71B)
Class kotlin.annotation.Retention                                                     : loaded 5 times (x 70B)
Class kotlin.text.StringsKt___StringsKt                                               : loaded 5 times (x 71B)
Class kotlin.text.StringsKt__StringNumberConversionsKt                                : loaded 5 times (x 71B)
Class kotlin.text.StringsKt                                                           : loaded 5 times (x 71B)
Class kotlin.Metadata                                                                 : loaded 5 times (x 70B)
Class kotlin.text.StringsKt__StringNumberConversionsJVMKt                             : loaded 5 times (x 71B)
Class kotlin.text.StringsKt__IndentKt                                                 : loaded 5 times (x 71B)
Class kotlin.text.StringsKt__AppendableKt                                             : loaded 5 times (x 71B)
Class kotlin.text.StringsKt__StringBuilderKt                                          : loaded 5 times (x 71B)
Class kotlin.NoWhenBranchMatchedException                                             : loaded 5 times (x 82B)
Class kotlin.text.StringsKt__StringsKt                                                : loaded 5 times (x 71B)
Class kotlin.annotation.Target                                                        : loaded 5 times (x 70B)
Class kotlin.collections.MapsKt__MapsKt                                               : loaded 4 times (x 71B)
Class kotlin.collections.ArraysKt__ArraysKt                                           : loaded 4 times (x 71B)
Class kotlin.ResultKt                                                                 : loaded 4 times (x 71B)
Class kotlin.collections.EmptyList                                                    : loaded 4 times (x 174B)
Class kotlin.collections.MapsKt__MapsJVMKt                                            : loaded 4 times (x 71B)
Class kotlin.enums.EnumEntries                                                        : loaded 4 times (x 70B)
Class kotlin.collections.AbstractList                                                 : loaded 4 times (x 197B)
Class kotlin.collections.AbstractCollection                                           : loaded 4 times (x 117B)
Class kotlin.TuplesKt                                                                 : loaded 4 times (x 71B)
Class kotlin.enums.EnumEntriesList                                                    : loaded 4 times (x 223B)
Class kotlin.collections.ArraysUtilJVM                                                : loaded 4 times (x 71B)
Class kotlin.coroutines.intrinsics.IntrinsicsKt__IntrinsicsKt                         : loaded 4 times (x 71B)
Class kotlin.collections.MapsKt___MapsJvmKt                                           : loaded 4 times (x 71B)
Class kotlin.collections.ArraysKt___ArraysJvmKt                                       : loaded 4 times (x 71B)
Class kotlin.collections.ArraysKt___ArraysKt                                          : loaded 4 times (x 71B)
Class kotlin.collections.MapsKt___MapsKt                                              : loaded 4 times (x 71B)
Class kotlin.collections.MapsKt__MapWithDefaultKt                                     : loaded 4 times (x 71B)
Class kotlin.enums.EnumEntriesKt                                                      : loaded 4 times (x 71B)
Class kotlin.coroutines.intrinsics.IntrinsicsKt                                       : loaded 4 times (x 71B)
Class kotlin.collections.MapsKt                                                       : loaded 4 times (x 71B)
Class kotlin.collections.ArraysKt                                                     : loaded 4 times (x 71B)
Class kotlin.collections.ArraysKt__ArraysJVMKt                                        : loaded 4 times (x 71B)
Class kotlin.collections.AbstractList$Companion                                       : loaded 4 times (x 71B)
Class kotlin.coroutines.intrinsics.IntrinsicsKt__IntrinsicsJvmKt                      : loaded 4 times (x 71B)
Class com.fasterxml.jackson.databind.ext.Java7SupportImpl                             : loaded 3 times (x 75B)
Class com.fasterxml.jackson.databind.ser.VirtualBeanPropertyWriter                    : loaded 3 times (x 143B)
Class com.fasterxml.jackson.databind.node.NullNode                                    : loaded 3 times (x 200B)
Class com.fasterxml.jackson.databind.introspect.ClassIntrospector                     : loaded 3 times (x 78B)
Class com.fasterxml.jackson.core.json.WriterBasedJsonGenerator                        : loaded 3 times (x 235B)
Class com.fasterxml.jackson.databind.ser.ResolvableSerializer                         : loaded 3 times (x 70B)
Class com.fasterxml.jackson.databind.JsonDeserializer                                 : loaded 3 times (x 97B)
Class com.fasterxml.jackson.databind.deser.std.MapEntryDeserializer                   : loaded 3 times (x 168B)
Class [Lcom.fasterxml.jackson.databind.AnnotationIntrospector$ReferenceProperty$Type; : loaded 3 times (x 69B)
Class com.fasterxml.jackson.databind.deser.impl.JDKValueInstantiators$ArrayListInstantiator: loaded 3 times (x 108B)
Class com.google.gson.Gson                                                            : loaded 3 times (x 72B)
Class com.google.gson.stream.MalformedJsonException                                   : loaded 3 times (x 82B)
Class com.google.gson.internal.sql.SqlTypesSupport                                    : loaded 3 times (x 71B)
Class kotlin.coroutines.jvm.internal.SuspendFunction                                  : loaded 3 times (x 70B)
Class com.fasterxml.jackson.databind.introspect.VisibilityChecker                     : loaded 3 times (x 70B)
Class [Lcom.fasterxml.jackson.core.Base64Variant$PaddingReadBehaviour;                : loaded 3 times (x 69B)
Class [Lcom.fasterxml.jackson.annotation.Nulls;                                       : loaded 3 times (x 69B)
Class com.fasterxml.jackson.databind.deser.std.ReferenceTypeDeserializer              : loaded 3 times (x 164B)
Class [Lcom.fasterxml.jackson.databind.cfg.CoercionAction;                            : loaded 3 times (x 69B)
Class com.fasterxml.jackson.databind.cfg.DatatypeFeature                              : loaded 3 times (x 70B)
Class com.fasterxml.jackson.databind.util.internal.PrivateMaxEntriesMap$DrainStatus   : loaded 3 times (x 80B)
Class com.fasterxml.jackson.databind.jsontype.PolymorphicTypeValidator                : loaded 3 times (x 74B)
Class com.fasterxml.jackson.databind.ser.SerializerFactory                            : loaded 3 times (x 78B)
Class com.fasterxml.jackson.databind.cfg.ContextAttributes                            : loaded 3 times (x 76B)
Class org.slf4j.helpers.Reporter                                                      : loaded 3 times (x 71B)
Class com.fasterxml.jackson.databind.JsonSerializer                                   : loaded 3 times (x 88B)
Class com.google.gson.ToNumberPolicy$4                                                : loaded 3 times (x 83B)
Class com.fasterxml.jackson.databind.JsonMappingException                             : loaded 3 times (x 97B)
Class com.fasterxml.jackson.databind.type.CollectionLikeType                          : loaded 3 times (x 145B)
Class com.fasterxml.jackson.databind.introspect.BasicClassIntrospector                : loaded 3 times (x 92B)
Class com.fasterxml.jackson.databind.node.BinaryNode                                  : loaded 3 times (x 200B)
Class com.google.gson.TypeAdapterFactory                                              : loaded 3 times (x 70B)
Class com.google.gson.internal.bind.JsonTreeReader                                    : loaded 3 times (x 98B)
Class com.fasterxml.jackson.databind.node.TextNode                                    : loaded 3 times (x 201B)
Class com.fasterxml.jackson.databind.ser.impl.PropertyBasedObjectIdGenerator          : loaded 3 times (x 80B)
Class com.fasterxml.jackson.databind.util.IgnorePropertiesUtil                        : loaded 3 times (x 71B)
Class com.fasterxml.jackson.annotation.JsonFormat$Feature                             : loaded 3 times (x 79B)
Class com.fasterxml.jackson.databind.introspect.AnnotatedFieldCollector$FieldBuilder  : loaded 3 times (x 72B)
Class com.fasterxml.jackson.databind.node.DoubleNode                                  : loaded 3 times (x 200B)
Class com.fasterxml.jackson.databind.node.BaseJsonNode                                : loaded 3 times (x 199B)
Class org.slf4j.helpers.Util                                                          : loaded 3 times (x 71B)
Class org.slf4j.helpers.BasicMDCAdapter$1                                             : loaded 3 times (x 86B)
Class com.fasterxml.jackson.databind.ser.impl.UnwrappingBeanSerializer                : loaded 3 times (x 133B)
Class com.google.gson.ToNumberPolicy$3                                                : loaded 3 times (x 83B)
Class com.google.gson.internal.bind.ReflectiveTypeAdapterFactory$BoundField           : loaded 3 times (x 75B)
Class com.fasterxml.jackson.databind.introspect.AnnotationIntrospectorPair            : loaded 3 times (x 163B)
Class com.fasterxml.jackson.databind.annotation.JsonDeserialize                       : loaded 3 times (x 70B)
Class com.fasterxml.jackson.databind.deser.CreatorProperty                            : loaded 3 times (x 144B)
Class com.fasterxml.jackson.databind.ser.std.JsonValueSerializer                      : loaded 3 times (x 123B)
Class com.fasterxml.jackson.databind.deser.impl.InnerClassProperty                    : loaded 3 times (x 143B)
Class com.google.gson.ToNumberPolicy$2                                                : loaded 3 times (x 83B)
Class com.google.gson.internal.bind.TypeAdapters$31                                   : loaded 3 times (x 76B)
Class com.google.gson.JsonSyntaxException                                             : loaded 3 times (x 82B)
Class com.google.gson.internal.reflect.ReflectionHelper$RecordHelper                  : loaded 3 times (x 75B)
Class com.google.gson.internal.ReflectionAccessFilterHelper                           : loaded 3 times (x 71B)
Class org.slf4j.helpers.SubstituteServiceProvider                                     : loaded 3 times (x 85B)
Class com.fasterxml.jackson.databind.jsontype.impl.StdSubtypeResolver                 : loaded 3 times (x 85B)
Class com.fasterxml.jackson.databind.DeserializationConfig                            : loaded 3 times (x 135B)
Class com.fasterxml.jackson.databind.exc.InvalidDefinitionException                   : loaded 3 times (x 100B)
Class com.fasterxml.jackson.databind.ser.std.AsArraySerializerBase                    : loaded 3 times (x 127B)
Class com.fasterxml.jackson.databind.ser.std.NumberSerializers$1                      : loaded 3 times (x 71B)
Class [Lcom.fasterxml.jackson.databind.util.AccessPattern;                            : loaded 3 times (x 69B)
Class [Lcom.fasterxml.jackson.databind.introspect.ConcreteBeanPropertyBase;           : loaded 3 times (x 69B)
Class com.fasterxml.jackson.databind.deser.ValueInstantiator                          : loaded 3 times (x 107B)
Class com.fasterxml.jackson.annotation.JsonInclude                                    : loaded 3 times (x 70B)
Class com.fasterxml.jackson.databind.introspect.AnnotatedMethodMap                    : loaded 3 times (x 79B)
Class com.fasterxml.jackson.databind.ser.std.DateTimeSerializerBase                   : loaded 3 times (x 123B)
Class com.fasterxml.jackson.databind.deser.std.StdKeyDeserializer$StringFactoryKeyDeserializer: loaded 3 times (x 79B)
Class com.fasterxml.jackson.databind.deser.impl.SetterlessProperty                    : loaded 3 times (x 140B)
Class com.fasterxml.jackson.databind.node.FloatNode                                   : loaded 3 times (x 200B)
Class com.fasterxml.jackson.databind.node.BooleanNode                                 : loaded 3 times (x 200B)
Class com.fasterxml.jackson.databind.SerializationFeature                             : loaded 3 times (x 84B)
Class com.fasterxml.jackson.annotation.Nulls                                          : loaded 3 times (x 79B)
Class com.fasterxml.jackson.core.JsonFactory$Feature                                  : loaded 3 times (x 84B)
Class [Lcom.fasterxml.jackson.databind.util.internal.PrivateMaxEntriesMap$DrainStatus;: loaded 3 times (x 69B)
Class com.fasterxml.jackson.databind.DatabindException                                : loaded 3 times (x 89B)
Class [Lcom.fasterxml.jackson.databind.ser.Serializers;                               : loaded 3 times (x 69B)
Class com.fasterxml.jackson.annotation.JsonCreator$Mode                               : loaded 3 times (x 79B)
Class com.fasterxml.jackson.databind.deser.std.NumberDeserializers$BigDecimalDeserializer: loaded 3 times (x 157B)
Class [Lcom.google.gson.FieldNamingStrategy;                                          : loaded 3 times (x 69B)
Class com.google.gson.ToNumberPolicy$1                                                : loaded 3 times (x 83B)
Class com.google.gson.internal.Excluder                                               : loaded 3 times (x 75B)
Class com.fasterxml.jackson.core.base.ParserMinimalBase                               : loaded 3 times (x 222B)
Class com.fasterxml.jackson.core.PrettyPrinter                                        : loaded 3 times (x 70B)
Class com.fasterxml.jackson.databind.AbstractTypeResolver                             : loaded 3 times (x 74B)
Class com.fasterxml.jackson.core.io.JsonStringEncoder                                 : loaded 3 times (x 71B)
Class com.google.gson.internal.bind.TypeAdapters$32                                   : loaded 3 times (x 76B)
Class com.fasterxml.jackson.annotation.JacksonInject                                  : loaded 3 times (x 70B)
Class com.fasterxml.jackson.databind.deser.std.FromStringDeserializer$StringBufferDeserializer: loaded 3 times (x 162B)
Class com.fasterxml.jackson.databind.deser.impl.JDKValueInstantiators$HashMapInstantiator: loaded 3 times (x 108B)
Class com.fasterxml.jackson.databind.ObjectReader                                     : loaded 3 times (x 229B)
Class com.google.gson.internal.bind.NumberTypeAdapter                                 : loaded 3 times (x 74B)
Class com.google.gson.Gson$3                                                          : loaded 3 times (x 75B)
Class com.fasterxml.jackson.databind.introspect.BasicBeanDescription                  : loaded 3 times (x 114B)
Class [Lcom.fasterxml.jackson.databind.MapperFeature;                                 : loaded 3 times (x 69B)
Class [Lcom.fasterxml.jackson.databind.deser.Deserializers;                           : loaded 3 times (x 69B)
Class com.fasterxml.jackson.databind.deser.BeanDeserializerModifier                   : loaded 3 times (x 82B)
Class com.fasterxml.jackson.databind.ext.Java7HandlersImpl                            : loaded 3 times (x 75B)
Class com.fasterxml.jackson.databind.ser.impl.UnsupportedTypeSerializer               : loaded 3 times (x 114B)
Class com.fasterxml.jackson.databind.ser.std.NumberSerializers$IntegerSerializer      : loaded 3 times (x 119B)
Class com.fasterxml.jackson.databind.deser.std.UntypedObjectDeserializer              : loaded 3 times (x 174B)
Class com.fasterxml.jackson.annotation.JsonInclude$Value                              : loaded 3 times (x 86B)
Class [Lcom.fasterxml.jackson.core.util.JacksonFeature;                               : loaded 3 times (x 69B)
Class com.fasterxml.jackson.databind.ext.Java7Support                                 : loaded 3 times (x 74B)
Class [Lcom.fasterxml.jackson.core.JsonToken;                                         : loaded 3 times (x 69B)
Class com.fasterxml.jackson.databind.deser.impl.JDKValueInstantiators$ConstantValueInstantiator: loaded 3 times (x 108B)
Class [Lcom.fasterxml.jackson.databind.BeanProperty;                                  : loaded 3 times (x 69B)
Class com.fasterxml.jackson.databind.ser.impl.BeanAsArraySerializer                   : loaded 3 times (x 134B)
Class com.google.gson.internal.bind.JsonAdapterAnnotationTypeAdapterFactory           : loaded 3 times (x 75B)
Class com.fasterxml.jackson.databind.deser.std.NumberDeserializers$BooleanDeserializer: loaded 3 times (x 157B)
Class com.fasterxml.jackson.databind.util.LookupCache                                 : loaded 3 times (x 70B)
Class com.fasterxml.jackson.core.Base64Variant$PaddingReadBehaviour                   : loaded 3 times (x 79B)
Class com.fasterxml.jackson.databind.ser.impl.UnknownSerializer                       : loaded 3 times (x 115B)
Class com.fasterxml.jackson.databind.deser.std.EnumSetDeserializer                    : loaded 3 times (x 167B)
Class com.fasterxml.jackson.databind.PropertyName                                     : loaded 3 times (x 83B)
Class com.google.gson.internal.bind.ObjectTypeAdapter                                 : loaded 3 times (x 74B)
Class com.fasterxml.jackson.databind.ser.std.NumberSerializer                         : loaded 3 times (x 119B)
Class com.fasterxml.jackson.databind.ser.std.ReferenceTypeSerializer                  : loaded 3 times (x 126B)
Class com.fasterxml.jackson.databind.ser.std.StdJdkSerializers                        : loaded 3 times (x 71B)
Class com.fasterxml.jackson.databind.util.internal.PrivateMaxEntriesMap$AddTask       : loaded 3 times (x 75B)
Class com.fasterxml.jackson.databind.introspect.AnnotatedCreatorCollector             : loaded 3 times (x 73B)
Class [Lcom.fasterxml.jackson.databind.ser.BeanPropertyWriter;                        : loaded 3 times (x 69B)
Class com.google.gson.internal.reflect.ReflectionHelper$RecordSupportedHelper         : loaded 3 times (x 78B)
Class com.fasterxml.jackson.core.util.Instantiatable                                  : loaded 3 times (x 70B)
Class kotlin.LazyKt                                                                   : loaded 3 times (x 71B)
Class org.slf4j.helpers.NOP_FallbackServiceProvider                                   : loaded 3 times (x 84B)
Class com.fasterxml.jackson.databind.AnnotationIntrospector                           : loaded 3 times (x 160B)
Class com.fasterxml.jackson.databind.ser.std.ToStringSerializerBase                   : loaded 3 times (x 115B)
Class com.fasterxml.jackson.databind.deser.std.StdKeyDeserializer$DelegatingKD        : loaded 3 times (x 73B)
Class [Lcom.fasterxml.jackson.databind.AbstractTypeResolver;                          : loaded 3 times (x 69B)
Class com.fasterxml.jackson.databind.deser.std.StringCollectionDeserializer           : loaded 3 times (x 164B)
Class com.fasterxml.jackson.databind.introspect.TypeResolutionContext                 : loaded 3 times (x 70B)
Class com.fasterxml.jackson.databind.exc.MismatchedInputException                     : loaded 3 times (x 99B)
Class com.fasterxml.jackson.databind.node.ObjectNode                                  : loaded 3 times (x 285B)
Class com.fasterxml.jackson.databind.deser.std.NumberDeserializers$PrimitiveOrWrapperDeserializer: loaded 3 times (x 157B)
Class com.fasterxml.jackson.core.JsonEncoding                                         : loaded 3 times (x 80B)
Class com.google.gson.stream.JsonReader                                               : loaded 3 times (x 97B)
Class com.fasterxml.jackson.databind.type.PlaceholderForType                          : loaded 3 times (x 142B)
Class [Lcom.fasterxml.jackson.databind.JavaType;                                      : loaded 3 times (x 69B)
Class com.fasterxml.jackson.databind.cfg.BaseSettings                                 : loaded 3 times (x 72B)
Class [Lcom.fasterxml.jackson.databind.cfg.DatatypeFeature;                           : loaded 3 times (x 69B)
Class com.fasterxml.jackson.databind.node.ShortNode                                   : loaded 3 times (x 200B)
Class com.fasterxml.jackson.databind.ser.std.BooleanSerializer$AsNumber               : loaded 3 times (x 117B)
Class [Lcom.fasterxml.jackson.databind.util.Annotations;                              : loaded 3 times (x 69B)
Class com.fasterxml.jackson.databind.deser.impl.ObjectIdValueProperty                 : loaded 3 times (x 140B)
Class com.fasterxml.jackson.databind.cfg.ConstructorDetector$SingleArgConstructor     : loaded 3 times (x 79B)
Class com.fasterxml.jackson.annotation.JsonProperty                                   : loaded 3 times (x 70B)
Class com.fasterxml.jackson.databind.introspect.POJOPropertiesCollector               : loaded 3 times (x 111B)
Class com.fasterxml.jackson.core.JsonGenerationException                              : loaded 3 times (x 90B)
Class com.google.gson.internal.LazilyParsedNumber                                     : loaded 3 times (x 78B)
Class com.google.gson.internal.Streams                                                : loaded 3 times (x 71B)
Class com.fasterxml.jackson.databind.node.IntNode                                     : loaded 3 times (x 200B)
Class kotlin.text.CharsKt__CharKt                                                     : loaded 3 times (x 71B)
Class kotlin.coroutines.jvm.internal.Boxing                                           : loaded 3 times (x 71B)
Class com.fasterxml.jackson.annotation.ObjectIdGenerator                              : loaded 3 times (x 79B)
Class com.fasterxml.jackson.databind.type.MapLikeType                                 : loaded 3 times (x 148B)
Class com.fasterxml.jackson.databind.util.internal.PrivateMaxEntriesMap$Builder       : loaded 3 times (x 71B)
Class com.fasterxml.jackson.databind.util.TypeKey                                     : loaded 3 times (x 75B)
Class com.fasterxml.jackson.annotation.JsonAnyGetter                                  : loaded 3 times (x 70B)
Class com.fasterxml.jackson.databind.deser.impl.CreatorCandidate$Param                : loaded 3 times (x 72B)
Class com.google.gson.internal.bind.DefaultDateTypeAdapter$DateType$1                 : loaded 3 times (x 73B)
Class kotlin.ranges.RangesKt___RangesKt                                               : loaded 3 times (x 71B)
Class com.google.gson.internal.bind.TypeAdapters                                      : loaded 3 times (x 71B)
Class com.google.gson.FieldNamingPolicy                                               : loaded 3 times (x 83B)
Class com.fasterxml.jackson.databind.DeserializationContext                           : loaded 3 times (x 167B)
Class com.fasterxml.jackson.databind.JavaType                                         : loaded 3 times (x 131B)
Class com.fasterxml.jackson.core.json.UTF8JsonGenerator                               : loaded 3 times (x 226B)
Class com.fasterxml.jackson.annotation.JsonFormat$Shape                               : loaded 3 times (x 79B)
Class [Lcom.fasterxml.jackson.databind.cfg.JsonNodeFeature;                           : loaded 3 times (x 69B)
Class com.fasterxml.jackson.databind.node.JsonNodeFactory                             : loaded 3 times (x 136B)
Class com.fasterxml.jackson.databind.deser.std.TokenBufferDeserializer                : loaded 3 times (x 157B)
Class com.fasterxml.jackson.databind.deser.std.NumberDeserializers$ShortDeserializer  : loaded 3 times (x 159B)
Class [Lcom.fasterxml.jackson.databind.deser.SettableBeanProperty;                    : loaded 3 times (x 69B)
Class com.fasterxml.jackson.core.StreamReadCapability                                 : loaded 3 times (x 84B)
Class com.fasterxml.jackson.databind.deser.impl.FieldProperty                         : loaded 3 times (x 141B)
Class com.fasterxml.jackson.databind.util.internal.PrivateMaxEntriesMap$EntrySet      : loaded 3 times (x 136B)
Class com.fasterxml.jackson.core.json.JsonWriteContext                                : loaded 3 times (x 95B)
Class [Lcom.fasterxml.jackson.databind.cfg.ConstructorDetector$SingleArgConstructor;  : loaded 3 times (x 69B)
Class com.fasterxml.jackson.databind.deser.std.StdKeyDeserializer$StringCtorKeyDeserializer: loaded 3 times (x 79B)
Class com.fasterxml.jackson.annotation.JsonIgnoreType                                 : loaded 3 times (x 70B)
Class com.fasterxml.jackson.databind.introspect.DefaultAccessorNamingStrategy         : loaded 3 times (x 80B)
Class com.fasterxml.jackson.core.json.async.NonBlockingUtf8JsonParserBase             : loaded 3 times (x 302B)
Class com.fasterxml.jackson.databind.deser.std.MapDeserializer                        : loaded 3 times (x 178B)
Class com.fasterxml.jackson.databind.deser.std.StdKeyDeserializer$EnumKD              : loaded 3 times (x 79B)
Class com.fasterxml.jackson.databind.ser.std.StdJdkSerializers$AtomicBooleanSerializer: loaded 3 times (x 115B)
Class com.fasterxml.jackson.databind.BeanDescription                                  : loaded 3 times (x 105B)
Class com.fasterxml.jackson.databind.deser.std.FromStringDeserializer$Std             : loaded 3 times (x 163B)
Class com.google.gson.JsonArray                                                       : loaded 3 times (x 100B)
Class com.google.gson.FieldNamingStrategy                                             : loaded 3 times (x 70B)
Class com.fasterxml.jackson.databind.deser.BeanDeserializerBuilder                    : loaded 3 times (x 103B)
Class com.fasterxml.jackson.databind.deser.std.NumberDeserializers$NumberDeserializer : loaded 3 times (x 156B)
Class com.google.gson.JsonNull                                                        : loaded 3 times (x 92B)
Class com.google.gson.internal.bind.TypeAdapters$29                                   : loaded 3 times (x 75B)
Class com.google.gson.internal.bind.MapTypeAdapterFactory                             : loaded 3 times (x 75B)
Class com.fasterxml.jackson.databind.ser.std.ToStringSerializer                       : loaded 3 times (x 115B)
Class com.fasterxml.jackson.databind.cfg.DatatypeFeatures                             : loaded 3 times (x 80B)
Class com.fasterxml.jackson.databind.type.TypeParser                                  : loaded 3 times (x 78B)
Class com.google.gson.internal.Streams$AppendableWriter                               : loaded 3 times (x 99B)
Class com.google.gson.Gson$1                                                          : loaded 3 times (x 76B)
Class com.fasterxml.jackson.databind.ser.std.NullSerializer                           : loaded 3 times (x 114B)
Class com.fasterxml.jackson.annotation.JsonAutoDetect$Visibility                      : loaded 3 times (x 79B)
Class com.fasterxml.jackson.databind.ser.impl.MapEntrySerializer                      : loaded 3 times (x 132B)
Class com.fasterxml.jackson.databind.ser.impl.IteratorSerializer                      : loaded 3 times (x 132B)
Class [Lcom.google.gson.LongSerializationPolicy;                                      : loaded 3 times (x 69B)
Class com.fasterxml.jackson.databind.deser.std.AtomicLongDeserializer                 : loaded 3 times (x 157B)
Class com.fasterxml.jackson.annotation.JsonAutoDetect                                 : loaded 3 times (x 70B)
Class kotlin.collections.EmptyMap                                                     : loaded 3 times (x 109B)
Class com.fasterxml.jackson.databind.introspect.DefaultAccessorNamingStrategy$RecordNaming: loaded 3 times (x 80B)
Class [Lcom.fasterxml.jackson.core.JsonGenerator$Feature;                             : loaded 3 times (x 69B)
Class com.google.gson.internal.LinkedTreeMap$Node                                     : loaded 3 times (x 79B)
Class [Lcom.fasterxml.jackson.databind.deser.BeanDeserializerModifier;                : loaded 3 times (x 69B)
Class com.fasterxml.jackson.databind.ser.std.CalendarSerializer                       : loaded 3 times (x 126B)
Class com.fasterxml.jackson.databind.ser.std.DateSerializer                           : loaded 3 times (x 126B)
Class com.fasterxml.jackson.databind.AnnotationIntrospector$ReferenceProperty$Type    : loaded 3 times (x 79B)
Class com.fasterxml.jackson.databind.introspect.AnnotatedMethodCollector$MethodBuilder: loaded 3 times (x 72B)
Class com.fasterxml.jackson.databind.node.MissingNode                                 : loaded 3 times (x 199B)
Class com.fasterxml.jackson.annotation.JsonSetter$Value                               : loaded 3 times (x 85B)
Class com.fasterxml.jackson.core.async.ByteArrayFeeder                                : loaded 3 times (x 70B)
Class com.fasterxml.jackson.annotation.JsonTypeInfo                                   : loaded 3 times (x 70B)
Class com.fasterxml.jackson.annotation.JsonIncludeProperties                          : loaded 3 times (x 70B)
Class com.fasterxml.jackson.databind.deser.std.JsonLocationInstantiator               : loaded 3 times (x 108B)
Class com.google.gson.FieldNamingPolicy$7                                             : loaded 3 times (x 83B)
Class com.google.gson.internal.bind.TypeAdapters$27                                   : loaded 3 times (x 75B)
Class com.google.gson.internal.reflect.ReflectionHelper                               : loaded 3 times (x 71B)
Class com.fasterxml.jackson.databind.type.IdentityEqualityType                        : loaded 3 times (x 139B)
Class com.fasterxml.jackson.databind.SerializationConfig                              : loaded 3 times (x 135B)
Class [Lcom.fasterxml.jackson.databind.cfg.ConfigFeature;                             : loaded 3 times (x 69B)
Class com.fasterxml.jackson.databind.cfg.DatatypeFeatures$DefaultHolder               : loaded 3 times (x 71B)
Class com.fasterxml.jackson.databind.ser.SerializerCache                              : loaded 3 times (x 72B)
Class com.fasterxml.jackson.databind.deser.std.ArrayBlockingQueueDeserializer         : loaded 3 times (x 175B)
Class com.google.gson.FieldNamingPolicy$6                                             : loaded 3 times (x 83B)
Class com.google.gson.internal.bind.TypeAdapters$26                                   : loaded 3 times (x 75B)
Class com.google.gson.internal.bind.ArrayTypeAdapter                                  : loaded 3 times (x 74B)
Class com.fasterxml.jackson.core.io.ContentReference                                  : loaded 3 times (x 86B)
Class com.fasterxml.jackson.annotation.JsonAlias                                      : loaded 3 times (x 70B)
Class com.fasterxml.jackson.core.util.DefaultPrettyPrinter$Indenter                   : loaded 3 times (x 70B)
Class com.fasterxml.jackson.databind.deser.std.StringArrayDeserializer                : loaded 3 times (x 160B)
Class com.fasterxml.jackson.databind.ser.std.StdJdkSerializers$AtomicLongSerializer   : loaded 3 times (x 115B)
Class [Lcom.fasterxml.jackson.databind.introspect.Annotated;                          : loaded 3 times (x 69B)
Class com.fasterxml.jackson.databind.deser.impl.MergingSettableBeanProperty           : loaded 3 times (x 143B)
Class com.fasterxml.jackson.databind.deser.std.NumberDeserializers$CharacterDeserializer: loaded 3 times (x 158B)
Class com.google.gson.FieldNamingPolicy$5                                             : loaded 3 times (x 83B)
Class com.google.gson.internal.bind.TypeAdapters$25                                   : loaded 3 times (x 75B)
Class com.fasterxml.jackson.databind.deser.std.JdkDeserializers                       : loaded 3 times (x 71B)
Class com.google.gson.internal.LinkedTreeMap$EntrySet$1                               : loaded 3 times (x 81B)
Class com.fasterxml.jackson.databind.ser.std.NumberSerializers$DoubleSerializer       : loaded 3 times (x 119B)
Class com.fasterxml.jackson.core.io.JsonEOFException                                  : loaded 3 times (x 95B)
Class com.fasterxml.jackson.databind.jsontype.impl.LaissezFaireSubTypeValidator       : loaded 3 times (x 74B)
Class com.fasterxml.jackson.databind.ser.std.NumberSerializers$IntLikeSerializer      : loaded 3 times (x 119B)
Class com.fasterxml.jackson.databind.ser.impl.TypeWrappedSerializer                   : loaded 3 times (x 92B)
Class com.fasterxml.jackson.databind.annotation.JsonSerialize                         : loaded 3 times (x 70B)
Class com.fasterxml.jackson.databind.introspect.VirtualAnnotatedMember                : loaded 3 times (x 93B)
Class com.fasterxml.jackson.databind.type.TypeBindings                                : loaded 3 times (x 85B)
Class [Lcom.fasterxml.jackson.databind.introspect.POJOPropertyBuilder$Linked;         : loaded 3 times (x 69B)
Class com.fasterxml.jackson.databind.deser.std.StdValueInstantiator                   : loaded 3 times (x 121B)
Class com.google.gson.FieldNamingPolicy$4                                             : loaded 3 times (x 83B)
Class com.google.gson.internal.bind.TypeAdapters$24                                   : loaded 3 times (x 75B)
Class com.fasterxml.jackson.databind.ser.std.InetSocketAddressSerializer              : loaded 3 times (x 116B)
Class com.fasterxml.jackson.databind.ser.std.EnumSerializer                           : loaded 3 times (x 119B)
Class com.fasterxml.jackson.core.json.async.NonBlockingJsonParser                     : loaded 3 times (x 312B)
Class kotlin.coroutines.jvm.internal.SuspendLambda                                    : loaded 3 times (x 91B)
Class com.fasterxml.jackson.databind.util.RootNameLookup                              : loaded 3 times (x 75B)
Class com.fasterxml.jackson.databind.cfg.ConfigOverride$Empty                         : loaded 3 times (x 80B)
Class com.fasterxml.jackson.databind.cfg.EnumFeature                                  : loaded 3 times (x 87B)
Class com.fasterxml.jackson.databind.ser.std.ArraySerializerBase                      : loaded 3 times (x 126B)
Class com.fasterxml.jackson.databind.ext.OptionalHandlerFactory                       : loaded 3 times (x 75B)
Class com.fasterxml.jackson.core.util.BufferRecycler                                  : loaded 3 times (x 88B)
Class com.fasterxml.jackson.core.exc.StreamWriteException                             : loaded 3 times (x 89B)
Class com.google.gson.FieldNamingPolicy$3                                             : loaded 3 times (x 83B)
Class com.fasterxml.jackson.databind.ser.std.UUIDSerializer                           : loaded 3 times (x 121B)
Class com.fasterxml.jackson.databind.deser.NullValueProvider                          : loaded 3 times (x 70B)
Class com.fasterxml.jackson.core.util.DefaultIndenter                                 : loaded 3 times (x 82B)
Class com.fasterxml.jackson.databind.cfg.CoercionAction                               : loaded 3 times (x 79B)
Class [Lcom.fasterxml.jackson.core.sym.CharsToNameCanonicalizer$Bucket;               : loaded 3 times (x 69B)
Class com.fasterxml.jackson.core.sym.CharsToNameCanonicalizer$Bucket                  : loaded 3 times (x 72B)
Class com.fasterxml.jackson.core.StreamReadConstraints                                : loaded 3 times (x 90B)
Class com.fasterxml.jackson.databind.util.ClassUtil                                   : loaded 3 times (x 71B)
Class com.fasterxml.jackson.annotation.JsonUnwrapped                                  : loaded 3 times (x 70B)
Class com.fasterxml.jackson.databind.DatabindContext                                  : loaded 3 times (x 101B)
Class com.google.gson.internal.bind.TypeAdapters$23                                   : loaded 3 times (x 75B)
Class com.google.gson.Gson$4                                                          : loaded 3 times (x 76B)
Class com.google.gson.internal.ConstructorConstructor                                 : loaded 3 times (x 72B)
Class com.fasterxml.jackson.databind.ser.impl.AttributePropertyWriter                 : loaded 3 times (x 143B)
Class com.fasterxml.jackson.core.SerializableString                                   : loaded 3 times (x 70B)
Class com.fasterxml.jackson.databind.jsonschema.SchemaAware                           : loaded 3 times (x 70B)
Class com.fasterxml.jackson.databind.ser.std.StdDelegatingSerializer                  : loaded 3 times (x 126B)
Class com.fasterxml.jackson.databind.deser.ValueInstantiator$Gettable                 : loaded 3 times (x 70B)
Class com.fasterxml.jackson.databind.deser.std.StdDelegatingDeserializer              : loaded 3 times (x 168B)
Class com.google.gson.FieldNamingPolicy$2                                             : loaded 3 times (x 83B)
Class com.fasterxml.jackson.databind.util.ArrayIterator                               : loaded 3 times (x 90B)
Class [Lcom.fasterxml.jackson.core.type.ResolvedType;                                 : loaded 3 times (x 69B)
Class com.fasterxml.jackson.databind.ser.std.NumberSerializers$FloatSerializer        : loaded 3 times (x 119B)
Class com.google.gson.internal.Excluder$1                                             : loaded 3 times (x 74B)
Class com.google.gson.internal.bind.TypeAdapters$22                                   : loaded 3 times (x 75B)
Class com.fasterxml.jackson.databind.deser.Deserializers                              : loaded 3 times (x 70B)
Class com.fasterxml.jackson.databind.deser.std.ThrowableDeserializer                  : loaded 3 times (x 223B)
Class com.fasterxml.jackson.databind.deser.BasicDeserializerFactory$ContainerDefaultMappings: loaded 3 times (x 71B)
Class com.fasterxml.jackson.annotation.JsonFormat                                     : loaded 3 times (x 70B)
Class com.fasterxml.jackson.databind.cfg.CoercionConfigs                              : loaded 3 times (x 79B)
Class com.fasterxml.jackson.databind.MapperFeature                                    : loaded 3 times (x 84B)
Class com.fasterxml.jackson.databind.deser.std.CollectionDeserializer                 : loaded 3 times (x 174B)
Class com.fasterxml.jackson.databind.ser.std.InetAddressSerializer                    : loaded 3 times (x 120B)
Class com.google.gson.FieldNamingPolicy$1                                             : loaded 3 times (x 83B)
Class com.google.gson.internal.bind.TypeAdapters$21                                   : loaded 3 times (x 75B)
Class com.google.gson.stream.JsonToken                                                : loaded 3 times (x 79B)
Class com.google.gson.JsonObject                                                      : loaded 3 times (x 93B)
Class com.fasterxml.jackson.databind.deser.BeanDeserializerFactory                    : loaded 3 times (x 141B)
Class com.fasterxml.jackson.databind.introspect.AccessorNamingStrategy$Provider       : loaded 3 times (x 74B)
Class com.fasterxml.jackson.annotation.JsonInclude$Include                            : loaded 3 times (x 79B)
Class com.fasterxml.jackson.databind.deser.DeserializerCache                          : loaded 3 times (x 72B)
Class com.fasterxml.jackson.annotation.JsonIgnoreProperties$Value                     : loaded 3 times (x 96B)
Class com.google.gson.internal.bind.TypeAdapters$20                                   : loaded 3 times (x 75B)
Class com.google.gson.internal.LinkedTreeMap$EntrySet                                 : loaded 3 times (x 136B)
Class kotlin.KotlinNothingValueException                                              : loaded 3 times (x 82B)
Class org.slf4j.helpers.BasicMarkerFactory                                            : loaded 3 times (x 82B)
Class com.fasterxml.jackson.databind.introspect.AccessorNamingStrategy                : loaded 3 times (x 75B)
Class com.google.gson.LongSerializationPolicy                                         : loaded 3 times (x 80B)
Class [Lcom.fasterxml.jackson.core.JsonParser$Feature;                                : loaded 3 times (x 69B)
Class com.fasterxml.jackson.databind.deser.std.ObjectArrayDeserializer                : loaded 3 times (x 169B)
Class com.fasterxml.jackson.databind.deser.ResolvableDeserializer                     : loaded 3 times (x 70B)
Class com.fasterxml.jackson.databind.introspect.AnnotatedField                        : loaded 3 times (x 91B)
Class com.fasterxml.jackson.databind.ser.impl.PropertySerializerMap$Single            : loaded 3 times (x 74B)
Class com.google.gson.internal.sql.SqlTimeTypeAdapter                                 : loaded 3 times (x 74B)
Class com.fasterxml.jackson.databind.deser.std.NumberDeserializers$BigIntegerDeserializer: loaded 3 times (x 157B)
Class com.google.gson.internal.bind.TreeTypeAdapter                                   : loaded 3 times (x 75B)
Class com.fasterxml.jackson.databind.util.internal.LinkedDeque                        : loaded 3 times (x 201B)
Class com.fasterxml.jackson.databind.cfg.ConfigOverride                               : loaded 3 times (x 80B)
Class com.fasterxml.jackson.databind.util.Annotations                                 : loaded 3 times (x 70B)
Class com.fasterxml.jackson.annotation.JsonFormat$Features                            : loaded 3 times (x 75B)
Class com.fasterxml.jackson.databind.deser.impl.ErrorThrowingDeserializer             : loaded 3 times (x 98B)
Class com.fasterxml.jackson.databind.util.internal.PrivateMaxEntriesMap$WeightedValue : loaded 3 times (x 72B)
Class com.fasterxml.jackson.databind.PropertyMetadata                                 : loaded 3 times (x 89B)
Class com.fasterxml.jackson.databind.deser.std.UUIDDeserializer                       : loaded 3 times (x 168B)
Class com.fasterxml.jackson.databind.deser.std.NumberDeserializers$IntegerDeserializer: loaded 3 times (x 157B)
Class com.fasterxml.jackson.core.util.ByteArrayBuilder                                : loaded 3 times (x 89B)
Class com.fasterxml.jackson.databind.introspect.AnnotatedClass                        : loaded 3 times (x 86B)
Class com.fasterxml.jackson.databind.deser.std.AtomicReferenceDeserializer            : loaded 3 times (x 169B)
Class com.fasterxml.jackson.databind.ser.std.MapSerializer                            : loaded 3 times (x 148B)
Class com.fasterxml.jackson.databind.util.Named                                       : loaded 3 times (x 70B)
Class kotlin.jvm.internal.FunctionBase                                                : loaded 3 times (x 70B)
Class com.fasterxml.jackson.databind.ser.std.ByteBufferSerializer                     : loaded 3 times (x 115B)
Class com.fasterxml.jackson.databind.cfg.ConfigOverrides                              : loaded 3 times (x 87B)
Class com.fasterxml.jackson.databind.introspect.AnnotatedConstructor                  : loaded 3 times (x 99B)
Class com.fasterxml.jackson.databind.type.ReferenceType                               : loaded 3 times (x 150B)
Class [Lcom.fasterxml.jackson.databind.introspect.AnnotatedWithParams;                : loaded 3 times (x 69B)
Class [Lcom.fasterxml.jackson.databind.deser.impl.CreatorCandidate$Param;             : loaded 3 times (x 69B)
Class com.fasterxml.jackson.databind.deser.impl.BeanAsArrayDeserializer               : loaded 3 times (x 214B)
Class com.google.gson.internal.bind.CollectionTypeAdapterFactory                      : loaded 3 times (x 75B)
Class kotlin.ranges.RangesKt                                                          : loaded 3 times (x 71B)
Class com.fasterxml.jackson.core.TreeCodec                                            : loaded 3 times (x 78B)
Class com.fasterxml.jackson.databind.cfg.CoercionInputShape                           : loaded 3 times (x 79B)
Class com.fasterxml.jackson.databind.introspect.AnnotationCollector$OneAnnotation     : loaded 3 times (x 82B)
Class com.fasterxml.jackson.annotation.JsonView                                       : loaded 3 times (x 70B)
Class com.google.gson.JsonElement                                                     : loaded 3 times (x 92B)
Class com.google.gson.internal.bind.DefaultDateTypeAdapter                            : loaded 3 times (x 74B)
Class [Lcom.google.gson.ReflectionAccessFilter$FilterResult;                          : loaded 3 times (x 69B)
Class com.fasterxml.jackson.databind.ser.PropertyBuilder                              : loaded 3 times (x 80B)
Class com.google.gson.Gson$2                                                          : loaded 3 times (x 76B)
Class [Lcom.fasterxml.jackson.databind.introspect.AnnotationMap;                      : loaded 3 times (x 69B)
Class com.fasterxml.jackson.databind.deser.std.StdScalarDeserializer                  : loaded 3 times (x 156B)
Class com.fasterxml.jackson.databind.ser.std.StdSerializer                            : loaded 3 times (x 114B)
Class com.fasterxml.jackson.databind.cfg.MutableCoercionConfig                        : loaded 3 times (x 77B)
Class com.fasterxml.jackson.databind.introspect.AnnotatedClass$Creators               : loaded 3 times (x 72B)
Class com.fasterxml.jackson.databind.type.SimpleType                                  : loaded 3 times (x 143B)
Class org.slf4j.IMarkerFactory                                                        : loaded 3 times (x 70B)
Class com.fasterxml.jackson.databind.introspect.NopAnnotationIntrospector             : loaded 3 times (x 160B)
Class com.fasterxml.jackson.databind.jsontype.DefaultBaseTypeLimitingValidator        : loaded 3 times (x 76B)
Class com.fasterxml.jackson.annotation.JsonTypeId                                     : loaded 3 times (x 70B)
Class com.google.gson.JsonPrimitive                                                   : loaded 3 times (x 93B)
Class com.google.gson.internal.sql.SqlTimestampTypeAdapter$1                          : loaded 3 times (x 75B)
Class com.fasterxml.jackson.core.json.JsonGeneratorImpl                               : loaded 3 times (x 225B)
Class com.fasterxml.jackson.databind.deser.AbstractDeserializer                       : loaded 3 times (x 104B)
Class com.fasterxml.jackson.databind.BeanProperty$Std                                 : loaded 3 times (x 108B)
Class com.google.gson.reflect.TypeToken                                               : loaded 3 times (x 75B)
Class com.fasterxml.jackson.databind.exc.ValueInstantiationException                  : loaded 3 times (x 98B)
Class com.fasterxml.jackson.databind.ser.std.BooleanSerializer                        : loaded 3 times (x 117B)
Class com.fasterxml.jackson.databind.type.TypeBindings$AsKey                          : loaded 3 times (x 72B)
Class com.google.gson.internal.Primitives                                             : loaded 3 times (x 71B)
Class com.google.gson.stream.JsonWriter                                               : loaded 3 times (x 98B)
Class com.fasterxml.jackson.databind.AnnotationIntrospector$ReferenceProperty         : loaded 3 times (x 76B)
Class com.fasterxml.jackson.databind.ser.PropertyBuilder$1                            : loaded 3 times (x 71B)
Class kotlin.text.CharsKt__CharJVMKt                                                  : loaded 3 times (x 71B)
Class com.fasterxml.jackson.databind.introspect.ClassIntrospector$MixInResolver       : loaded 3 times (x 70B)
Class [Lcom.fasterxml.jackson.databind.deser.KeyDeserializers;                        : loaded 3 times (x 69B)
Class com.fasterxml.jackson.databind.ser.std.StdScalarSerializer                      : loaded 3 times (x 114B)
Class com.fasterxml.jackson.databind.ser.impl.PropertySerializerMap$Double            : loaded 3 times (x 74B)
Class com.google.gson.LongSerializationPolicy$2                                       : loaded 3 times (x 80B)
Class [Lcom.fasterxml.jackson.databind.ser.BeanSerializerModifier;                    : loaded 3 times (x 69B)
Class com.fasterxml.jackson.databind.ser.std.FileSerializer                           : loaded 3 times (x 115B)
Class com.fasterxml.jackson.databind.node.ContainerNode                               : loaded 3 times (x 239B)
Class com.fasterxml.jackson.databind.node.DecimalNode                                 : loaded 3 times (x 201B)
Class com.fasterxml.jackson.databind.DeserializationFeature                           : loaded 3 times (x 84B)
Class kotlin.ranges.RangesKt__RangesKt                                                : loaded 3 times (x 71B)
Class kotlin.UNINITIALIZED_VALUE                                                      : loaded 3 times (x 71B)
Class com.fasterxml.jackson.core.JsonGenerator                                        : loaded 3 times (x 212B)
Class com.fasterxml.jackson.databind.BeanProperty                                     : loaded 3 times (x 70B)
Class com.fasterxml.jackson.core.async.NonBlockingInputFeeder                         : loaded 3 times (x 70B)
Class com.fasterxml.jackson.core.sym.ByteQuadsCanonicalizer$TableInfo                 : loaded 3 times (x 72B)
Class com.google.gson.LongSerializationPolicy$1                                       : loaded 3 times (x 80B)
Class [Lcom.google.gson.stream.JsonToken;                                             : loaded 3 times (x 69B)
Class kotlin.LazyKt__LazyKt                                                           : loaded 3 times (x 71B)
Class com.fasterxml.jackson.databind.util.ClassUtil$Ctor                              : loaded 3 times (x 72B)
Class com.fasterxml.jackson.databind.type.ResolvedRecursiveType                       : loaded 3 times (x 141B)
Class [Lcom.fasterxml.jackson.databind.SerializationFeature;                          : loaded 3 times (x 69B)
Class com.fasterxml.jackson.databind.ser.std.ToEmptyObjectSerializer                  : loaded 3 times (x 114B)
Class com.fasterxml.jackson.databind.introspect.AnnotationCollector$OneCollector      : loaded 3 times (x 77B)
Class com.fasterxml.jackson.databind.deser.std.FromStringDeserializer                 : loaded 3 times (x 162B)
Class com.fasterxml.jackson.databind.deser.SettableBeanProperty$Delegating            : loaded 3 times (x 143B)
Class com.fasterxml.jackson.databind.introspect.AnnotationCollector                   : loaded 3 times (x 77B)
Class com.fasterxml.jackson.databind.JsonSerializable                                 : loaded 3 times (x 70B)
Class com.google.gson.internal.bind.TypeAdapterRuntimeTypeWrapper                     : loaded 3 times (x 74B)
Class com.fasterxml.jackson.databind.type.LogicalType                                 : loaded 3 times (x 79B)
Class com.fasterxml.jackson.databind.node.NumericNode                                 : loaded 3 times (x 200B)
Class com.fasterxml.jackson.databind.deser.impl.TypeWrappedDeserializer               : loaded 3 times (x 98B)
Class com.fasterxml.jackson.databind.deser.ContextualDeserializer                     : loaded 3 times (x 70B)
Class com.fasterxml.jackson.databind.deser.ValueInstantiators                         : loaded 3 times (x 70B)
Class com.fasterxml.jackson.databind.ser.std.NumberSerializers$ShortSerializer        : loaded 3 times (x 119B)
Class com.fasterxml.jackson.core.util.JacksonFeatureSet                               : loaded 3 times (x 71B)
Class com.fasterxml.jackson.databind.introspect.AnnotatedMethodCollector              : loaded 3 times (x 75B)
Class com.google.gson.JsonIOException                                                 : loaded 3 times (x 82B)
Class com.google.gson.internal.reflect.ReflectionHelper$RecordNotSupportedHelper      : loaded 3 times (x 78B)
Class com.fasterxml.jackson.core.JsonParseException                                   : loaded 3 times (x 94B)
Class com.fasterxml.jackson.databind.deser.std.FromStringDeserializer$StringBuilderDeserializer: loaded 3 times (x 162B)
Class com.fasterxml.jackson.databind.util.LinkedNode                                  : loaded 3 times (x 72B)
Class com.fasterxml.jackson.databind.ser.std.NumberSerializer$BigDecimalAsStringSerializer: loaded 3 times (x 115B)
Class com.fasterxml.jackson.databind.ser.std.EnumSetSerializer                        : loaded 3 times (x 132B)
Class com.fasterxml.jackson.databind.ser.std.StaticListSerializerBase                 : loaded 3 times (x 123B)
Class com.fasterxml.jackson.databind.cfg.JsonNodeFeature                              : loaded 3 times (x 87B)
Class com.fasterxml.jackson.databind.type.TypeFactory                                 : loaded 3 times (x 135B)
Class com.fasterxml.jackson.core.TreeNode                                             : loaded 3 times (x 70B)
Class kotlin.SynchronizedLazyImpl                                                     : loaded 3 times (x 76B)
Class kotlin.collections.EmptyIterator                                                : loaded 3 times (x 89B)
Class org.slf4j.LoggerFactory                                                         : loaded 3 times (x 71B)
Class [Lorg.slf4j.helpers.Reporter$TargetChoice;                                      : loaded 3 times (x 69B)
Class com.fasterxml.jackson.core.io.SegmentedStringWriter                             : loaded 3 times (x 102B)
Class com.fasterxml.jackson.databind.type.MapType                                     : loaded 3 times (x 148B)
Class com.fasterxml.jackson.databind.type.TypeBindings$TypeParamStash                 : loaded 3 times (x 71B)
Class com.google.gson.ReflectionAccessFilter$FilterResult                             : loaded 3 times (x 79B)
Class com.fasterxml.jackson.databind.introspect.AnnotatedFieldCollector               : loaded 3 times (x 74B)
Class com.fasterxml.jackson.databind.introspect.TypeResolutionContext$Basic           : loaded 3 times (x 76B)
Class com.fasterxml.jackson.databind.introspect.POJOPropertyBuilder$Linked            : loaded 3 times (x 72B)
Class com.fasterxml.jackson.databind.deser.std.NumberDeserializers$ByteDeserializer   : loaded 3 times (x 159B)
Class [Lcom.fasterxml.jackson.annotation.JsonInclude$Value;                           : loaded 3 times (x 69B)
Class com.google.gson.internal.bind.ReflectiveTypeAdapterFactory$RecordAdapter        : loaded 3 times (x 77B)
Class com.google.gson.Gson$5                                                          : loaded 3 times (x 76B)
Class com.fasterxml.jackson.databind.deser.ValueInstantiator$Base                     : loaded 3 times (x 108B)
Class com.fasterxml.jackson.core.JsonParser$Feature                                   : loaded 3 times (x 79B)
Class com.fasterxml.jackson.databind.cfg.DeserializerFactoryConfig                    : loaded 3 times (x 87B)
Class com.fasterxml.jackson.databind.introspect.VisibilityChecker$Std                 : loaded 3 times (x 122B)
Class com.fasterxml.jackson.databind.introspect.AnnotatedClassResolver                : loaded 3 times (x 74B)
Class com.fasterxml.jackson.core.sym.ByteQuadsCanonicalizer                           : loaded 3 times (x 72B)
Class com.fasterxml.jackson.core.json.async.NonBlockingByteBufferJsonParser           : loaded 3 times (x 311B)
Class com.fasterxml.jackson.core.ObjectCodec                                          : loaded 3 times (x 92B)
Class com.fasterxml.jackson.core.JsonStreamContext                                    : loaded 3 times (x 83B)
Class com.fasterxml.jackson.databind.introspect.CollectorBase                         : loaded 3 times (x 72B)
Class com.fasterxml.jackson.annotation.JsonKey                                        : loaded 3 times (x 70B)
Class com.fasterxml.jackson.databind.annotation.JsonNaming                            : loaded 3 times (x 70B)
Class com.fasterxml.jackson.annotation.JsonManagedReference                           : loaded 3 times (x 70B)
Class [Lcom.fasterxml.jackson.databind.util.ClassUtil$Ctor;                           : loaded 3 times (x 69B)
Class com.fasterxml.jackson.core.Base64Variant                                        : loaded 3 times (x 72B)
Class com.fasterxml.jackson.core.TSFBuilder                                           : loaded 3 times (x 113B)
Class com.google.gson.internal.bind.MapTypeAdapterFactory$Adapter                     : loaded 3 times (x 74B)
Class com.google.gson.internal.sql.SqlTimeTypeAdapter$1                               : loaded 3 times (x 75B)
Class com.fasterxml.jackson.databind.introspect.AnnotationCollector$NoAnnotations     : loaded 3 times (x 81B)
Class com.fasterxml.jackson.databind.ser.BeanSerializer                               : loaded 3 times (x 133B)
Class com.fasterxml.jackson.annotation.JsonIdentityInfo                               : loaded 3 times (x 70B)
Class com.fasterxml.jackson.databind.deser.std.AtomicBooleanDeserializer              : loaded 3 times (x 157B)
Class com.google.gson.internal.sql.SqlDateTypeAdapter                                 : loaded 3 times (x 74B)
Class com.fasterxml.jackson.annotation.JacksonAnnotationValue                         : loaded 3 times (x 70B)
Class [Lcom.fasterxml.jackson.databind.cfg.EnumFeature;                               : loaded 3 times (x 69B)
Class com.fasterxml.jackson.databind.ObjectWriter                                     : loaded 3 times (x 166B)
Class com.fasterxml.jackson.databind.deser.std.NumberDeserializers$LongDeserializer   : loaded 3 times (x 157B)
Class com.fasterxml.jackson.databind.exc.IgnoredPropertyException                     : loaded 3 times (x 102B)
Class com.fasterxml.jackson.databind.ser.std.ClassSerializer                          : loaded 3 times (x 115B)
Class com.fasterxml.jackson.databind.deser.std.NullifyingDeserializer                 : loaded 3 times (x 156B)
Class com.fasterxml.jackson.databind.util.internal.PrivateMaxEntriesMap$WriteThroughEntry: loaded 3 times (x 82B)
Class com.fasterxml.jackson.annotation.JsonSetter                                     : loaded 3 times (x 70B)
Class com.fasterxml.jackson.databind.util.internal.PrivateMaxEntriesMap               : loaded 3 times (x 148B)
Class com.fasterxml.jackson.databind.deser.UnresolvedForwardReference                 : loaded 3 times (x 103B)
Class com.fasterxml.jackson.databind.node.JsonNodeCreator                             : loaded 3 times (x 70B)
Class [Lcom.fasterxml.jackson.core.JsonFactory$Feature;                               : loaded 3 times (x 69B)
Class com.fasterxml.jackson.core.sym.CharsToNameCanonicalizer                         : loaded 3 times (x 72B)
Class com.fasterxml.jackson.databind.cfg.MapperConfigBase                             : loaded 3 times (x 134B)
Class com.fasterxml.jackson.databind.deser.std.EnumMapDeserializer                    : loaded 3 times (x 174B)
Class com.fasterxml.jackson.databind.deser.std.StringDeserializer                     : loaded 3 times (x 158B)
Class com.fasterxml.jackson.databind.util.internal.PrivateMaxEntriesMap$EntryIterator : loaded 3 times (x 79B)
Class com.fasterxml.jackson.core.json.ReaderBasedJsonParser                           : loaded 3 times (x 280B)
Class com.fasterxml.jackson.databind.deser.std.ContainerDeserializerBase              : loaded 3 times (x 161B)
Class com.fasterxml.jackson.annotation.ObjectIdGenerators$Base                        : loaded 3 times (x 80B)
Class com.fasterxml.jackson.databind.ser.impl.IndexedListSerializer                   : loaded 3 times (x 127B)
Class kotlin.text.CharsKt                                                             : loaded 3 times (x 71B)
Class [Lcom.fasterxml.jackson.databind.ser.impl.ReadOnlyClassToSerializerMap$Bucket;  : loaded 3 times (x 69B)
Class com.fasterxml.jackson.databind.ser.DefaultSerializerProvider                    : loaded 3 times (x 163B)
Class com.fasterxml.jackson.core.JacksonException                                     : loaded 3 times (x 85B)
Class com.fasterxml.jackson.core.type.ResolvedType                                    : loaded 3 times (x 94B)
Class com.fasterxml.jackson.core.json.UTF8DataInputJsonParser                         : loaded 3 times (x 278B)
Class com.fasterxml.jackson.core.util.DefaultPrettyPrinter$FixedSpaceIndenter         : loaded 3 times (x 77B)
Class com.fasterxml.jackson.annotation.JsonPropertyOrder                              : loaded 3 times (x 70B)
Class com.fasterxml.jackson.databind.ser.impl.StringCollectionSerializer              : loaded 3 times (x 124B)
Class com.fasterxml.jackson.databind.ser.ContainerSerializer                          : loaded 3 times (x 120B)
Class com.fasterxml.jackson.core.JsonGenerator$Feature                                : loaded 3 times (x 79B)
Class com.fasterxml.jackson.databind.introspect.BeanPropertyDefinition                : loaded 3 times (x 109B)
Class com.fasterxml.jackson.databind.jsontype.TypeResolverBuilder                     : loaded 3 times (x 70B)
Class com.fasterxml.jackson.databind.SerializerProvider                               : loaded 3 times (x 149B)
Class com.fasterxml.jackson.databind.jsonFormatVisitors.JsonFormatVisitable           : loaded 3 times (x 70B)
Class org.slf4j.spi.MDCAdapter                                                        : loaded 3 times (x 70B)
Class com.fasterxml.jackson.annotation.ObjectIdGenerators$PropertyGenerator           : loaded 3 times (x 80B)
Class com.google.gson.JsonParseException                                              : loaded 3 times (x 82B)
Class org.slf4j.helpers.SubstituteLoggerFactory                                       : loaded 3 times (x 81B)
Class com.google.gson.internal.bind.DefaultDateTypeAdapter$DateType                   : loaded 3 times (x 73B)
Class com.fasterxml.jackson.core.io.DataOutputAsStream                                : loaded 3 times (x 86B)
Class com.fasterxml.jackson.core.exc.StreamConstraintsException                       : loaded 3 times (x 87B)
Class [Lcom.fasterxml.jackson.databind.DeserializationFeature;                        : loaded 3 times (x 69B)
Class [Lcom.fasterxml.jackson.databind.deser.ValueInstantiators;                      : loaded 3 times (x 69B)
Class com.fasterxml.jackson.databind.ser.impl.ReadOnlyClassToSerializerMap            : loaded 3 times (x 72B)
Class com.fasterxml.jackson.databind.deser.std.NumberDeserializers$DoubleDeserializer : loaded 3 times (x 159B)
Class com.google.gson.internal.bind.TypeAdapters$9                                    : loaded 3 times (x 75B)
Class com.fasterxml.jackson.databind.util.AccessPattern                               : loaded 3 times (x 79B)
Class com.fasterxml.jackson.databind.deser.impl.FailingDeserializer                   : loaded 3 times (x 156B)
Class com.fasterxml.jackson.annotation.JsonIgnoreProperties                           : loaded 3 times (x 70B)
Class com.fasterxml.jackson.databind.type.CollectionType                              : loaded 3 times (x 145B)
Class com.fasterxml.jackson.databind.ser.PropertyWriter                               : loaded 3 times (x 112B)
Class com.fasterxml.jackson.databind.ser.BeanPropertyWriter                           : loaded 3 times (x 141B)
Class com.fasterxml.jackson.databind.util.internal.Linked                             : loaded 3 times (x 70B)
Class com.fasterxml.jackson.core.sym.CharsToNameCanonicalizer$TableInfo               : loaded 3 times (x 72B)
Class com.fasterxml.jackson.databind.node.POJONode                                    : loaded 3 times (x 202B)
Class [Lcom.fasterxml.jackson.annotation.JsonFormat$Shape;                            : loaded 3 times (x 69B)
Class com.fasterxml.jackson.databind.MappingJsonFactory                               : loaded 3 times (x 174B)
Class com.fasterxml.jackson.core.JsonFactory                                          : loaded 3 times (x 174B)
Class [Lorg.slf4j.helpers.Reporter$Level;                                             : loaded 3 times (x 69B)
Class com.fasterxml.jackson.databind.deser.std.EnumDeserializer                       : loaded 3 times (x 170B)
Class com.fasterxml.jackson.annotation.JsonCreator                                    : loaded 3 times (x 70B)
Class com.fasterxml.jackson.databind.ser.impl.PropertySerializerMap$Empty             : loaded 3 times (x 73B)
Class com.fasterxml.jackson.databind.deser.impl.NullsConstantProvider                 : loaded 3 times (x 80B)
Class com.fasterxml.jackson.databind.deser.impl.ManagedReferenceProperty              : loaded 3 times (x 144B)
Class com.fasterxml.jackson.databind.deser.std.NumberDeserializers$FloatDeserializer  : loaded 3 times (x 158B)
Class com.google.gson.internal.bind.TypeAdapters$8                                    : loaded 3 times (x 75B)
Class com.google.gson.internal.bind.CollectionTypeAdapterFactory$Adapter              : loaded 3 times (x 74B)
Class com.google.gson.internal.bind.ReflectiveTypeAdapterFactory$1                    : loaded 3 times (x 74B)
Class com.fasterxml.jackson.core.Versioned                                            : loaded 3 times (x 70B)
Class com.fasterxml.jackson.databind.ser.impl.PropertySerializerMap$SerializerAndMapResult: loaded 3 times (x 72B)
Class com.fasterxml.jackson.core.io.IOContext                                         : loaded 3 times (x 105B)
Class com.fasterxml.jackson.core.Base64Variants                                       : loaded 3 times (x 71B)
Class com.fasterxml.jackson.core.util.DefaultPrettyPrinter                            : loaded 3 times (x 109B)
Class com.fasterxml.jackson.databind.deser.impl.JDKValueInstantiators$LinkedHashMapInstantiator: loaded 3 times (x 108B)
Class com.fasterxml.jackson.core.JsonLocation                                         : loaded 3 times (x 81B)
Class com.fasterxml.jackson.databind.ser.impl.PropertySerializerMap                   : loaded 3 times (x 73B)
Class com.fasterxml.jackson.databind.ser.Serializers                                  : loaded 3 times (x 70B)
Class com.fasterxml.jackson.databind.introspect.POJOPropertyBuilder                   : loaded 3 times (x 148B)
Class com.fasterxml.jackson.databind.ser.ContextualSerializer                         : loaded 3 times (x 70B)
Class com.fasterxml.jackson.databind.util.internal.PrivateMaxEntriesMap$DrainStatus$1 : loaded 3 times (x 80B)
Class [Lcom.fasterxml.jackson.annotation.JsonFormat$Feature;                          : loaded 3 times (x 69B)
Class com.fasterxml.jackson.databind.ser.BeanSerializerBuilder                        : loaded 3 times (x 90B)
Class com.google.gson.internal.bind.TypeAdapters$7                                    : loaded 3 times (x 75B)
Class com.google.gson.annotations.SerializedName                                      : loaded 3 times (x 70B)
Class com.fasterxml.jackson.databind.jsontype.SubtypeResolver                         : loaded 3 times (x 81B)
Class com.fasterxml.jackson.databind.deser.impl.PropertyBasedObjectIdGenerator        : loaded 3 times (x 80B)
Class com.fasterxml.jackson.databind.ser.std.StringSerializer                         : loaded 3 times (x 114B)
Class com.fasterxml.jackson.annotation.JsonFilter                                     : loaded 3 times (x 70B)
Class com.fasterxml.jackson.databind.introspect.AnnotationCollector$NCollector        : loaded 3 times (x 77B)
Class com.fasterxml.jackson.databind.introspect.POJOPropertyBuilder$WithMember        : loaded 3 times (x 70B)
Class com.fasterxml.jackson.annotation.JsonAnySetter                                  : loaded 3 times (x 70B)
Class com.google.gson.internal.bind.TypeAdapters$6                                    : loaded 3 times (x 75B)
Class com.google.gson.internal.bind.TypeAdapters$19                                   : loaded 3 times (x 75B)
Class com.google.gson.internal.bind.ReflectiveTypeAdapterFactory$FieldReflectionAdapter: loaded 3 times (x 77B)
Class com.fasterxml.jackson.core.base.ParserBase                                      : loaded 3 times (x 263B)
Class [Lcom.fasterxml.jackson.databind.type.LogicalType;                              : loaded 3 times (x 69B)
Class com.fasterxml.jackson.databind.deser.impl.MethodProperty                        : loaded 3 times (x 141B)
Class com.fasterxml.jackson.databind.ser.BeanSerializerModifier                       : loaded 3 times (x 82B)
Class org.slf4j.helpers.BasicMDCAdapter                                               : loaded 3 times (x 95B)
Class com.fasterxml.jackson.databind.ser.std.NumberSerializers$Base                   : loaded 3 times (x 119B)
Class com.fasterxml.jackson.databind.node.BigIntegerNode                              : loaded 3 times (x 201B)
Class com.fasterxml.jackson.databind.util.internal.PrivateMaxEntriesMap$DrainStatus$2 : loaded 3 times (x 80B)
Class com.fasterxml.jackson.core.JsonProcessingException                              : loaded 3 times (x 87B)
Class com.fasterxml.jackson.annotation.JsonAutoDetect$1                               : loaded 3 times (x 71B)
Class com.fasterxml.jackson.databind.introspect.POJOPropertyBuilder$6                 : loaded 3 times (x 71B)
Class com.google.gson.internal.bind.TypeAdapters$5                                    : loaded 3 times (x 75B)
Class com.google.gson.internal.bind.TypeAdapters$18                                   : loaded 3 times (x 75B)
Class com.google.gson.internal.bind.SerializationDelegatingTypeAdapter                : loaded 3 times (x 74B)
Class com.google.gson.annotations.JsonAdapter                                         : loaded 3 times (x 70B)
Class org.slf4j.helpers.NOPLoggerFactory                                              : loaded 3 times (x 75B)
Class org.slf4j.spi.LoggingEventBuilder                                               : loaded 3 times (x 70B)
Class com.fasterxml.jackson.databind.deser.DefaultDeserializationContext$Impl         : loaded 3 times (x 176B)
Class com.fasterxml.jackson.databind.node.TreeTraversingParser                        : loaded 3 times (x 224B)
Class com.fasterxml.jackson.databind.deser.std.StdDeserializer                        : loaded 3 times (x 156B)
Class com.fasterxml.jackson.databind.util.internal.PrivateMaxEntriesMap$Node          : loaded 3 times (x 78B)
Class [Lcom.fasterxml.jackson.annotation.PropertyAccessor;                            : loaded 3 times (x 69B)
Class com.google.gson.TypeAdapter                                                     : loaded 3 times (x 73B)
Class com.google.gson.ToNumberStrategy                                                : loaded 3 times (x 70B)
Class com.fasterxml.jackson.databind.introspect.POJOPropertyBuilder$5                 : loaded 3 times (x 77B)
Class com.fasterxml.jackson.databind.deser.BuilderBasedDeserializer                   : loaded 3 times (x 219B)
Class com.google.gson.internal.bind.TypeAdapters$4                                    : loaded 3 times (x 75B)
Class com.google.gson.internal.bind.TypeAdapters$17                                   : loaded 3 times (x 75B)
Class [Lcom.fasterxml.jackson.databind.ser.PropertyWriter;                            : loaded 3 times (x 69B)
Class [Lcom.fasterxml.jackson.annotation.JacksonAnnotationValue;                      : loaded 3 times (x 69B)
Class kotlin.LazyKt__LazyJVMKt                                                        : loaded 3 times (x 71B)
Class org.slf4j.helpers.NOPMDCAdapter                                                 : loaded 3 times (x 93B)
Class com.fasterxml.jackson.databind.introspect.DefaultAccessorNamingStrategy$Provider: loaded 3 times (x 81B)
Class com.fasterxml.jackson.core.util.JacksonFeature                                  : loaded 3 times (x 70B)
Class com.fasterxml.jackson.databind.cfg.MapperConfig                                 : loaded 3 times (x 119B)
Class com.fasterxml.jackson.core.JsonToken                                            : loaded 3 times (x 80B)
Class [Lcom.fasterxml.jackson.core.StreamWriteCapability;                             : loaded 3 times (x 69B)
Class com.fasterxml.jackson.databind.ser.std.IterableSerializer                       : loaded 3 times (x 131B)
Class com.fasterxml.jackson.core.io.CharTypes                                         : loaded 3 times (x 71B)
Class com.fasterxml.jackson.core.io.SerializedString                                  : loaded 3 times (x 96B)
Class com.fasterxml.jackson.core.base.GeneratorBase                                   : loaded 3 times (x 222B)
Class com.fasterxml.jackson.databind.util.internal.PrivateMaxEntriesMap$DrainStatus$3 : loaded 3 times (x 80B)
Class com.fasterxml.jackson.core.exc.StreamReadException                              : loaded 3 times (x 92B)
Class com.fasterxml.jackson.core.StreamWriteCapability                                : loaded 3 times (x 84B)
Class com.fasterxml.jackson.databind.annotation.JsonTypeResolver                      : loaded 3 times (x 70B)
Class com.fasterxml.jackson.databind.ext.NioPathDeserializer                          : loaded 3 times (x 157B)
Class [Lcom.fasterxml.jackson.databind.util.Named;                                    : loaded 3 times (x 69B)
Class com.fasterxml.jackson.databind.introspect.POJOPropertyBuilder$4                 : loaded 3 times (x 77B)
Class com.fasterxml.jackson.databind.ser.impl.ReadOnlyClassToSerializerMap$Bucket     : loaded 3 times (x 72B)
Class com.google.gson.internal.bind.TypeAdapters$3                                    : loaded 3 times (x 75B)
Class com.google.gson.internal.bind.TypeAdapters$16                                   : loaded 3 times (x 75B)
Class com.google.gson.internal.sql.SqlTypesSupport$2                                  : loaded 3 times (x 74B)
Class com.fasterxml.jackson.databind.ObjectMapper                                     : loaded 3 times (x 336B)
Class com.fasterxml.jackson.databind.deser.impl.BeanPropertyMap                       : loaded 3 times (x 98B)
Class com.fasterxml.jackson.databind.util.StdDateFormat                               : loaded 3 times (x 108B)
Class com.fasterxml.jackson.databind.ext.NioPathSerializer                            : loaded 3 times (x 116B)
Class com.fasterxml.jackson.databind.cfg.ConstructorDetector                          : loaded 3 times (x 72B)
Class com.fasterxml.jackson.annotation.PropertyAccessor                               : loaded 3 times (x 79B)
Class com.fasterxml.jackson.databind.deser.std.StdKeyDeserializers                    : loaded 3 times (x 75B)
Class com.fasterxml.jackson.databind.introspect.MemberKey                             : loaded 3 times (x 72B)
Class com.fasterxml.jackson.databind.deser.KeyDeserializers                           : loaded 3 times (x 70B)
Class com.fasterxml.jackson.databind.annotation.JsonValueInstantiator                 : loaded 3 times (x 70B)
Class com.fasterxml.jackson.databind.introspect.POJOPropertyBuilder$3                 : loaded 3 times (x 77B)
Class com.google.gson.internal.bind.TypeAdapters$15                                   : loaded 3 times (x 75B)
Class com.google.gson.internal.bind.TypeAdapters$2                                    : loaded 3 times (x 75B)
Class com.google.gson.internal.sql.SqlTypesSupport$1                                  : loaded 3 times (x 74B)
Class com.fasterxml.jackson.databind.ser.std.TokenBufferSerializer                    : loaded 3 times (x 115B)
Class com.fasterxml.jackson.core.JsonParser                                           : loaded 3 times (x 199B)
Class com.fasterxml.jackson.databind.ser.std.StdJdkSerializers$AtomicIntegerSerializer: loaded 3 times (x 115B)
Class com.fasterxml.jackson.databind.introspect.Annotated                             : loaded 3 times (x 82B)
Class com.fasterxml.jackson.databind.exc.UnrecognizedPropertyException                : loaded 3 times (x 102B)
Class com.fasterxml.jackson.databind.ser.std.NumberSerializers$LongSerializer         : loaded 3 times (x 119B)
Class com.fasterxml.jackson.annotation.JsonGetter                                     : loaded 3 times (x 70B)
Class com.fasterxml.jackson.databind.introspect.POJOPropertyBuilder$2                 : loaded 3 times (x 77B)
Class com.google.gson.internal.bind.TypeAdapters$14                                   : loaded 3 times (x 75B)
Class com.google.gson.internal.bind.TypeAdapters$1                                    : loaded 3 times (x 75B)
Class com.google.gson.internal.bind.NumberTypeAdapter$1                               : loaded 3 times (x 76B)
Class com.fasterxml.jackson.databind.KeyDeserializer                                  : loaded 3 times (x 72B)
Class com.fasterxml.jackson.databind.ser.DefaultSerializerProvider$Impl               : loaded 3 times (x 163B)
Class com.fasterxml.jackson.databind.ser.std.NumberSerializers                        : loaded 3 times (x 71B)
Class com.fasterxml.jackson.databind.deser.std.StdKeyDeserializer                     : loaded 3 times (x 79B)
Class com.fasterxml.jackson.databind.exc.InvalidTypeIdException                       : loaded 3 times (x 101B)
Class com.fasterxml.jackson.core.JsonFactoryBuilder                                   : loaded 3 times (x 133B)
Class com.fasterxml.jackson.databind.util.TokenBuffer                                 : loaded 3 times (x 227B)
Class [Lcom.fasterxml.jackson.annotation.JsonInclude$Include;                         : loaded 3 times (x 69B)
Class com.fasterxml.jackson.databind.cfg.CoercionConfig                               : loaded 3 times (x 74B)
Class com.fasterxml.jackson.databind.ser.impl.FailingSerializer                       : loaded 3 times (x 114B)
Class com.fasterxml.jackson.databind.ser.std.SerializableSerializer                   : loaded 3 times (x 116B)
Class com.fasterxml.jackson.core.JsonParser$NumberType                                : loaded 3 times (x 79B)
Class com.google.gson.internal.ObjectConstructor                                      : loaded 3 times (x 70B)
Class com.fasterxml.jackson.databind.cfg.SerializerFactoryConfig                      : loaded 3 times (x 72B)
Class com.fasterxml.jackson.databind.introspect.POJOPropertyBuilder$1                 : loaded 3 times (x 77B)
Class com.google.gson.internal.bind.TypeAdapters$13                                   : loaded 3 times (x 75B)
Class com.fasterxml.jackson.databind.deser.impl.CreatorCollector                      : loaded 3 times (x 89B)
Class com.fasterxml.jackson.databind.introspect.AnnotatedParameter                    : loaded 3 times (x 92B)
Class com.fasterxml.jackson.annotation.JsonIncludeProperties$Value                    : loaded 3 times (x 78B)
Class com.fasterxml.jackson.annotation.JsonIgnore                                     : loaded 3 times (x 70B)
Class com.fasterxml.jackson.databind.ser.impl.StringArraySerializer                   : loaded 3 times (x 129B)
Class com.fasterxml.jackson.databind.ser.impl.IndexedStringListSerializer             : loaded 3 times (x 123B)
Class com.fasterxml.jackson.annotation.JsonBackReference                              : loaded 3 times (x 70B)
Class org.slf4j.event.LoggingEvent                                                    : loaded 3 times (x 70B)
Class com.fasterxml.jackson.core.TokenStreamFactory                                   : loaded 3 times (x 119B)
Class com.fasterxml.jackson.databind.type.TypeBase                                    : loaded 3 times (x 139B)
Class com.fasterxml.jackson.core.async.ByteBufferFeeder                               : loaded 3 times (x 70B)
Class com.fasterxml.jackson.databind.ser.std.ObjectArraySerializer                    : loaded 3 times (x 133B)
Class com.fasterxml.jackson.core.exc.InputCoercionException                           : loaded 3 times (x 96B)
Class com.fasterxml.jackson.annotation.JacksonAnnotationsInside                       : loaded 3 times (x 70B)
Class [Lcom.google.gson.ToNumberStrategy;                                             : loaded 3 times (x 69B)
Class com.google.gson.internal.bind.TypeAdapters$12                                   : loaded 3 times (x 75B)
Class [Lcom.fasterxml.jackson.core.StreamReadCapability;                              : loaded 3 times (x 69B)
Class com.fasterxml.jackson.databind.ser.BeanSerializerFactory                        : loaded 3 times (x 128B)
Class com.fasterxml.jackson.databind.JsonSerializable$Base                            : loaded 3 times (x 78B)
Class com.fasterxml.jackson.core.util.Separators                                      : loaded 3 times (x 90B)
Class com.fasterxml.jackson.databind.introspect.AnnotationMap                         : loaded 3 times (x 78B)
Class com.fasterxml.jackson.databind.util.BeanUtil                                    : loaded 3 times (x 71B)
Class [Lcom.google.gson.FieldNamingPolicy;                                            : loaded 3 times (x 69B)
Class com.google.gson.internal.bind.TypeAdapters$11                                   : loaded 3 times (x 75B)
Class [Lcom.fasterxml.jackson.annotation.JsonCreator$Mode;                            : loaded 3 times (x 69B)
Class com.fasterxml.jackson.databind.introspect.AnnotatedWithParams                   : loaded 3 times (x 99B)
Class com.fasterxml.jackson.annotation.JsonValue                                      : loaded 3 times (x 70B)
Class [Lcom.fasterxml.jackson.annotation.JsonProperty$Access;                         : loaded 3 times (x 69B)
Class com.fasterxml.jackson.databind.ser.impl.UnwrappingBeanPropertyWriter            : loaded 3 times (x 143B)
Class com.fasterxml.jackson.databind.deser.impl.UnsupportedTypeDeserializer           : loaded 3 times (x 156B)
Class com.fasterxml.jackson.databind.deser.BeanDeserializerBase                       : loaded 3 times (x 212B)
Class com.fasterxml.jackson.databind.node.ValueNode                                   : loaded 3 times (x 199B)
Class org.slf4j.ILoggerFactory                                                        : loaded 3 times (x 70B)
Class com.google.gson.internal.bind.TypeAdapters$10                                   : loaded 3 times (x 75B)
Class com.google.gson.internal.bind.ReflectiveTypeAdapterFactory$Adapter              : loaded 3 times (x 77B)
Class com.google.gson.internal.LinkedTreeMap$LinkedTreeMapIterator                    : loaded 3 times (x 80B)
Class com.fasterxml.jackson.databind.deser.DeserializerFactory                        : loaded 3 times (x 91B)
Class com.fasterxml.jackson.databind.JsonNode                                         : loaded 3 times (x 190B)
Class com.fasterxml.jackson.core.io.UTF8Writer                                        : loaded 3 times (x 100B)
Class [Lcom.fasterxml.jackson.annotation.JsonAutoDetect$Visibility;                   : loaded 3 times (x 69B)
Class [Lcom.fasterxml.jackson.core.JsonParser$NumberType;                             : loaded 3 times (x 69B)
Class com.fasterxml.jackson.databind.type.ClassStack                                  : loaded 3 times (x 72B)
Class com.fasterxml.jackson.databind.exc.PropertyBindingException                     : loaded 3 times (x 102B)
Class com.google.gson.internal.LinkedTreeMap                                          : loaded 3 times (x 123B)
Class com.google.gson.stream.JsonReader$1                                             : loaded 3 times (x 72B)
Class [Lcom.fasterxml.jackson.databind.introspect.AnnotatedMember;                    : loaded 3 times (x 69B)
Class com.google.gson.internal.sql.SqlDateTypeAdapter$1                               : loaded 3 times (x 75B)
Class com.fasterxml.jackson.databind.Module$SetupContext                              : loaded 3 times (x 70B)
Class com.google.gson.internal.bind.ObjectTypeAdapter$1                               : loaded 3 times (x 76B)
Class org.slf4j.Marker                                                                : loaded 3 times (x 70B)
Class com.fasterxml.jackson.databind.deser.impl.CreatorCandidate                      : loaded 3 times (x 72B)
Class com.fasterxml.jackson.core.util.InternCache                                     : loaded 3 times (x 187B)
Class com.fasterxml.jackson.databind.deser.SettableBeanProperty                       : loaded 3 times (x 140B)
Class com.fasterxml.jackson.databind.cfg.ContextAttributes$Impl                       : loaded 3 times (x 78B)
Class com.fasterxml.jackson.databind.introspect.SimpleMixInResolver                   : loaded 3 times (x 85B)
Class com.fasterxml.jackson.databind.introspect.AnnotatedMethod                       : loaded 3 times (x 99B)
Class com.fasterxml.jackson.databind.deser.BasicDeserializerFactory                   : loaded 3 times (x 121B)
Class org.slf4j.helpers.ThreadLocalMapOfStacks                                        : loaded 3 times (x 76B)
Class com.fasterxml.jackson.databind.deser.DefaultDeserializationContext              : loaded 3 times (x 176B)
Class com.fasterxml.jackson.databind.ser.std.TimeZoneSerializer                       : loaded 3 times (x 116B)
Class com.fasterxml.jackson.databind.ser.std.BeanSerializerBase                       : loaded 3 times (x 133B)
Class com.google.gson.internal.sql.SqlTimestampTypeAdapter                            : loaded 3 times (x 76B)
Class com.google.gson.internal.bind.ReflectiveTypeAdapterFactory                      : loaded 3 times (x 75B)
Class [Lcom.fasterxml.jackson.databind.cfg.CoercionInputShape;                        : loaded 3 times (x 69B)
Class com.fasterxml.jackson.databind.exc.InvalidFormatException                       : loaded 3 times (x 100B)
Class com.fasterxml.jackson.databind.deser.impl.ReadableObjectId$Referring            : loaded 3 times (x 76B)
Class com.fasterxml.jackson.databind.annotation.JsonAppend                            : loaded 3 times (x 70B)
Class com.google.gson.internal.LinkedTreeMap$1                                        : loaded 3 times (x 91B)
Class com.google.gson.internal.JsonReaderInternalAccess                               : loaded 3 times (x 72B)
Class com.fasterxml.jackson.databind.introspect.AnnotationCollector$EmptyCollector    : loaded 3 times (x 77B)
Class org.slf4j.Logger                                                                : loaded 3 times (x 70B)
Class com.fasterxml.jackson.databind.introspect.MethodGenericTypeResolver             : loaded 3 times (x 71B)
Class com.fasterxml.jackson.annotation.JsonMerge                                      : loaded 3 times (x 70B)
Class com.fasterxml.jackson.databind.jsontype.impl.SubTypeValidator                   : loaded 3 times (x 73B)
Class com.fasterxml.jackson.databind.deser.std.ByteBufferDeserializer                 : loaded 3 times (x 158B)
Class com.fasterxml.jackson.annotation.JsonProperty$Access                            : loaded 3 times (x 79B)
Class com.fasterxml.jackson.core.util.DefaultPrettyPrinter$NopIndenter                : loaded 3 times (x 77B)
Class com.fasterxml.jackson.annotation.JsonRawValue                                   : loaded 3 times (x 70B)
Class com.fasterxml.jackson.databind.introspect.AnnotatedMember                       : loaded 3 times (x 91B)
Class com.fasterxml.jackson.databind.introspect.JacksonAnnotationIntrospector         : loaded 3 times (x 174B)
Class com.fasterxml.jackson.databind.ser.std.CollectionSerializer                     : loaded 3 times (x 132B)
Class com.fasterxml.jackson.annotation.JsonPropertyDescription                        : loaded 3 times (x 70B)
Class com.google.gson.internal.bind.JsonTreeWriter                                    : loaded 3 times (x 98B)
Class com.google.gson.internal.bind.ArrayTypeAdapter$1                                : loaded 3 times (x 75B)
Class com.google.gson.Gson$FutureTypeAdapter                                          : loaded 3 times (x 76B)
Class org.slf4j.helpers.Reporter$TargetChoice                                         : loaded 3 times (x 79B)
Class [Lcom.google.gson.ToNumberPolicy;                                               : loaded 3 times (x 69B)
Class com.google.gson.ToNumberPolicy                                                  : loaded 3 times (x 83B)
Class org.slf4j.helpers.Reporter$Level                                                : loaded 3 times (x 79B)
Class com.fasterxml.jackson.databind.ser.BasicSerializerFactory                       : loaded 3 times (x 106B)
Class com.fasterxml.jackson.databind.util.SimpleBeanPropertyDefinition                : loaded 3 times (x 112B)
Class com.fasterxml.jackson.databind.deser.BeanDeserializer$BeanReferring             : loaded 3 times (x 77B)
Class com.fasterxml.jackson.databind.deser.impl.JDKValueInstantiators                 : loaded 3 times (x 71B)
Class com.fasterxml.jackson.databind.deser.std.AtomicIntegerDeserializer              : loaded 3 times (x 157B)
Class com.fasterxml.jackson.annotation.JsonFormat$Value                               : loaded 3 times (x 97B)
Class com.fasterxml.jackson.databind.cfg.ConfigFeature                                : loaded 3 times (x 70B)
Class com.fasterxml.jackson.databind.deser.BeanDeserializer                           : loaded 3 times (x 223B)
Class com.fasterxml.jackson.databind.node.LongNode                                    : loaded 3 times (x 200B)
Class com.fasterxml.jackson.core.json.async.NonBlockingJsonParserBase                 : loaded 3 times (x 269B)
Class com.fasterxml.jackson.databind.introspect.ConcreteBeanPropertyBase              : loaded 3 times (x 106B)
Class org.slf4j.spi.SLF4JServiceProvider                                              : loaded 3 times (x 70B)
Class com.fasterxml.jackson.databind.jsontype.PolymorphicTypeValidator$Base           : loaded 3 times (x 74B)
Class com.fasterxml.jackson.databind.type.ArrayType                                   : loaded 3 times (x 139B)
Class com.fasterxml.jackson.databind.util.LRUMap                                      : loaded 3 times (x 89B)
Class com.fasterxml.jackson.databind.ext.Java7Handlers                                : loaded 3 times (x 74B)
Class com.fasterxml.jackson.databind.deser.impl.ObjectIdReferenceProperty             : loaded 3 times (x 140B)
Class com.fasterxml.jackson.databind.deser.std.NumberDeserializers                    : loaded 3 times (x 71B)
Class com.fasterxml.jackson.module.kotlin.ArgumentBucket                              : loaded 2 times (x 101B)
Class io.opentelemetry.api.internal.AutoValue_ImmutableSpanContext                    : loaded 2 times (x 92B)
Class [Lcom.fasterxml.jackson.databind.node.ContainerNode;                            : loaded 2 times (x 69B)
Class io.netty.util.ByteProcessor                                                     : loaded 2 times (x 70B)
Class io.netty.handler.codec.http.HttpVersion                                         : loaded 2 times (x 83B)
Class org.apache.http.impl.execchain.RedirectExec                                     : loaded 2 times (x 76B)
Class org.apache.http.impl.io.ContentLengthInputStream                                : loaded 2 times (x 92B)
Class org.apache.http.impl.conn.DefaultHttpResponseParser                             : loaded 2 times (x 79B)
Class kotlin.annotation.AnnotationTarget                                              : loaded 2 times (x 79B)
Class [Lcom.fasterxml.jackson.core.JsonEncoding;                                      : loaded 2 times (x 69B)
Class org.apache.http.params.HttpParams                                               : loaded 2 times (x 70B)
Class org.apache.http.client.protocol.RequestAddCookies                               : loaded 2 times (x 76B)
Class org.apache.http.client.CookieStore                                              : loaded 2 times (x 70B)
Class kotlin.jvm.JvmClassMappingKt                                                    : loaded 2 times (x 71B)
Class kotlin.io.ByteStreamsKt                                                         : loaded 2 times (x 71B)
Class com.google.gson.internal.ConstructorConstructor$9                               : loaded 2 times (x 76B)
Class [Lio.netty.buffer.PoolArenaMetric;                                              : loaded 2 times (x 69B)
Class io.netty.channel.AbstractChannel$AnnotatedConnectException                      : loaded 2 times (x 82B)
Class io.netty.channel.ChannelFutureListener                                          : loaded 2 times (x 70B)
Class [Lcom.fasterxml.jackson.databind.node.JsonNodeCreator;                          : loaded 2 times (x 69B)
Class io.opentelemetry.api.metrics.LongGauge                                          : loaded 2 times (x 70B)
Class io.opentelemetry.sdk.metrics.internal.state.AutoValue_MeterProviderSharedState  : loaded 2 times (x 77B)
Class io.netty.util.concurrent.GenericFutureListener                                  : loaded 2 times (x 70B)
Class io.netty.handler.codec.DecoderException                                         : loaded 2 times (x 82B)
Class io.netty.util.internal.logging.InternalLogger                                   : loaded 2 times (x 70B)
Class com.fasterxml.jackson.core.util.VersionUtil                                     : loaded 2 times (x 72B)
Class io.netty.channel.ChannelOption                                                  : loaded 2 times (x 81B)
Class com.fasterxml.jackson.databind.deser.impl.PropertyValue$AnyParameter            : loaded 2 times (x 74B)
Class io.opentelemetry.sdk.metrics.export.MetricReader                                : loaded 2 times (x 70B)
Class io.opentelemetry.sdk.metrics.AutoValue_InstrumentSelector                       : loaded 2 times (x 78B)
Class org.h2.store.fs.FileBase                                                        : loaded 2 times (x 129B)
Class org.h2.compress.Compressor                                                      : loaded 2 times (x 70B)
Class io.netty.channel.RecvByteBufAllocator                                           : loaded 2 times (x 70B)
Class kotlin.coroutines.CombinedContext                                               : loaded 2 times (x 78B)
Class org.apache.http.auth.AuthProtocolState                                          : loaded 2 times (x 79B)
Class [Lcom.google.protobuf.Descriptors$FileDescriptor$Syntax;                        : loaded 2 times (x 69B)
Class com.google.protobuf.DescriptorProtos$FileOptions                                : loaded 2 times (x 232B)
Class kotlin.jvm.internal.TypeIntrinsics                                              : loaded 2 times (x 71B)
Class kotlinx.coroutines.EventLoopImplBase$DelayedTaskQueue                           : loaded 2 times (x 72B)
Class kotlinx.coroutines.DispatchedTaskKt                                             : loaded 2 times (x 71B)
Class kotlinx.coroutines.internal.SystemPropsKt__SystemProps_commonKt                 : loaded 2 times (x 71B)
Class kotlinx.coroutines.ThreadContextElement                                         : loaded 2 times (x 70B)
Class kotlinx.coroutines.TimeoutKt$withTimeoutOrNull$1                                : loaded 2 times (x 88B)
Class kotlin.time.DurationUnit                                                        : loaded 2 times (x 79B)
Class kotlinx.coroutines.CancelHandler                                                : loaded 2 times (x 76B)
Class kotlinx.coroutines.selects.SelectKt$DUMMY_PROCESS_RESULT_FUNCTION$1             : loaded 2 times (x 78B)
Class io.opentelemetry.api.trace.ImmutableTraceFlags                                  : loaded 2 times (x 77B)
Class io.opentelemetry.sdk.metrics.AutoValue_View                                     : loaded 2 times (x 77B)
Class com.fasterxml.jackson.databind.deser.impl.PropertyValue$Any                     : loaded 2 times (x 74B)
Class com.google.protobuf.SmallSortedMap$1                                            : loaded 2 times (x 132B)
Class com.fasterxml.jackson.module.kotlin.ReflectionCache$Companion                   : loaded 2 times (x 71B)
Class org.h2.mvstore.MVStore$TxCounter                                                : loaded 2 times (x 71B)
Class io.netty.util.Constant                                                          : loaded 2 times (x 70B)
Class com.fasterxml.jackson.databind.annotation.JacksonStdImpl                        : loaded 2 times (x 70B)
Class org.apache.http.message.BasicHeaderValueParser                                  : loaded 2 times (x 85B)
Class org.apache.http.io.SessionInputBuffer                                           : loaded 2 times (x 70B)
Class org.apache.http.conn.routing.RouteInfo$LayerType                                : loaded 2 times (x 79B)
Class com.google.protobuf.WireFormat$FieldType$1                                      : loaded 2 times (x 83B)
Class com.google.protobuf.Utf8$UnsafeProcessor                                        : loaded 2 times (x 77B)
Class com.google.protobuf.ByteString$LiteralByteString                                : loaded 2 times (x 106B)
Class com.google.protobuf.UnknownFieldSet$Parser                                      : loaded 2 times (x 150B)
Class org.apache.http.impl.cookie.NetscapeDraftSpecProvider                           : loaded 2 times (x 76B)
Class org.apache.http.client.RedirectException                                        : loaded 2 times (x 82B)
Class org.apache.http.client.protocol.RequestExpectContinue                           : loaded 2 times (x 75B)
Class org.apache.http.client.methods.CloseableHttpResponse                            : loaded 2 times (x 70B)
Class org.apache.http.impl.client.DefaultUserTokenHandler                             : loaded 2 times (x 75B)
Class org.apache.http.conn.util.DomainType                                            : loaded 2 times (x 79B)
Class [Lkotlinx.coroutines.flow.internal.AbstractSharedFlowSlot;                      : loaded 2 times (x 69B)
Class kotlin.collections.SetsKt                                                       : loaded 2 times (x 71B)
Class io.netty.handler.codec.http.HttpClientCodec$Decoder                             : loaded 2 times (x 125B)
Class io.netty.channel.ChannelHandlerContext                                          : loaded 2 times (x 70B)
Class io.netty.channel.ChannelOutboundBuffer$1                                        : loaded 2 times (x 75B)
Class io.opentelemetry.sdk.metrics.ViewBuilder                                        : loaded 2 times (x 72B)
Class com.fasterxml.jackson.core.Version                                              : loaded 2 times (x 86B)
Class io.netty.util.internal.Cleaner                                                  : loaded 2 times (x 70B)
Class io.opentelemetry.sdk.OpenTelemetrySdk$ObfuscatedMeterProvider                   : loaded 2 times (x 79B)
Class org.h2.mvstore.FileStore                                                        : loaded 2 times (x 133B)
Class io.netty.util.internal.ReferenceCountUpdater                                    : loaded 2 times (x 74B)
Class org.apache.http.impl.conn.LoggingManagedHttpClientConnection                    : loaded 2 times (x 152B)
Class [Lorg.apache.http.HeaderElement;                                                : loaded 2 times (x 69B)
Class com.google.protobuf.WireFormat$FieldType$2                                      : loaded 2 times (x 83B)
Class com.google.protobuf.Descriptors                                                 : loaded 2 times (x 71B)
Class org.apache.http.impl.client.DefaultHttpRequestRetryHandler                      : loaded 2 times (x 80B)
Class org.apache.http.client.protocol.RequestDefaultHeaders                           : loaded 2 times (x 76B)
Class org.apache.http.protocol.RequestUserAgent                                       : loaded 2 times (x 76B)
Class kotlinx.coroutines.sync.MutexKt                                                 : loaded 2 times (x 71B)
Class io.netty.util.concurrent.ThreadPerTaskExecutor                                  : loaded 2 times (x 75B)
Class kotlin.time.DurationUnitKt__DurationUnitKt                                      : loaded 2 times (x 71B)
Class io.netty.handler.codec.http.HttpObjectDecoder$LineParser                        : loaded 2 times (x 75B)
Class io.netty.channel.CompleteChannelFuture                                          : loaded 2 times (x 174B)
Class io.netty.channel.DefaultChannelPipeline$HeadContext                             : loaded 2 times (x 218B)
Class io.netty.util.concurrent.FutureListener                                         : loaded 2 times (x 70B)
Class [Lio.opentelemetry.api.trace.TraceFlags;                                        : loaded 2 times (x 69B)
Class [Lio.opentelemetry.context.ContextStorage;                                      : loaded 2 times (x 69B)
Class kotlinx.coroutines.internal.LockFreeTaskQueueCore                               : loaded 2 times (x 72B)
Class kotlin.internal.PlatformImplementationsKt                                       : loaded 2 times (x 71B)
Class io.netty.buffer.ByteBufAllocatorMetric                                          : loaded 2 times (x 70B)
Class io.netty.handler.logging.LoggingHandler                                         : loaded 2 times (x 124B)
Class io.netty.channel.ChannelOutboundHandler                                         : loaded 2 times (x 70B)
Class kotlinx.coroutines.internal.LockFreeLinkedListHead                              : loaded 2 times (x 75B)
Class org.apache.http.impl.conn.CPoolEntry                                            : loaded 2 times (x 92B)
Class com.fasterxml.jackson.core.StreamWriteConstraints                               : loaded 2 times (x 76B)
Class org.apache.http.cookie.Cookie                                                   : loaded 2 times (x 70B)
Class [Lcom.google.protobuf.Descriptors$DescriptorPool$SearchFilter;                  : loaded 2 times (x 69B)
Class com.google.protobuf.WireFormat$FieldType$3                                      : loaded 2 times (x 83B)
Class [Lcom.google.protobuf.Descriptors$FieldDescriptor;                              : loaded 2 times (x 69B)
Class org.apache.http.conn.ClientConnectionManager                                    : loaded 2 times (x 70B)
Class org.apache.http.impl.DefaultHttpResponseFactory                                 : loaded 2 times (x 79B)
Class org.apache.http.HttpInetConnection                                              : loaded 2 times (x 70B)
Class org.apache.http.client.RedirectStrategy                                         : loaded 2 times (x 70B)
Class org.apache.http.config.Lookup                                                   : loaded 2 times (x 70B)
Class kotlinx.coroutines.selects.SelectClause                                         : loaded 2 times (x 70B)
Class kotlinx.coroutines.DisposeOnCompletion                                          : loaded 2 times (x 90B)
Class kotlinx.coroutines.internal.LimitedDispatcher$Worker                            : loaded 2 times (x 75B)
Class [Lkotlinx.coroutines.CoroutineStart;                                            : loaded 2 times (x 69B)
Class kotlinx.coroutines.CoroutineDispatcher$Key                                      : loaded 2 times (x 72B)
Class kotlinx.coroutines.CoroutineExceptionHandler$Key                                : loaded 2 times (x 71B)
Class kotlin.jvm.internal.markers.KMutableMap$Entry                                   : loaded 2 times (x 70B)
Class org.apache.http.conn.HttpHostConnectException                                   : loaded 2 times (x 83B)
Class com.google.protobuf.SmallSortedMap                                              : loaded 2 times (x 132B)
Class [Lio.netty.buffer.PoolSubpage;                                                  : loaded 2 times (x 69B)
Class io.netty.util.concurrent.MultithreadEventExecutorGroup$1                        : loaded 2 times (x 78B)
Class io.opentelemetry.context.ThreadLocalContextStorage                              : loaded 2 times (x 85B)
Class com.fasterxml.jackson.databind.ser.std.ByteArraySerializer                      : loaded 2 times (x 117B)
Class io.opentelemetry.sdk.common.SystemClock                                         : loaded 2 times (x 76B)
Class com.fasterxml.jackson.databind.introspect.PotentialCreators                     : loaded 2 times (x 81B)
Class com.fasterxml.jackson.databind.module.SimpleDeserializers                       : loaded 2 times (x 96B)
Class [Lcom.google.protobuf.WireFormat$JavaType;                                      : loaded 2 times (x 69B)
Class org.apache.http.protocol.BasicHttpContext                                       : loaded 2 times (x 81B)
Class com.fasterxml.jackson.core.io.NumberOutput                                      : loaded 2 times (x 71B)
Class org.h2.mvstore.DataUtils                                                        : loaded 2 times (x 71B)
Class io.opentelemetry.sdk.trace.SdkTracer                                            : loaded 2 times (x 79B)
Class com.fasterxml.jackson.annotation.JacksonAnnotation                              : loaded 2 times (x 70B)
Class [Lorg.apache.http.conn.routing.RouteInfo$TunnelType;                            : loaded 2 times (x 69B)
Class com.google.protobuf.WireFormat$FieldType$4                                      : loaded 2 times (x 83B)
Class com.google.protobuf.Descriptors$DescriptorPool$PackageDescriptor                : loaded 2 times (x 76B)
Class kotlinx.coroutines.selects.SelectImplementation$doSelectSuspend$1               : loaded 2 times (x 88B)
Class io.opentelemetry.sdk.logs.NoopLogRecordProcessor                                : loaded 2 times (x 86B)
Class io.opentelemetry.api.trace.TraceStateBuilder                                    : loaded 2 times (x 70B)
Class kotlin.collections.AbstractMutableSet                                           : loaded 2 times (x 142B)
Class com.intellij.ultimate.PluginVerifier                                            : loaded 2 times (x 71B)
Class io.netty.handler.codec.http.websocketx.WebSocketClientHandshakeException        : loaded 2 times (x 82B)
Class io.netty.util.Signal$SignalConstant                                             : loaded 2 times (x 80B)
Class io.opentelemetry.api.metrics.DefaultMeter$NoopLongCounter                       : loaded 2 times (x 79B)
Class io.opentelemetry.sdk.trace.internal.TracerConfig                                : loaded 2 times (x 72B)
Class io.opentelemetry.sdk.trace.IdGenerator                                          : loaded 2 times (x 70B)
Class io.netty.channel.MessageSizeEstimator                                           : loaded 2 times (x 70B)
Class io.netty.buffer.ReadOnlyUnsafeDirectByteBuf                                     : loaded 2 times (x 309B)
Class kotlin.internal.ProgressionUtilKt                                               : loaded 2 times (x 71B)
Class com.google.common.collect.ImmutableMap$IteratorBasedImmutableMap                : loaded 2 times (x 125B)
Class [Lcom.google.protobuf.Descriptors$Descriptor;                                   : loaded 2 times (x 69B)
Class com.google.protobuf.Utf8                                                        : loaded 2 times (x 71B)
Class com.google.protobuf.DescriptorProtos$FieldDescriptorProto$Type                  : loaded 2 times (x 87B)
Class com.google.protobuf.GeneratedMessageV3                                          : loaded 2 times (x 153B)
Class org.apache.http.pool.AbstractConnPool                                           : loaded 2 times (x 112B)
Class com.google.gson.internal.ConstructorConstructor$18                              : loaded 2 times (x 75B)
Class io.netty.channel.CombinedChannelDuplexHandler$DelegatingChannelHandlerContext   : loaded 2 times (x 186B)
Class io.netty.channel.MessageSizeEstimator$Handle                                    : loaded 2 times (x 70B)
Class io.netty.channel.socket.DuplexChannelConfig                                     : loaded 2 times (x 70B)
Class io.opentelemetry.context.Context                                                : loaded 2 times (x 70B)
Class [Lcom.fasterxml.jackson.databind.ser.impl.PropertySerializerMap$TypeAndSerializer;: loaded 2 times (x 69B)
Class com.fasterxml.jackson.core.StreamReadFeature                                    : loaded 2 times (x 85B)
Class [Lio.opentelemetry.sdk.trace.RandomIdGenerator;                                 : loaded 2 times (x 69B)
Class io.opentelemetry.sdk.metrics.internal.view.RegisteredView                       : loaded 2 times (x 76B)
Class io.netty.util.ResourceLeak                                                      : loaded 2 times (x 70B)
Class kotlinx.coroutines.flow.Flow                                                    : loaded 2 times (x 70B)
Class com.fasterxml.jackson.databind.ser.Serializers$Base                             : loaded 2 times (x 87B)
Class kotlinx.coroutines.internal.DispatchedContinuationKt                            : loaded 2 times (x 71B)
Class com.google.protobuf.ExtensionRegistry$ExtensionInfo                             : loaded 2 times (x 72B)
Class com.google.protobuf.Descriptors$FileDescriptor                                  : loaded 2 times (x 76B)
Class com.google.protobuf.ByteString$BoundedByteString                                : loaded 2 times (x 106B)
Class [Lcom.google.protobuf.DescriptorProtos$FieldDescriptorProto$Type;               : loaded 2 times (x 69B)
Class org.apache.http.conn.routing.RouteTracker                                       : loaded 2 times (x 84B)
Class com.google.protobuf.MessageLite$Builder                                         : loaded 2 times (x 70B)
Class org.apache.http.impl.client.TargetAuthenticationStrategy                        : loaded 2 times (x 87B)
Class kotlinx.coroutines.sync.SemaphoreImpl                                           : loaded 2 times (x 82B)
Class kotlinx.coroutines.internal.ConcurrentLinkedListNode                            : loaded 2 times (x 73B)
Class kotlinx.coroutines.flow.MutableSharedFlow                                       : loaded 2 times (x 70B)
Class org.apache.http.io.BufferInfo                                                   : loaded 2 times (x 70B)
Class com.fasterxml.jackson.core.util.TextBuffer                                      : loaded 2 times (x 109B)
Class com.fasterxml.jackson.databind.deser.std.FactoryBasedEnumDeserializer           : loaded 2 times (x 163B)
Class io.netty.channel.ChannelHandler$Sharable                                        : loaded 2 times (x 70B)
Class io.opentelemetry.api.trace.TracerBuilder                                        : loaded 2 times (x 70B)
Class com.fasterxml.jackson.module.kotlin.KotlinFeature                               : loaded 2 times (x 80B)
Class io.netty.handler.codec.http.HttpObjectAggregator                                : loaded 2 times (x 126B)
Class io.netty.buffer.ByteBufAllocator                                                : loaded 2 times (x 70B)
Class io.netty.util.internal.ReflectionUtil                                           : loaded 2 times (x 71B)
Class io.netty.util.internal.PlatformDependent0$1                                     : loaded 2 times (x 74B)
Class com.fasterxml.jackson.core.util.RecyclerPool$WithPool                           : loaded 2 times (x 70B)
Class io.netty.buffer.Unpooled                                                        : loaded 2 times (x 71B)
Class com.google.protobuf.Descriptors$DescriptorPool$SearchFilter                     : loaded 2 times (x 79B)
Class com.google.protobuf.Parser                                                      : loaded 2 times (x 70B)
Class org.apache.http.conn.HttpClientConnectionManager                                : loaded 2 times (x 70B)
Class org.apache.http.client.HttpClient                                               : loaded 2 times (x 70B)
Class kotlinx.coroutines.internal.LockFreeTaskQueueCore$Placeholder                   : loaded 2 times (x 71B)
Class [Lio.netty.handler.codec.DefaultHeaders$HeaderEntry;                            : loaded 2 times (x 69B)
Class com.fasterxml.jackson.module.kotlin.ConstructorValueCreator                     : loaded 2 times (x 75B)
Class io.netty.util.IntSupplier                                                       : loaded 2 times (x 70B)
Class io.netty.util.concurrent.AbstractEventExecutorGroup                             : loaded 2 times (x 182B)
Class io.opentelemetry.sdk.logs.internal.LoggerConfig                                 : loaded 2 times (x 74B)
Class [Lcom.fasterxml.jackson.databind.node.BaseJsonNode;                             : loaded 2 times (x 69B)
Class io.netty.buffer.UnpooledUnsafeHeapByteBuf                                       : loaded 2 times (x 309B)
Class io.netty.buffer.ReadOnlyByteBuf                                                 : loaded 2 times (x 313B)
Class io.opentelemetry.api.metrics.LongCounter                                        : loaded 2 times (x 70B)
Class [Lio.netty.handler.logging.ByteBufFormat;                                       : loaded 2 times (x 69B)
Class io.netty.handler.codec.MessageToMessageEncoder                                  : loaded 2 times (x 102B)
Class io.netty.util.internal.PlatformDependent0$2                                     : loaded 2 times (x 75B)
Class io.netty.util.internal.logging.AbstractInternalLogger                           : loaded 2 times (x 161B)
Class io.netty.util.DefaultAttributeMap$DefaultAttribute                              : loaded 2 times (x 82B)
Class com.fasterxml.jackson.core.util.JsonRecyclerPools                               : loaded 2 times (x 71B)
Class io.netty.buffer.PooledByteBuf                                                   : loaded 2 times (x 311B)
Class io.netty.handler.codec.ByteToMessageDecoder$2                                   : loaded 2 times (x 74B)
Class org.h2.mvstore.Page                                                             : loaded 2 times (x 102B)
Class org.h2.store.fs.FilePath                                                        : loaded 2 times (x 95B)
Class org.h2.mvstore.FreeSpaceBitSet                                                  : loaded 2 times (x 86B)
Class com.google.protobuf.ByteString$LeafByteString                                   : loaded 2 times (x 103B)
Class com.google.protobuf.Descriptors$GenericDescriptor                               : loaded 2 times (x 75B)
Class org.apache.http.impl.auth.HttpAuthenticator                                     : loaded 2 times (x 75B)
Class org.apache.http.ProtocolException                                               : loaded 2 times (x 82B)
Class org.apache.http.HttpException                                                   : loaded 2 times (x 82B)
Class kotlin.internal.jdk8.JDK8PlatformImplementations$ReflectSdkVersion              : loaded 2 times (x 71B)
Class kotlinx.coroutines.flow.StateFlow                                               : loaded 2 times (x 70B)
Class kotlin.collections.SetsKt__SetsJVMKt                                            : loaded 2 times (x 71B)
Class kotlinx.coroutines.ExecutorsKt                                                  : loaded 2 times (x 71B)
Class kotlinx.coroutines.Job                                                          : loaded 2 times (x 70B)
Class io.netty.channel.CombinedChannelDuplexHandler$1                                 : loaded 2 times (x 186B)
Class io.netty.util.concurrent.ThreadProperties                                       : loaded 2 times (x 70B)
Class io.netty.channel.SelectStrategyFactory                                          : loaded 2 times (x 70B)
Class io.opentelemetry.api.metrics.DefaultMeter$NoopLongHistogram                     : loaded 2 times (x 79B)
Class io.opentelemetry.api.metrics.DefaultMeter$NoopLongCounterBuilder$1              : loaded 2 times (x 78B)
Class com.fasterxml.jackson.databind.deser.impl.PropertyValue                         : loaded 2 times (x 74B)
Class kotlinx.coroutines.flow.internal.NullSurrogateKt                                : loaded 2 times (x 71B)
Class org.apache.http.pool.PoolEntryCallback                                          : loaded 2 times (x 70B)
Class io.netty.util.internal.PlatformDependent0$3                                     : loaded 2 times (x 75B)
Class org.apache.http.impl.auth.SPNegoSchemeFactory                                   : loaded 2 times (x 81B)
Class [Lcom.fasterxml.jackson.core.util.Separators$Spacing;                           : loaded 2 times (x 69B)
Class com.google.protobuf.Internal$ProtobufList                                       : loaded 2 times (x 70B)
Class com.google.protobuf.DescriptorProtos$FileOptionsOrBuilder                       : loaded 2 times (x 70B)
Class io.opentelemetry.sdk.logs.SdkLoggerProviderBuilder                              : loaded 2 times (x 72B)
Class com.google.protobuf.ByteString$ArraysByteArrayCopier                            : loaded 2 times (x 74B)
Class org.h2.store.fs.FilePathWrapper                                                 : loaded 2 times (x 100B)
Class org.apache.http.conn.routing.RouteInfo$TunnelType                               : loaded 2 times (x 79B)
Class org.apache.http.message.BasicListHeaderIterator                                 : loaded 2 times (x 89B)
Class org.apache.http.config.SocketConfig$Builder                                     : loaded 2 times (x 80B)
Class com.google.protobuf.Descriptors$FieldDescriptor$Type                            : loaded 2 times (x 79B)
Class com.google.protobuf.AbstractMessageLite                                         : loaded 2 times (x 101B)
Class org.apache.http.client.config.RequestConfig                                     : loaded 2 times (x 91B)
Class org.apache.http.protocol.HttpProcessor                                          : loaded 2 times (x 70B)
Class kotlinx.coroutines.selects.SelectKt                                             : loaded 2 times (x 71B)
Class kotlinx.coroutines.selects.SelectInstance                                       : loaded 2 times (x 70B)
Class kotlinx.coroutines.Job$Key                                                      : loaded 2 times (x 71B)
Class kotlinx.coroutines.DefaultExecutor                                              : loaded 2 times (x 120B)
Class io.netty.handler.codec.http.HttpHeaderValues                                    : loaded 2 times (x 71B)
Class io.opentelemetry.api.metrics.DefaultMeterProvider$NoopMeterBuilder              : loaded 2 times (x 79B)
Class io.netty.util.Signal$1                                                          : loaded 2 times (x 77B)
Class io.netty.util.internal.SocketUtils                                              : loaded 2 times (x 71B)
Class io.opentelemetry.api.metrics.DefaultMeter$NoopLongGauge                         : loaded 2 times (x 79B)
Class io.opentelemetry.api.metrics.DefaultMeter$NoopDoubleUpDownCounterBuilder        : loaded 2 times (x 83B)
Class io.opentelemetry.sdk.metrics.internal.exemplar.TraceBasedExemplarFilter         : loaded 2 times (x 75B)
Class io.opentelemetry.api.logs.LoggerProvider                                        : loaded 2 times (x 70B)
Class io.netty.buffer.PooledByteBufAllocatorMetric                                    : loaded 2 times (x 76B)
Class com.fasterxml.jackson.module.kotlin.KotlinAnnotationIntrospector$hasRequiredMarker$2$1: loaded 2 times (x 79B)
Class com.fasterxml.jackson.databind.util.TokenBufferReadContext                      : loaded 2 times (x 89B)
Class io.netty.buffer.WrappedUnpooledUnsafeDirectByteBuf                              : loaded 2 times (x 316B)
Class io.netty.handler.codec.CodecException                                           : loaded 2 times (x 82B)
Class com.fasterxml.jackson.module.kotlin.KotlinInstantiators                         : loaded 2 times (x 75B)
Class io.netty.util.internal.PlatformDependent0$4                                     : loaded 2 times (x 75B)
Class io.netty.handler.codec.ByteToMessageDecoder$1                                   : loaded 2 times (x 74B)
Class kotlinx.coroutines.ExecutorCoroutineDispatcher                                  : loaded 2 times (x 107B)
Class kotlin.random.jdk8.PlatformThreadLocalRandom                                    : loaded 2 times (x 87B)
Class org.apache.http.auth.AuthSchemeProvider                                         : loaded 2 times (x 70B)
Class org.apache.http.params.BasicHttpParams                                          : loaded 2 times (x 111B)
Class com.fasterxml.jackson.annotation.JsonEnumDefaultValue                           : loaded 2 times (x 70B)
Class io.netty.buffer.AbstractReferenceCountedByteBuf                                 : loaded 2 times (x 306B)
Class com.google.common.collect.ImmutableCollection                                   : loaded 2 times (x 125B)
Class com.fasterxml.jackson.databind.annotation.EnumNaming                            : loaded 2 times (x 70B)
Class kotlinx.coroutines.selects.SelectImplementation                                 : loaded 2 times (x 106B)
Class kotlin.io.FilesKt__UtilsKt                                                      : loaded 2 times (x 71B)
Class org.slf4j.helpers.LegacyAbstractLogger                                          : loaded 2 times (x 215B)
Class io.netty.util.internal.StringUtil                                               : loaded 2 times (x 71B)
Class kotlin.collections.builders.MapBuilder$Itr                                      : loaded 2 times (x 72B)
Class io.netty.handler.codec.DefaultHeaders$ValueValidator                            : loaded 2 times (x 70B)
Class [Lio.opentelemetry.sdk.trace.samplers.SamplingDecision;                         : loaded 2 times (x 69B)
Class io.opentelemetry.api.internal.IncubatingUtil                                    : loaded 2 times (x 71B)
Class io.netty.handler.codec.http.FullHttpResponse                                    : loaded 2 times (x 70B)
Class io.netty.buffer.PooledHeapByteBuf                                               : loaded 2 times (x 311B)
Class io.netty.channel.AbstractChannel$AnnotatedNoRouteToHostException                : loaded 2 times (x 82B)
Class io.netty.channel.AbstractChannel$AbstractUnsafe                                 : loaded 2 times (x 94B)
Class io.opentelemetry.sdk.internal.RateLimiter                                       : loaded 2 times (x 74B)
Class io.opentelemetry.api.metrics.DefaultMeter$NoopLongUpDownCounterBuilder          : loaded 2 times (x 85B)
Class io.opentelemetry.api.metrics.DefaultMeter$NoopDoubleGaugeBuilder$1              : loaded 2 times (x 78B)
Class io.netty.util.internal.PlatformDependent0$5                                     : loaded 2 times (x 75B)
Class io.netty.util.NetUtilInitializations                                            : loaded 2 times (x 71B)
Class io.netty.handler.codec.http.HttpStatusClass                                     : loaded 2 times (x 82B)
Class com.fasterxml.jackson.core.util.RecyclerPool$ThreadLocalPoolBase                : loaded 2 times (x 83B)
Class io.netty.util.AsciiString                                                       : loaded 2 times (x 86B)
Class [Lio.netty.handler.codec.http.HttpStatusClass;                                  : loaded 2 times (x 69B)
Class org.apache.http.impl.execchain.TunnelRefusedException                           : loaded 2 times (x 83B)
Class kotlin.sequences.SequencesKt                                                    : loaded 2 times (x 71B)
Class org.apache.http.message.AbstractHttpMessage                                     : loaded 2 times (x 108B)
Class org.apache.http.util.VersionInfo                                                : loaded 2 times (x 72B)
Class org.apache.http.conn.ConnectTimeoutException                                    : loaded 2 times (x 84B)
Class org.apache.commons.logging.LogFactory$1                                         : loaded 2 times (x 74B)
Class org.apache.http.client.CredentialsProvider                                      : loaded 2 times (x 70B)
Class kotlinx.coroutines.JobSupport$ChildCompletion                                   : loaded 2 times (x 90B)
Class kotlinx.coroutines.EventLoop                                                    : loaded 2 times (x 105B)
Class org.apache.http.client.protocol.RequestAcceptEncoding                           : loaded 2 times (x 76B)
Class kotlin.jvm.internal.markers.KMutableSet                                         : loaded 2 times (x 70B)
Class com.google.gson.Strictness                                                      : loaded 2 times (x 79B)
Class com.google.protobuf.CodedInputStream$IterableDirectByteBufferDecoder            : loaded 2 times (x 119B)
Class com.google.protobuf.Internal$DoubleList                                         : loaded 2 times (x 70B)
Class [Lorg.apache.http.client.utils.URIUtils$UriFlag;                                : loaded 2 times (x 69B)
Class io.opentelemetry.sdk.OpenTelemetrySdk$ObfuscatedLoggerProvider                  : loaded 2 times (x 79B)
Class io.opentelemetry.sdk.trace.AutoValue_SpanLimits_SpanLimitsValue                 : loaded 2 times (x 78B)
Class org.h2.mvstore.Page$Leaf                                                        : loaded 2 times (x 105B)
Class io.opentelemetry.api.common.AttributeKey                                        : loaded 2 times (x 70B)
Class com.fasterxml.jackson.module.kotlin.KotlinAnnotationIntrospector                : loaded 2 times (x 161B)
Class io.netty.util.internal.PlatformDependent0$6                                     : loaded 2 times (x 75B)
Class io.netty.handler.codec.http.HttpContent                                         : loaded 2 times (x 70B)
Class io.netty.handler.codec.http.DefaultHttpHeadersFactory                           : loaded 2 times (x 76B)
Class io.opentelemetry.api.logs.LoggerBuilder                                         : loaded 2 times (x 70B)
Class org.apache.http.HeaderElement                                                   : loaded 2 times (x 70B)
Class com.google.protobuf.SmallSortedMap$EmptySet$1                                   : loaded 2 times (x 78B)
Class com.google.protobuf.DescriptorProtos$FieldDescriptorProto$Label$1               : loaded 2 times (x 74B)
Class org.apache.http.client.AuthCache                                                : loaded 2 times (x 70B)
Class org.apache.http.message.BasicLineFormatter                                      : loaded 2 times (x 86B)
Class org.apache.commons.logging.LogFactory$2                                         : loaded 2 times (x 75B)
Class kotlinx.coroutines.Deferred                                                     : loaded 2 times (x 70B)
Class kotlinx.coroutines.internal.Removed                                             : loaded 2 times (x 72B)
Class io.opentelemetry.api.metrics.DefaultMeterProvider                               : loaded 2 times (x 77B)
Class io.opentelemetry.api.metrics.DefaultMeter$NoopDoubleGaugeBuilder                : loaded 2 times (x 85B)
Class io.opentelemetry.context.DefaultContextKey                                      : loaded 2 times (x 72B)
Class io.netty.util.Attribute                                                         : loaded 2 times (x 70B)
Class io.opentelemetry.api.logs.Logger                                                : loaded 2 times (x 70B)
Class io.opentelemetry.sdk.internal.ScopeConfiguratorBuilder                          : loaded 2 times (x 72B)
Class kotlinx.coroutines.JobSupport                                                   : loaded 2 times (x 132B)
Class org.apache.commons.logging.LogConfigurationException                            : loaded 2 times (x 82B)
Class org.apache.http.impl.DefaultConnectionReuseStrategy                             : loaded 2 times (x 76B)
Class com.fasterxml.jackson.databind.deser.std.JsonNodeDeserializer$ObjectDeserializer: loaded 2 times (x 163B)
Class org.apache.http.impl.cookie.RFC6265CookieSpecProvider                           : loaded 2 times (x 76B)
Class com.google.protobuf.DescriptorProtos$FileDescriptorProtoOrBuilder               : loaded 2 times (x 70B)
Class com.google.common.collect.BiMap                                                 : loaded 2 times (x 70B)
Class io.netty.handler.codec.http.FullHttpMessage                                     : loaded 2 times (x 70B)
Class io.netty.buffer.FixedCompositeByteBuf                                           : loaded 2 times (x 307B)
Class io.netty.buffer.UnpooledByteBufAllocator$InstrumentedUnpooledDirectByteBuf      : loaded 2 times (x 313B)
Class io.netty.handler.codec.http.DefaultHttpHeadersFactory$3                         : loaded 2 times (x 74B)
Class io.opentelemetry.context.ImplicitContextKeyed                                   : loaded 2 times (x 70B)
Class com.fasterxml.jackson.module.kotlin.ValueCreator                                : loaded 2 times (x 74B)
Class org.apache.http.message.HeaderValueParser                                       : loaded 2 times (x 70B)
Class org.apache.http.client.methods.AbortableHttpRequest                             : loaded 2 times (x 70B)
Class com.google.protobuf.DescriptorProtos$FieldOptions$1                             : loaded 2 times (x 150B)
Class com.google.protobuf.SmallSortedMap$EmptySet$2                                   : loaded 2 times (x 78B)
Class org.apache.commons.logging.LogFactory$3                                         : loaded 2 times (x 75B)
Class kotlinx.coroutines.selects.SelectBuilder                                        : loaded 2 times (x 70B)
Class io.netty.util.concurrent.FastThreadLocal                                        : loaded 2 times (x 75B)
Class io.netty.channel.ChannelFactory                                                 : loaded 2 times (x 70B)
Class io.netty.channel.Channel$Unsafe                                                 : loaded 2 times (x 70B)
Class io.netty.buffer.AbstractByteBufAllocator$1                                      : loaded 2 times (x 71B)
Class io.netty.util.concurrent.EventExecutorChooserFactory$EventExecutorChooser       : loaded 2 times (x 70B)
Class io.netty.channel.StacklessClosedChannelException                                : loaded 2 times (x 82B)
Class io.netty.handler.codec.http.DefaultHttpObject                                   : loaded 2 times (x 82B)
Class kotlin.collections.builders.ListBuilderKt                                       : loaded 2 times (x 71B)
Class io.netty.util.internal.logging.InternalLogLevel                                 : loaded 2 times (x 79B)
Class kotlinx.coroutines.JobSupport$Finishing                                         : loaded 2 times (x 76B)
Class kotlinx.coroutines.internal.ThreadLocalKt                                       : loaded 2 times (x 71B)
Class io.netty.util.internal.logging.InternalLoggerFactory                            : loaded 2 times (x 72B)
Class org.apache.commons.logging.Log                                                  : loaded 2 times (x 70B)
Class org.apache.http.impl.conn.DefaultHttpResponseParserFactory                      : loaded 2 times (x 76B)
Class org.apache.http.impl.execchain.RetryExec                                        : loaded 2 times (x 76B)
Class com.google.protobuf.AbstractMessageLite$Builder$LimitedInputStream              : loaded 2 times (x 92B)
Class org.apache.http.HttpConnectionMetrics                                           : loaded 2 times (x 70B)
Class [Lcom.google.protobuf.Internal$EnumLiteMap;                                     : loaded 2 times (x 69B)
Class com.google.protobuf.IterableByteBufferInputStream                               : loaded 2 times (x 92B)
Class org.apache.commons.logging.LogFactory$4                                         : loaded 2 times (x 75B)
Class org.apache.http.conn.util.PublicSuffixListParser                                : loaded 2 times (x 71B)
Class org.apache.http.impl.execchain.ClientExecChain                                  : loaded 2 times (x 70B)
Class kotlin.io.FilesKt__FileReadWriteKt                                              : loaded 2 times (x 71B)
Class kotlinx.coroutines.CopyableThrowable                                            : loaded 2 times (x 70B)
Class org.slf4j.helpers.FormattingTuple                                               : loaded 2 times (x 75B)
Class kotlinx.coroutines.scheduling.TasksKt                                           : loaded 2 times (x 71B)
Class kotlinx.coroutines.internal.SystemPropsKt__SystemPropsKt                        : loaded 2 times (x 71B)
Class kotlinx.coroutines.ChildJob                                                     : loaded 2 times (x 70B)
Class com.google.protobuf.Extension$ExtensionType                                     : loaded 2 times (x 79B)
Class com.google.protobuf.UnsafeUtil$Android32MemoryAccessor                          : loaded 2 times (x 89B)
Class com.google.protobuf.Descriptors$OneofDescriptor                                 : loaded 2 times (x 76B)
Class org.apache.http.client.methods.HttpRequestBase                                  : loaded 2 times (x 145B)
Class io.netty.buffer.PooledByteBufAllocator$1                                        : loaded 2 times (x 76B)
Class io.opentelemetry.api.metrics.DefaultMeter$NoopDoubleUpDownCounterBuilder$1      : loaded 2 times (x 79B)
Class io.opentelemetry.context.ContextStorage                                         : loaded 2 times (x 70B)
Class io.opentelemetry.sdk.logs.SdkLogger                                             : loaded 2 times (x 79B)
Class io.opentelemetry.sdk.metrics.SdkMeterProvider                                   : loaded 2 times (x 83B)
Class io.netty.resolver.AddressResolver                                               : loaded 2 times (x 70B)
Class io.netty.handler.codec.http.HttpHeadersFactory                                  : loaded 2 times (x 70B)
Class io.netty.buffer.UnpooledUnsafeDirectByteBuf                                     : loaded 2 times (x 316B)
Class org.apache.http.client.protocol.HttpClientContext                               : loaded 2 times (x 109B)
Class org.apache.http.entity.HttpEntityWrapper                                        : loaded 2 times (x 92B)
Class com.fasterxml.jackson.databind.deser.impl.JDKValueInstantiators$JDKValueInstantiator: loaded 2 times (x 108B)
Class io.netty.handler.codec.DefaultHeadersImpl                                       : loaded 2 times (x 277B)
Class io.netty.handler.codec.http.DefaultHttpHeadersFactory$2                         : loaded 2 times (x 74B)
Class io.opentelemetry.sdk.trace.SpanLimits$SpanLimitsValue                           : loaded 2 times (x 78B)
Class io.netty.channel.DefaultChannelPipeline$PendingHandlerCallback                  : loaded 2 times (x 77B)
Class org.apache.http.impl.io.AbstractMessageParser                                   : loaded 2 times (x 77B)
Class org.apache.http.params.HttpProtocolParams                                       : loaded 2 times (x 71B)
Class com.google.protobuf.DescriptorProtos$FieldDescriptorProto$Label                 : loaded 2 times (x 87B)
Class com.google.protobuf.DescriptorProtos$DescriptorProtoOrBuilder                   : loaded 2 times (x 70B)
Class com.google.protobuf.NioByteString                                               : loaded 2 times (x 104B)
Class com.google.protobuf.FieldSet$FieldDescriptorLite                                : loaded 2 times (x 70B)
Class com.google.protobuf.ExtensionLite                                               : loaded 2 times (x 77B)
Class org.apache.http.impl.cookie.IgnoreSpecProvider                                  : loaded 2 times (x 76B)
Class org.apache.http.message.BasicLineParser                                         : loaded 2 times (x 88B)
Class org.apache.http.impl.conn.PoolingHttpClientConnectionManager                    : loaded 2 times (x 132B)
Class org.apache.http.conn.util.PublicSuffixList                                      : loaded 2 times (x 72B)
Class kotlinx.coroutines.sync.SemaphoreSegment                                        : loaded 2 times (x 76B)
Class kotlin.internal.PlatformImplementations                                         : loaded 2 times (x 75B)
Class kotlinx.coroutines.JobKt                                                        : loaded 2 times (x 71B)
Class kotlinx.coroutines.scheduling.SchedulerCoroutineDispatcher                      : loaded 2 times (x 108B)
Class kotlinx.coroutines.ChildHandleNode                                              : loaded 2 times (x 94B)
Class io.netty.buffer.PooledByteBufAllocator                                          : loaded 2 times (x 134B)
Class com.google.gson.internal.bind.ReflectiveTypeAdapterFactory$2                    : loaded 2 times (x 79B)
Class kotlin.time.DurationUnitKt__DurationUnitJvmKt                                   : loaded 2 times (x 71B)
Class io.netty.util.concurrent.DefaultPromise$LeanCancellationException               : loaded 2 times (x 82B)
Class io.opentelemetry.api.metrics.ObservableDoubleGauge                              : loaded 2 times (x 70B)
Class io.opentelemetry.api.metrics.DefaultMeter$NoopDoubleUpDownCounterBuilder$2      : loaded 2 times (x 78B)
Class io.opentelemetry.api.metrics.ObservableMeasurement                              : loaded 2 times (x 70B)
Class com.fasterxml.jackson.databind.ser.std.StdArraySerializers                      : loaded 2 times (x 71B)
Class io.opentelemetry.sdk.metrics.internal.view.AttributesProcessor$JoinedAttributesProcessor: loaded 2 times (x 75B)
Class io.netty.handler.codec.http.CombinedHttpHeaders                                 : loaded 2 times (x 123B)
Class kotlinx.coroutines.flow.internal.AbstractSharedFlowSlot                         : loaded 2 times (x 73B)
Class kotlin.jvm.internal.Ref$IntRef                                                  : loaded 2 times (x 71B)
Class com.fasterxml.jackson.databind.JsonSerializer$None                              : loaded 2 times (x 88B)
Class io.netty.handler.codec.EncoderException                                         : loaded 2 times (x 82B)
Class org.apache.http.util.TextUtils                                                  : loaded 2 times (x 71B)
Class org.apache.http.protocol.ChainBuilder                                           : loaded 2 times (x 72B)
Class io.netty.util.internal.LongCounter                                              : loaded 2 times (x 70B)
Class com.google.protobuf.DescriptorProtos$FileOptions$1                              : loaded 2 times (x 150B)
Class org.h2.mvstore.cache.FilePathCache$FileCache                                    : loaded 2 times (x 129B)
Class [Lorg.h2.mvstore.cache.CacheLongKeyLIRS$Entry;                                  : loaded 2 times (x 69B)
Class org.h2.mvstore.cache.CacheLongKeyLIRS                                           : loaded 2 times (x 100B)
Class org.apache.http.config.ConnectionConfig$Builder                                 : loaded 2 times (x 79B)
Class [Lorg.apache.http.auth.AuthProtocolState;                                       : loaded 2 times (x 69B)
Class com.google.protobuf.UnsafeUtil                                                  : loaded 2 times (x 71B)
Class com.google.protobuf.DescriptorProtos$FileDescriptorProto$1                      : loaded 2 times (x 150B)
Class org.apache.http.message.LineFormatter                                           : loaded 2 times (x 70B)
Class org.apache.http.impl.io.DefaultHttpRequestWriterFactory                         : loaded 2 times (x 76B)
Class org.apache.http.conn.ssl.X509HostnameVerifier                                   : loaded 2 times (x 70B)
Class org.apache.commons.logging.LogFactory$6                                         : loaded 2 times (x 75B)
Class kotlinx.coroutines.EventLoopImplBase$DelayedResumeTask                          : loaded 2 times (x 94B)
Class kotlinx.coroutines.ChildContinuation                                            : loaded 2 times (x 90B)
Class kotlinx.coroutines.flow.internal.FusibleFlow                                    : loaded 2 times (x 70B)
Class com.google.gson.internal.$Gson$Preconditions                                    : loaded 2 times (x 71B)
Class com.google.protobuf.ByteOutput                                                  : loaded 2 times (x 76B)
Class org.apache.http.config.ConnectionConfig                                         : loaded 2 times (x 79B)
Class io.netty.buffer.ByteBufUtil$ThreadLocalUnsafeDirectByteBuf                      : loaded 2 times (x 317B)
Class io.netty.channel.socket.nio.SelectorProviderUtil                                : loaded 2 times (x 71B)
Class io.netty.util.concurrent.AbstractEventExecutor                                  : loaded 2 times (x 232B)
Class io.netty.util.concurrent.AbstractFuture                                         : loaded 2 times (x 128B)
Class io.opentelemetry.sdk.OpenTelemetrySdk$ObfuscatedTracerProvider                  : loaded 2 times (x 81B)
Class io.opentelemetry.sdk.logs.LoggerSharedState                                     : loaded 2 times (x 72B)
Class io.opentelemetry.sdk.trace.data.SpanData                                        : loaded 2 times (x 70B)
Class org.apache.http.message.BasicHttpResponse                                       : loaded 2 times (x 132B)
Class [Lcom.fasterxml.jackson.databind.introspect.BeanPropertyDefinition;             : loaded 2 times (x 69B)
Class io.netty.buffer.AbstractByteBufAllocator                                        : loaded 2 times (x 116B)
Class io.netty.buffer.WrappedByteBuf                                                  : loaded 2 times (x 284B)
Class org.h2.mvstore.type.DataType                                                    : loaded 2 times (x 70B)
Class com.fasterxml.jackson.module.kotlin.KotlinNamesAnnotationIntrospectorKt         : loaded 2 times (x 71B)
Class com.fasterxml.jackson.module.kotlin.InternalCommonsKt$defaultConstructorMarker$2: loaded 2 times (x 78B)
Class com.fasterxml.jackson.databind.introspect.PotentialCreator                      : loaded 2 times (x 89B)
Class io.netty.handler.codec.http.DefaultHttpHeadersFactory$1                         : loaded 2 times (x 74B)
Class io.opentelemetry.sdk.metrics.Aggregation                                        : loaded 2 times (x 70B)
Class io.opentelemetry.sdk.trace.SpanProcessor                                        : loaded 2 times (x 70B)
Class io.netty.channel.ChannelHandlerMask$2                                           : loaded 2 times (x 75B)
Class com.fasterxml.jackson.core.io.NumberInput                                       : loaded 2 times (x 71B)
Class org.apache.http.conn.EofSensorWatcher                                           : loaded 2 times (x 70B)
Class org.apache.http.client.protocol.ResponseProcessCookies                          : loaded 2 times (x 76B)
Class org.apache.http.NameValuePair                                                   : loaded 2 times (x 70B)
Class org.apache.http.pool.ConnFactory                                                : loaded 2 times (x 70B)
Class kotlinx.coroutines.scheduling.CoroutineScheduler$WorkerState                    : loaded 2 times (x 79B)
Class kotlin.jvm.internal.markers.KMutableMap                                         : loaded 2 times (x 70B)
Class kotlin.coroutines.jvm.internal.DebugMetadata                                    : loaded 2 times (x 70B)
Class kotlin.collections.builders.MapBuilder$EntriesItr                               : loaded 2 times (x 81B)
Class io.netty.handler.codec.http.HttpHeaderNames                                     : loaded 2 times (x 71B)
Class io.netty.buffer.AbstractUnsafeSwappedByteBuf                                    : loaded 2 times (x 291B)
Class io.netty.handler.codec.http.HttpRequest                                         : loaded 2 times (x 70B)
Class io.netty.buffer.PoolChunkList                                                   : loaded 2 times (x 84B)
Class io.netty.channel.MultithreadEventLoopGroup                                      : loaded 2 times (x 226B)
Class io.opentelemetry.api.metrics.DoubleHistogram                                    : loaded 2 times (x 70B)
Class kotlinx.coroutines.intrinsics.UndispatchedKt                                    : loaded 2 times (x 71B)
Class com.google.protobuf.DescriptorProtos$DescriptorProto$1                          : loaded 2 times (x 150B)
Class com.google.protobuf.Internal$EnumLite                                           : loaded 2 times (x 70B)
Class io.netty.handler.codec.DecoderResult                                            : loaded 2 times (x 76B)
Class io.netty.handler.codec.DefaultHeaders$NameValidator$1                           : loaded 2 times (x 74B)
Class [Lcom.google.protobuf.Descriptors$EnumDescriptor;                               : loaded 2 times (x 69B)
Class org.apache.http.io.SessionOutputBuffer                                          : loaded 2 times (x 70B)
Class io.netty.handler.codec.http.LastHttpContent                                     : loaded 2 times (x 70B)
Class io.netty.channel.ChannelOutboundHandlerAdapter                                  : loaded 2 times (x 99B)
Class io.netty.channel.ChannelInboundHandler                                          : loaded 2 times (x 70B)
Class com.fasterxml.jackson.databind.introspect.NopAnnotationIntrospector$1           : loaded 2 times (x 160B)
Class kotlin.text.DelimitedRangesSequence$iterator$1                                  : loaded 2 times (x 79B)
Class com.fasterxml.jackson.databind.cfg.DefaultCacheProvider                         : loaded 2 times (x 80B)
Class com.fasterxml.jackson.module.kotlin.KotlinNamesAnnotationIntrospector           : loaded 2 times (x 161B)
Class io.netty.handler.codec.http.DefaultHttpHeaders                                  : loaded 2 times (x 123B)
Class com.fasterxml.jackson.databind.util.TokenBuffer$Segment                         : loaded 2 times (x 73B)
Class io.netty.buffer.SimpleLeakAwareCompositeByteBuf                                 : loaded 2 times (x 405B)
Class com.fasterxml.jackson.databind.deser.impl.JDKValueInstantiators$HashSetInstantiator: loaded 2 times (x 108B)
Class [Lorg.h2.mvstore.Page$PageReference;                                            : loaded 2 times (x 69B)
Class kotlinx.coroutines.BlockingEventLoop                                            : loaded 2 times (x 117B)
Class org.apache.http.conn.ssl.SSLConnectionSocketFactory                             : loaded 2 times (x 83B)
Class kotlinx.coroutines.ThreadLocalEventLoop                                         : loaded 2 times (x 71B)
Class io.opentelemetry.sdk.resources.AutoValue_Resource                               : loaded 2 times (x 77B)
Class io.opentelemetry.api.metrics.DefaultMeter$NoopLongHistogramBuilder              : loaded 2 times (x 81B)
Class io.opentelemetry.api.metrics.DefaultMeter$NoopDoubleUpDownCounter               : loaded 2 times (x 79B)
Class io.netty.util.concurrent.ProgressiveFuture                                      : loaded 2 times (x 70B)
Class io.netty.channel.AbstractChannelHandlerContext                                  : loaded 2 times (x 192B)
Class io.netty.channel.ChannelDuplexHandler                                           : loaded 2 times (x 118B)
Class com.fasterxml.jackson.module.kotlin.KotlinFeature$Companion                     : loaded 2 times (x 71B)
Class io.netty.channel.ChannelHandlerMask$1                                           : loaded 2 times (x 75B)
Class io.netty.channel.MaxMessagesRecvByteBufAllocator                                : loaded 2 times (x 70B)
Class io.netty.channel.AdaptiveRecvByteBufAllocator                                   : loaded 2 times (x 83B)
Class io.netty.channel.RecvByteBufAllocator$Handle                                    : loaded 2 times (x 70B)
Class kotlinx.coroutines.Waiter                                                       : loaded 2 times (x 70B)
Class org.apache.http.conn.ConnectionPoolTimeoutException                             : loaded 2 times (x 84B)
Class kotlinx.coroutines.flow.StateFlowImpl$collect$1                                 : loaded 2 times (x 88B)
Class kotlinx.coroutines.CompletionStateKt                                            : loaded 2 times (x 71B)
Class com.google.protobuf.Descriptors$FieldDescriptor                                 : loaded 2 times (x 88B)
Class io.netty.channel.ChannelMetadata                                                : loaded 2 times (x 71B)
Class io.opentelemetry.api.metrics.DefaultMeter$NoopDoubleHistogram                   : loaded 2 times (x 79B)
Class io.opentelemetry.sdk.common.InstrumentationScopeInfoBuilder                     : loaded 2 times (x 72B)
Class io.netty.handler.codec.ValueConverter                                           : loaded 2 times (x 70B)
Class io.netty.handler.codec.http.EmptyHttpHeaders                                    : loaded 2 times (x 121B)
Class io.netty.buffer.WrappedCompositeByteBuf                                         : loaded 2 times (x 404B)
Class com.google.protobuf.Descriptors$1                                               : loaded 2 times (x 71B)
Class org.h2.mvstore.MVMap$BasicBuilder                                               : loaded 2 times (x 87B)
Class com.fasterxml.jackson.databind.deser.std.JsonNodeDeserializer$ArrayDeserializer : loaded 2 times (x 163B)
Class io.opentelemetry.sdk.OpenTelemetrySdk                                           : loaded 2 times (x 96B)
Class io.opentelemetry.api.metrics.DefaultMeter$NoopLongUpDownCounterBuilder$2        : loaded 2 times (x 78B)
Class io.opentelemetry.api.metrics.DefaultMeter$NoopLongGaugeBuilder                  : loaded 2 times (x 83B)
Class io.netty.util.NettyRuntime                                                      : loaded 2 times (x 71B)
Class com.google.protobuf.DescriptorProtos$FieldOptions                               : loaded 2 times (x 194B)
Class org.apache.http.impl.client.CookieSpecRegistries                                : loaded 2 times (x 71B)
Class org.apache.http.auth.AuthScheme                                                 : loaded 2 times (x 70B)
Class org.apache.http.client.entity.DeflateInputStreamFactory                         : loaded 2 times (x 75B)
Class org.apache.http.client.NonRepeatableRequestException                            : loaded 2 times (x 82B)
Class org.apache.http.pool.ConnPoolControl                                            : loaded 2 times (x 70B)
Class kotlinx.coroutines.CancellableContinuationImpl                                  : loaded 2 times (x 128B)
Class [Lkotlinx.coroutines.flow.StateFlowSlot;                                        : loaded 2 times (x 69B)
Class kotlinx.coroutines.CoroutineDispatcher                                          : loaded 2 times (x 99B)
Class io.netty.buffer.PooledByteBufAllocator$PoolThreadLocalCache                     : loaded 2 times (x 76B)
Class io.netty.channel.nio.AbstractNioByteChannel$NioByteUnsafe                       : loaded 2 times (x 101B)
Class io.netty.channel.nio.AbstractNioChannel$NioUnsafe                               : loaded 2 times (x 70B)
Class io.netty.util.internal.PriorityQueue                                            : loaded 2 times (x 70B)
Class com.fasterxml.jackson.databind.deser.impl.PropertyValue$Map                     : loaded 2 times (x 74B)
Class io.netty.handler.codec.http.EmptyHttpHeaders$InstanceInitializer                : loaded 2 times (x 71B)
Class io.netty.channel.DefaultMessageSizeEstimator$HandleImpl                         : loaded 2 times (x 74B)
Class com.fasterxml.jackson.databind.util.ArrayBuilders                               : loaded 2 times (x 72B)
Class kotlinx.coroutines.internal.LimitedDispatcherKt                                 : loaded 2 times (x 71B)
Class kotlin.io.FilesKt__FilePathComponentsKt                                         : loaded 2 times (x 71B)
Class kotlinx.coroutines.JobSupport$SelectOnAwaitCompletionHandler                    : loaded 2 times (x 90B)
Class org.apache.commons.logging.impl.WeakHashtable                                   : loaded 2 times (x 129B)
Class org.apache.http.message.BasicRequestLine                                        : loaded 2 times (x 80B)
Class kotlinx.coroutines.ResumeOnCompletion                                           : loaded 2 times (x 90B)
Class io.netty.handler.codec.http.HttpClientCodec                                     : loaded 2 times (x 124B)
Class io.netty.util.IllegalReferenceCountException                                    : loaded 2 times (x 82B)
Class io.opentelemetry.sdk.trace.SpanLimitsBuilder                                    : loaded 2 times (x 71B)
Class com.fasterxml.jackson.databind.ser.std.StdArraySerializers$TypedPrimitiveArraySerializer: loaded 2 times (x 126B)
Class org.apache.commons.logging.impl.LogFactoryImpl                                  : loaded 2 times (x 86B)
Class com.fasterxml.jackson.module.kotlin.InternalCommonsKt                           : loaded 2 times (x 71B)
Class com.google.protobuf.LazyFieldLite                                               : loaded 2 times (x 84B)
Class com.google.protobuf.CodedOutputStream                                           : loaded 2 times (x 109B)
Class org.apache.http.impl.io.IdentityOutputStream                                    : loaded 2 times (x 86B)
Class io.opentelemetry.sdk.metrics.SdkMeterProviderBuilder                            : loaded 2 times (x 72B)
Class io.netty.handler.codec.http.HttpObject                                          : loaded 2 times (x 70B)
Class io.netty.resolver.AddressResolverGroup                                          : loaded 2 times (x 81B)
Class [Lorg.apache.http.conn.ssl.DefaultHostnameVerifier$HostNameType;                : loaded 2 times (x 69B)
Class org.apache.http.impl.execchain.MainClientExec                                   : loaded 2 times (x 77B)
Class org.apache.http.HttpResponse                                                    : loaded 2 times (x 70B)
Class org.apache.http.concurrent.Cancellable                                          : loaded 2 times (x 70B)
Class org.apache.commons.logging.LogFactory                                           : loaded 2 times (x 78B)
Class org.apache.http.conn.util.PublicSuffixMatcherLoader                             : loaded 2 times (x 71B)
Class kotlinx.coroutines.sync.Semaphore                                               : loaded 2 times (x 70B)
Class kotlinx.coroutines.NonDisposableHandle                                          : loaded 2 times (x 78B)
Class kotlinx.coroutines.SupervisorJobImpl                                            : loaded 2 times (x 138B)
Class io.netty.util.concurrent.MultithreadEventExecutorGroup                          : loaded 2 times (x 185B)
Class io.netty.util.CharsetUtil                                                       : loaded 2 times (x 71B)
Class io.opentelemetry.api.metrics.ObservableLongUpDownCounter                        : loaded 2 times (x 70B)
Class io.opentelemetry.sdk.trace.SpanLimits                                           : loaded 2 times (x 78B)
Class io.netty.handler.codec.DefaultHeaders$HeaderEntry                               : loaded 2 times (x 80B)
Class com.fasterxml.jackson.databind.ser.std.StdKeySerializers                        : loaded 2 times (x 71B)
Class io.netty.util.internal.UnpaddedInternalThreadLocalMap                           : loaded 2 times (x 71B)
Class io.netty.handler.codec.http.DefaultHttpHeaders$HeaderValueConverter             : loaded 2 times (x 130B)
Class io.opentelemetry.api.metrics.DefaultMeter$NoopLongUpDownCounterBuilder$1        : loaded 2 times (x 79B)
Class io.opentelemetry.api.trace.SpanContext                                          : loaded 2 times (x 70B)
Class com.fasterxml.jackson.core.json.JsonReadContext                                 : loaded 2 times (x 84B)
Class org.apache.http.impl.execchain.ResponseEntityProxy                              : loaded 2 times (x 101B)
Class [Lcom.google.protobuf.Descriptors$FieldDescriptor$Type;                         : loaded 2 times (x 69B)
Class com.google.protobuf.SmallSortedMap$EmptySet                                     : loaded 2 times (x 71B)
Class com.google.protobuf.ByteString$2                                                : loaded 2 times (x 89B)
Class org.apache.http.impl.cookie.RFC6265CookieSpecProvider$CompatibilityLevel        : loaded 2 times (x 79B)
Class org.apache.http.impl.auth.NTLMSchemeFactory                                     : loaded 2 times (x 79B)
Class org.apache.http.conn.ssl.StrictHostnameVerifier                                 : loaded 2 times (x 81B)
Class [Lorg.apache.http.conn.util.DomainType;                                         : loaded 2 times (x 69B)
Class kotlinx.coroutines.scheduling.WorkQueue                                         : loaded 2 times (x 72B)
Class io.netty.util.internal.ThreadExecutorMap$3                                      : loaded 2 times (x 75B)
Class io.netty.handler.codec.http.HttpObjectDecoder                                   : loaded 2 times (x 125B)
Class [Lio.netty.buffer.PoolSubpageMetric;                                            : loaded 2 times (x 69B)
Class io.netty.bootstrap.ChannelFactory                                               : loaded 2 times (x 70B)
Class io.netty.util.concurrent.RejectedExecutionHandler                               : loaded 2 times (x 70B)
Class io.netty.util.NetUtil                                                           : loaded 2 times (x 71B)
Class io.opentelemetry.api.metrics.DefaultMeter$NoopDoubleCounter                     : loaded 2 times (x 79B)
Class io.opentelemetry.sdk.logs.AutoValue_LogLimits                                   : loaded 2 times (x 74B)
Class [Lio.opentelemetry.sdk.trace.samplers.Sampler;                                  : loaded 2 times (x 69B)
Class io.opentelemetry.sdk.metrics.internal.AutoValue_MeterConfig                     : loaded 2 times (x 72B)
Class io.netty.buffer.PooledDirectByteBuf                                             : loaded 2 times (x 311B)
Class io.netty.buffer.UnpooledByteBufAllocator$InstrumentedUnpooledUnsafeNoCleanerDirectByteBuf: loaded 2 times (x 317B)
Class io.netty.buffer.AbstractByteBuf                                                 : loaded 2 times (x 304B)
Class io.netty.handler.codec.http.HttpResponseDecoder                                 : loaded 2 times (x 125B)
Class io.netty.handler.codec.http.HttpScheme                                          : loaded 2 times (x 72B)
Class com.fasterxml.jackson.databind.module.SimpleAbstractTypeResolver                : loaded 2 times (x 76B)
Class io.netty.buffer.AbstractUnpooledSlicedByteBuf                                   : loaded 2 times (x 315B)
Class io.netty.buffer.SwappedByteBuf                                                  : loaded 2 times (x 284B)
Class kotlinx.coroutines.scheduling.GlobalQueue                                       : loaded 2 times (x 72B)
Class kotlin.internal.jdk7.JDK7PlatformImplementations                                : loaded 2 times (x 75B)
Class kotlin.io.CloseableKt                                                           : loaded 2 times (x 71B)
Class kotlinx.coroutines.sync.Mutex                                                   : loaded 2 times (x 70B)
Class io.opentelemetry.api.internal.Utils                                             : loaded 2 times (x 71B)
Class [Lcom.google.common.collect.ImmutableEntry;                                     : loaded 2 times (x 69B)
Class org.apache.http.auth.AuthState                                                  : loaded 2 times (x 88B)
Class [Lcom.google.protobuf.ProtocolMessageEnum;                                      : loaded 2 times (x 69B)
Class com.google.protobuf.LazyStringArrayList                                         : loaded 2 times (x 314B)
Class org.apache.http.conn.routing.HttpRouteDirector                                  : loaded 2 times (x 70B)
Class org.apache.http.conn.routing.HttpRoutePlanner                                   : loaded 2 times (x 70B)
Class kotlinx.coroutines.scheduling.TaskImpl                                          : loaded 2 times (x 77B)
Class kotlinx.coroutines.CoroutineExceptionHandler                                    : loaded 2 times (x 70B)
Class kotlinx.coroutines.flow.StateFlowImpl                                           : loaded 2 times (x 104B)
Class kotlin.LazyKt__LazyJVMKt$WhenMappings                                           : loaded 2 times (x 71B)
Class io.netty.handler.codec.http.HttpObjectDecoder$State                             : loaded 2 times (x 79B)
Class io.netty.handler.codec.http.HttpMessageDecoderResult                            : loaded 2 times (x 76B)
Class io.netty.channel.DefaultChannelPipeline$1                                       : loaded 2 times (x 75B)
Class [Lio.netty.util.concurrent.EventExecutor;                                       : loaded 2 times (x 69B)
Class io.netty.util.concurrent.PromiseTask$SentinelRunnable                           : loaded 2 times (x 76B)
Class [Lio.netty.util.Attribute;                                                      : loaded 2 times (x 69B)
Class com.fasterxml.jackson.databind.json.JsonMapper                                  : loaded 2 times (x 340B)
Class io.opentelemetry.api.metrics.DefaultMeter$NoopDoubleHistogramBuilder            : loaded 2 times (x 83B)
Class org.apache.http.Consts                                                          : loaded 2 times (x 71B)
Class io.netty.channel.Channel                                                        : loaded 2 times (x 70B)
Class com.google.protobuf.UnsafeUtil$1                                                : loaded 2 times (x 74B)
Class [Lcom.google.protobuf.Descriptors$FieldDescriptor$JavaType;                     : loaded 2 times (x 69B)
Class org.apache.http.client.methods.AbstractExecutionAwareRequest                    : loaded 2 times (x 128B)
Class com.fasterxml.jackson.module.kotlin.KotlinModule$Companion                      : loaded 2 times (x 71B)
Class com.fasterxml.jackson.module.kotlin.KotlinModule                                : loaded 2 times (x 102B)
Class io.netty.handler.codec.http.HttpHeaders                                         : loaded 2 times (x 121B)
Class com.fasterxml.jackson.core.util.BufferRecycler$Gettable                         : loaded 2 times (x 70B)
Class org.apache.http.impl.auth.HttpAuthenticator$1                                   : loaded 2 times (x 71B)
Class org.apache.http.message.ParserCursor                                            : loaded 2 times (x 76B)
Class com.google.protobuf.UninitializedMessageException                               : loaded 2 times (x 84B)
Class kotlin.jvm.internal.ArrayIterator                                               : loaded 2 times (x 79B)
Class kotlinx.coroutines.CoroutineContextKt                                           : loaded 2 times (x 71B)
Class kotlin.LazyThreadSafetyMode                                                     : loaded 2 times (x 79B)
Class io.netty.handler.codec.DefaultHeaders$NameValidator                             : loaded 2 times (x 70B)
Class io.opentelemetry.sdk.metrics.internal.debug.NoSourceInfo                        : loaded 2 times (x 83B)
Class io.netty.handler.codec.http.HttpResponseStatus                                  : loaded 2 times (x 82B)
Class io.netty.buffer.PoolSubpageMetric                                               : loaded 2 times (x 70B)
Class io.netty.util.concurrent.EventExecutorChooserFactory                            : loaded 2 times (x 70B)
Class io.opentelemetry.sdk.trace.samplers.ParentBasedSamplerBuilder                   : loaded 2 times (x 72B)
Class io.opentelemetry.sdk.metrics.internal.view.AttributesProcessor                  : loaded 2 times (x 74B)
Class io.opentelemetry.sdk.trace.SdkTracerProvider                                    : loaded 2 times (x 83B)
Class io.opentelemetry.sdk.common.CompletableResultCode                               : loaded 2 times (x 72B)
Class io.netty.util.internal.ThreadExecutorMap$2                                      : loaded 2 times (x 75B)
Class io.netty.channel.VoidChannelPromise$1                                           : loaded 2 times (x 79B)
Class kotlinx.coroutines.StandaloneCoroutine                                          : loaded 2 times (x 143B)
Class com.fasterxml.jackson.core.ErrorReportConfiguration                             : loaded 2 times (x 74B)
Class org.apache.commons.logging.impl.LogFactoryImpl$2                                : loaded 2 times (x 75B)
Class org.apache.http.RequestLine                                                     : loaded 2 times (x 70B)
Class [Lorg.h2.mvstore.Chunk;                                                         : loaded 2 times (x 69B)
Class com.google.protobuf.DescriptorProtos$SourceCodeInfoOrBuilder                    : loaded 2 times (x 70B)
Class org.apache.http.impl.HttpConnectionMetricsImpl                                  : loaded 2 times (x 90B)
Class kotlin.sequences.TransformingSequence$iterator$1                                : loaded 2 times (x 79B)
Class com.google.common.collect.AbstractMapEntry                                      : loaded 2 times (x 81B)
Class org.apache.http.impl.cookie.BasicSecureHandler                                  : loaded 2 times (x 83B)
Class com.google.protobuf.Descriptors$ServiceDescriptor                               : loaded 2 times (x 76B)
Class org.apache.http.pool.AbstractConnPool$1                                         : loaded 2 times (x 86B)
Class org.apache.http.conn.DnsResolver                                                : loaded 2 times (x 70B)
Class kotlinx.coroutines.internal.DispatchedContinuation                              : loaded 2 times (x 90B)
Class kotlinx.coroutines.internal.Symbol                                              : loaded 2 times (x 72B)
Class com.fasterxml.jackson.databind.deser.Deserializers$Base                         : loaded 2 times (x 93B)
Class io.netty.util.AttributeKey                                                      : loaded 2 times (x 80B)
Class io.netty.util.ResourceLeakDetector$Level                                        : loaded 2 times (x 79B)
Class com.google.gson.internal.$Gson$Types                                            : loaded 2 times (x 71B)
Class io.netty.util.internal.LongAdderCounter                                         : loaded 2 times (x 90B)
Class [Lio.netty.channel.ChannelHandler;                                              : loaded 2 times (x 69B)
Class io.netty.channel.DefaultChannelPromise                                          : loaded 2 times (x 306B)
Class io.netty.util.concurrent.DefaultThreadFactory                                   : loaded 2 times (x 77B)
Class io.netty.util.concurrent.AbstractScheduledEventExecutor$1                       : loaded 2 times (x 89B)
Class io.opentelemetry.sdk.metrics.internal.view.AttributesProcessor$AppendingAttributesProcessor: loaded 2 times (x 75B)
Class com.fasterxml.jackson.databind.ser.std.StdKeySerializer                         : loaded 2 times (x 114B)
Class io.opentelemetry.sdk.internal.ScopeConfigurator                                 : loaded 2 times (x 70B)
Class io.netty.channel.ChannelOption$1                                                : loaded 2 times (x 77B)
Class com.fasterxml.jackson.databind.ser.impl.PropertySerializerMap$TypeAndSerializer : loaded 2 times (x 72B)
Class io.netty.util.internal.SocketUtils$11                                           : loaded 2 times (x 75B)
Class io.netty.channel.ChannelException                                               : loaded 2 times (x 82B)
Class io.netty.util.internal.ThreadExecutorMap$1                                      : loaded 2 times (x 75B)
Class io.netty.util.concurrent.DefaultEventExecutorChooserFactory$GenericEventExecutorChooser: loaded 2 times (x 75B)
Class io.netty.util.concurrent.FastThreadLocalRunnable                                : loaded 2 times (x 75B)
Class io.netty.channel.DefaultChannelPipeline$AddStrategy                             : loaded 2 times (x 79B)
Class com.fasterxml.jackson.databind.cfg.CacheProvider                                : loaded 2 times (x 70B)
Class kotlinx.coroutines.scheduling.NanoTimeSource                                    : loaded 2 times (x 72B)
Class io.opentelemetry.context.propagation.TextMapPropagator                          : loaded 2 times (x 70B)
Class org.h2.mvstore.SFChunk                                                          : loaded 2 times (x 87B)
Class kotlin.sequences.SequencesKt__SequencesJVMKt                                    : loaded 2 times (x 71B)
Class org.apache.http.config.MessageConstraints$Builder                               : loaded 2 times (x 74B)
Class org.apache.http.pool.AbstractConnPool$2                                         : loaded 2 times (x 92B)
Class [Lorg.apache.http.conn.routing.RouteInfo$LayerType;                             : loaded 2 times (x 69B)
Class com.google.protobuf.Descriptors$DescriptorPool                                  : loaded 2 times (x 72B)
Class com.google.protobuf.DescriptorProtos$MessageOptionsOrBuilder                    : loaded 2 times (x 70B)
Class com.google.protobuf.Internal$LongList                                           : loaded 2 times (x 70B)
Class org.apache.http.cookie.CookieIdentityComparator                                 : loaded 2 times (x 91B)
Class org.apache.http.cookie.CookieSpecProvider                                       : loaded 2 times (x 70B)
Class com.google.gson.JsonDeserializer                                                : loaded 2 times (x 70B)
Class kotlinx.coroutines.CompletedContinuation                                        : loaded 2 times (x 72B)
Class io.netty.buffer.ByteBufUtil                                                     : loaded 2 times (x 71B)
Class io.netty.channel.socket.DuplexChannel                                           : loaded 2 times (x 70B)
Class io.netty.util.concurrent.AbstractScheduledEventExecutor$2                       : loaded 2 times (x 74B)
Class io.netty.util.concurrent.OrderedEventExecutor                                   : loaded 2 times (x 70B)
Class io.opentelemetry.api.metrics.DefaultMeter$NoopLongCounterBuilder                : loaded 2 times (x 85B)
Class io.opentelemetry.api.metrics.ObservableLongMeasurement                          : loaded 2 times (x 70B)
Class io.opentelemetry.context.ArrayBasedContext                                      : loaded 2 times (x 100B)
Class [Lcom.fasterxml.jackson.databind.JsonNode;                                      : loaded 2 times (x 69B)
Class io.opentelemetry.sdk.metrics.internal.aggregator.AggregatorFactory              : loaded 2 times (x 70B)
Class org.apache.http.client.AuthenticationStrategy                                   : loaded 2 times (x 70B)
Class org.apache.commons.logging.impl.LogFactoryImpl$1                                : loaded 2 times (x 74B)
Class kotlinx.coroutines.BuildersKt__BuildersKt                                       : loaded 2 times (x 71B)
Class org.apache.http.config.RegistryBuilder                                          : loaded 2 times (x 72B)
Class org.apache.http.impl.conn.DefaultHttpClientConnectionOperator                   : loaded 2 times (x 78B)
Class org.apache.http.conn.HttpConnectionFactory                                      : loaded 2 times (x 70B)
Class org.apache.http.impl.EnglishReasonPhraseCatalog                                 : loaded 2 times (x 75B)
Class org.h2.mvstore.Page$PageReference                                               : loaded 2 times (x 72B)
Class org.apache.http.client.protocol.RequestAuthCache                                : loaded 2 times (x 76B)
Class org.apache.http.impl.conn.LoggingInputStream                                    : loaded 2 times (x 92B)
Class com.google.protobuf.InvalidProtocolBufferException                              : loaded 2 times (x 85B)
Class org.apache.http.auth.AuthSchemeFactory                                          : loaded 2 times (x 70B)
Class org.apache.http.client.entity.DeflateInputStream                                : loaded 2 times (x 92B)
Class org.apache.http.impl.conn.CPool                                                 : loaded 2 times (x 115B)
Class kotlinx.coroutines.Delay$DefaultImpls                                           : loaded 2 times (x 71B)
Class kotlinx.coroutines.EventLoopKt                                                  : loaded 2 times (x 71B)
Class org.apache.http.impl.client.HttpClientBuilder                                   : loaded 2 times (x 77B)
Class kotlin.text.Regex                                                               : loaded 2 times (x 72B)
Class kotlin.collections.ArrayAsCollection                                            : loaded 2 times (x 105B)
Class com.google.protobuf.ByteString$ByteIterator                                     : loaded 2 times (x 70B)
Class com.google.protobuf.DescriptorProtos$FieldDescriptorProtoOrBuilder              : loaded 2 times (x 70B)
Class io.netty.handler.codec.http.TooLongHttpHeaderException                          : loaded 2 times (x 82B)
Class io.netty.buffer.UnpooledDuplicatedByteBuf                                       : loaded 2 times (x 314B)
Class [Lio.netty.handler.codec.http.HttpObjectDecoder$State;                          : loaded 2 times (x 69B)
Class org.h2.mvstore.MVMap$DecisionMaker$1                                            : loaded 2 times (x 75B)
Class io.netty.handler.codec.ByteToMessageDecoder                                     : loaded 2 times (x 112B)
Class io.opentelemetry.api.metrics.ObservableLongGauge                                : loaded 2 times (x 70B)
Class io.opentelemetry.api.metrics.MeterBuilder                                       : loaded 2 times (x 70B)
Class com.google.protobuf.DescriptorProtos$FieldDescriptorProto                       : loaded 2 times (x 182B)
Class org.apache.http.message.BasicHeaderElementIterator                              : loaded 2 times (x 87B)
Class org.apache.http.util.EntityUtils                                                : loaded 2 times (x 71B)
Class com.google.common.collect.UnmodifiableIterator                                  : loaded 2 times (x 80B)
Class io.opentelemetry.api.common.AttributesBuilder                                   : loaded 2 times (x 70B)
Class org.slf4j.helpers.NamedLoggerBase                                               : loaded 2 times (x 213B)
Class io.opentelemetry.api.common.AttributeType                                       : loaded 2 times (x 79B)
Class com.google.protobuf.Extension                                                   : loaded 2 times (x 85B)
Class org.apache.http.impl.client.BasicCredentialsProvider                            : loaded 2 times (x 80B)
Class org.apache.http.impl.client.BasicCookieStore                                    : loaded 2 times (x 83B)
Class org.apache.http.pool.PoolEntry                                                  : loaded 2 times (x 87B)
Class com.google.protobuf.MessageOrBuilder                                            : loaded 2 times (x 70B)
Class kotlin.internal.jdk8.JDK8PlatformImplementations                                : loaded 2 times (x 75B)
Class kotlin.jvm.internal.Ref$ObjectRef                                               : loaded 2 times (x 72B)
Class io.opentelemetry.sdk.resources.Resource                                         : loaded 2 times (x 76B)
Class io.netty.handler.codec.http.HttpClientUpgradeHandler$SourceCodec                : loaded 2 times (x 70B)
Class io.netty.channel.ChannelPipelineException                                       : loaded 2 times (x 82B)
Class org.h2.mvstore.MVMap$DecisionMaker$2                                            : loaded 2 times (x 75B)
Class [Lcom.fasterxml.jackson.core.TreeNode;                                          : loaded 2 times (x 69B)
Class io.netty.buffer.AbstractDerivedByteBuf                                          : loaded 2 times (x 312B)
Class io.opentelemetry.api.trace.SpanId                                               : loaded 2 times (x 71B)
Class io.opentelemetry.context.propagation.DefaultContextPropagators                  : loaded 2 times (x 75B)
Class io.opentelemetry.sdk.metrics.internal.view.AttributesProcessor$AttributeKeyFilteringProcessor: loaded 2 times (x 75B)
Class [Lcom.fasterxml.jackson.databind.JsonSerializable;                              : loaded 2 times (x 69B)
Class org.h2.mvstore.cache.CacheLongKeyLIRS$Entry                                     : loaded 2 times (x 75B)
Class kotlin.sequences.SequencesKt__SequencesKt                                       : loaded 2 times (x 71B)
Class [Lorg.apache.http.cookie.CommonCookieAttributeHandler;                          : loaded 2 times (x 69B)
Class org.apache.http.client.CircularRedirectException                                : loaded 2 times (x 82B)
Class kotlinx.coroutines.flow.SubscribedFlowCollector                                 : loaded 2 times (x 75B)
Class kotlin.coroutines.CoroutineContext$Element$DefaultImpls                         : loaded 2 times (x 71B)
Class kotlinx.coroutines.Job$DefaultImpls                                             : loaded 2 times (x 71B)
Class kotlin.collections.SetsKt___SetsKt                                              : loaded 2 times (x 71B)
Class kotlin.comparisons.ComparisonsKt__ComparisonsKt                                 : loaded 2 times (x 71B)
Class io.opentelemetry.context.ContextStorageWrappers                                 : loaded 2 times (x 71B)
Class io.netty.channel.DefaultChannelPipeline$7                                       : loaded 2 times (x 71B)
Class io.netty.channel.DefaultMessageSizeEstimator                                    : loaded 2 times (x 75B)
Class org.h2.mvstore.MVMap$DecisionMaker$3                                            : loaded 2 times (x 75B)
Class io.opentelemetry.api.metrics.DefaultMeter                                       : loaded 2 times (x 83B)
Class io.netty.util.internal.ThreadExecutorMap                                        : loaded 2 times (x 71B)
Class io.opentelemetry.sdk.metrics.internal.state.MeterProviderSharedState            : loaded 2 times (x 75B)
Class io.netty.channel.nio.AbstractNioChannel                                         : loaded 2 times (x 196B)
Class kotlin.comparisons.ComparisonsKt___ComparisonsJvmKt                             : loaded 2 times (x 71B)
Class com.google.gson.GsonBuilder                                                     : loaded 2 times (x 72B)
Class com.google.gson.JsonSerializer                                                  : loaded 2 times (x 70B)
Class com.fasterxml.jackson.core.util.Separators$Spacing                              : loaded 2 times (x 79B)
Class [Lio.opentelemetry.api.common.AttributeType;                                    : loaded 2 times (x 69B)
Class org.h2.util.StringUtils                                                         : loaded 2 times (x 71B)
Class org.apache.http.params.HttpParamsNames                                          : loaded 2 times (x 70B)
Class com.google.protobuf.Utf8$Processor                                              : loaded 2 times (x 77B)
Class com.google.protobuf.Reader                                                      : loaded 2 times (x 70B)
Class org.apache.http.impl.auth.KerberosSchemeFactory                                 : loaded 2 times (x 81B)
Class org.apache.http.io.HttpMessageWriter                                            : loaded 2 times (x 70B)
Class org.apache.http.conn.SchemePortResolver                                         : loaded 2 times (x 70B)
Class kotlin.comparisons.ComparisonsKt                                                : loaded 2 times (x 71B)
Class kotlin.comparisons.ComparisonsKt___ComparisonsKt                                : loaded 2 times (x 71B)
Class [Lcom.google.gson.Strictness;                                                   : loaded 2 times (x 69B)
Class kotlinx.coroutines.scheduling.CoroutineScheduler$Companion                      : loaded 2 times (x 71B)
Class org.h2.mvstore.MVMap$DecisionMaker$4                                            : loaded 2 times (x 75B)
Class [Lio.opentelemetry.context.ThreadLocalContextStorage;                           : loaded 2 times (x 69B)
Class io.opentelemetry.sdk.metrics.InstrumentSelectorBuilder                          : loaded 2 times (x 72B)
Class com.fasterxml.jackson.module.kotlin.KotlinValueInstantiator                     : loaded 2 times (x 122B)
Class org.apache.http.ConnectionReuseStrategy                                         : loaded 2 times (x 70B)
Class io.netty.util.AsciiString$1                                                     : loaded 2 times (x 75B)
Class org.apache.http.pool.RouteSpecificPool                                          : loaded 2 times (x 86B)
Class io.netty.util.internal.PlatformDependent                                        : loaded 2 times (x 71B)
Class kotlinx.coroutines.DispatchedCoroutine                                          : loaded 2 times (x 147B)
Class com.google.common.collect.ImmutableSet                                          : loaded 2 times (x 147B)
Class org.apache.http.config.MessageConstraints                                       : loaded 2 times (x 74B)
Class org.apache.http.client.utils.URIBuilder                                         : loaded 2 times (x 105B)
Class [Lcom.google.protobuf.WireFormat$FieldType;                                     : loaded 2 times (x 69B)
Class com.google.protobuf.AbstractMessage$BuilderParent                               : loaded 2 times (x 70B)
Class org.apache.http.impl.client.DefaultRedirectStrategy                             : loaded 2 times (x 81B)
Class org.apache.http.impl.conn.ConnectionShutdownException                           : loaded 2 times (x 82B)
Class org.apache.http.conn.ConnectionKeepAliveStrategy                                : loaded 2 times (x 70B)
Class kotlinx.coroutines.EventLoopImplBase$DelayedRunnableTask                        : loaded 2 times (x 94B)
Class kotlinx.coroutines.TimeoutCancellationException                                 : loaded 2 times (x 85B)
Class kotlinx.coroutines.CompletableJob                                               : loaded 2 times (x 70B)
Class com.google.gson.JsonDeserializationContext                                      : loaded 2 times (x 70B)
Class org.apache.http.conn.routing.RouteInfo                                          : loaded 2 times (x 70B)
Class org.apache.http.impl.client.HttpClientBuilder$2                                 : loaded 2 times (x 79B)
Class com.google.protobuf.GeneratedMessage$GeneratedExtension                         : loaded 2 times (x 87B)
Class io.netty.buffer.PooledUnsafeHeapByteBuf                                         : loaded 2 times (x 311B)
Class io.netty.channel.SucceededChannelFuture                                         : loaded 2 times (x 174B)
Class org.h2.mvstore.MVMap$DecisionMaker$5                                            : loaded 2 times (x 75B)
Class io.opentelemetry.api.metrics.DefaultMeter$NoopObservableDoubleMeasurement       : loaded 2 times (x 77B)
Class com.google.protobuf.UnsafeUtil$MemoryAccessor                                   : loaded 2 times (x 89B)
Class io.opentelemetry.sdk.metrics.internal.export.RegisteredReader                   : loaded 2 times (x 76B)
Class io.netty.buffer.EmptyByteBuf                                                    : loaded 2 times (x 284B)
Class io.netty.util.internal.TypeParameterMatcher                                     : loaded 2 times (x 72B)
Class io.netty.util.AsciiString$2                                                     : loaded 2 times (x 75B)
Class org.apache.http.ConnectionClosedException                                       : loaded 2 times (x 82B)
Class org.apache.http.message.BasicStatusLine                                         : loaded 2 times (x 80B)
Class org.h2.mvstore.MVStore                                                          : loaded 2 times (x 155B)
Class org.h2.mvstore.RootReference                                                    : loaded 2 times (x 72B)
Class com.fasterxml.jackson.core.io.UTF32Reader                                       : loaded 2 times (x 93B)
Class kotlin.text.DelimitedRangesSequence                                             : loaded 2 times (x 75B)
Class com.google.protobuf.ByteString                                                  : loaded 2 times (x 101B)
Class org.apache.http.client.protocol.ResponseContentEncoding                         : loaded 2 times (x 76B)
Class [Lorg.apache.http.HttpRequestInterceptor;                                       : loaded 2 times (x 69B)
Class kotlinx.coroutines.ExecutorCoroutineDispatcherImpl                              : loaded 2 times (x 112B)
Class kotlin.jvm.internal.markers.KMutableIterable                                    : loaded 2 times (x 70B)
Class kotlin.time.DurationKt                                                          : loaded 2 times (x 71B)
Class com.fasterxml.jackson.databind.deser.impl.PropertyBasedCreator$CaseInsensitiveMap: loaded 2 times (x 136B)
Class io.opentelemetry.api.metrics.LongHistogramBuilder                               : loaded 2 times (x 70B)
Class kotlin.collections.builders.AbstractMapBuilderEntrySet                          : loaded 2 times (x 144B)
Class io.netty.channel.ChannelHandlerMask$Skip                                        : loaded 2 times (x 70B)
Class io.opentelemetry.api.trace.Tracer                                               : loaded 2 times (x 70B)
Class com.fasterxml.jackson.databind.ser.std.StdArraySerializers$DoubleArraySerializer: loaded 2 times (x 129B)
Class kotlinx.coroutines.DisposableHandle                                             : loaded 2 times (x 70B)
Class com.fasterxml.jackson.databind.deser.impl.JDKValueInstantiators$TreeMapInstantiator: loaded 2 times (x 108B)
Class io.netty.buffer.UnpooledUnsafeNoCleanerDirectByteBuf                            : loaded 2 times (x 317B)
Class kotlinx.coroutines.DisposeOnCancel                                              : loaded 2 times (x 77B)
Class org.apache.http.impl.entity.LaxContentLengthStrategy                            : loaded 2 times (x 75B)
Class org.h2.mvstore.Chunk                                                            : loaded 2 times (x 87B)
Class kotlin.sequences.SequencesKt___SequencesJvmKt                                   : loaded 2 times (x 71B)
Class com.fasterxml.jackson.databind.jsontype.TypeSerializer                          : loaded 2 times (x 95B)
Class org.apache.http.impl.execchain.HttpResponseProxy                                : loaded 2 times (x 139B)
Class org.apache.http.conn.ConnectionReleaseTrigger                                   : loaded 2 times (x 70B)
Class org.apache.http.impl.io.SessionOutputBufferImpl                                 : loaded 2 times (x 98B)
Class org.apache.http.util.ByteArrayBuffer                                            : loaded 2 times (x 72B)
Class org.apache.http.impl.cookie.DefaultCookieSpecProvider                           : loaded 2 times (x 76B)
Class org.apache.http.NoHttpResponseException                                         : loaded 2 times (x 82B)
Class org.apache.http.impl.client.DefaultConnectionKeepAliveStrategy                  : loaded 2 times (x 75B)
Class org.apache.http.util.Args                                                       : loaded 2 times (x 71B)
Class kotlinx.coroutines.scheduling.CoroutineScheduler$Worker                         : loaded 2 times (x 106B)
Class kotlinx.coroutines.CoroutineStart$WhenMappings                                  : loaded 2 times (x 71B)
Class [Lorg.apache.http.impl.cookie.RFC6265CookieSpecProvider$CompatibilityLevel;     : loaded 2 times (x 69B)
Class com.intellij.cwm.plugin.provisioner.ProvisionedCodeWithMeEnterpriseConfiguration: loaded 2 times (x 78B)
Class com.google.protobuf.AbstractParser                                              : loaded 2 times (x 150B)
Class io.netty.handler.codec.http.HttpHeaderValidationUtil                            : loaded 2 times (x 71B)
Class io.opentelemetry.api.trace.ArrayBasedTraceState                                 : loaded 2 times (x 86B)
Class io.opentelemetry.context.ContextKey                                             : loaded 2 times (x 70B)
Class [Lcom.fasterxml.jackson.databind.node.ValueNode;                                : loaded 2 times (x 69B)
Class [Lio.opentelemetry.sdk.trace.IdGenerator;                                       : loaded 2 times (x 69B)
Class [Lio.opentelemetry.sdk.metrics.internal.debug.NoSourceInfo;                     : loaded 2 times (x 69B)
Class org.apache.http.params.AbstractHttpParams                                       : loaded 2 times (x 105B)
Class org.apache.http.impl.io.HttpTransportMetricsImpl                                : loaded 2 times (x 79B)
Class [Lkotlin.annotation.AnnotationTarget;                                           : loaded 2 times (x 69B)
Class io.netty.handler.codec.Headers                                                  : loaded 2 times (x 70B)
Class [Lio.netty.util.AsciiString;                                                    : loaded 2 times (x 69B)
Class io.netty.util.internal.EmptyArrays                                              : loaded 2 times (x 71B)
Class io.netty.channel.ChannelInboundHandlerAdapter                                   : loaded 2 times (x 100B)
Class io.netty.channel.DefaultMaxMessagesRecvByteBufAllocator                         : loaded 2 times (x 82B)
Class kotlin.text.Regex$Companion                                                     : loaded 2 times (x 71B)
Class org.apache.http.HttpMessage                                                     : loaded 2 times (x 70B)
Class org.apache.http.entity.ContentLengthStrategy                                    : loaded 2 times (x 70B)
Class org.apache.http.cookie.MalformedCookieException                                 : loaded 2 times (x 82B)
Class org.apache.http.conn.ManagedHttpClientConnection                                : loaded 2 times (x 70B)
Class org.apache.http.conn.util.PublicSuffixMatcher                                   : loaded 2 times (x 72B)
Class kotlinx.coroutines.sync.SemaphoreKt                                             : loaded 2 times (x 71B)
Class kotlin.random.AbstractPlatformRandom                                            : loaded 2 times (x 87B)
Class org.apache.http.protocol.HttpProcessorBuilder                                   : loaded 2 times (x 85B)
Class io.netty.channel.nio.AbstractNioChannel$1                                       : loaded 2 times (x 76B)
Class io.netty.channel.ChannelPromise                                                 : loaded 2 times (x 70B)
Class io.netty.util.concurrent.GlobalEventExecutor                                    : loaded 2 times (x 278B)
Class com.google.protobuf.ByteString$ByteArrayCopier                                  : loaded 2 times (x 70B)
Class com.google.protobuf.GeneratedMessageV3$ExtendableMessage                        : loaded 2 times (x 174B)
Class com.google.protobuf.GeneratedMessageV3$ExtendableBuilder                        : loaded 2 times (x 270B)
Class com.google.protobuf.WireFormat$FieldType                                        : loaded 2 times (x 83B)
Class com.fasterxml.jackson.module.kotlin.KotlinModule$Builder$Companion              : loaded 2 times (x 71B)
Class org.h2.mvstore.MVStore$Builder                                                  : loaded 2 times (x 72B)
Class io.netty.util.internal.MathUtil                                                 : loaded 2 times (x 71B)
Class org.h2.store.fs.FileUtils                                                       : loaded 2 times (x 71B)
Class com.fasterxml.jackson.core.json.UTF8StreamJsonParser                            : loaded 2 times (x 279B)
Class org.apache.http.conn.ssl.DefaultHostnameVerifier$HostNameType                   : loaded 2 times (x 79B)
Class org.apache.http.conn.routing.HttpRoute                                          : loaded 2 times (x 84B)
Class com.google.protobuf.IntArrayList                                                : loaded 2 times (x 262B)
Class com.google.protobuf.ExtensionRegistryLite                                       : loaded 2 times (x 74B)
Class org.apache.http.impl.cookie.BasicPathHandler                                    : loaded 2 times (x 83B)
Class org.apache.http.TokenIterator                                                   : loaded 2 times (x 70B)
Class kotlinx.coroutines.selects.SelectClause1                                        : loaded 2 times (x 70B)
Class kotlinx.coroutines.flow.FlowCollector                                           : loaded 2 times (x 70B)
Class [Lio.netty.util.ResourceLeakDetector$Level;                                     : loaded 2 times (x 69B)
Class io.opentelemetry.api.metrics.DefaultMeter$1                                     : loaded 2 times (x 78B)
Class io.netty.buffer.DuplicatedByteBuf                                               : loaded 2 times (x 313B)
Class io.netty.channel.DefaultChannelId                                               : loaded 2 times (x 79B)
Class [Lio.netty.util.internal.PriorityQueueNode;                                     : loaded 2 times (x 69B)
Class org.h2.mvstore.Page$IncompleteNonLeaf                                           : loaded 2 times (x 108B)
Class io.netty.channel.EventLoop                                                      : loaded 2 times (x 70B)
Class io.netty.util.ConstantPool                                                      : loaded 2 times (x 77B)
Class io.netty.util.concurrent.FailedFuture                                           : loaded 2 times (x 130B)
Class [Lio.netty.util.concurrent.EventExecutorGroup;                                  : loaded 2 times (x 69B)
Class io.netty.channel.nio.AbstractNioByteChannel$1                                   : loaded 2 times (x 76B)
Class com.fasterxml.jackson.core.util.RecyclerPool                                    : loaded 2 times (x 70B)
Class io.netty.util.ResourceLeakDetectorFactory$DefaultResourceLeakDetectorFactory    : loaded 2 times (x 74B)
Class kotlinx.coroutines.scheduling.DefaultIoScheduler                                : loaded 2 times (x 110B)
Class io.opentelemetry.api.metrics.MeterProvider                                      : loaded 2 times (x 70B)
Class kotlinx.coroutines.internal.ContextScope                                        : loaded 2 times (x 75B)
Class org.apache.http.impl.cookie.BasicDomainHandler                                  : loaded 2 times (x 83B)
Class org.apache.http.cookie.SetCookie                                                : loaded 2 times (x 70B)
Class org.apache.http.ProtocolVersion                                                 : loaded 2 times (x 75B)
Class kotlinx.coroutines.NodeList                                                     : loaded 2 times (x 79B)
Class kotlinx.coroutines.JobKt__JobKt                                                 : loaded 2 times (x 71B)
Class kotlinx.coroutines.CompletedExceptionally                                       : loaded 2 times (x 72B)
Class com.google.gson.InstanceCreator                                                 : loaded 2 times (x 70B)
Class kotlin.jvm.internal.markers.KMutableIterator                                    : loaded 2 times (x 70B)
Class kotlinx.coroutines.DispatchedTask                                               : loaded 2 times (x 81B)
Class [Lkotlinx.coroutines.scheduling.CoroutineScheduler$WorkerState;                 : loaded 2 times (x 69B)
Class kotlinx.coroutines.TimeoutKt                                                    : loaded 2 times (x 71B)
Class io.netty.buffer.AbstractReferenceCountedByteBuf$1                               : loaded 2 times (x 74B)
Class io.netty.handler.codec.http.HttpStatusClass$1                                   : loaded 2 times (x 82B)
Class io.opentelemetry.api.trace.ArrayBasedTraceStateBuilder                          : loaded 2 times (x 77B)
Class io.opentelemetry.sdk.common.AutoValue_InstrumentationScopeInfo                  : loaded 2 times (x 76B)
Class com.fasterxml.jackson.databind.ser.std.StdKeySerializers$StringKeySerializer    : loaded 2 times (x 114B)
Class com.google.protobuf.MessageLiteOrBuilder                                        : loaded 2 times (x 70B)
Class io.netty.handler.codec.http.HttpMessage                                         : loaded 2 times (x 70B)
Class org.apache.http.pool.ConnPool                                                   : loaded 2 times (x 70B)
Class org.apache.http.impl.conn.ManagedHttpClientConnectionFactory                    : loaded 2 times (x 77B)
Class com.google.protobuf.InvalidProtocolBufferException$InvalidWireTypeException     : loaded 2 times (x 85B)
Class com.google.protobuf.Internal$FloatList                                          : loaded 2 times (x 70B)
Class org.h2.util.MemoryEstimator                                                     : loaded 2 times (x 71B)
Class com.google.common.collect.ImmutableMap                                          : loaded 2 times (x 120B)
Class com.google.protobuf.WireFormat$JavaType                                         : loaded 2 times (x 79B)
Class com.google.protobuf.Utf8$SafeProcessor                                          : loaded 2 times (x 77B)
Class org.apache.http.conn.routing.BasicRouteDirector                                 : loaded 2 times (x 78B)
Class org.apache.http.auth.AuthenticationException                                    : loaded 2 times (x 82B)
Class org.apache.http.HttpResponseFactory                                             : loaded 2 times (x 70B)
Class kotlinx.coroutines.DeferredCoroutine                                            : loaded 2 times (x 152B)
Class com.google.protobuf.Internal$BooleanList                                        : loaded 2 times (x 70B)
Class org.apache.http.protocol.HTTP                                                   : loaded 2 times (x 71B)
Class org.apache.http.message.BasicHeaderIterator                                     : loaded 2 times (x 89B)
Class org.h2.mvstore.CursorPos                                                        : loaded 2 times (x 72B)
Class io.netty.channel.nio.AbstractNioChannel$AbstractNioUnsafe                       : loaded 2 times (x 101B)
Class io.netty.channel.nio.AbstractNioByteChannel                                     : loaded 2 times (x 203B)
Class com.fasterxml.jackson.module.kotlin.BucketGenerator$Companion                   : loaded 2 times (x 71B)
Class io.opentelemetry.api.trace.TracerProvider                                       : loaded 2 times (x 70B)
Class io.netty.util.AbstractConstant                                                  : loaded 2 times (x 80B)
Class com.fasterxml.jackson.module.kotlin.KotlinAnnotationIntrospector$Companion$UNIT_TYPE$2: loaded 2 times (x 78B)
Class com.fasterxml.jackson.databind.ser.std.StdKeySerializers$Default                : loaded 2 times (x 114B)
Class io.netty.buffer.UnpooledByteBufAllocator$UnpooledByteBufAllocatorMetric         : loaded 2 times (x 76B)
Class io.opentelemetry.api.internal.ConfigUtil                                        : loaded 2 times (x 71B)
Class com.fasterxml.jackson.databind.deser.impl.PropertyBasedCreator                  : loaded 2 times (x 72B)
Class io.netty.channel.ChannelHandler                                                 : loaded 2 times (x 70B)
Class org.apache.http.impl.io.SessionInputBufferImpl                                  : loaded 2 times (x 101B)
Class org.apache.http.impl.io.IdentityInputStream                                     : loaded 2 times (x 92B)
Class org.apache.http.impl.cookie.PublicSuffixDomainFilter                            : loaded 2 times (x 84B)
Class org.apache.http.protocol.HttpCoreContext                                        : loaded 2 times (x 88B)
Class org.apache.http.StatusLine                                                      : loaded 2 times (x 70B)
Class kotlinx.coroutines.CoroutineStart                                               : loaded 2 times (x 79B)
Class kotlinx.coroutines.scheduling.UnlimitedIoScheduler                              : loaded 2 times (x 99B)
Class io.opentelemetry.api.metrics.LongUpDownCounterBuilder                           : loaded 2 times (x 70B)
Class io.netty.channel.nio.SelectedSelectionKeySetSelector                            : loaded 2 times (x 90B)
Class com.google.gson.TypeAdapter$1                                                   : loaded 2 times (x 74B)
Class io.netty.channel.AbstractChannel                                                : loaded 2 times (x 187B)
Class io.netty.channel.ChannelProgressiveFuture                                       : loaded 2 times (x 70B)
Class kotlinx.coroutines.JobImpl                                                      : loaded 2 times (x 138B)
Class io.opentelemetry.api.trace.AutoValue_ArrayBasedTraceState                       : loaded 2 times (x 87B)
Class io.opentelemetry.sdk.trace.TracerSharedState                                    : loaded 2 times (x 72B)
Class io.opentelemetry.api.metrics.Meter                                              : loaded 2 times (x 70B)
Class [Lio.opentelemetry.sdk.metrics.internal.debug.SourceInfo;                       : loaded 2 times (x 69B)
Class io.netty.buffer.ByteBufAllocatorMetricProvider                                  : loaded 2 times (x 70B)
Class kotlinx.coroutines.internal.SystemPropsKt                                       : loaded 2 times (x 71B)
Class com.google.gson.internal.bind.JsonTreeWriter$1                                  : loaded 2 times (x 99B)
Class kotlinx.coroutines.selects.SelectInstanceInternal                               : loaded 2 times (x 70B)
Class org.apache.http.HeaderElementIterator                                           : loaded 2 times (x 70B)
Class org.apache.http.auth.MalformedChallengeException                                : loaded 2 times (x 82B)
Class com.google.protobuf.ExtensionRegistry                                           : loaded 2 times (x 87B)
Class [Lcom.google.common.collect.AbstractMapEntry;                                   : loaded 2 times (x 69B)
Class com.google.common.collect.ImmutableEntry                                        : loaded 2 times (x 82B)
Class org.apache.http.MessageConstraintException                                      : loaded 2 times (x 82B)
Class org.apache.http.client.methods.HttpRequestWrapper                               : loaded 2 times (x 126B)
Class com.google.protobuf.DescriptorProtos$MessageOptions$1                           : loaded 2 times (x 150B)
Class org.apache.http.conn.UnsupportedSchemeException                                 : loaded 2 times (x 82B)
Class kotlinx.coroutines.EventLoopImplBase                                            : loaded 2 times (x 117B)
Class kotlinx.coroutines.CoroutineId                                                  : loaded 2 times (x 93B)
Class kotlin.collections.EmptySet                                                     : loaded 2 times (x 122B)
Class com.google.protobuf.Utf8$UnpairedSurrogateException                             : loaded 2 times (x 82B)
Class org.apache.http.FormattedHeader                                                 : loaded 2 times (x 70B)
Class kotlin.annotation.AnnotationRetention                                           : loaded 2 times (x 79B)
Class com.fasterxml.jackson.module.kotlin.PackageVersion                              : loaded 2 times (x 74B)
Class io.netty.handler.codec.http.DefaultHttpMessage                                  : loaded 2 times (x 92B)
Class io.netty.channel.WriteBufferWaterMark                                           : loaded 2 times (x 71B)
Class io.netty.channel.ChannelProgressivePromise                                      : loaded 2 times (x 70B)
Class io.netty.util.concurrent.GlobalEventExecutor$1                                  : loaded 2 times (x 76B)
Class io.opentelemetry.api.trace.TraceState                                           : loaded 2 times (x 70B)
Class [Lcom.fasterxml.jackson.databind.node.JsonNodeType;                             : loaded 2 times (x 69B)
Class com.fasterxml.jackson.databind.ser.std.StdArraySerializers$FloatArraySerializer : loaded 2 times (x 129B)
Class com.fasterxml.jackson.databind.ser.std.StdArraySerializers$BooleanArraySerializer: loaded 2 times (x 129B)
Class io.opentelemetry.sdk.internal.ComponentRegistry                                 : loaded 2 times (x 72B)
Class com.fasterxml.jackson.databind.deser.impl.JDKValueInstantiators$LinkedListInstantiator: loaded 2 times (x 108B)
Class io.opentelemetry.api.metrics.LongCounterBuilder                                 : loaded 2 times (x 70B)
Class io.opentelemetry.api.metrics.BatchCallback                                      : loaded 2 times (x 70B)
Class io.netty.util.concurrent.PromiseTask                                            : loaded 2 times (x 195B)
Class io.netty.channel.AbstractChannelHandlerContext$Tasks                            : loaded 2 times (x 72B)
Class io.netty.buffer.ByteBufUtil$2                                                   : loaded 2 times (x 74B)
Class kotlin.collections.builders.MapBuilderEntries                                   : loaded 2 times (x 145B)
Class io.netty.util.AsciiString$CharEqualityComparator                                : loaded 2 times (x 70B)
Class org.h2.message.DbException                                                      : loaded 2 times (x 87B)
Class com.google.common.collect.CollectPreconditions                                  : loaded 2 times (x 71B)
Class [Lcom.google.protobuf.Descriptors$FileDescriptor;                               : loaded 2 times (x 69B)
Class org.apache.http.cookie.CookieAttributeHandler                                   : loaded 2 times (x 70B)
Class org.apache.http.HttpVersion                                                     : loaded 2 times (x 75B)
Class org.slf4j.helpers.AbstractLogger                                                : loaded 2 times (x 215B)
Class kotlinx.coroutines.JobSupport$onAwaitInternal$2                                 : loaded 2 times (x 125B)
Class com.google.gson.internal.bind.TypeAdapters$34$1                                 : loaded 2 times (x 74B)
Class kotlinx.coroutines.selects.SelectImplementation$ClauseData                      : loaded 2 times (x 72B)
Class kotlinx.coroutines.IncompleteStateBox                                           : loaded 2 times (x 72B)
Class io.netty.handler.codec.http.HttpClientCodec$Encoder                             : loaded 2 times (x 108B)
Class io.netty.buffer.PoolArena                                                       : loaded 2 times (x 152B)
Class io.netty.channel.AbstractChannel$CloseFuture                                    : loaded 2 times (x 306B)
Class io.opentelemetry.api.metrics.DefaultMeter$NoopObservableLongMeasurement         : loaded 2 times (x 77B)
Class io.opentelemetry.api.metrics.ObservableDoubleUpDownCounter                      : loaded 2 times (x 70B)
Class io.opentelemetry.api.metrics.LongUpDownCounter                                  : loaded 2 times (x 70B)
Class io.opentelemetry.api.metrics.DoubleGaugeBuilder                                 : loaded 2 times (x 70B)
Class io.opentelemetry.context.LazyStorage                                            : loaded 2 times (x 71B)
Class io.opentelemetry.sdk.metrics.SdkMeter                                           : loaded 2 times (x 79B)
Class org.apache.http.ReasonPhraseCatalog                                             : loaded 2 times (x 70B)
Class com.fasterxml.jackson.module.kotlin.ReflectionCacheKt                           : loaded 2 times (x 71B)
Class io.netty.buffer.UnpooledHeapByteBuf                                             : loaded 2 times (x 309B)
Class com.google.protobuf.UnsafeUtil$Android64MemoryAccessor                          : loaded 2 times (x 89B)
Class com.fasterxml.jackson.module.kotlin.KotlinSerializers                           : loaded 2 times (x 87B)
Class org.apache.http.message.BasicHeader                                             : loaded 2 times (x 82B)
Class org.apache.http.impl.io.ChunkedInputStream                                      : loaded 2 times (x 93B)
Class io.netty.handler.codec.MessageAggregator                                        : loaded 2 times (x 116B)
Class org.h2.mvstore.SingleFileStore                                                  : loaded 2 times (x 146B)
Class org.apache.http.client.methods.HttpExecutionAware                               : loaded 2 times (x 70B)
Class com.google.protobuf.Internal$EnumLiteMap                                        : loaded 2 times (x 70B)
Class org.apache.http.conn.ssl.AllowAllHostnameVerifier                               : loaded 2 times (x 81B)
Class kotlin.io.FilesKt                                                               : loaded 2 times (x 71B)
Class kotlinx.coroutines.GlobalScope                                                  : loaded 2 times (x 74B)
Class [Lorg.slf4j.event.Level;                                                        : loaded 2 times (x 69B)
Class kotlinx.coroutines.DefaultExecutorKt                                            : loaded 2 times (x 71B)
Class kotlinx.coroutines.Unconfined                                                   : loaded 2 times (x 99B)
Class io.netty.buffer.ByteBufConvertible                                              : loaded 2 times (x 70B)
Class [Lkotlin.time.DurationUnit;                                                     : loaded 2 times (x 69B)
Class com.fasterxml.jackson.databind.introspect.AnnotationCollector$TwoAnnotations    : loaded 2 times (x 82B)
Class io.netty.handler.codec.http.HttpUtil                                            : loaded 2 times (x 71B)
Class io.opentelemetry.sdk.metrics.InstrumentSelector                                 : loaded 2 times (x 77B)
Class io.netty.handler.codec.http.LastHttpContent$1                                   : loaded 2 times (x 119B)
Class io.netty.channel.ChannelConfig                                                  : loaded 2 times (x 70B)
Class io.opentelemetry.api.metrics.LongGaugeBuilder                                   : loaded 2 times (x 70B)
Class [Lio.netty.util.DefaultAttributeMap$DefaultAttribute;                           : loaded 2 times (x 69B)
Class io.netty.util.concurrent.RejectedExecutionHandlers                              : loaded 2 times (x 71B)
Class io.netty.handler.codec.CharSequenceValueConverter                               : loaded 2 times (x 130B)
Class io.netty.util.concurrent.BlockingOperationException                             : loaded 2 times (x 82B)
Class io.netty.buffer.ByteBufUtil$1                                                   : loaded 2 times (x 75B)
Class io.netty.resolver.DefaultAddressResolverGroup                                   : loaded 2 times (x 81B)
Class org.h2.mvstore.Cursor                                                           : loaded 2 times (x 80B)
Class com.google.protobuf.LazyStringList                                              : loaded 2 times (x 70B)
Class org.apache.http.protocol.RequestTargetHost                                      : loaded 2 times (x 75B)
Class org.apache.http.message.LineParser                                              : loaded 2 times (x 70B)
Class kotlinx.coroutines.internal.Segment                                             : loaded 2 times (x 75B)
Class kotlinx.coroutines.EventLoopImplBase$DelayedTask                                : loaded 2 times (x 94B)
Class kotlinx.coroutines.AbstractCoroutine                                            : loaded 2 times (x 143B)
Class io.netty.buffer.PoolArena$HeapArena                                             : loaded 2 times (x 152B)
Class io.netty.buffer.UnsafeDirectSwappedByteBuf                                      : loaded 2 times (x 291B)
Class kotlin.collections.builders.MapBuilder$Companion                                : loaded 2 times (x 71B)
Class kotlinx.coroutines.Delay                                                        : loaded 2 times (x 70B)
Class kotlinx.coroutines.ParentJob                                                    : loaded 2 times (x 70B)
Class kotlinx.coroutines.JobNode                                                      : loaded 2 times (x 90B)
Class kotlinx.coroutines.selects.SelectClause1Impl                                    : loaded 2 times (x 80B)
Class io.netty.buffer.UnsafeHeapSwappedByteBuf                                        : loaded 2 times (x 291B)
Class io.netty.channel.ChannelId                                                      : loaded 2 times (x 70B)
Class io.opentelemetry.api.metrics.DefaultMeter$NoopLongUpDownCounter                 : loaded 2 times (x 79B)
Class io.netty.util.ResourceLeakDetector                                              : loaded 2 times (x 79B)
Class io.netty.handler.logging.ByteBufFormat                                          : loaded 2 times (x 79B)
Class com.fasterxml.jackson.module.kotlin.ClosedRangeMixin                            : loaded 2 times (x 79B)
Class com.fasterxml.jackson.module.kotlin.KotlinAnnotationIntrospector$Companion      : loaded 2 times (x 71B)
Class kotlinx.coroutines.JobSupport$onAwaitInternal$1                                 : loaded 2 times (x 125B)
Class org.apache.http.HeaderIterator                                                  : loaded 2 times (x 70B)
Class org.apache.http.impl.auth.BasicSchemeFactory                                    : loaded 2 times (x 80B)
Class com.google.protobuf.TextFormat$InvalidEscapeSequenceException                   : loaded 2 times (x 82B)
Class [Lcom.google.protobuf.Descriptors$ServiceDescriptor;                            : loaded 2 times (x 69B)
Class com.fasterxml.jackson.core.json.JsonParserBase                                  : loaded 2 times (x 263B)
Class org.apache.http.util.LangUtils                                                  : loaded 2 times (x 71B)
Class [Lkotlin.annotation.AnnotationRetention;                                        : loaded 2 times (x 69B)
Class org.apache.http.message.BufferedHeader                                          : loaded 2 times (x 88B)
Class com.google.protobuf.FieldSet                                                    : loaded 2 times (x 72B)
Class com.google.protobuf.GeneratedMessageV3$Builder                                  : loaded 2 times (x 244B)
Class org.apache.http.client.config.RequestConfig$Builder                             : loaded 2 times (x 91B)
Class org.apache.http.conn.ConnectionRequest                                          : loaded 2 times (x 70B)
Class kotlinx.coroutines.CancellableContinuation                                      : loaded 2 times (x 70B)
Class org.apache.http.conn.ssl.SubjectName                                            : loaded 2 times (x 72B)
Class org.apache.http.conn.ssl.DefaultHostnameVerifier$1                              : loaded 2 times (x 71B)
Class org.h2.util.Utils                                                               : loaded 2 times (x 71B)
Class io.netty.handler.codec.http.HttpDecoderConfig                                   : loaded 2 times (x 72B)
Class io.netty.handler.codec.http.websocketx.WebSocketHandshakeException              : loaded 2 times (x 82B)
Class io.opentelemetry.sdk.trace.data.EventData                                       : loaded 2 times (x 70B)
Class io.opentelemetry.sdk.metrics.internal.view.AttributesProcessor$BaggageAppendingAttributesProcessor: loaded 2 times (x 75B)
Class io.opentelemetry.sdk.metrics.internal.MeterConfig                               : loaded 2 times (x 72B)
Class io.opentelemetry.context.propagation.NoopTextMapPropagator                      : loaded 2 times (x 76B)
Class org.h2.mvstore.MVMap$DecisionMaker                                              : loaded 2 times (x 75B)
Class io.netty.buffer.UnpooledByteBufAllocator$InstrumentedUnpooledUnsafeDirectByteBuf: loaded 2 times (x 316B)
Class com.fasterxml.jackson.databind.deser.std.BaseNodeDeserializer$ContainerStack    : loaded 2 times (x 72B)
Class io.opentelemetry.api.internal.ImmutableKeyValuePairs                            : loaded 2 times (x 73B)
Class io.netty.buffer.ReadOnlyByteBufferBuf                                           : loaded 2 times (x 309B)
Class com.fasterxml.jackson.module.kotlin.KotlinValueInstantiator$createFromObjectWith$1$valueDeserializer$2: loaded 2 times (x 79B)
Class [Lorg.h2.mvstore.MVMap$Decision;                                                : loaded 2 times (x 69B)
Class io.netty.channel.FileRegion                                                     : loaded 2 times (x 70B)
Class io.netty.buffer.SizeClassesMetric                                               : loaded 2 times (x 70B)
Class kotlin.coroutines.ContinuationInterceptor$DefaultImpls                          : loaded 2 times (x 71B)
Class kotlinx.coroutines.internal.ThreadSafeHeapNode                                  : loaded 2 times (x 70B)
Class io.netty.channel.EventLoopGroup                                                 : loaded 2 times (x 70B)
Class kotlin.annotation.MustBeDocumented                                              : loaded 2 times (x 70B)
Class com.fasterxml.jackson.databind.introspect.EnumNamingStrategyFactory             : loaded 2 times (x 71B)
Class com.google.protobuf.Android                                                     : loaded 2 times (x 71B)
Class com.google.protobuf.Descriptors$DescriptorValidationException                   : loaded 2 times (x 85B)
Class org.apache.http.impl.client.AuthenticationStrategyImpl                          : loaded 2 times (x 86B)
Class org.apache.commons.logging.impl.WeakHashtable$WeakKey                           : loaded 2 times (x 80B)
Class org.apache.http.client.methods.Configurable                                     : loaded 2 times (x 70B)
Class kotlinx.coroutines.sync.MutexImpl                                               : loaded 2 times (x 98B)
Class kotlinx.coroutines.CancellableContinuationKt                                    : loaded 2 times (x 71B)
Class [Lkotlin.LazyThreadSafetyMode;                                                  : loaded 2 times (x 69B)
Class org.apache.http.impl.conn.PoolingHttpClientConnectionManager$ConfigData         : loaded 2 times (x 80B)
Class org.apache.http.HttpConnection                                                  : loaded 2 times (x 70B)
Class kotlin.jvm.internal.markers.KMutableCollection                                  : loaded 2 times (x 70B)
Class org.apache.http.io.HttpMessageParser                                            : loaded 2 times (x 70B)
Class com.google.gson.internal.bind.TypeAdapters$EnumTypeAdapter                      : loaded 2 times (x 74B)
Class com.google.gson.internal.bind.TypeAdapters$28                                   : loaded 2 times (x 75B)
Class org.apache.http.protocol.ImmutableHttpProcessor                                 : loaded 2 times (x 80B)
Class io.netty.handler.codec.http.HttpObjectDecoder$HeaderParser                      : loaded 2 times (x 75B)
Class io.netty.buffer.PoolChunkListMetric                                             : loaded 2 times (x 70B)
Class io.netty.buffer.PoolSubpage                                                     : loaded 2 times (x 78B)
Class io.netty.channel.DefaultChannelPipeline$PendingHandlerAddedTask                 : loaded 2 times (x 77B)
Class io.netty.util.concurrent.RejectedExecutionHandlers$1                            : loaded 2 times (x 74B)
Class io.netty.util.NetUtil$SoMaxConnAction                                           : loaded 2 times (x 74B)
Class io.opentelemetry.api.metrics.DefaultMeter$NoopDoubleCounterBuilder$1            : loaded 2 times (x 78B)
Class com.fasterxml.jackson.databind.introspect.POJOPropertiesCollector$1             : loaded 2 times (x 71B)
Class io.netty.util.internal.TypeParameterMatcher$1                                   : loaded 2 times (x 72B)
Class com.fasterxml.jackson.module.kotlin.KotlinKeyDeserializers                      : loaded 2 times (x 75B)
Class io.netty.util.internal.PlatformDependent0                                       : loaded 2 times (x 71B)
Class com.google.protobuf.AbstractMessage                                             : loaded 2 times (x 141B)
Class com.google.protobuf.DescriptorProtos$DescriptorProto                            : loaded 2 times (x 201B)
Class org.apache.http.HttpEntityEnclosingRequest                                      : loaded 2 times (x 70B)
Class org.h2.mvstore.type.StringDataType                                              : loaded 2 times (x 115B)
Class org.h2.util.IOUtils                                                             : loaded 2 times (x 71B)
Class org.slf4j.helpers.NOPLogger                                                     : loaded 2 times (x 213B)
Class org.apache.http.client.utils.URIUtils$UriFlag                                   : loaded 2 times (x 79B)
Class [Lcom.google.protobuf.Descriptors$GenericDescriptor;                            : loaded 2 times (x 69B)
Class kotlin.coroutines.CoroutineContext$DefaultImpls                                 : loaded 2 times (x 71B)
Class kotlinx.coroutines.internal.LockFreeLinkedListNode                              : loaded 2 times (x 75B)
Class org.apache.http.impl.execchain.ConnectionHolder                                 : loaded 2 times (x 95B)
Class org.h2.engine.SysProperties                                                     : loaded 2 times (x 71B)
Class io.opentelemetry.api.common.ArrayBackedAttributes                               : loaded 2 times (x 81B)
Class io.netty.util.internal.CleanerJava9                                             : loaded 2 times (x 74B)
Class com.fasterxml.jackson.module.kotlin.KotlinKeySerializers                        : loaded 2 times (x 87B)
Class io.opentelemetry.api.internal.StringUtils                                       : loaded 2 times (x 71B)
Class io.netty.util.internal.PriorityQueueNode                                        : loaded 2 times (x 70B)
Class io.netty.util.concurrent.DefaultFutureListeners                                 : loaded 2 times (x 72B)
Class io.netty.util.concurrent.DefaultPromise$StacklessCancellationException          : loaded 2 times (x 82B)
Class io.opentelemetry.api.trace.Span                                                 : loaded 2 times (x 70B)
Class io.opentelemetry.api.metrics.DoubleCounterBuilder                               : loaded 2 times (x 70B)
Class io.netty.util.concurrent.GenericProgressiveFutureListener                       : loaded 2 times (x 70B)
Class kotlin.collections.builders.MapBuilder$EntryRef                                 : loaded 2 times (x 81B)
Class kotlinx.coroutines.EventLoop_commonKt                                           : loaded 2 times (x 71B)
Class kotlin.jvm.internal.ArrayIteratorKt                                             : loaded 2 times (x 71B)
Class org.apache.http.impl.execchain.ProtocolExec                                     : loaded 2 times (x 77B)
Class io.netty.util.internal.OutOfDirectMemoryError                                   : loaded 2 times (x 82B)
Class org.apache.http.impl.auth.DigestSchemeFactory                                   : loaded 2 times (x 80B)
Class org.apache.http.conn.EofSensorInputStream                                       : loaded 2 times (x 104B)
Class com.google.protobuf.AbstractProtobufList                                        : loaded 2 times (x 229B)
Class org.apache.http.impl.conn.DefaultRoutePlanner                                   : loaded 2 times (x 77B)
Class org.apache.http.client.entity.GZIPInputStreamFactory                            : loaded 2 times (x 75B)
Class org.apache.http.client.HttpRequestRetryHandler                                  : loaded 2 times (x 70B)
Class kotlinx.coroutines.Active                                                       : loaded 2 times (x 71B)
Class org.apache.http.util.Asserts                                                    : loaded 2 times (x 71B)
Class io.netty.channel.AbstractChannel$AbstractUnsafe$1                               : loaded 2 times (x 76B)
Class [Lio.opentelemetry.sdk.trace.samplers.AlwaysOffSampler;                         : loaded 2 times (x 69B)
Class io.opentelemetry.sdk.trace.samplers.Sampler                                     : loaded 2 times (x 70B)
Class io.netty.buffer.ByteBufHolder                                                   : loaded 2 times (x 70B)
Class [Lio.netty.util.internal.logging.InternalLogLevel;                              : loaded 2 times (x 69B)
Class [Lcom.fasterxml.jackson.databind.PropertyName;                                  : loaded 2 times (x 69B)
Class io.netty.util.ReferenceCounted                                                  : loaded 2 times (x 70B)
Class com.fasterxml.jackson.databind.ser.std.MapProperty                              : loaded 2 times (x 116B)
Class com.fasterxml.jackson.module.kotlin.KotlinModule$Builder                        : loaded 2 times (x 72B)
Class io.netty.util.internal.CleanerJava9$1                                           : loaded 2 times (x 75B)
Class com.fasterxml.jackson.databind.ser.std.StdKeySerializers$EnumKeySerializer      : loaded 2 times (x 114B)
Class io.opentelemetry.sdk.internal.RandomSupplier                                    : loaded 2 times (x 71B)
Class io.netty.handler.ssl.SslContext                                                 : loaded 2 times (x 86B)
Class io.netty.channel.ChannelFlushPromiseNotifier$FlushCheckpoint                    : loaded 2 times (x 70B)
Class [Lio.netty.channel.DefaultChannelPipeline$AddStrategy;                          : loaded 2 times (x 69B)
Class io.netty.handler.codec.http.TooLongHttpLineException                            : loaded 2 times (x 82B)
Class io.netty.buffer.UnsafeByteBufUtil                                               : loaded 2 times (x 71B)
Class com.google.gson.FormattingStyle                                                 : loaded 2 times (x 78B)
Class com.fasterxml.jackson.databind.Module                                           : loaded 2 times (x 79B)
Class com.fasterxml.jackson.core.util.BufferRecyclers                                 : loaded 2 times (x 71B)
Class org.apache.http.impl.io.ChunkedOutputStream                                     : loaded 2 times (x 90B)
Class com.google.protobuf.LazyField                                                   : loaded 2 times (x 85B)
Class com.google.protobuf.DescriptorProtos$FieldDescriptorProto$1                     : loaded 2 times (x 150B)
Class com.google.protobuf.Message$Builder                                             : loaded 2 times (x 70B)
Class kotlin.text.Charsets                                                            : loaded 2 times (x 71B)
Class kotlinx.coroutines.internal.LockFreeTaskQueueCore$Companion                     : loaded 2 times (x 71B)
Class kotlinx.coroutines.DebugKt                                                      : loaded 2 times (x 71B)
Class kotlinx.coroutines.internal.LimitedDispatcher                                   : loaded 2 times (x 105B)
Class io.netty.util.Signal                                                            : loaded 2 times (x 89B)
Class io.netty.resolver.AbstractAddressResolver                                       : loaded 2 times (x 93B)
Class io.netty.handler.codec.ByteToMessageDecoder$Cumulator                           : loaded 2 times (x 70B)
Class io.netty.util.ResourceLeakHint                                                  : loaded 2 times (x 70B)
Class [Lkotlinx.coroutines.internal.ThreadSafeHeapNode;                               : loaded 2 times (x 69B)
Class org.apache.http.HttpResponseInterceptor                                         : loaded 2 times (x 70B)
Class org.apache.http.conn.ssl.AbstractVerifier                                       : loaded 2 times (x 81B)
Class org.apache.http.impl.DefaultBHttpClientConnection                               : loaded 2 times (x 135B)
Class [Lorg.apache.http.HttpResponseInterceptor;                                      : loaded 2 times (x 69B)
Class io.opentelemetry.api.OpenTelemetry                                              : loaded 2 times (x 70B)
Class [Lorg.apache.http.NameValuePair;                                                : loaded 2 times (x 69B)
Class com.google.protobuf.MessageReflection$MergeTarget                               : loaded 2 times (x 70B)
Class org.apache.http.conn.socket.PlainConnectionSocketFactory                        : loaded 2 times (x 77B)
Class org.apache.http.impl.client.CloseableHttpClient                                 : loaded 2 times (x 106B)
Class com.google.gson.internal.bind.TreeTypeAdapter$SingleTypeFactory                 : loaded 2 times (x 75B)
Class com.google.protobuf.Internal                                                    : loaded 2 times (x 71B)
Class org.apache.http.HttpHost                                                        : loaded 2 times (x 72B)
Class org.apache.http.impl.cookie.AbstractCookieAttributeHandler                      : loaded 2 times (x 79B)
Class io.netty.util.AttributeKey$1                                                    : loaded 2 times (x 77B)
Class com.fasterxml.jackson.module.kotlin.KotlinDeserializers                         : loaded 2 times (x 94B)
Class io.opentelemetry.api.trace.PropagatedSpan                                       : loaded 2 times (x 112B)
Class com.fasterxml.jackson.databind.cfg.MapperBuilder                                : loaded 2 times (x 150B)
Class com.fasterxml.jackson.databind.ser.std.StdArraySerializers$IntArraySerializer   : loaded 2 times (x 129B)
Class io.netty.handler.codec.DefaultHeaders                                           : loaded 2 times (x 277B)
Class io.netty.util.AttributeMap                                                      : loaded 2 times (x 70B)
Class io.opentelemetry.sdk.logs.internal.AutoValue_LoggerConfig                       : loaded 2 times (x 75B)
Class [Lio.netty.handler.logging.LogLevel;                                            : loaded 2 times (x 69B)
Class io.netty.util.concurrent.SingleThreadEventExecutor                              : loaded 2 times (x 301B)
Class io.netty.handler.codec.PrematureChannelClosureException                         : loaded 2 times (x 82B)
Class com.google.gson.internal.bind.TypeAdapters$34                                   : loaded 2 times (x 76B)
Class kotlinx.coroutines.InactiveNodeList                                             : loaded 2 times (x 76B)
Class com.google.protobuf.UnknownFieldSet                                             : loaded 2 times (x 87B)
Class io.opentelemetry.api.common.ArrayBackedAttributesBuilder                        : loaded 2 times (x 104B)
Class org.h2.mvstore.MVMap$RewriteDecisionMaker                                       : loaded 2 times (x 76B)
Class org.h2.mvstore.cache.FilePathCache                                              : loaded 2 times (x 100B)
Class com.google.common.collect.Hashing                                               : loaded 2 times (x 71B)
Class com.google.common.base.Preconditions                                            : loaded 2 times (x 71B)
Class [Lorg.apache.http.Header;                                                       : loaded 2 times (x 69B)
Class org.apache.http.client.ClientProtocolException                                  : loaded 2 times (x 82B)
Class kotlinx.coroutines.flow.StateFlowSlot                                           : loaded 2 times (x 74B)
Class org.slf4j.helpers.MessageFormatter                                              : loaded 2 times (x 71B)
Class kotlinx.coroutines.SupervisorKt                                                 : loaded 2 times (x 71B)
Class com.google.protobuf.Descriptors$EnumDescriptor                                  : loaded 2 times (x 79B)
Class io.netty.handler.codec.TooLongFrameException                                    : loaded 2 times (x 82B)
Class io.netty.buffer.ByteBufUtil$ThreadLocalDirectByteBuf                            : loaded 2 times (x 313B)
Class io.netty.util.concurrent.DefaultEventExecutorChooserFactory                     : loaded 2 times (x 74B)
Class io.opentelemetry.api.metrics.DoubleGauge                                        : loaded 2 times (x 70B)
Class [Lcom.google.protobuf.Descriptors$OneofDescriptor;                              : loaded 2 times (x 69B)
Class io.opentelemetry.sdk.common.Clock                                               : loaded 2 times (x 70B)
Class org.apache.http.impl.conn.CPoolProxy                                            : loaded 2 times (x 140B)
Class io.opentelemetry.api.trace.TraceFlags                                           : loaded 2 times (x 70B)
Class io.opentelemetry.api.trace.propagation.W3CTraceContextPropagator                : loaded 2 times (x 76B)
Class io.netty.buffer.UnpooledByteBufAllocator                                        : loaded 2 times (x 119B)
Class org.h2.mvstore.MVStoreException                                                 : loaded 2 times (x 83B)
Class com.fasterxml.jackson.databind.util.TokenBuffer$Parser                          : loaded 2 times (x 223B)
Class org.h2.store.fs.encrypt.FileEncrypt                                             : loaded 2 times (x 131B)
Class io.netty.buffer.AdvancedLeakAwareCompositeByteBuf                               : loaded 2 times (x 405B)
Class com.fasterxml.jackson.databind.json.JsonMapper$Builder                          : loaded 2 times (x 156B)
Class com.google.protobuf.PrimitiveNonBoxingCollection                                : loaded 2 times (x 70B)
Class kotlinx.coroutines.BuildersKt__Builders_commonKt                                : loaded 2 times (x 71B)
Class kotlin.collections.SetsKt__SetsKt                                               : loaded 2 times (x 71B)
Class io.opentelemetry.sdk.internal.AttributesMap                                     : loaded 2 times (x 142B)
Class org.h2.mvstore.MVMap$IntValueHolder                                             : loaded 2 times (x 71B)
Class io.netty.handler.codec.http.HttpRequestEncoder                                  : loaded 2 times (x 108B)
Class io.netty.buffer.UnpooledSlicedByteBuf                                           : loaded 2 times (x 316B)
Class io.netty.channel.CombinedChannelDuplexHandler                                   : loaded 2 times (x 119B)
Class io.opentelemetry.sdk.logs.SdkLoggerProvider                                     : loaded 2 times (x 82B)
Class org.h2.mvstore.MVMap$4                                                          : loaded 2 times (x 71B)
Class io.opentelemetry.sdk.metrics.internal.view.DefaultAggregation                   : loaded 2 times (x 75B)
Class io.opentelemetry.sdk.metrics.export.CollectionRegistration                      : loaded 2 times (x 70B)
Class com.fasterxml.jackson.databind.deser.std.BaseNodeDeserializer                   : loaded 2 times (x 163B)
Class io.netty.channel.nio.SelectedSelectionKeySet                                    : loaded 2 times (x 136B)
Class io.netty.channel.VoidChannelPromise                                             : loaded 2 times (x 257B)
Class io.netty.util.internal.TypeParameterMatcher$ReflectiveMatcher                   : loaded 2 times (x 73B)
Class io.netty.channel.DefaultChannelPipeline                                         : loaded 2 times (x 213B)
Class io.netty.util.ResourceLeakDetectorFactory                                       : loaded 2 times (x 73B)
Class com.google.gson.internal.bind.TypeAdapters$33                                   : loaded 2 times (x 76B)
Class com.google.gson.JsonSerializationContext                                        : loaded 2 times (x 70B)
Class kotlinx.coroutines.CopyableThreadContextElement                                 : loaded 2 times (x 70B)
Class kotlin.random.Random$Default                                                    : loaded 2 times (x 86B)
Class org.apache.http.client.methods.HttpUriRequest                                   : loaded 2 times (x 70B)
Class org.apache.http.impl.client.DefaultClientConnectionReuseStrategy                : loaded 2 times (x 76B)
Class io.opentelemetry.api.common.Attributes                                          : loaded 2 times (x 70B)
Class org.apache.http.impl.conn.DefaultManagedHttpClientConnection                    : loaded 2 times (x 152B)
Class kotlinx.coroutines.flow.SharedFlow                                              : loaded 2 times (x 70B)
Class org.apache.http.impl.cookie.DefaultCookieSpecProvider$1                         : loaded 2 times (x 84B)
Class com.google.protobuf.Descriptors$FieldDescriptor$JavaType                        : loaded 2 times (x 79B)
Class io.opentelemetry.api.metrics.DefaultMeter$NoopDoubleCounterBuilder              : loaded 2 times (x 83B)
Class io.opentelemetry.sdk.logs.LogLimits                                             : loaded 2 times (x 74B)
Class com.fasterxml.jackson.databind.ser.std.StdArraySerializers$CharArraySerializer  : loaded 2 times (x 117B)
Class org.apache.http.impl.io.AbstractMessageWriter                                   : loaded 2 times (x 77B)
Class com.fasterxml.jackson.databind.deser.impl.PropertyValueBuffer                   : loaded 2 times (x 84B)
Class com.fasterxml.jackson.databind.RuntimeJsonMappingException                      : loaded 2 times (x 82B)
Class kotlin.sequences.SequencesKt___SequencesKt                                      : loaded 2 times (x 71B)
Class org.h2.mvstore.RandomAccessStore                                                : loaded 2 times (x 142B)
Class com.fasterxml.jackson.module.kotlin.ReflectionCache                             : loaded 2 times (x 72B)
Class com.fasterxml.jackson.databind.type.ClassKey                                    : loaded 2 times (x 75B)
Class io.netty.util.internal.ObjectUtil                                               : loaded 2 times (x 71B)
Class io.netty.util.internal.BoundedInputStream                                       : loaded 2 times (x 92B)
Class io.opentelemetry.sdk.trace.samplers.SamplingDecision                            : loaded 2 times (x 79B)
Class io.opentelemetry.context.Scope                                                  : loaded 2 times (x 70B)
Class io.netty.util.concurrent.ScheduledFutureTask                                    : loaded 2 times (x 239B)
Class io.netty.channel.SelectStrategy                                                 : loaded 2 times (x 70B)
Class org.h2.mvstore.MVMap$EqualsDecisionMaker                                        : loaded 2 times (x 76B)
Class org.apache.http.protocol.RequestContent                                         : loaded 2 times (x 75B)
Class org.apache.http.impl.client.ProxyAuthenticationStrategy                         : loaded 2 times (x 87B)
Class org.apache.http.io.HttpMessageParserFactory                                     : loaded 2 times (x 70B)
Class org.apache.commons.logging.impl.WeakHashtable$Referenced                        : loaded 2 times (x 72B)
Class kotlinx.coroutines.CancellableContinuationImplKt                                : loaded 2 times (x 71B)
Class io.netty.channel.ChannelPipeline                                                : loaded 2 times (x 70B)
Class com.google.gson.internal.$Gson$Types$ParameterizedTypeImpl                      : loaded 2 times (x 81B)
Class io.netty.channel.ChannelOutboundBuffer$Entry                                    : loaded 2 times (x 72B)
Class io.netty.util.concurrent.DefaultPromise                                         : loaded 2 times (x 182B)
Class io.netty.util.NetUtilInitializations$NetworkIfaceAndInetAddress                 : loaded 2 times (x 72B)
Class com.fasterxml.jackson.databind.ser.impl.PropertySerializerMap$Multi             : loaded 2 times (x 74B)
Class io.netty.channel.DefaultChannelPipeline$TailContext                             : loaded 2 times (x 208B)
Class io.opentelemetry.sdk.internal.ThrottlingLogger                                  : loaded 2 times (x 76B)
Class io.opentelemetry.context.propagation.ContextPropagators                         : loaded 2 times (x 70B)
Class io.netty.buffer.PoolThreadCache                                                 : loaded 2 times (x 72B)
Class io.netty.handler.codec.http.FullHttpRequest                                     : loaded 2 times (x 70B)
Class io.netty.resolver.AddressResolverGroup$1                                        : loaded 2 times (x 78B)
Class kotlinx.coroutines.scheduling.SchedulerTimeSource                               : loaded 2 times (x 72B)
Class kotlinx.coroutines.scheduling.CoroutineScheduler                                : loaded 2 times (x 81B)
Class kotlinx.coroutines.EventLoopImplPlatform                                        : loaded 2 times (x 107B)
Class io.opentelemetry.sdk.metrics.export.MetricExporter                              : loaded 2 times (x 70B)
Class com.fasterxml.jackson.core.io.MergedStream                                      : loaded 2 times (x 92B)
Class org.apache.http.impl.conn.SystemDefaultDnsResolver                              : loaded 2 times (x 75B)
Class org.apache.http.protocol.HttpContext                                            : loaded 2 times (x 70B)
Class kotlinx.coroutines.flow.MutableStateFlow                                        : loaded 2 times (x 70B)
Class org.apache.http.impl.conn.PoolingHttpClientConnectionManager$InternalConnectionFactory: loaded 2 times (x 77B)
Class com.google.protobuf.GeneratedMessageV3$BuilderParent                            : loaded 2 times (x 70B)
Class com.google.protobuf.Internal$IntList                                            : loaded 2 times (x 70B)
Class io.netty.channel.AbstractChannel$AnnotatedSocketException                       : loaded 2 times (x 82B)
Class io.netty.util.concurrent.DefaultPromise$CauseHolder                             : loaded 2 times (x 72B)
Class io.opentelemetry.api.metrics.LongHistogram                                      : loaded 2 times (x 70B)
Class io.opentelemetry.api.metrics.ObservableDoubleMeasurement                        : loaded 2 times (x 70B)
Class [Lcom.fasterxml.jackson.databind.node.NumericNode;                              : loaded 2 times (x 69B)
Class io.opentelemetry.sdk.metrics.internal.view.AutoValue_RegisteredView             : loaded 2 times (x 77B)
Class com.google.protobuf.DescriptorProtos$FieldDescriptorProto$Type$1                : loaded 2 times (x 74B)
Class com.fasterxml.jackson.databind.deser.std.JsonNodeDeserializer                   : loaded 2 times (x 165B)
Class io.netty.buffer.CompositeByteBuf                                                : loaded 2 times (x 404B)
Class org.apache.http.message.TokenParser                                             : loaded 2 times (x 77B)
Class io.netty.util.concurrent.Future                                                 : loaded 2 times (x 70B)
Class io.netty.handler.codec.DecoderResultProvider                                    : loaded 2 times (x 70B)
Class [Lcom.fasterxml.jackson.module.kotlin.KotlinFeature;                            : loaded 2 times (x 69B)
Class io.opentelemetry.sdk.metrics.export.AggregationTemporalitySelector              : loaded 2 times (x 70B)
Class io.netty.buffer.ByteBuf                                                         : loaded 2 times (x 283B)
Class io.opentelemetry.api.metrics.DoubleCounter                                      : loaded 2 times (x 70B)
Class io.netty.channel.DefaultSelectStrategyFactory                                   : loaded 2 times (x 74B)
Class io.netty.util.concurrent.AbstractScheduledEventExecutor                         : loaded 2 times (x 238B)
Class io.netty.util.internal.DefaultPriorityQueue                                     : loaded 2 times (x 167B)
Class org.h2.mvstore.cache.CacheLongKeyLIRS$Segment                                   : loaded 2 times (x 81B)
Class io.netty.channel.ChannelInboundInvoker                                          : loaded 2 times (x 70B)
Class org.apache.http.impl.io.ContentLengthOutputStream                               : loaded 2 times (x 86B)
Class com.google.protobuf.DescriptorProtos$FileDescriptorProto                        : loaded 2 times (x 201B)
Class com.google.protobuf.Descriptors$Descriptor                                      : loaded 2 times (x 76B)
Class org.apache.http.auth.Credentials                                                : loaded 2 times (x 70B)
Class kotlinx.coroutines.Incomplete                                                   : loaded 2 times (x 70B)
Class io.netty.channel.DefaultChannelPipeline$PendingHandlerRemovedTask               : loaded 2 times (x 77B)
Class [Lio.netty.buffer.SizeClassesMetric;                                            : loaded 2 times (x 69B)
Class com.google.gson.internal.bind.JsonAdapterAnnotationTypeAdapterFactory$DummyTypeAdapterFactory: loaded 2 times (x 75B)
Class io.netty.buffer.PoolArena$DirectArena                                           : loaded 2 times (x 152B)
Class io.opentelemetry.sdk.metrics.View                                               : loaded 2 times (x 76B)
Class kotlinx.coroutines.ChildHandle                                                  : loaded 2 times (x 70B)
Class io.netty.buffer.UnpooledByteBufAllocator$InstrumentedUnpooledHeapByteBuf        : loaded 2 times (x 309B)
Class io.netty.handler.logging.LogLevel                                               : loaded 2 times (x 79B)
Class io.netty.util.internal.SystemPropertyUtil                                       : loaded 2 times (x 71B)
Class kotlinx.coroutines.CoroutineScope                                               : loaded 2 times (x 70B)
Class org.apache.http.io.HttpMessageWriterFactory                                     : loaded 2 times (x 70B)
Class org.apache.http.ParseException                                                  : loaded 2 times (x 82B)
Class org.apache.http.client.methods.HttpRequestWrapper$HttpEntityEnclosingRequestWrapper: loaded 2 times (x 134B)
Class io.opentelemetry.sdk.trace.SdkTracerProviderBuilder                             : loaded 2 times (x 72B)
Class org.h2.util.MathUtils                                                           : loaded 2 times (x 71B)
Class org.h2.mvstore.cache.CacheLongKeyLIRS$Config                                    : loaded 2 times (x 71B)
Class org.apache.http.conn.util.InetAddressUtils                                      : loaded 2 times (x 71B)
Class org.apache.http.conn.ssl.BrowserCompatHostnameVerifier                          : loaded 2 times (x 81B)
Class kotlinx.coroutines.TimeoutCoroutine                                             : loaded 2 times (x 150B)
Class org.slf4j.event.Level                                                           : loaded 2 times (x 80B)
Class kotlinx.coroutines.AbstractTimeSourceKt                                         : loaded 2 times (x 71B)
Class [Lorg.apache.http.cookie.CookieAttributeHandler;                                : loaded 2 times (x 69B)
Class com.google.gson.internal.bind.ReflectiveTypeAdapterFactory$FieldsData           : loaded 2 times (x 72B)
Class org.apache.http.impl.conn.LoggingOutputStream                                   : loaded 2 times (x 86B)
Class io.netty.util.internal.SocketUtils$3                                            : loaded 2 times (x 75B)
Class io.netty.handler.codec.http.HttpObjectDecoder$1                                 : loaded 2 times (x 74B)
Class io.opentelemetry.api.metrics.DoubleUpDownCounter                                : loaded 2 times (x 70B)
Class [Lcom.fasterxml.jackson.databind.node.IntNode;                                  : loaded 2 times (x 69B)
Class kotlin.sequences.TransformingSequence                                           : loaded 2 times (x 75B)
Class com.fasterxml.jackson.databind.deser.impl.PropertyValue$Regular                 : loaded 2 times (x 74B)
Class io.netty.buffer.SimpleLeakAwareByteBuf                                          : loaded 2 times (x 285B)
Class com.fasterxml.jackson.databind.ser.std.StdKeySerializers$Dynamic                : loaded 2 times (x 116B)
Class io.netty.buffer.AdvancedLeakAwareByteBuf                                        : loaded 2 times (x 285B)
Class io.netty.util.concurrent.Promise                                                : loaded 2 times (x 70B)
Class io.netty.util.internal.PlatformDependent$1                                      : loaded 2 times (x 74B)
Class io.opentelemetry.sdk.common.InstrumentationScopeInfo                            : loaded 2 times (x 75B)
Class io.opentelemetry.api.internal.OtelEncodingUtils                                 : loaded 2 times (x 71B)
Class org.apache.http.client.UserTokenHandler                                         : loaded 2 times (x 70B)
Class com.fasterxml.jackson.core.util.JsonRecyclerPools$ThreadLocalPool               : loaded 2 times (x 85B)
Class org.apache.http.impl.cookie.DefaultCookieSpecProvider$CompatibilityLevel        : loaded 2 times (x 79B)
Class com.google.protobuf.WireFormat                                                  : loaded 2 times (x 71B)
Class org.apache.http.params.CoreProtocolPNames                                       : loaded 2 times (x 70B)
Class com.fasterxml.jackson.databind.util.EnumResolver                                : loaded 2 times (x 83B)
Class org.apache.http.impl.execchain.RequestEntityProxy                               : loaded 2 times (x 94B)
Class [Lcom.google.protobuf.FieldSet$FieldDescriptorLite;                             : loaded 2 times (x 69B)
Class org.apache.http.impl.entity.StrictContentLengthStrategy                         : loaded 2 times (x 75B)
Class org.apache.http.protocol.HttpRequestExecutor                                    : loaded 2 times (x 77B)
Class kotlinx.coroutines.flow.StateFlowKt                                             : loaded 2 times (x 71B)
Class kotlin.coroutines.jvm.internal.SpillingKt                                       : loaded 2 times (x 71B)
Class org.apache.http.impl.conn.PoolingHttpClientConnectionManager$1                  : loaded 2 times (x 80B)
Class io.netty.buffer.PoolArenaMetric                                                 : loaded 2 times (x 70B)
Class io.netty.util.concurrent.SingleThreadEventExecutor$1                            : loaded 2 times (x 74B)
Class io.netty.channel.SingleThreadEventLoop                                          : loaded 2 times (x 388B)
Class io.netty.buffer.UnpooledByteBufAllocator$InstrumentedUnpooledUnsafeHeapByteBuf  : loaded 2 times (x 309B)
Class io.netty.util.internal.PlatformDependent$2                                      : loaded 2 times (x 74B)
Class org.apache.http.impl.io.EmptyInputStream                                        : loaded 2 times (x 91B)
Class org.h2.mvstore.MVMap                                                            : loaded 2 times (x 166B)
Class io.netty.util.HashingStrategy                                                   : loaded 2 times (x 70B)
Class io.opentelemetry.sdk.trace.samplers.AlwaysOnSampler                             : loaded 2 times (x 83B)
Class io.opentelemetry.context.ContextStorageProvider                                 : loaded 2 times (x 70B)
Class io.opentelemetry.api.metrics.DefaultMeter$NoopLongGaugeBuilder$1                : loaded 2 times (x 78B)
Class com.google.common.collect.ImmutableList                                         : loaded 2 times (x 206B)
Class com.fasterxml.jackson.core.json.ByteSourceJsonBootstrapper                      : loaded 2 times (x 72B)
Class org.apache.http.config.SocketConfig                                             : loaded 2 times (x 80B)
Class com.google.protobuf.Descriptors$FileDescriptor$Syntax                           : loaded 2 times (x 79B)
Class [Lcom.google.protobuf.Internal$EnumLite;                                        : loaded 2 times (x 69B)
Class com.google.protobuf.GeneratedMessageV3$ExtendableMessageOrBuilder               : loaded 2 times (x 70B)
Class com.google.protobuf.CodedInputStream$ArrayDecoder                               : loaded 2 times (x 119B)
Class org.apache.http.cookie.CookieSpec                                               : loaded 2 times (x 70B)
Class org.apache.http.impl.conn.DefaultSchemePortResolver                             : loaded 2 times (x 75B)
Class kotlinx.coroutines.Empty                                                        : loaded 2 times (x 75B)
Class io.netty.util.concurrent.CompleteFuture                                         : loaded 2 times (x 130B)
Class io.netty.handler.codec.http.HttpResponse                                        : loaded 2 times (x 70B)
Class kotlin.collections.builders.MapBuilder                                          : loaded 2 times (x 112B)
Class io.netty.util.concurrent.GlobalEventExecutor$TaskRunner                         : loaded 2 times (x 75B)
Class io.opentelemetry.api.trace.SpanContextKey                                       : loaded 2 times (x 71B)
Class com.fasterxml.jackson.databind.ser.std.StdArraySerializers$LongArraySerializer  : loaded 2 times (x 129B)
Class kotlinx.coroutines.flow.CancellableFlow                                         : loaded 2 times (x 70B)
Class kotlinx.coroutines.flow.internal.AbstractSharedFlow                             : loaded 2 times (x 74B)
Class io.netty.channel.ChannelOutboundInvoker                                         : loaded 2 times (x 70B)
Class org.apache.http.conn.socket.LayeredConnectionSocketFactory                      : loaded 2 times (x 70B)
Class org.apache.http.HttpRequestInterceptor                                          : loaded 2 times (x 70B)
Class com.google.protobuf.CodedInputStream$StreamDecoder                              : loaded 2 times (x 119B)
Class com.fasterxml.jackson.databind.util.CompactStringObjectMap                      : loaded 2 times (x 72B)
Class org.h2.mvstore.MVMap$Builder                                                    : loaded 2 times (x 90B)
Class io.opentelemetry.api.internal.InternalAttributeKeyImpl                          : loaded 2 times (x 76B)
Class org.h2.mvstore.FileStore$1                                                      : loaded 2 times (x 83B)
Class [Lorg.h2.mvstore.cache.CacheLongKeyLIRS$Segment;                                : loaded 2 times (x 69B)
Class org.apache.http.io.HttpTransportMetrics                                         : loaded 2 times (x 70B)
Class org.apache.http.client.utils.URLEncodedUtils                                    : loaded 2 times (x 71B)
Class [Lcom.google.protobuf.DescriptorProtos$FieldDescriptorProto$Label;              : loaded 2 times (x 69B)
Class com.google.protobuf.ProtocolStringList                                          : loaded 2 times (x 70B)
Class com.fasterxml.jackson.databind.type.IterationType                               : loaded 2 times (x 148B)
Class com.fasterxml.jackson.databind.JsonDeserializer$None                            : loaded 2 times (x 97B)
Class [Lio.netty.util.concurrent.GenericFutureListener;                               : loaded 2 times (x 69B)
Class io.netty.buffer.PooledUnsafeDirectByteBuf                                       : loaded 2 times (x 311B)
Class io.netty.buffer.SizeClasses                                                     : loaded 2 times (x 82B)
Class [Lio.netty.buffer.PoolArena;                                                    : loaded 2 times (x 69B)
Class io.netty.channel.DefaultChannelConfig                                           : loaded 2 times (x 131B)
Class io.netty.channel.ChannelFuture                                                  : loaded 2 times (x 70B)
Class io.opentelemetry.api.metrics.DoubleUpDownCounterBuilder                         : loaded 2 times (x 70B)
Class [Lcom.fasterxml.jackson.databind.JsonSerializable$Base;                         : loaded 2 times (x 69B)
Class io.opentelemetry.sdk.trace.samplers.AlwaysOffSampler                            : loaded 2 times (x 83B)
Class io.opentelemetry.sdk.metrics.internal.debug.DebugConfig                         : loaded 2 times (x 71B)
Class io.opentelemetry.sdk.metrics.internal.view.NoopAttributesProcessor              : loaded 2 times (x 74B)
Class com.fasterxml.jackson.databind.node.ArrayNode                                   : loaded 2 times (x 318B)
Class com.fasterxml.jackson.module.kotlin.BucketGenerator                             : loaded 2 times (x 72B)
Class io.opentelemetry.sdk.trace.samplers.ParentBasedSampler                          : loaded 2 times (x 76B)
Class io.opentelemetry.api.metrics.DoubleHistogramBuilder                             : loaded 2 times (x 70B)
Class [Lio.opentelemetry.api.trace.ImmutableTraceFlags;                               : loaded 2 times (x 69B)
Class io.netty.channel.socket.nio.NioChannelOption                                    : loaded 2 times (x 81B)
Class kotlinx.coroutines.CoroutineScopeKt                                             : loaded 2 times (x 71B)
Class kotlinx.coroutines.BuildersKt                                                   : loaded 2 times (x 71B)
Class [Lorg.apache.http.impl.cookie.DefaultCookieSpecProvider$CompatibilityLevel;     : loaded 2 times (x 69B)
Class org.apache.http.impl.BHttpConnectionBase                                        : loaded 2 times (x 119B)
Class kotlinx.coroutines.BlockingCoroutine                                            : loaded 2 times (x 143B)
Class org.apache.http.conn.HttpClientConnectionOperator                               : loaded 2 times (x 70B)
Class org.apache.http.HttpRequest                                                     : loaded 2 times (x 70B)
Class org.apache.http.HttpEntity                                                      : loaded 2 times (x 70B)
Class kotlin.jvm.internal.StringCompanionObject                                       : loaded 2 times (x 71B)
Class com.google.gson.internal.UnsafeAllocator                                        : loaded 2 times (x 72B)
Class kotlinx.coroutines.scheduling.Task                                              : loaded 2 times (x 76B)
Class kotlinx.coroutines.internal.ThreadContextKt                                     : loaded 2 times (x 71B)
Class kotlinx.coroutines.internal.ScopeCoroutine                                      : loaded 2 times (x 147B)
Class io.netty.util.NettyRuntime$AvailableProcessorsHolder                            : loaded 2 times (x 73B)
Class io.opentelemetry.api.metrics.DefaultMeter$NoopDoubleGauge                       : loaded 2 times (x 79B)
Class io.opentelemetry.api.trace.TraceId                                              : loaded 2 times (x 71B)
Class kotlin.io.FilesKt__FileTreeWalkKt                                               : loaded 2 times (x 71B)
Class org.apache.http.impl.client.InternalHttpClient                                  : loaded 2 times (x 110B)
Class io.netty.buffer.UnreleasableByteBuf                                             : loaded 2 times (x 284B)
Class org.apache.http.HttpClientConnection                                            : loaded 2 times (x 70B)
Class org.apache.http.Header                                                          : loaded 2 times (x 70B)
Class com.google.protobuf.CodedInputStream$UnsafeDirectNioDecoder                     : loaded 2 times (x 119B)
Class com.google.protobuf.DescriptorProtos$FieldOptionsOrBuilder                      : loaded 2 times (x 70B)
Class com.fasterxml.jackson.databind.ObjectMapper$1                                   : loaded 2 times (x 130B)
Class org.apache.http.client.utils.URIUtils                                           : loaded 2 times (x 71B)
Class kotlin.sequences.SequencesKt__SequenceBuilderKt                                 : loaded 2 times (x 71B)
Class com.google.gson.internal.bind.ObjectTypeAdapter$2                               : loaded 2 times (x 71B)
Class io.opentelemetry.sdk.metrics.export.DefaultAggregationSelector                  : loaded 2 times (x 70B)
Class com.fasterxml.jackson.core.util.ReadConstrainedTextBuffer                       : loaded 2 times (x 109B)
Class org.apache.http.cookie.CookieRestrictionViolationException                      : loaded 2 times (x 82B)
Class org.apache.http.cookie.CookieOrigin                                             : loaded 2 times (x 72B)
Class org.apache.http.conn.socket.ConnectionSocketFactory                             : loaded 2 times (x 70B)
Class com.google.protobuf.Message                                                     : loaded 2 times (x 70B)
Class com.google.gson.internal.UnsafeAllocator$1                                      : loaded 2 times (x 73B)
Class kotlinx.coroutines.internal.ThreadSafeHeap                                      : loaded 2 times (x 72B)
Class kotlinx.coroutines.DelayKt                                                      : loaded 2 times (x 71B)
Class kotlinx.coroutines.NotCompleted                                                 : loaded 2 times (x 70B)
Class kotlinx.coroutines.internal.LockFreeTaskQueue                                   : loaded 2 times (x 72B)
Class kotlinx.coroutines.scheduling.DefaultScheduler                                  : loaded 2 times (x 108B)
Class kotlinx.coroutines.Dispatchers                                                  : loaded 2 times (x 71B)
Class kotlin.time.DurationUnitKt                                                      : loaded 2 times (x 71B)
Class com.fasterxml.jackson.databind.module.SimpleModule                              : loaded 2 times (x 101B)
Class org.h2.store.fs.disk.FilePathDisk                                               : loaded 2 times (x 97B)
Class io.netty.channel.DefaultSelectStrategy                                          : loaded 2 times (x 74B)
Class org.h2.mvstore.MVMap$Decision                                                   : loaded 2 times (x 79B)
Class io.netty.util.DefaultAttributeMap                                               : loaded 2 times (x 78B)
Class io.netty.util.internal.ThrowableUtil                                            : loaded 2 times (x 71B)
Class io.opentelemetry.api.internal.ImmutableSpanContext                              : loaded 2 times (x 91B)
Class io.opentelemetry.sdk.trace.internal.AutoValue_TracerConfig                      : loaded 2 times (x 72B)
Class io.opentelemetry.sdk.trace.RandomIdGenerator                                    : loaded 2 times (x 83B)
Class [Lio.opentelemetry.sdk.trace.samplers.AlwaysOnSampler;                          : loaded 2 times (x 69B)
Class io.opentelemetry.sdk.metrics.internal.view.DropAggregation                      : loaded 2 times (x 75B)
Class io.opentelemetry.sdk.logs.LogRecordProcessor                                    : loaded 2 times (x 70B)
Class io.opentelemetry.sdk.OpenTelemetrySdkBuilder                                    : loaded 2 times (x 72B)
Class io.netty.handler.codec.DefaultHeaders$ValueValidator$1                          : loaded 2 times (x 74B)
Class com.fasterxml.jackson.databind.node.JsonNodeType                                : loaded 2 times (x 79B)
Class com.fasterxml.jackson.module.kotlin.KotlinModuleKt                              : loaded 2 times (x 71B)
Class io.netty.channel.ChannelHandlerAdapter                                          : loaded 2 times (x 81B)
Class io.netty.util.internal.InternalThreadLocalMap                                   : loaded 2 times (x 72B)
Class io.netty.util.concurrent.ScheduledFuture                                        : loaded 2 times (x 70B)
Class io.netty.util.concurrent.EventExecutorGroup                                     : loaded 2 times (x 70B)
Class org.apache.http.impl.conn.Wire                                                  : loaded 2 times (x 83B)
Class com.google.protobuf.ProtocolMessageEnum                                         : loaded 2 times (x 70B)
Class com.google.protobuf.AbstractMessage$Builder                                     : loaded 2 times (x 226B)
Class com.google.protobuf.ExtensionRegistryFactory                                    : loaded 2 times (x 71B)
Class org.apache.http.config.Registry                                                 : loaded 2 times (x 75B)
Class com.google.gson.internal.UnsafeAllocator$2                                      : loaded 2 times (x 73B)
Class kotlin.random.Random                                                            : loaded 2 times (x 86B)
Class kotlin.coroutines.jvm.internal.DebugProbesKt                                    : loaded 2 times (x 71B)
Class kotlinx.coroutines.intrinsics.CancellableKt                                     : loaded 2 times (x 71B)
Class com.google.gson.internal.bind.DefaultDateTypeAdapter$1                          : loaded 2 times (x 75B)
Class io.netty.channel.socket.ChannelOutputShutdownException                          : loaded 2 times (x 82B)
Class kotlinx.coroutines.internal.ResizableAtomicArray                                : loaded 2 times (x 72B)
Class io.netty.channel.ChannelHandlerMask                                             : loaded 2 times (x 71B)
Class io.netty.channel.DefaultChannelHandlerContext                                   : loaded 2 times (x 192B)
Class io.netty.util.concurrent.EventExecutor                                          : loaded 2 times (x 70B)
Class io.opentelemetry.api.metrics.ObservableDoubleCounter                            : loaded 2 times (x 70B)
Class com.fasterxml.jackson.databind.deser.impl.JDKValueInstantiators$ConcurrentHashMapInstantiator: loaded 2 times (x 108B)
Class kotlin.io.TextStreamsKt                                                         : loaded 2 times (x 71B)
Class org.apache.http.client.entity.InputStreamFactory                                : loaded 2 times (x 70B)
Class com.google.protobuf.UnsafeUtil$JvmMemoryAccessor                                : loaded 2 times (x 89B)
Class org.apache.http.message.BasicTokenIterator                                      : loaded 2 times (x 95B)
Class org.h2.mvstore.MVMap$MapBuilder                                                 : loaded 2 times (x 70B)
Class org.h2.mvstore.Page$NonLeaf                                                     : loaded 2 times (x 107B)
Class org.h2.mvstore.type.BasicDataType                                               : loaded 2 times (x 109B)
Class org.h2.store.fs.FileBaseDefault                                                 : loaded 2 times (x 130B)
Class com.google.protobuf.DescriptorProtos$MessageOptions                             : loaded 2 times (x 190B)
Class com.google.protobuf.CodedInputStream                                            : loaded 2 times (x 118B)
Class org.apache.http.client.protocol.RequestClientConnControl                        : loaded 2 times (x 76B)
Class org.apache.http.conn.ssl.DefaultHostnameVerifier                                : loaded 2 times (x 75B)
Class com.google.protobuf.MessageLite                                                 : loaded 2 times (x 70B)
Class com.google.gson.internal.UnsafeAllocator$3                                      : loaded 2 times (x 73B)
Class io.netty.util.concurrent.FastThreadLocalThread                                  : loaded 2 times (x 108B)
Class io.netty.buffer.UnpooledDirectByteBuf                                           : loaded 2 times (x 313B)
Class io.netty.handler.codec.http.HttpObjectEncoder                                   : loaded 2 times (x 107B)
Class io.netty.util.concurrent.ProgressivePromise                                     : loaded 2 times (x 70B)
Class io.opentelemetry.api.metrics.ObservableLongCounter                              : loaded 2 times (x 70B)
Class com.fasterxml.jackson.databind.ser.std.StdArraySerializers$ShortArraySerializer : loaded 2 times (x 129B)
Class io.opentelemetry.sdk.metrics.internal.debug.SourceInfo                          : loaded 2 times (x 70B)
Class com.fasterxml.jackson.databind.deser.impl.JDKValueInstantiators$TreeSetInstantiator: loaded 2 times (x 108B)
Class io.netty.util.ResourceLeakTracker                                               : loaded 2 times (x 70B)
Class io.netty.handler.codec.MessageToMessageDecoder                                  : loaded 2 times (x 103B)
Class io.opentelemetry.sdk.internal.AttributeUtil                                     : loaded 2 times (x 71B)
Class io.netty.util.internal.MacAddressUtil                                           : loaded 2 times (x 71B)
Class io.netty.channel.ChannelOutboundBuffer                                          : loaded 2 times (x 72B)
Class io.netty.handler.codec.http.DefaultHttpResponse                                 : loaded 2 times (x 102B)
Class io.netty.channel.ChannelInitializer                                             : loaded 2 times (x 102B)
Class org.apache.http.impl.io.DefaultHttpRequestWriter                                : loaded 2 times (x 78B)
Class org.apache.http.util.CharArrayBuffer                                            : loaded 2 times (x 83B)
Class org.apache.http.message.HeaderGroup                                             : loaded 2 times (x 86B)
Class com.google.protobuf.AbstractMessageLite$Builder                                 : loaded 2 times (x 126B)
Class org.apache.http.cookie.CommonCookieAttributeHandler                             : loaded 2 times (x 70B)
Class org.apache.http.impl.execchain.RequestAbortedException                          : loaded 2 times (x 82B)
Class org.apache.commons.logging.impl.Log4JLogger                                     : loaded 2 times (x 111B)
Class com.google.gson.internal.UnsafeAllocator$4                                      : loaded 2 times (x 72B)
Class kotlinx.coroutines.JobSupportKt                                                 : loaded 2 times (x 71B)
Class kotlinx.coroutines.ExecutorCoroutineDispatcher$Key                              : loaded 2 times (x 72B)

---------------  S Y S T E M  ---------------

OS:
 Windows 11 , 64 bit Build 26100 (10.0.26100.4484)
OS uptime: 24 days 21:50 hours

CPU: total 20 (initial active 20) (10 cores per cpu, 2 threads per core) family 6 model 154 stepping 3 microcode 0x416, cx8, cmov, fxsr, ht, mmx, 3dnowpref, sse, sse2, sse3, ssse3, sse4.1, sse4.2, popcnt, lzcnt, tsc, tscinvbit, avx, avx2, aes, erms, clmul, bmi1, bmi2, adx, sha, fma, vzeroupper, clflush, clflushopt, clwb, serialize, rdtscp, rdpid, fsrm, f16c, pku, cet_ibt, cet_ss
Processor Information for processor 0
  Max Mhz: 2300, Current Mhz: 2300, Mhz Limit: 2300
Processor Information for processor 1
  Max Mhz: 2300, Current Mhz: 2300, Mhz Limit: 2300
Processor Information for processor 2
  Max Mhz: 2300, Current Mhz: 2300, Mhz Limit: 2300
Processor Information for processor 3
  Max Mhz: 2300, Current Mhz: 2300, Mhz Limit: 2300
Processor Information for processor 4
  Max Mhz: 2300, Current Mhz: 1506, Mhz Limit: 2300
Processor Information for processor 5
  Max Mhz: 2300, Current Mhz: 2300, Mhz Limit: 2300
Processor Information for processor 6
  Max Mhz: 2300, Current Mhz: 2300, Mhz Limit: 2300
Processor Information for processor 7
  Max Mhz: 2300, Current Mhz: 2300, Mhz Limit: 2300
Processor Information for processor 8
  Max Mhz: 2300, Current Mhz: 1506, Mhz Limit: 2300
Processor Information for processor 9
  Max Mhz: 2300, Current Mhz: 2300, Mhz Limit: 2300
Processor Information for processor 10
  Max Mhz: 2300, Current Mhz: 2300, Mhz Limit: 2300
Processor Information for processor 11
  Max Mhz: 2300, Current Mhz: 2300, Mhz Limit: 2300
Processor Information for processor 12
  Max Mhz: 2300, Current Mhz: 1700, Mhz Limit: 1679
Processor Information for processor 13
  Max Mhz: 2300, Current Mhz: 1700, Mhz Limit: 1679
Processor Information for processor 14
  Max Mhz: 2300, Current Mhz: 1700, Mhz Limit: 1679
Processor Information for processor 15
  Max Mhz: 2300, Current Mhz: 1700, Mhz Limit: 1679
Processor Information for processor 16
  Max Mhz: 2300, Current Mhz: 1700, Mhz Limit: 1679
Processor Information for processor 17
  Max Mhz: 2300, Current Mhz: 1700, Mhz Limit: 1679
Processor Information for processor 18
  Max Mhz: 2300, Current Mhz: 1700, Mhz Limit: 1679
Processor Information for processor 19
  Max Mhz: 2300, Current Mhz: 1700, Mhz Limit: 1679

Memory: 4k page, system-wide physical 16088M (1395M free)
TotalPageFile size 42907M (AvailPageFile size 0M)
current process WorkingSet (physical memory assigned to process): 2050M, peak: 3381M
current process commit charge ("private bytes"): 2504M, peak: 3073M

vm_info: OpenJDK 64-Bit Server VM (21.0.8+1-b1038.71) for windows-amd64 JRE (21.0.8+1-b1038.71), built on 2025-09-04 by "builduser" with MS VC++ 16.10 / 16.11 (VS2019)

END.
