#
# There is insufficient memory for the Java Runtime Environment to continue.
# Native memory allocation (malloc) failed to allocate 3039320 bytes. Error detail: Chunk::new
# Possible reasons:
#   The system is out of physical RAM or swap space
#   This process is running with CompressedOops enabled, and the Java Heap may be blocking the growth of the native heap
# Possible solutions:
#   Reduce memory load on the system
#   Increase physical memory or swap space
#   Check if swap backing store is full
#   Decrease Java heap size (-Xmx/-Xms)
#   Decrease number of Java threads
#   Decrease Java thread stack sizes (-Xss)
#   Set larger code cache with -XX:ReservedCodeCacheSize=
#   JVM is running with Unscaled Compressed Oops mode in which the Java heap is
#     placed in the first 4GB address space. The Java Heap base address is the
#     maximum limit for the native heap growth. Please use -XX:HeapBaseMinAddress
#     to set the Java Heap base and to place the Java Heap above 4GB virtual address.
# This output file may be truncated or incomplete.
#
#  Out of Memory Error (arena.cpp:186), pid=9764, tid=13448
#
# JRE version: OpenJDK Runtime Environment JBR-25.0.3+9-508.16-nomod (25.0.3+9) (build 25.0.3+9-b508.16)
# Java VM: OpenJDK 64-Bit Server VM JBR-25.0.3+9-508.16-nomod (25.0.3+9-b508.16, mixed mode, tiered, compressed oops, compact obj headers, g1 gc, windows-amd64)
# No core dump will be written. Minidumps are not enabled by default on client versions of Windows
#

---------------  S U M M A R Y ------------

Command Line: abort vfprintf -XX:ErrorFile=C:\Users\Kenwen\java_error_in_rider_%p.log -XX:HeapDumpPath=C:\Users\Kenwen\java_error_in_rider.hprof -Xms128m -Xmx2048m -XX:JbrShrinkingGcMaxHeapFreeRatio=40 -XX:ReservedCodeCacheSize=512m -XX:+HeapDumpOnOutOfMemoryError -XX:-OmitStackTraceInFastThrow -XX:CICompilerCount=2 -XX:+IgnoreUnrecognizedVMOptions -XX:+UnlockDiagnosticVMOptions -XX:TieredOldPercentage=100000 -XX:+UseCompactObjectHeaders --sun-misc-unsafe-memory-access=allow -ea -Dsun.io.useCanonCaches=false -Dsun.java2d.metal=true -Djbr.catch.SIGABRT=true -Djdk.http.auth.tunneling.disabledSchemes="" -Djdk.attach.allowAttachSelf=true -Djdk.module.illegalAccess.silent=true -Djdk.nio.maxCachedBufferSize=2097152 -Djava.util.zip.use.nio.for.zip.file.access=true -Dkotlinx.coroutines.debug=off -Dskiko.rendering.useScreenMenuBar=false -Djava.nio.file.spi.DefaultFileSystemProvider=com.intellij.platform.core.nio.fs.MultiRoutingFileSystemProvider -Denable.non.commercial.ai.license=true -Xms128m -Xmx2048m -XX:ReservedCodeCacheSize=512m -XX:+IgnoreUnrecognizedVMOptions -XX:+UseG1GC -XX:SoftRefLRUPolicyMSPerMB=50 -XX:CICompilerCount=2 -XX:+HeapDumpOnOutOfMemoryError -XX:-OmitStackTraceInFastThrow -ea -Dsun.io.useCanonCaches=false -Djdk.http.auth.tunneling.disabledSchemes="" -Djdk.attach.allowAttachSelf=true -Djdk.module.illegalAccess.silent=true -Dkotlinx.coroutines.debug=off -XX:ErrorFile=$USER_HOME/java_error_in_idea_%p.log -XX:HeapDumpPath=$USER_HOME/java_error_in_idea.hprof --add-opens=java.base/jdk.internal.org.objectweb.asm=ALL-UNNAMED --add-opens=java.base/jdk.internal.org.objectweb.asm.tree=ALL-UNNAMED -javaagent:D:\jetbra\jetbra\ja-netfilter.jar=jetbrains -Djb.vmOptionsFile=D:\jetbra\jetbra\vmoptions\rider.vmoptions -Xbootclasspath/a:D:\JetBrains Rider 2026.2.1\lib\nio-fs.jar -Djava.system.class.loader=com.intellij.util.lang.PathClassLoader -Didea.vendor.name=JetBrains -Didea.paths.selector=Rider2026.2 -Djna.boot.library.path=D:\JetBrains Rider 2026.2.1/lib/jna/amd64 -Djna.nosys=true -Djna.noclasspath=true -Dpty4j.preferred.native.folder=D:\JetBrains Rider 2026.2.1/lib/pty4j -Dio.netty.allocator.type=pooled -Dskiko.library.path=D:\JetBrains Rider 2026.2.1/lib/skiko-awt-runtime-all -Dintellij.platform.runtime.repository.path=D:\JetBrains Rider 2026.2.1/modules/module-descriptors.dat -Didea.platform.prefix=Rider -Didea.class.before.app=com.jetbrains.rider.protocol.EarlyBackendStarter -Didea.show.customize.ide.wizard=true -DFilePageCache.THROW_ERROR_ON_DUPLICATE_STORAGE_REGISTRATION=false -Dsplash=true -Daether.connector.resumeDownloads=false -Dcompose.swing.render.on.graphics=true --enable-native-access=ALL-UNNAMED --add-opens=java.base/java.io=ALL-UNNAMED --add-opens=java.base/java.lang=ALL-UNNAMED --add-opens=java.base/java.lang.ref=ALL-UNNAMED --add-opens=java.base/java.lang.reflect=ALL-UNNAMED --add-opens=java.base/java.net=ALL-UNNAMED --add-opens=java.base/java.nio=ALL-UNNAMED --add-opens=java.base/java.nio.charset=ALL-UNNAMED --add-opens=java.base/java.text=ALL-UNNAMED --add-opens=java.base/java.time=ALL-UNNAMED --add-opens=java.base/java.util=ALL-UNNAMED --add-opens=java.base/java.util.concurrent=ALL-UNNAMED --add-opens=java.base/java.util.concurrent.atomic=ALL-UNNAMED --add-opens=java.base/java.util.concurrent.locks=ALL-UNNAMED --add-opens=java.base/jdk.internal.ref=ALL-UNNAMED --add-opens=java.base/jdk.internal.vm=ALL-UNNAMED --add-opens=java.base/sun.net.dns=ALL-UNNAMED --add-opens=java.base/sun.nio=ALL-UNNAMED --add-opens=java.base/sun.nio.ch=ALL-UNNAMED --add-opens=java.base/sun.nio.fs=ALL-UNNAMED --add-opens=java.base/sun.security.ssl=ALL-UNNAMED --add-opens=java.base/sun.security.util=ALL-UNNAMED --add-opens=java.desktop/com.sun.java.swing=ALL-UNNAMED --add-opens=java.desktop/java.awt=ALL-UNNAMED --add-opens=java.desktop/java.awt.dnd.peer=ALL-UNNAMED --add-opens=java.desktop/java.awt.event=ALL-UNNAMED --add-opens=java.desktop/java.awt.font=ALL-UNNAMED --add-opens=java.desktop/java.awt.image=ALL-UNNAMED --add-opens=java.desktop/java.awt.peer=ALL-UNNAMED --add-opens=java.desktop/javax.swing=ALL-UNNAMED --add-opens=java.desktop/javax.swing.plaf.basic=ALL-UNNAMED --add-opens=java.desktop/javax.swing.text=ALL-UNNAMED --add-opens=java.desktop/javax.swing.text.html=ALL-UNNAMED --add-opens=java.desktop/javax.swing.text.html.parser=ALL-UNNAMED --add-opens=java.desktop/sun.awt=ALL-UNNAMED --add-opens=java.desktop/sun.awt.datatransfer=ALL-UNNAMED --add-opens=java.desktop/sun.awt.image=ALL-UNNAMED --add-opens=java.desktop/sun.awt.windows=ALL-UNNAMED --add-opens=java.desktop/sun.font=ALL-UNNAMED --add-opens=java.desktop/sun.java2d=ALL-UNNAMED --add-opens=java.desktop/sun.swing=ALL-UNNAMED --add-opens=java.desktop/sun.swing.text=ALL-UNNAMED --add-opens=java.management/sun.management=ALL-UNNAMED --add-opens=jdk.attach/sun.tools.attach=ALL-UNNAMED --add-opens=jdk.compiler/com.sun.tools.javac.api=ALL-UNNAMED --add-opens=jdk.internal.jvmstat/sun.jvmstat.monitor=ALL-UNNAMED --add-opens=jdk.jdi/com.sun.tools.jdi=ALL-UNNAMED -Dide.native.launcher=true -Djcef.sandbox.ptr=000002B11CBA4A70 -Djcef.sandbox.cefVersion=122.1.9+gd14e051+chromium-122.0.6261.94 -Dsun.jnu.encoding.sys=windows-936 com.intellij.idea.Main E:\Project\Git\Hodgepodge\Hodgepodge.uproject

Host: 12th Gen Intel(R) Core(TM) i7-12700H, 20 cores, 15G,  Windows 11 , 64 bit Build 26100 (10.0.26100.4484)
Time: Wed Sep 30 21:37:08 2026 elapsed time: 10378.219106 seconds (0d 2h 52m 58s)

---------------  T H R E A D  ---------------

Current thread (0x000002b14978a730):  JavaThread "C2 CompilerThread0" daemon [_thread_in_native, id=13448, stack(0x000000e2dbc00000,0x000000e2dbd00000) (1024K)]


Current CompileTask:
C2:10378219 107046       4       com.intellij.openapi.vfs.newvfs.persistent.PersistentFSTreeAccessor::loadChildren (87 bytes)

Stack: [0x000000e2dbc00000,0x000000e2dbd00000]
Native frames: (J=compiled Java code, j=interpreted, Vv=VM code, C=native code)
V  [jvm.dll+0x7c2949]  (no source info available)
V  [jvm.dll+0x78c01d]  (no source info available)
V  [jvm.dll+0xa105b3]  (no source info available)
V  [jvm.dll+0xa12dac]  (no source info available)
V  [jvm.dll+0xa134a3]  (no source info available)
V  [jvm.dll+0x308106]  (no source info available)
V  [jvm.dll+0x1149e6]  (no source info available)
V  [jvm.dll+0x114d16]  (no source info available)
V  [jvm.dll+0x1a9484]  (no source info available)
V  [jvm.dll+0x3c1b32]  (no source info available)
V  [jvm.dll+0x7c82b8]  (no source info available)
V  [jvm.dll+0x2ca127]  (no source info available)
V  [jvm.dll+0x2c909b]  (no source info available)
V  [jvm.dll+0x2408d0]  (no source info available)
V  [jvm.dll+0x2d9124]  (no source info available)
V  [jvm.dll+0x2d734b]  (no source info available)
V  [jvm.dll+0x49e865]  (no source info available)
V  [jvm.dll+0x9b047d]  (no source info available)
V  [jvm.dll+0x7c0e65]  (no source info available)
C  [ucrtbase.dll+0x37b0]  (no source info available)
C  [KERNEL32.DLL+0x2e8d7]  (no source info available)
C  [ntdll.dll+0x3c34c]  (no source info available)

Lock stack of current Java thread (top to bottom):


---------------  P R O C E S S  ---------------

Threads class SMR info:
_java_thread_list=0x000002b2316df470, length=165, elements={
0x000002b11ebe3060, 0x000002b11cb88cb0, 0x000002b14975c320, 0x000002b14975cee0,
0x000002b1497af5a0, 0x000002b1497b0160, 0x000002b1497b0d20, 0x000002b1497b2bf0,
0x000002b14978a730, 0x000002b14978af40, 0x000002b14e7288e0, 0x000002b1770fdd90,
0x000002b1770ffcd0, 0x000002b177db4f10, 0x000002b177db85c0, 0x000002b177db7df0,
0x000002b177dbc440, 0x000002b177dbbc70, 0x000002b177dba500, 0x000002b178142140,
0x000002b1781457f0, 0x000002b178ad2ac0, 0x000002b178ad3290, 0x000002b178b41440,
0x000002b178b42bb0, 0x000002b179b2ca20, 0x000002b179b2b2b0, 0x000002b179b2ba80,
0x000002b179c35380, 0x000002b179c41ea0, 0x000002b179ca7100, 0x000002b179cad690,
0x000002b179caee00, 0x000002b1079e3050, 0x000002b1079eebd0, 0x000002b1882f9000,
0x000002b1882fc6b0, 0x000002b1882fd650, 0x000002b1ccf75c40, 0x000002b1ccf76be0,
0x000002b1ccf73530, 0x000002b1ccf817c0, 0x000002b1ccf80ff0, 0x000002b1ccf84e70,
0x000002b1ccf87580, 0x000002b21d5295b0, 0x000002b21d528610, 0x000002b21d5339c0,
0x000002b21d538010, 0x000002b23a526ba0, 0x000002b24103e590, 0x000002b2497ab300,
0x000002b2497af950, 0x000002b2497b0120, 0x000002b2497bbca0, 0x000002b2497c31d0,
0x000002b2497d0c90, 0x000002b2497d2bd0, 0x000002b2497aab30, 0x000002b2497bb4d0,
0x000002b1079e6700, 0x000002b24103ddc0, 0x000002b25ec3cf50, 0x000002b25ec2c5b0,
0x000002b24103be80, 0x000002b268bb3170, 0x000002b268bb48e0, 0x000002b268bb1230,
0x000002b268bb8760, 0x000002b268bb9700, 0x000002b268bbd580, 0x000002b268bbae70,
0x000002b268bb9ed0, 0x000002b268bd5c20, 0x000002b268be36e0, 0x000002b25ec3b7e0,
0x000002b2729a6bf0, 0x000002b17b294c30, 0x000002b17b2a1750, 0x000002b17b2a26f0,
0x000002b17b2a0f80, 0x000002b17b29d8d0, 0x000002b17b2b6740, 0x000002b17b2bf3e0,
0x000002b17b2b9620, 0x000002b17b2c97f0, 0x000002b17b2cc6d0, 0x000002b17f734410,
0x000002b17f734be0, 0x000002b25ec1ac70, 0x000002b27d68a1e0, 0x000002b2497cbe70,
0x000002b2497ca700, 0x000002b17b2c0380, 0x000002b17b28fe10, 0x000002b17b291d50,
0x000002b17b2934c0, 0x000002b268bdf090, 0x000002b268bdb9e0, 0x000002b26852fb30,
0x000002b23a51bfc0, 0x000002b179c33c10, 0x000002b17f721b30, 0x000002b241e386a0,
0x000002b241e3ccf0, 0x000002b241e3f400, 0x000002b241e4ee00, 0x000002b241e55b60,
0x000002b241e56b00, 0x000002b241e57aa0, 0x000002b241e58270, 0x000002b2729bd350,
0x000002b2729c5ff0, 0x000002b241e6a380, 0x000002b241e67c70, 0x000002b241e6baf0,
0x000002b2685358f0, 0x000002b268532240, 0x000002b268536890, 0x000002b268543b80,
0x000002b268544350, 0x000002b179c3ff60, 0x000002b179c3e7f0, 0x000002b179c3d080,
0x000002b241e46160, 0x000002b241e63df0, 0x000002b2497b37d0, 0x000002b2497ced50,
0x000002b2497cc640, 0x000002b2497d1c30, 0x000002b2497d9930, 0x000002b27d66cd20,
0x000002b27d66c550, 0x000002b27d671370, 0x000002b27d6751f0, 0x000002b27d67c720,
0x000002b27d688a70, 0x000002b27d689240, 0x000002b27d689a10, 0x000002b27d68c120,
0x000002b27d650030, 0x000002b27d666790, 0x000002b27d667730, 0x000002b27d66a610,
0x000002b27d66ade0, 0x000002b27d669e40, 0x000002b17b2b6f10, 0x000002b17b292cf0,
0x000002b17b2b5f70, 0x000002b17b2c51a0, 0x000002b17b2c78b0, 0x000002b17b2c9020,
0x000002b2497d2400, 0x000002b2497d6a50, 0x000002b2497e6c20, 0x000002b2497e4510,
0x000002b2497b66b0, 0x000002b2497b7e20, 0x000002b2497b4f40, 0x000002b2497b8dc0,
0x000002b2497bfb20, 0x000002b2497c7ff0, 0x000002b2497c4940, 0x000002b2497c9760,
0x000002b26852ad10
}

Java Threads: ( => current thread )
  0x000002b11ebe3060 JavaThread "main"                              [_thread_blocked, id=19568, stack(0x000000e2dac00000,0x000000e2dae00000) (2048K)]
  0x000002b11cb88cb0 JavaThread "Common-Cleaner"             daemon [_thread_blocked, id=17732, stack(0x000000e2db500000,0x000000e2db600000) (1024K)]
  0x000002b14975c320 JavaThread "Reference Handler"          daemon [_thread_blocked, id=11420, stack(0x000000e2db600000,0x000000e2db700000) (1024K)]
  0x000002b14975cee0 JavaThread "Finalizer"                  daemon [_thread_blocked, id=23892, stack(0x000000e2db700000,0x000000e2db800000) (1024K)]
  0x000002b1497af5a0 JavaThread "Signal Dispatcher"          daemon [_thread_blocked, id=38672, stack(0x000000e2db800000,0x000000e2db900000) (1024K)]
  0x000002b1497b0160 JavaThread "Attach Listener"            daemon [_thread_blocked, id=30928, stack(0x000000e2db900000,0x000000e2dba00000) (1024K)]
  0x000002b1497b0d20 JavaThread "Service Thread"             daemon [_thread_blocked, id=36624, stack(0x000000e2dba00000,0x000000e2dbb00000) (1024K)]
  0x000002b1497b2bf0 JavaThread "Monitor Deflation Thread"   daemon [_thread_blocked, id=35216, stack(0x000000e2dbb00000,0x000000e2dbc00000) (1024K)]
=>0x000002b14978a730 JavaThread "C2 CompilerThread0"         daemon [_thread_in_native, id=13448, stack(0x000000e2dbc00000,0x000000e2dbd00000) (1024K)]
  0x000002b14978af40 JavaThread "C1 CompilerThread0"         daemon [_thread_blocked, id=9088, stack(0x000000e2dbd00000,0x000000e2dbe00000) (1024K)]
  0x000002b14e7288e0 JavaThread "Notification Thread"        daemon [_thread_blocked, id=26496, stack(0x000000e2dbe00000,0x000000e2dbf00000) (1024K)]
  0x000002b1770fdd90 JavaThread "DefaultDispatcher-worker-12" daemon [_thread_blocked, id=7104, stack(0x000000e2dd200000,0x000000e2dd300000) (1024K)]
  0x000002b1770ffcd0 JavaThread "DefaultDispatcher-worker-17" daemon [_thread_blocked, id=25452, stack(0x000000e2dd700000,0x000000e2dd800000) (1024K)]
  0x000002b177db4f10 JavaThread "Java2D Disposer"            daemon [_thread_blocked, id=29420, stack(0x000000e2de000000,0x000000e2de100000) (1024K)]
  0x000002b177db85c0 JavaThread "AWT-Shutdown"                      [_thread_blocked, id=11228, stack(0x000000e2de100000,0x000000e2de200000) (1024K)]
  0x000002b177db7df0 JavaThread "AWT-Windows"                daemon [_thread_in_native, id=17156, stack(0x000000e2de200000,0x000000e2de300000) (1024K)]
  0x000002b177dbc440 JavaThread "External Command Listener"  daemon [_thread_in_native, id=31016, stack(0x000000e2de300000,0x000000e2de400000) (1024K)]
  0x000002b177dbbc70 JavaThread "AWT-EventQueue-0"                  [_thread_blocked, id=14236, stack(0x000000e2de400000,0x000000e2de500000) (1024K)]
  0x000002b177dba500 JavaThread "kotlinx.coroutines.DefaultExecutor" daemon [_thread_blocked, id=33928, stack(0x000000e2de500000,0x000000e2de600000) (1024K)]
  0x000002b178142140 JavaThread "Kernel event loop thread d90q269iuq2l4ibr1jr2" daemon [_thread_blocked, id=23672, stack(0x000000e2de600000,0x000000e2de700000) (1024K)]
  0x000002b1781457f0 JavaThread "EarlyStartServerWire/Sender" daemon [_thread_blocked, id=22164, stack(0x000000e2de700000,0x000000e2de800000) (1024K)]
  0x000002b178ad2ac0 JavaThread "EarlyStartServerWire"       daemon [_thread_blocked, id=13604, stack(0x000000e2de800000,0x000000e2de900000) (1024K)]
  0x000002b178ad3290 JavaThread "SerializersBackgroundRegistrar" daemon [_thread_blocked, id=26880, stack(0x000000e2de900000,0x000000e2dea00000) (1024K)]
  0x000002b178b41440 JavaThread "DefaultDispatcher-worker-22" daemon [_thread_blocked, id=34312, stack(0x000000e2def00000,0x000000e2df000000) (1024K)]
  0x000002b178b42bb0 JavaThread "DefaultDispatcher-worker-23" daemon [_thread_blocked, id=35172, stack(0x000000e2df000000,0x000000e2df100000) (1024K)]
  0x000002b179b2ca20 JavaThread "DefaultDispatcher-worker-30" daemon [_thread_blocked, id=35020, stack(0x000000e2df700000,0x000000e2df800000) (1024K)]
  0x000002b179b2b2b0 JavaThread "DefaultDispatcher-worker-26" daemon [_thread_blocked, id=4700, stack(0x000000e2df900000,0x000000e2dfa00000) (1024K)]
  0x000002b179b2ba80 JavaThread "DefaultDispatcher-worker-8" daemon [_thread_blocked, id=27000, stack(0x000000e2dfa00000,0x000000e2dfb00000) (1024K)]
  0x000002b179c35380 JavaThread "DefaultDispatcher-worker-11" daemon [_thread_blocked, id=7048, stack(0x000000e2dfc00000,0x000000e2dfd00000) (1024K)]
  0x000002b179c41ea0 JavaThread "DefaultDispatcher-worker-3" daemon [_thread_blocked, id=7660, stack(0x000000e2e0a00000,0x000000e2e0b00000) (1024K)]
  0x000002b179ca7100 JavaThread "Program"                           [_thread_in_native, id=15844, stack(0x000000e2e0e00000,0x000000e2e0f00000) (1024K)]
  0x000002b179cad690 JavaThread "BaseDataReader: output stream of Program"        [_thread_in_native, id=21748, stack(0x000000e2e0f00000,0x000000e2e1000000) (1024K)]
  0x000002b179caee00 JavaThread "BaseDataReader: error stream of Program"        [_thread_in_native, id=8492, stack(0x000000e2e1000000,0x000000e2e1100000) (1024K)]
  0x000002b1079e3050 JavaThread "pool-4-thread-1"                   [_thread_blocked, id=20528, stack(0x000000e2e1300000,0x000000e2e1400000) (1024K)]
  0x000002b1079eebd0 JavaThread "Coroutines Debugger Cleaner" daemon [_thread_blocked, id=9028, stack(0x000000e2e1400000,0x000000e2e1500000) (1024K)]
  0x000002b1882f9000 JavaThread "PeriodicMetricReader"       daemon [_thread_blocked, id=9820, stack(0x000000e2e1500000,0x000000e2e1600000) (1024K)]
  0x000002b1882fc6b0 JavaThread "Periodic tasks thread"      daemon [_thread_blocked, id=32520, stack(0x000000e2e1600000,0x000000e2e1700000) (1024K)]
  0x000002b1882fd650 JavaThread "JNA Cleaner"                daemon [_thread_blocked, id=9540, stack(0x000000e2e1800000,0x000000e2e1900000) (1024K)]
  0x000002b1ccf75c40 JavaThread "fsnotifier.exe"                    [_thread_in_native, id=20936, stack(0x000000e2e1900000,0x000000e2e1a00000) (1024K)]
  0x000002b1ccf76be0 JavaThread "BaseDataReader: output stream of fsnotifier.exe"        [_thread_blocked, id=31224, stack(0x000000e2e1a00000,0x000000e2e1b00000) (1024K)]
  0x000002b1ccf73530 JavaThread "BaseDataReader: error stream of fsnotifier.exe"        [_thread_in_native, id=19464, stack(0x000000e2e1b00000,0x000000e2e1c00000) (1024K)]
  0x000002b1ccf817c0 JavaThread "Netty Station Server 1-1"   daemon [_thread_blocked, id=36788, stack(0x000000e2e1d00000,0x000000e2e1e00000) (1024K)]
  0x000002b1ccf80ff0 JavaThread "Netty Station Client 1-1"   daemon [_thread_blocked, id=27060, stack(0x000000e2e1e00000,0x000000e2e1f00000) (1024K)]
  0x000002b1ccf84e70 JavaThread "Netty Builtin Server 1"     daemon [_thread_blocked, id=25196, stack(0x000000e2e1f00000,0x000000e2e2000000) (1024K)]
  0x000002b1ccf87580 JavaThread "Reference Cleaner"          daemon [_thread_blocked, id=37016, stack(0x000000e2e2000000,0x000000e2e2100000) (1024K)]
  0x000002b21d5295b0 JavaThread "process reaper (pid 38488)" daemon [_thread_in_native, id=27420, stack(0x000000e2da580000,0x000000e2da5a0000) (128K)]
  0x000002b21d528610 JavaThread "WriteAheadLogFlusher"       daemon [_thread_blocked, id=22128, stack(0x000000e2e2a00000,0x000000e2e2b00000) (1024K)]
  0x000002b21d5339c0 JavaThread "TimerQueue"                 daemon [_thread_blocked, id=29160, stack(0x000000e2e2b00000,0x000000e2e2c00000) (1024K)]
  0x000002b21d538010 JavaThread "BackgroundScheduler"        daemon [_thread_blocked, id=16880, stack(0x000000e2e1100000,0x000000e2e1200000) (1024K)]
  0x000002b23a526ba0 JavaThread "Cleaner-0"                  daemon [_thread_blocked, id=37104, stack(0x000000e2e2d00000,0x000000e2e2e00000) (1024K)]
  0x000002b24103e590 JavaThread "Netty Station Client 1-2"   daemon [_thread_blocked, id=31908, stack(0x000000e2e3200000,0x000000e2e3300000) (1024K)]
  0x000002b2497ab300 JavaThread "worker1"                           [_thread_blocked, id=4312, stack(0x000000e2e3300000,0x000000e2e3400000) (1024K)]
  0x000002b2497af950 JavaThread "worker2"                           [_thread_blocked, id=8980, stack(0x000000e2e3400000,0x000000e2e3500000) (1024K)]
  0x000002b2497b0120 JavaThread "worker3"                           [_thread_blocked, id=2592, stack(0x000000e2e3500000,0x000000e2e3600000) (1024K)]
  0x000002b2497bbca0 JavaThread "Timer-0"                           [_thread_blocked, id=15884, stack(0x000000e2e3c00000,0x000000e2e3d00000) (1024K)]
  0x000002b2497c31d0 JavaThread "BaseDataReader: error stream of embeddings-server"        [_thread_in_native, id=9812, stack(0x000000e2e3e00000,0x000000e2e3f00000) (1024K)]
  0x000002b2497d0c90 JavaThread "DefaultDispatcher-worker-24" daemon [_thread_blocked, id=25052, stack(0x000000e2e4800000,0x000000e2e4900000) (1024K)]
  0x000002b2497d2bd0 JavaThread "DefaultDispatcher-worker-14" daemon [_thread_blocked, id=24472, stack(0x000000e2e4a00000,0x000000e2e4b00000) (1024K)]
  0x000002b2497aab30 JavaThread "JetBrains.DPA.Protocol.Backend_Server/Sender" daemon [_thread_blocked, id=35252, stack(0x000000e2e3100000,0x000000e2e3200000) (1024K)]
  0x000002b2497bb4d0 JavaThread "JetBrains.DPA.Protocol.Backend_Server" daemon [_thread_blocked, id=10368, stack(0x000000e2e5100000,0x000000e2e5200000) (1024K)]
  0x000002b1079e6700 JavaThread "JetBrains.DPA.Protocol.Backend_Render_Server/Sender" daemon [_thread_blocked, id=25660, stack(0x000000e2e5200000,0x000000e2e5300000) (1024K)]
  0x000002b24103ddc0 JavaThread "JetBrains.DPA.Protocol.Backend_Render_Server" daemon [_thread_blocked, id=33564, stack(0x000000e2e5300000,0x000000e2e5400000) (1024K)]
  0x000002b25ec3cf50 JavaThread "Thread-80"                         [_thread_in_native, id=26968, stack(0x000000e2e5500000,0x000000e2e5600000) (1024K)]
  0x000002b25ec2c5b0 JavaThread "FrontendToClrStackWorker/Sender" daemon [_thread_blocked, id=26424, stack(0x000000e2e5600000,0x000000e2e5700000) (1024K)]
  0x000002b24103be80 JavaThread "FrontendToClrStackWorker"   daemon [_thread_blocked, id=33580, stack(0x000000e2e5700000,0x000000e2e5800000) (1024K)]
  0x000002b268bb3170 JavaThread "pool-42-thread-1"                  [_thread_blocked, id=37420, stack(0x000000e2e5800000,0x000000e2e5900000) (1024K)]
  0x000002b268bb48e0 JavaThread "pool-46-thread-1"                  [_thread_in_native, id=33192, stack(0x000000e2e5900000,0x000000e2e5a00000) (1024K)]
  0x000002b268bb1230 JavaThread "Cosy-Heartbeat-Hodgepodge"         [_thread_blocked, id=3928, stack(0x000000e2e5a00000,0x000000e2e5b00000) (1024K)]
  0x000002b268bb8760 JavaThread "Cosy-AuthStatus-Refresher"  daemon [_thread_blocked, id=36500, stack(0x000000e2e5b00000,0x000000e2e5c00000) (1024K)]
  0x000002b268bb9700 JavaThread "worker4"                           [_thread_blocked, id=15376, stack(0x000000e2e5c00000,0x000000e2e5d00000) (1024K)]
  0x000002b268bbd580 JavaThread "worker5"                           [_thread_blocked, id=33000, stack(0x000000e2e5d00000,0x000000e2e5e00000) (1024K)]
  0x000002b268bbae70 JavaThread "worker6"                           [_thread_blocked, id=29288, stack(0x000000e2e5e00000,0x000000e2e5f00000) (1024K)]
  0x000002b268bb9ed0 JavaThread "worker7"                           [_thread_blocked, id=14772, stack(0x000000e2e5f00000,0x000000e2e6000000) (1024K)]
  0x000002b268bd5c20 JavaThread "DefaultDispatcher-worker-27" daemon [_thread_blocked, id=4292, stack(0x000000e2e6500000,0x000000e2e6600000) (1024K)]
  0x000002b268be36e0 JavaThread "DefaultDispatcher-worker-13" daemon [_thread_blocked, id=30056, stack(0x000000e2e6d00000,0x000000e2e6e00000) (1024K)]
  0x000002b25ec3b7e0 JavaThread "worker8"                    daemon [_thread_blocked, id=34840, stack(0x000000e2e7100000,0x000000e2e7200000) (1024K)]
  0x000002b2729a6bf0 JavaThread "BaseDataReader: output stream of embeddings-server"        [_thread_in_native, id=16696, stack(0x000000e2e7400000,0x000000e2e7500000) (1024K)]
  0x000002b17b294c30 JavaThread "embeddings-server"                 [_thread_in_native, id=23856, stack(0x000000e2e9500000,0x000000e2e9600000) (1024K)]
  0x000002b17b2a1750 JavaThread "ActiveTransmissionLoader-worker-0" daemon [_thread_blocked, id=28328, stack(0x000000e2e9900000,0x000000e2e9a00000) (1024K)]
  0x000002b17b2a26f0 JavaThread "HeartBeatProvider_heartBeatSenderService-0" daemon [_thread_blocked, id=20236, stack(0x000000e2e9b00000,0x000000e2e9c00000) (1024K)]
  0x000002b17b2a0f80 JavaThread "JVMResponsivenessMonitor"   daemon [_thread_blocked, id=17404, stack(0x000000e2e9600000,0x000000e2e9700000) (1024K)]
  0x000002b17b29d8d0 JavaThread "Windows Shell integration"  daemon [_thread_blocked, id=10480, stack(0x000000e2e7300000,0x000000e2e7400000) (1024K)]
  0x000002b17b2b6740 JavaThread "Jndi-Dns-address-change-listener" daemon [_thread_in_native, id=35560, stack(0x000000e2e9c00000,0x000000e2e9d00000) (1024K)]
  0x000002b17b2bf3e0 JavaThread "grpc-nio-worker-ELG-1-1"    daemon [_thread_in_native, id=28556, stack(0x000000e2e9d00000,0x000000e2e9e00000) (1024K)]
  0x000002b17b2b9620 JavaThread "grpc-nio-worker-ELG-1-2"    daemon [_thread_in_native, id=8180, stack(0x000000e2e7500000,0x000000e2e7600000) (1024K)]
  0x000002b17b2c97f0 JavaThread "index_thread1"                     [_thread_blocked, id=20176, stack(0x000000e2e8b00000,0x000000e2e8c00000) (1024K)]
  0x000002b17b2cc6d0 JavaThread "index_thread2"                     [_thread_blocked, id=34828, stack(0x000000e2e9400000,0x000000e2e9500000) (1024K)]
  0x000002b17f734410 JavaThread "pool-39-thread-1"                  [_thread_blocked, id=21184, stack(0x000000e2da900000,0x000000e2daa00000) (1024K)]
  0x000002b17f734be0 JavaThread "pool-40-thread-1"                  [_thread_blocked, id=2956, stack(0x000000e2daa00000,0x000000e2dab00000) (1024K)]
  0x000002b25ec1ac70 JavaThread "worker9"                           [_thread_blocked, id=2372, stack(0x000000e2e8d00000,0x000000e2e8e00000) (1024K)]
  0x000002b27d68a1e0 JavaThread "ApplicationImpl pooled thread 9"        [_thread_in_native, id=25936, stack(0x000000e2e3a00000,0x000000e2e3b00000) (1024K)]
  0x000002b2497cbe70 JavaThread "BaseDataReader: UnrealEditor.exe"        [_thread_in_native, id=31576, stack(0x000000e2e2700000,0x000000e2e2800000) (1024K)]
  0x000002b2497ca700 JavaThread "InlineEditActionProcessor-Thread"        [_thread_blocked, id=36964, stack(0x000000e2e2800000,0x000000e2e2900000) (1024K)]
  0x000002b17b2c0380 JavaThread "Thread-114"                        [_thread_blocked, id=38368, stack(0x000000e2e3700000,0x000000e2e3800000) (1024K)]
  0x000002b17b28fe10 JavaThread "pool-54-thread-1"                  [_thread_blocked, id=14424, stack(0x000000e2e3f00000,0x000000e2e4000000) (1024K)]
  0x000002b17b291d50 JavaThread "pool-56-thread-1"                  [_thread_blocked, id=38580, stack(0x000000e2e4000000,0x000000e2e4100000) (1024K)]
  0x000002b17b2934c0 JavaThread "pool-55-thread-1"                  [_thread_blocked, id=12500, stack(0x000000e2e4100000,0x000000e2e4200000) (1024K)]
  0x000002b268bdf090 JavaThread "DefaultDispatcher-worker-5" daemon [_thread_blocked, id=26948, stack(0x000000e2e4c00000,0x000000e2e4d00000) (1024K)]
  0x000002b268bdb9e0 JavaThread "DefaultDispatcher-worker-7" daemon [_thread_blocked, id=22148, stack(0x000000e2e4d00000,0x000000e2e4e00000) (1024K)]
  0x000002b26852fb30 JavaThread "DefaultDispatcher-worker-2" daemon [_thread_blocked, id=5668, stack(0x000000e2e6600000,0x000000e2e6700000) (1024K)]
  0x000002b23a51bfc0 JavaThread "DefaultDispatcher-worker-16" daemon [_thread_blocked, id=23288, stack(0x000000e2e6c00000,0x000000e2e6d00000) (1024K)]
  0x000002b179c33c10 JavaThread "DefaultDispatcher-worker-18" daemon [_thread_blocked, id=33684, stack(0x000000e2e7600000,0x000000e2e7700000) (1024K)]
  0x000002b17f721b30 JavaThread "LLDBFrontend.exe"                  [_thread_in_native, id=29732, stack(0x000000e2e2200000,0x000000e2e2300000) (1024K)]
  0x000002b241e386a0 JavaThread "BaseDataReader: error stream of LLDBFrontend.exe"        [_thread_in_native, id=33396, stack(0x000000e2e2300000,0x000000e2e2400000) (1024K)]
  0x000002b241e3ccf0 JavaThread "BaseDataReader: output stream of LLDBFrontend.exe"        [_thread_in_native, id=17988, stack(0x000000e2e3d00000,0x000000e2e3e00000) (1024K)]
  0x000002b241e3f400 JavaThread "BaseDataReader: UnrealEditor.exe"        [_thread_in_native, id=21108, stack(0x000000e2e4300000,0x000000e2e4400000) (1024K)]
  0x000002b241e4ee00 JavaThread "idle-timeout-task"          daemon [_thread_blocked, id=36216, stack(0x000000e2e2400000,0x000000e2e2500000) (1024K)]
  0x000002b241e55b60 JavaThread "HttpClient-106-SelectorManager" daemon [_thread_blocked, id=26560, stack(0x000000e2e7d00000,0x000000e2e7e00000) (1024K)]
  0x000002b241e56b00 JavaThread "HTTP-Dispatcher"                   [_thread_blocked, id=18808, stack(0x000000e2e7e00000,0x000000e2e7f00000) (1024K)]
  0x000002b241e57aa0 JavaThread "idle-timeout-task"          daemon [_thread_blocked, id=27808, stack(0x000000e2e7f00000,0x000000e2e8000000) (1024K)]
  0x000002b241e58270 JavaThread "HTTP-Dispatcher"                   [_thread_blocked, id=14040, stack(0x000000e2e8000000,0x000000e2e8100000) (1024K)]
  0x000002b2729bd350 JavaThread "grpc-nio-worker-ELG-1-3"    daemon [_thread_in_native, id=21980, stack(0x000000e2dcd00000,0x000000e2dce00000) (1024K)]
  0x000002b2729c5ff0 JavaThread "grpc-nio-worker-ELG-1-4"    daemon [_thread_in_native, id=13784, stack(0x000000e2dce00000,0x000000e2dcf00000) (1024K)]
  0x000002b241e6a380 JavaThread "DefaultDispatcher-worker-31" daemon [_thread_blocked, id=32088, stack(0x000000e2dd800000,0x000000e2dd900000) (1024K)]
  0x000002b241e67c70 JavaThread "DefaultDispatcher-worker-32" daemon [_thread_blocked, id=25904, stack(0x000000e2dd900000,0x000000e2dda00000) (1024K)]
  0x000002b241e6baf0 JavaThread "DefaultDispatcher-worker-34" daemon [_thread_blocked, id=17868, stack(0x000000e2df100000,0x000000e2df200000) (1024K)]
  0x000002b2685358f0 JavaThread "DefaultDispatcher-worker-19" daemon [_thread_blocked, id=28424, stack(0x000000e2dfd00000,0x000000e2dfe00000) (1024K)]
  0x000002b268532240 JavaThread "DefaultDispatcher-worker-10" daemon [_thread_blocked, id=14596, stack(0x000000e2dfe00000,0x000000e2dff00000) (1024K)]
  0x000002b268536890 JavaThread "DefaultDispatcher-worker-15" daemon [_thread_blocked, id=30380, stack(0x000000e2dff00000,0x000000e2e0000000) (1024K)]
  0x000002b268543b80 JavaThread "DefaultDispatcher-worker-33" daemon [_thread_blocked, id=33620, stack(0x000000e2e0000000,0x000000e2e0100000) (1024K)]
  0x000002b268544350 JavaThread "DefaultDispatcher-worker-1" daemon [_thread_blocked, id=21152, stack(0x000000e2e0200000,0x000000e2e0300000) (1024K)]
  0x000002b179c3ff60 JavaThread "DefaultDispatcher-worker-20" daemon [_thread_blocked, id=11960, stack(0x000000e2dc900000,0x000000e2dca00000) (1024K)]
  0x000002b179c3e7f0 JavaThread "DefaultDispatcher-worker-4" daemon [_thread_blocked, id=19276, stack(0x000000e2dca00000,0x000000e2dcb00000) (1024K)]
  0x000002b179c3d080 JavaThread "DefaultDispatcher-worker-9" daemon [_thread_blocked, id=23112, stack(0x000000e2dcb00000,0x000000e2dcc00000) (1024K)]
  0x000002b241e46160 JavaThread "DefaultDispatcher-worker-25" daemon [_thread_blocked, id=36476, stack(0x000000e2e0400000,0x000000e2e0500000) (1024K)]
  0x000002b241e63df0 JavaThread "DefaultDispatcher-worker-35" daemon [_thread_blocked, id=29728, stack(0x000000e2e0500000,0x000000e2e0600000) (1024K)]
  0x000002b2497b37d0 JavaThread "StatisticsFileEventLogger"         [_thread_blocked, id=22132, stack(0x000000e2dab00000,0x000000e2dac00000) (1024K)]
  0x000002b2497ced50 JavaThread "DefaultDispatcher-worker-21" daemon [_thread_blocked, id=11912, stack(0x000000e2dd400000,0x000000e2dd500000) (1024K)]
  0x000002b2497cc640 JavaThread "DefaultDispatcher-worker-6" daemon [_thread_blocked, id=32680, stack(0x000000e2dd500000,0x000000e2dd600000) (1024K)]
  0x000002b2497d1c30 JavaThread "DefaultDispatcher-worker-28" daemon [_thread_blocked, id=13840, stack(0x000000e2dd600000,0x000000e2dd700000) (1024K)]
  0x000002b2497d9930 JavaThread "DefaultDispatcher-worker-29" daemon [_thread_blocked, id=30376, stack(0x000000e2ded00000,0x000000e2dee00000) (1024K)]
  0x000002b27d66cd20 JavaThread "ApplicationImpl pooled thread 52"        [_thread_blocked, id=23100, stack(0x000000e2dc700000,0x000000e2dc800000) (1024K)]
  0x000002b27d66c550 JavaThread "JobScheduler FJ pool 0/19"  daemon [_thread_blocked, id=37992, stack(0x000000e2dc800000,0x000000e2dc900000) (1024K)]
  0x000002b27d671370 JavaThread "JobScheduler FJ pool 1/19"  daemon [_thread_blocked, id=2640, stack(0x000000e2dcc00000,0x000000e2dcd00000) (1024K)]
  0x000002b27d6751f0 JavaThread "JobScheduler FJ pool 2/19"  daemon [_thread_blocked, id=20348, stack(0x000000e2dd000000,0x000000e2dd100000) (1024K)]
  0x000002b27d67c720 JavaThread "JobScheduler FJ pool 3/19"  daemon [_thread_blocked, id=37412, stack(0x000000e2dd100000,0x000000e2dd200000) (1024K)]
  0x000002b27d688a70 JavaThread "DefaultDispatcher-worker-36" daemon [_thread_blocked, id=11792, stack(0x000000e2df300000,0x000000e2df400000) (1024K)]
  0x000002b27d689240 JavaThread "DefaultDispatcher-worker-37" daemon [_thread_blocked, id=36400, stack(0x000000e2df400000,0x000000e2df500000) (1024K)]
  0x000002b27d689a10 JavaThread "DefaultDispatcher-worker-38" daemon [_thread_blocked, id=28596, stack(0x000000e2df500000,0x000000e2df600000) (1024K)]
  0x000002b27d68c120 JavaThread "DefaultDispatcher-worker-39" daemon [_thread_blocked, id=27256, stack(0x000000e2df600000,0x000000e2df700000) (1024K)]
  0x000002b27d650030 JavaThread "DefaultDispatcher-worker-40" daemon [_thread_blocked, id=34012, stack(0x000000e2df800000,0x000000e2df900000) (1024K)]
  0x000002b27d666790 JavaThread "DefaultDispatcher-worker-41" daemon [_thread_blocked, id=14768, stack(0x000000e2dfb00000,0x000000e2dfc00000) (1024K)]
  0x000002b27d667730 JavaThread "DefaultDispatcher-worker-42" daemon [_thread_blocked, id=4496, stack(0x000000e2e0100000,0x000000e2e0200000) (1024K)]
  0x000002b27d66a610 JavaThread "DefaultDispatcher-worker-43" daemon [_thread_blocked, id=13548, stack(0x000000e2e0300000,0x000000e2e0400000) (1024K)]
  0x000002b27d66ade0 JavaThread "DefaultDispatcher-worker-44" daemon [_thread_blocked, id=2176, stack(0x000000e2e0600000,0x000000e2e0700000) (1024K)]
  0x000002b27d669e40 JavaThread "DefaultDispatcher-worker-45" daemon [_thread_blocked, id=12520, stack(0x000000e2e0700000,0x000000e2e0800000) (1024K)]
  0x000002b17b2b6f10 JavaThread "JobScheduler FJ pool 4/19"  daemon [_thread_blocked, id=4524, stack(0x000000e2e0800000,0x000000e2e0900000) (1024K)]
  0x000002b17b292cf0 JavaThread "JobScheduler FJ pool 5/19"  daemon [_thread_blocked, id=29660, stack(0x000000e2e0b00000,0x000000e2e0c00000) (1024K)]
  0x000002b17b2b5f70 JavaThread "JobScheduler FJ pool 6/19"  daemon [_thread_blocked, id=24072, stack(0x000000e2dcf00000,0x000000e2dd000000) (1024K)]
  0x000002b17b2c51a0 JavaThread "I/O pool 181"                      [_thread_blocked, id=12548, stack(0x000000e2dd300000,0x000000e2dd400000) (1024K)]
  0x000002b17b2c78b0 JavaThread "I/O pool 182"                      [_thread_blocked, id=3008, stack(0x000000e2dee00000,0x000000e2def00000) (1024K)]
  0x000002b17b2c9020 JavaThread "I/O pool 183"                      [_thread_blocked, id=36436, stack(0x000000e2df200000,0x000000e2df300000) (1024K)]
  0x000002b2497d2400 JavaThread "ApplicationImpl pooled thread 53"        [_thread_blocked, id=21448, stack(0x000000e2e0c00000,0x000000e2e0d00000) (1024K)]
  0x000002b2497d6a50 JavaThread "ApplicationImpl pooled thread 54"        [_thread_blocked, id=8688, stack(0x000000e2e0d00000,0x000000e2e0e00000) (1024K)]
  0x000002b2497e6c20 JavaThread "JobScheduler FJ pool 7/19"  daemon [_thread_blocked, id=3792, stack(0x000000e2e1700000,0x000000e2e1800000) (1024K)]
  0x000002b2497e4510 JavaThread "JobScheduler FJ pool 8/19"  daemon [_thread_blocked, id=12176, stack(0x000000e2e2500000,0x000000e2e2600000) (1024K)]
  0x000002b2497b66b0 JavaThread "JobScheduler FJ pool 9/19"  daemon [_thread_blocked, id=2852, stack(0x000000e2e2600000,0x000000e2e2700000) (1024K)]
  0x000002b2497b7e20 JavaThread "JobScheduler FJ pool 10/19" daemon [_thread_blocked, id=16624, stack(0x000000e2e2900000,0x000000e2e2a00000) (1024K)]
  0x000002b2497b4f40 JavaThread "JobScheduler FJ pool 11/19" daemon [_thread_blocked, id=18820, stack(0x000000e2e2c00000,0x000000e2e2d00000) (1024K)]
  0x000002b2497b8dc0 JavaThread "JobScheduler FJ pool 12/19" daemon [_thread_blocked, id=24636, stack(0x000000e2e2e00000,0x000000e2e2f00000) (1024K)]
  0x000002b2497bfb20 JavaThread "JobScheduler FJ pool 13/19" daemon [_thread_blocked, id=7096, stack(0x000000e2e2f00000,0x000000e2e3000000) (1024K)]
  0x000002b2497c7ff0 JavaThread "JobScheduler FJ pool 14/19" daemon [_thread_blocked, id=5324, stack(0x000000e2e3000000,0x000000e2e3100000) (1024K)]
  0x000002b2497c4940 JavaThread "JobScheduler FJ pool 15/19" daemon [_thread_blocked, id=28964, stack(0x000000e2e3600000,0x000000e2e3700000) (1024K)]
  0x000002b2497c9760 JavaThread "JobScheduler FJ pool 16/19" daemon [_thread_blocked, id=31416, stack(0x000000e2e3800000,0x000000e2e3900000) (1024K)]
  0x000002b26852ad10 JavaThread "JobScheduler FJ pool 17/19" daemon [_thread_blocked, id=28780, stack(0x000000e2e3900000,0x000000e2e3a00000) (1024K)]
Total: 165

Other Threads:
  0x000002b11eddafd0 VMThread "VM Thread"                           [id=35120, stack(0x000000e2db400000,0x000000e2db500000) (1024K)]
  0x000002b149730b00 WatcherThread "VM Periodic Task Thread"        [id=34296, stack(0x000000e2db300000,0x000000e2db400000) (1024K)]
  0x000002b11f2ee840 WorkerThread "GC Thread#0"                     [id=38712, stack(0x000000e2dae00000,0x000000e2daf00000) (1024K)]
  0x000002b1498bb690 WorkerThread "GC Thread#1"                     [id=32820, stack(0x000000e2dbf00000,0x000000e2dc000000) (1024K)]
  0x000002b1498bcc20 WorkerThread "GC Thread#2"                     [id=28696, stack(0x000000e2dc000000,0x000000e2dc100000) (1024K)]
  0x000002b1498bd4c0 WorkerThread "GC Thread#3"                     [id=35660, stack(0x000000e2dc100000,0x000000e2dc200000) (1024K)]
  0x000002b1498ba100 WorkerThread "GC Thread#4"                     [id=17712, stack(0x000000e2dc200000,0x000000e2dc300000) (1024K)]
  0x000002b1498ba550 WorkerThread "GC Thread#5"                     [id=14100, stack(0x000000e2dc300000,0x000000e2dc400000) (1024K)]
  0x000002b176ed43c0 WorkerThread "GC Thread#6"                     [id=25208, stack(0x000000e2dc400000,0x000000e2dc500000) (1024K)]
  0x000002b176ed4c60 WorkerThread "GC Thread#7"                     [id=8660, stack(0x000000e2dc500000,0x000000e2dc600000) (1024K)]
  0x000002b176ed5500 WorkerThread "GC Thread#8"                     [id=8752, stack(0x000000e2dc600000,0x000000e2dc700000) (1024K)]
  0x000002b177700a50 WorkerThread "GC Thread#9"                     [id=14920, stack(0x000000e2dda00000,0x000000e2ddb00000) (1024K)]
  0x000002b1776ffd60 WorkerThread "GC Thread#10"                    [id=18996, stack(0x000000e2ddb00000,0x000000e2ddc00000) (1024K)]
  0x000002b1776ff070 WorkerThread "GC Thread#11"                    [id=32616, stack(0x000000e2ddc00000,0x000000e2ddd00000) (1024K)]
  0x000002b1784d52e0 WorkerThread "GC Thread#12"                    [id=19104, stack(0x000000e2dea00000,0x000000e2deb00000) (1024K)]
  0x000002b1784d1680 WorkerThread "GC Thread#13"                    [id=14324, stack(0x000000e2deb00000,0x000000e2dec00000) (1024K)]
  0x000002b1784d6420 WorkerThread "GC Thread#14"                    [id=33464, stack(0x000000e2dec00000,0x000000e2ded00000) (1024K)]
  0x000002b11ec91600 ConcurrentGCThread "G1 Main Marker"            [id=29896, stack(0x000000e2daf00000,0x000000e2db000000) (1024K)]
  0x000002b11ec92050 WorkerThread "G1 Conc#0"                       [id=19124, stack(0x000000e2db000000,0x000000e2db100000) (1024K)]
  0x000002b177701740 WorkerThread "G1 Conc#1"                       [id=26776, stack(0x000000e2ddd00000,0x000000e2dde00000) (1024K)]
  0x000002b177701b90 WorkerThread "G1 Conc#2"                       [id=5776, stack(0x000000e2dde00000,0x000000e2ddf00000) (1024K)]
  0x000002b1777001b0 WorkerThread "G1 Conc#3"                       [id=10892, stack(0x000000e2ddf00000,0x000000e2de000000) (1024K)]
  0x000002b11ed0f4a0 ConcurrentGCThread "G1 Refine#0"               [id=28388, stack(0x000000e2db100000,0x000000e2db200000) (1024K)]
  0x000002b11ed0fe60 ConcurrentGCThread "G1 Service"                [id=24980, stack(0x000000e2db200000,0x000000e2db300000) (1024K)]
Total: 24

Threads with active compile tasks:
C2 CompilerThread0  10378422 107046       4       com.intellij.openapi.vfs.newvfs.persistent.PersistentFSTreeAccessor::loadChildren (87 bytes)
Total: 1

VM state: at safepoint (normal execution)

VM Mutex/Monitor currently owned by a thread:  ([mutex/lock_event])
[0x00007ffa4d6125b0] FreeList_lock - owner thread: 0x000002b176ed5500
[0x00007ffa4d614e30] Threads_lock - owner thread: 0x000002b11eddafd0
[0x00007ffa4d614fb0] Heap_lock - owner thread: 0x000002b2497b37d0

Heap address: 0x0000000080000000, size: 2048 MB, Compressed Oops mode: 32-bit

CDS archive(s) not mapped
Compressed class space mapped at: 0x000000002c000000-0x000000006c000000, reserved size: 1073741824
UseCompressedClassPointers 1, UseCompactObjectHeaders 1
Narrow klass pointer bits 22, Max shift 10
Narrow klass base: 0x000000002c000000, Narrow klass shift: 9
Encoding Range: [0x000000002c000000 - 0x00000000ac000000), (2147483648 bytes)
Klass Range:    [0x000000002c000000 - 0x000000006c000000), (1073741824 bytes)
Klass ID Range:  [1 - 2097152) (2097151)
Protection zone: [0x000000002c000000 - 0x000000002c010000), (65536 bytes)

GC Precious Log:
 CardTable entry size: 512
 Card Set container configuration: InlinePtr #cards 5 size 8 Array Of Cards #cards 10 size 36 Howl #buckets 4 coarsen threshold 1843 Howl Bitmap #cards 512 size 80 coarsen threshold 460 Card regions per heap region 1 cards per card region 2048
 CPUs: 20 total, 20 available
 Memory: 16088M
 Large Page Support: Disabled
 NUMA Support: Disabled
 Compressed Oops: Enabled (32-bit)
 Heap Region Size: 1M
 Heap Min Capacity: 128M
 Heap Initial Capacity: 128M
 Heap Max Capacity: 2G
 Pre-touch: Disabled
 Parallel Workers: 15
 Concurrent Workers: 4
 Concurrent Refinement Workers: 15
 Periodic GC: Disabled

Heap:
 garbage-first heap   total reserved 2097152K, committed 1053696K, used 1043620K [0x0000000080000000, 0x0000000100000000)
  region size 1024K, 354 young (362496K), 0 survivors (0K)

Heap Regions: E=young(eden), S=young(survivor), O=old, HS=humongous(starts), HC=humongous(continues), CS=collection set, F=free, TAMS=top-at-mark-start, PB=parsable bottom
|   0|0x0000000080000000, 0x00000000800fde78, 0x0000000080100000| 99%| O|  |TAMS 0x0000000080000000| PB 0x0000000080000000| Untracked |  0
|   1|0x0000000080100000, 0x00000000801f34c8, 0x0000000080200000| 95%| O|  |TAMS 0x0000000080100000| PB 0x0000000080100000| Untracked |  0
|   2|0x0000000080200000, 0x00000000802fe138, 0x0000000080300000| 99%| O|  |TAMS 0x0000000080200000| PB 0x0000000080200000| Untracked |  0
|   3|0x0000000080300000, 0x0000000080400000, 0x0000000080400000|100%| O|  |TAMS 0x0000000080300000| PB 0x0000000080300000| Untracked |  0
|   4|0x0000000080400000, 0x00000000804fffc8, 0x0000000080500000| 99%| O|  |TAMS 0x0000000080400000| PB 0x0000000080400000| Untracked |  0
|   5|0x0000000080500000, 0x0000000080600000, 0x0000000080600000|100%| O|  |TAMS 0x0000000080500000| PB 0x0000000080500000| Untracked |  0
|   6|0x0000000080600000, 0x0000000080700000, 0x0000000080700000|100%| O|  |TAMS 0x0000000080600000| PB 0x0000000080600000| Untracked |  0
|   7|0x0000000080700000, 0x0000000080800000, 0x0000000080800000|100%| O|  |TAMS 0x0000000080700000| PB 0x0000000080700000| Untracked |  0
|   8|0x0000000080800000, 0x0000000080900000, 0x0000000080900000|100%| O|  |TAMS 0x0000000080800000| PB 0x0000000080800000| Untracked |  0
|   9|0x0000000080900000, 0x00000000809ffff0, 0x0000000080a00000| 99%| O|  |TAMS 0x0000000080900000| PB 0x0000000080900000| Untracked |  0
|  10|0x0000000080a00000, 0x0000000080affff0, 0x0000000080b00000| 99%| O|  |TAMS 0x0000000080a00000| PB 0x0000000080a00000| Untracked |  0
|  11|0x0000000080b00000, 0x0000000080bffff8, 0x0000000080c00000| 99%| O|  |TAMS 0x0000000080b00000| PB 0x0000000080b00000| Untracked |  0
|  12|0x0000000080c00000, 0x0000000080d00000, 0x0000000080d00000|100%| O|  |TAMS 0x0000000080c00000| PB 0x0000000080c00000| Untracked |  0
|  13|0x0000000080d00000, 0x0000000080dffff8, 0x0000000080e00000| 99%| O|  |TAMS 0x0000000080d00000| PB 0x0000000080d00000| Untracked |  0
|  14|0x0000000080e00000, 0x0000000080f00000, 0x0000000080f00000|100%| O|  |TAMS 0x0000000080e00000| PB 0x0000000080e00000| Untracked |  0
|  15|0x0000000080f00000, 0x0000000080fffff8, 0x0000000081000000| 99%| O|  |TAMS 0x0000000080f00000| PB 0x0000000080f00000| Untracked |  0
|  16|0x0000000081000000, 0x00000000810fffe8, 0x0000000081100000| 99%| O|  |TAMS 0x0000000081000000| PB 0x0000000081000000| Untracked |  0
|  17|0x0000000081100000, 0x00000000811ffff0, 0x0000000081200000| 99%| O|  |TAMS 0x0000000081100000| PB 0x0000000081100000| Untracked |  0
|  18|0x0000000081200000, 0x00000000812ffff0, 0x0000000081300000| 99%| O|  |TAMS 0x0000000081200000| PB 0x0000000081200000| Untracked |  0
|  19|0x0000000081300000, 0x00000000813fffd0, 0x0000000081400000| 99%| O|  |TAMS 0x0000000081300000| PB 0x0000000081300000| Untracked |  0
|  20|0x0000000081400000, 0x00000000814fffe8, 0x0000000081500000| 99%| O|  |TAMS 0x0000000081400000| PB 0x0000000081400000| Untracked |  0
|  21|0x0000000081500000, 0x0000000081600000, 0x0000000081600000|100%| O|  |TAMS 0x0000000081500000| PB 0x0000000081500000| Untracked |  0
|  22|0x0000000081600000, 0x00000000816ffff8, 0x0000000081700000| 99%| O|  |TAMS 0x0000000081600000| PB 0x0000000081600000| Untracked |  0
|  23|0x0000000081700000, 0x00000000817ff538, 0x0000000081800000| 99%| O|  |TAMS 0x0000000081700000| PB 0x0000000081700000| Untracked |  0
|  24|0x0000000081800000, 0x00000000818fffb0, 0x0000000081900000| 99%| O|  |TAMS 0x0000000081800000| PB 0x0000000081800000| Untracked |  0
|  25|0x0000000081900000, 0x0000000081a00000, 0x0000000081a00000|100%|HS|  |TAMS 0x0000000081900000| PB 0x0000000081900000| Complete |  0
|  26|0x0000000081a00000, 0x0000000081affff0, 0x0000000081b00000| 99%| O|  |TAMS 0x0000000081a00000| PB 0x0000000081a00000| Untracked |  0
|  27|0x0000000081b00000, 0x0000000081c00000, 0x0000000081c00000|100%| O|  |TAMS 0x0000000081b00000| PB 0x0000000081b00000| Untracked |  0
|  28|0x0000000081c00000, 0x0000000081cfffa8, 0x0000000081d00000| 99%| O|  |TAMS 0x0000000081c00000| PB 0x0000000081c00000| Untracked |  0
|  29|0x0000000081d00000, 0x0000000081dfffd0, 0x0000000081e00000| 99%| O|  |TAMS 0x0000000081d00000| PB 0x0000000081d00000| Untracked |  0
|  30|0x0000000081e00000, 0x0000000081f00000, 0x0000000081f00000|100%| O|  |TAMS 0x0000000081e00000| PB 0x0000000081e00000| Untracked |  0
|  31|0x0000000081f00000, 0x0000000082000000, 0x0000000082000000|100%|HS|  |TAMS 0x0000000081f00000| PB 0x0000000081f00000| Complete |  0
|  32|0x0000000082000000, 0x0000000082100000, 0x0000000082100000|100%| O|  |TAMS 0x0000000082000000| PB 0x0000000082000000| Untracked |  0
|  33|0x0000000082100000, 0x00000000821ffff0, 0x0000000082200000| 99%| O|  |TAMS 0x0000000082100000| PB 0x0000000082100000| Untracked |  0
|  34|0x0000000082200000, 0x00000000822ffff8, 0x0000000082300000| 99%| O|  |TAMS 0x0000000082200000| PB 0x0000000082200000| Untracked |  0
|  35|0x0000000082300000, 0x00000000823fce68, 0x0000000082400000| 98%| O|  |TAMS 0x0000000082300000| PB 0x0000000082300000| Untracked |  0
|  36|0x0000000082400000, 0x00000000824ffff8, 0x0000000082500000| 99%| O|  |TAMS 0x0000000082400000| PB 0x0000000082400000| Untracked |  0
|  37|0x0000000082500000, 0x0000000082600000, 0x0000000082600000|100%| O|  |TAMS 0x0000000082500000| PB 0x0000000082500000| Untracked |  0
|  38|0x0000000082600000, 0x0000000082700000, 0x0000000082700000|100%| O|  |TAMS 0x0000000082600000| PB 0x0000000082600000| Untracked |  0
|  39|0x0000000082700000, 0x0000000082800000, 0x0000000082800000|100%| O|  |TAMS 0x0000000082700000| PB 0x0000000082700000| Untracked |  0
|  40|0x0000000082800000, 0x00000000828ffff8, 0x0000000082900000| 99%| O|  |TAMS 0x0000000082800000| PB 0x0000000082800000| Untracked |  0
|  41|0x0000000082900000, 0x0000000082a00000, 0x0000000082a00000|100%| O|  |TAMS 0x0000000082900000| PB 0x0000000082900000| Untracked |  0
|  42|0x0000000082a00000, 0x0000000082afdec0, 0x0000000082b00000| 99%| O|  |TAMS 0x0000000082a00000| PB 0x0000000082a00000| Untracked |  0
|  43|0x0000000082b00000, 0x0000000082c00000, 0x0000000082c00000|100%| O|  |TAMS 0x0000000082b00000| PB 0x0000000082b00000| Untracked |  0
|  44|0x0000000082c00000, 0x0000000082cfffc8, 0x0000000082d00000| 99%| O|  |TAMS 0x0000000082c00000| PB 0x0000000082c00000| Untracked |  0
|  45|0x0000000082d00000, 0x0000000082dffff8, 0x0000000082e00000| 99%| O|  |TAMS 0x0000000082d00000| PB 0x0000000082d00000| Untracked |  0
|  46|0x0000000082e00000, 0x0000000082f00000, 0x0000000082f00000|100%| O|  |TAMS 0x0000000082e00000| PB 0x0000000082e00000| Untracked |  0
|  47|0x0000000082f00000, 0x0000000083000000, 0x0000000083000000|100%| O|  |TAMS 0x0000000082f00000| PB 0x0000000082f00000| Untracked |  0
|  48|0x0000000083000000, 0x00000000830fecd0, 0x0000000083100000| 99%| O|  |TAMS 0x0000000083000000| PB 0x0000000083000000| Untracked |  0
|  49|0x0000000083100000, 0x00000000831ffac0, 0x0000000083200000| 99%| O|  |TAMS 0x0000000083100000| PB 0x0000000083100000| Untracked |  0
|  50|0x0000000083200000, 0x00000000832f71a0, 0x0000000083300000| 96%| O|  |TAMS 0x0000000083200000| PB 0x0000000083200000| Untracked |  0
|  51|0x0000000083300000, 0x00000000833f9ea8, 0x0000000083400000| 97%| O|  |TAMS 0x0000000083300000| PB 0x0000000083300000| Untracked |  0
|  52|0x0000000083400000, 0x00000000834fffc8, 0x0000000083500000| 99%| O|  |TAMS 0x0000000083400000| PB 0x0000000083400000| Untracked |  0
|  53|0x0000000083500000, 0x00000000835feb60, 0x0000000083600000| 99%| O|  |TAMS 0x0000000083500000| PB 0x0000000083500000| Untracked |  0
|  54|0x0000000083600000, 0x00000000836fedc8, 0x0000000083700000| 99%| O|  |TAMS 0x0000000083600000| PB 0x0000000083600000| Untracked |  0
|  55|0x0000000083700000, 0x0000000083800000, 0x0000000083800000|100%| O|  |TAMS 0x0000000083700000| PB 0x0000000083700000| Untracked |  0
|  56|0x0000000083800000, 0x00000000838ffff8, 0x0000000083900000| 99%| O|  |TAMS 0x0000000083800000| PB 0x0000000083800000| Untracked |  0
|  57|0x0000000083900000, 0x00000000839ffff0, 0x0000000083a00000| 99%| O|  |TAMS 0x0000000083900000| PB 0x0000000083900000| Untracked |  0
|  58|0x0000000083a00000, 0x0000000083afffe0, 0x0000000083b00000| 99%| O|  |TAMS 0x0000000083a00000| PB 0x0000000083a00000| Untracked |  0
|  59|0x0000000083b00000, 0x0000000083bfff68, 0x0000000083c00000| 99%| O|  |TAMS 0x0000000083b00000| PB 0x0000000083b00000| Untracked |  0
|  60|0x0000000083c00000, 0x0000000083cfc520, 0x0000000083d00000| 98%| O|  |TAMS 0x0000000083c00000| PB 0x0000000083c00000| Untracked |  0
|  61|0x0000000083d00000, 0x0000000083dfffd0, 0x0000000083e00000| 99%| O|  |TAMS 0x0000000083d00000| PB 0x0000000083d00000| Untracked |  0
|  62|0x0000000083e00000, 0x0000000083effff8, 0x0000000083f00000| 99%| O|  |TAMS 0x0000000083e00000| PB 0x0000000083e00000| Untracked |  0
|  63|0x0000000083f00000, 0x0000000083ffdc80, 0x0000000084000000| 99%| O|  |TAMS 0x0000000083f00000| PB 0x0000000083f00000| Untracked |  0
|  64|0x0000000084000000, 0x00000000840ffff0, 0x0000000084100000| 99%| O|  |TAMS 0x0000000084000000| PB 0x0000000084000000| Untracked |  0
|  65|0x0000000084100000, 0x00000000841ffff8, 0x0000000084200000| 99%| O|  |TAMS 0x0000000084100000| PB 0x0000000084100000| Untracked |  0
|  66|0x0000000084200000, 0x00000000842f5cc8, 0x0000000084300000| 96%| O|  |TAMS 0x0000000084200000| PB 0x0000000084200000| Untracked |  0
|  67|0x0000000084300000, 0x00000000843fffe8, 0x0000000084400000| 99%| O|  |TAMS 0x0000000084300000| PB 0x0000000084300000| Untracked |  0
|  68|0x0000000084400000, 0x0000000084500000, 0x0000000084500000|100%| O|  |TAMS 0x0000000084400000| PB 0x0000000084400000| Untracked |  0
|  69|0x0000000084500000, 0x0000000084600000, 0x0000000084600000|100%| O|  |TAMS 0x0000000084500000| PB 0x0000000084500000| Untracked |  0
|  70|0x0000000084600000, 0x0000000084700000, 0x0000000084700000|100%| O|  |TAMS 0x0000000084600000| PB 0x0000000084600000| Untracked |  0
|  71|0x0000000084700000, 0x00000000847ffd38, 0x0000000084800000| 99%| O|  |TAMS 0x0000000084700000| PB 0x0000000084700000| Untracked |  0
|  72|0x0000000084800000, 0x00000000848ffff8, 0x0000000084900000| 99%| O|  |TAMS 0x0000000084800000| PB 0x0000000084800000| Untracked |  0
|  73|0x0000000084900000, 0x0000000084a00000, 0x0000000084a00000|100%| O|  |TAMS 0x0000000084900000| PB 0x0000000084900000| Untracked |  0
|  74|0x0000000084a00000, 0x0000000084affff0, 0x0000000084b00000| 99%| O|  |TAMS 0x0000000084a00000| PB 0x0000000084a00000| Untracked |  0
|  75|0x0000000084b00000, 0x0000000084bffff8, 0x0000000084c00000| 99%| O|  |TAMS 0x0000000084b00000| PB 0x0000000084b00000| Untracked |  0
|  76|0x0000000084c00000, 0x0000000084cffff0, 0x0000000084d00000| 99%| O|  |TAMS 0x0000000084c00000| PB 0x0000000084c00000| Untracked |  0
|  77|0x0000000084d00000, 0x0000000084dffff8, 0x0000000084e00000| 99%| O|  |TAMS 0x0000000084d00000| PB 0x0000000084d00000| Untracked |  0
|  78|0x0000000084e00000, 0x0000000084effff8, 0x0000000084f00000| 99%| O|  |TAMS 0x0000000084e00000| PB 0x0000000084e00000| Untracked |  0
|  79|0x0000000084f00000, 0x0000000084fffff8, 0x0000000085000000| 99%| O|  |TAMS 0x0000000084f00000| PB 0x0000000084f00000| Untracked |  0
|  80|0x0000000085000000, 0x0000000085100000, 0x0000000085100000|100%|HS|  |TAMS 0x0000000085000000| PB 0x0000000085000000| Complete |  0
|  81|0x0000000085100000, 0x0000000085200000, 0x0000000085200000|100%|HC|  |TAMS 0x0000000085100000| PB 0x0000000085100000| Complete |  0
|  82|0x0000000085200000, 0x0000000085300000, 0x0000000085300000|100%| O|  |TAMS 0x0000000085200000| PB 0x0000000085200000| Untracked |  0
|  83|0x0000000085300000, 0x00000000853ffff0, 0x0000000085400000| 99%| O|  |TAMS 0x0000000085300000| PB 0x0000000085300000| Untracked |  0
|  84|0x0000000085400000, 0x0000000085500000, 0x0000000085500000|100%|HS|  |TAMS 0x0000000085400000| PB 0x0000000085400000| Complete |  0
|  85|0x0000000085500000, 0x00000000855ffff0, 0x0000000085600000| 99%| O|  |TAMS 0x0000000085500000| PB 0x0000000085500000| Untracked |  0
|  86|0x0000000085600000, 0x00000000856fffe8, 0x0000000085700000| 99%| O|  |TAMS 0x0000000085600000| PB 0x0000000085600000| Untracked |  0
|  87|0x0000000085700000, 0x00000000857fffe8, 0x0000000085800000| 99%| O|  |TAMS 0x0000000085700000| PB 0x0000000085700000| Untracked |  0
|  88|0x0000000085800000, 0x00000000858ff860, 0x0000000085900000| 99%| O|  |TAMS 0x0000000085800000| PB 0x0000000085800000| Untracked |  0
|  89|0x0000000085900000, 0x00000000859fffe8, 0x0000000085a00000| 99%| O|  |TAMS 0x0000000085900000| PB 0x0000000085900000| Untracked |  0
|  90|0x0000000085a00000, 0x0000000085affca0, 0x0000000085b00000| 99%| O|  |TAMS 0x0000000085a00000| PB 0x0000000085a00000| Untracked |  0
|  91|0x0000000085b00000, 0x0000000085bfffe8, 0x0000000085c00000| 99%| O|  |TAMS 0x0000000085b00000| PB 0x0000000085b00000| Untracked |  0
|  92|0x0000000085c00000, 0x0000000085cffff0, 0x0000000085d00000| 99%| O|  |TAMS 0x0000000085c00000| PB 0x0000000085c00000| Untracked |  0
|  93|0x0000000085d00000, 0x0000000085dffff8, 0x0000000085e00000| 99%| O|  |TAMS 0x0000000085d00000| PB 0x0000000085d00000| Untracked |  0
|  94|0x0000000085e00000, 0x0000000085effff0, 0x0000000085f00000| 99%| O|  |TAMS 0x0000000085e00000| PB 0x0000000085e00000| Untracked |  0
|  95|0x0000000085f00000, 0x0000000085ffffc8, 0x0000000086000000| 99%| O|  |TAMS 0x0000000085f00000| PB 0x0000000085f00000| Untracked |  0
|  96|0x0000000086000000, 0x00000000860ffff0, 0x0000000086100000| 99%| O|  |TAMS 0x0000000086000000| PB 0x0000000086000000| Untracked |  0
|  97|0x0000000086100000, 0x00000000861ff128, 0x0000000086200000| 99%| O|  |TAMS 0x0000000086100000| PB 0x0000000086100000| Untracked |  0
|  98|0x0000000086200000, 0x0000000086300000, 0x0000000086300000|100%|HS|  |TAMS 0x0000000086200000| PB 0x0000000086200000| Complete |  0
|  99|0x0000000086300000, 0x0000000086400000, 0x0000000086400000|100%|HS|  |TAMS 0x0000000086300000| PB 0x0000000086300000| Complete |  0
| 100|0x0000000086400000, 0x0000000086500000, 0x0000000086500000|100%|HC|  |TAMS 0x0000000086400000| PB 0x0000000086400000| Complete |  0
| 101|0x0000000086500000, 0x0000000086600000, 0x0000000086600000|100%|HC|  |TAMS 0x0000000086500000| PB 0x0000000086500000| Complete |  0
| 102|0x0000000086600000, 0x0000000086700000, 0x0000000086700000|100%|HC|  |TAMS 0x0000000086600000| PB 0x0000000086600000| Complete |  0
| 103|0x0000000086700000, 0x0000000086800000, 0x0000000086800000|100%|HC|  |TAMS 0x0000000086700000| PB 0x0000000086700000| Complete |  0
| 104|0x0000000086800000, 0x00000000868ffff0, 0x0000000086900000| 99%| O|  |TAMS 0x0000000086800000| PB 0x0000000086800000| Untracked |  0
| 105|0x0000000086900000, 0x00000000869fffb0, 0x0000000086a00000| 99%| O|  |TAMS 0x0000000086900000| PB 0x0000000086900000| Untracked |  0
| 106|0x0000000086a00000, 0x0000000086afffe8, 0x0000000086b00000| 99%| O|  |TAMS 0x0000000086a00000| PB 0x0000000086a00000| Untracked |  0
| 107|0x0000000086b00000, 0x0000000086bffde8, 0x0000000086c00000| 99%| O|  |TAMS 0x0000000086b00000| PB 0x0000000086b00000| Untracked |  0
| 108|0x0000000086c00000, 0x0000000086cffff8, 0x0000000086d00000| 99%| O|  |TAMS 0x0000000086c00000| PB 0x0000000086c00000| Untracked |  0
| 109|0x0000000086d00000, 0x0000000086dffff8, 0x0000000086e00000| 99%| O|  |TAMS 0x0000000086d00000| PB 0x0000000086d00000| Untracked |  0
| 110|0x0000000086e00000, 0x0000000086efffe8, 0x0000000086f00000| 99%| O|  |TAMS 0x0000000086e00000| PB 0x0000000086e00000| Untracked |  0
| 111|0x0000000086f00000, 0x0000000087000000, 0x0000000087000000|100%|HS|  |TAMS 0x0000000086f00000| PB 0x0000000086f00000| Complete |  0
| 112|0x0000000087000000, 0x0000000087100000, 0x0000000087100000|100%|HC|  |TAMS 0x0000000087000000| PB 0x0000000087000000| Complete |  0
| 113|0x0000000087100000, 0x00000000871fffe0, 0x0000000087200000| 99%| O|  |TAMS 0x0000000087100000| PB 0x0000000087100000| Untracked |  0
| 114|0x0000000087200000, 0x0000000087300000, 0x0000000087300000|100%| O|  |TAMS 0x0000000087200000| PB 0x0000000087200000| Untracked |  0
| 115|0x0000000087300000, 0x0000000087400000, 0x0000000087400000|100%| O|  |TAMS 0x0000000087300000| PB 0x0000000087300000| Untracked |  0
| 116|0x0000000087400000, 0x00000000874ffff8, 0x0000000087500000| 99%| O|  |TAMS 0x0000000087400000| PB 0x0000000087400000| Untracked |  0
| 117|0x0000000087500000, 0x00000000875ffff8, 0x0000000087600000| 99%| O|  |TAMS 0x0000000087500000| PB 0x0000000087500000| Untracked |  0
| 118|0x0000000087600000, 0x00000000876fffd0, 0x0000000087700000| 99%| O|  |TAMS 0x0000000087600000| PB 0x0000000087600000| Untracked |  0
| 119|0x0000000087700000, 0x00000000877fffc8, 0x0000000087800000| 99%| O|  |TAMS 0x0000000087700000| PB 0x0000000087700000| Untracked |  0
| 120|0x0000000087800000, 0x00000000878fffe8, 0x0000000087900000| 99%| O|  |TAMS 0x0000000087800000| PB 0x0000000087800000| Untracked |  0
| 121|0x0000000087900000, 0x0000000087a00000, 0x0000000087a00000|100%| O|  |TAMS 0x0000000087900000| PB 0x0000000087900000| Untracked |  0
| 122|0x0000000087a00000, 0x0000000087afffd0, 0x0000000087b00000| 99%| O|  |TAMS 0x0000000087a00000| PB 0x0000000087a00000| Untracked |  0
| 123|0x0000000087b00000, 0x0000000087bfff18, 0x0000000087c00000| 99%| O|  |TAMS 0x0000000087b00000| PB 0x0000000087b00000| Untracked |  0
| 124|0x0000000087c00000, 0x0000000087cff648, 0x0000000087d00000| 99%| O|  |TAMS 0x0000000087c00000| PB 0x0000000087c00000| Untracked |  0
| 125|0x0000000087d00000, 0x0000000087dffff8, 0x0000000087e00000| 99%| O|  |TAMS 0x0000000087d00000| PB 0x0000000087d00000| Untracked |  0
| 126|0x0000000087e00000, 0x0000000087efffe8, 0x0000000087f00000| 99%| O|  |TAMS 0x0000000087e00000| PB 0x0000000087e00000| Untracked |  0
| 127|0x0000000087f00000, 0x0000000087fffff8, 0x0000000088000000| 99%| O|  |TAMS 0x0000000087f00000| PB 0x0000000087f00000| Untracked |  0
| 128|0x0000000088000000, 0x0000000088100000, 0x0000000088100000|100%| O|  |TAMS 0x0000000088000000| PB 0x0000000088000000| Untracked |  0
| 129|0x0000000088100000, 0x00000000881ffff8, 0x0000000088200000| 99%| O|  |TAMS 0x0000000088100000| PB 0x0000000088100000| Untracked |  0
| 130|0x0000000088200000, 0x0000000088300000, 0x0000000088300000|100%| O|  |TAMS 0x0000000088200000| PB 0x0000000088200000| Untracked |  0
| 131|0x0000000088300000, 0x00000000883ffff8, 0x0000000088400000| 99%| O|  |TAMS 0x0000000088300000| PB 0x0000000088300000| Untracked |  0
| 132|0x0000000088400000, 0x00000000884fffd0, 0x0000000088500000| 99%| O|  |TAMS 0x0000000088400000| PB 0x0000000088400000| Untracked |  0
| 133|0x0000000088500000, 0x00000000885ffff8, 0x0000000088600000| 99%| O|  |TAMS 0x0000000088500000| PB 0x0000000088500000| Untracked |  0
| 134|0x0000000088600000, 0x00000000886fff98, 0x0000000088700000| 99%| O|  |TAMS 0x0000000088600000| PB 0x0000000088600000| Untracked |  0
| 135|0x0000000088700000, 0x0000000088800000, 0x0000000088800000|100%| O|  |TAMS 0x0000000088700000| PB 0x0000000088700000| Untracked |  0
| 136|0x0000000088800000, 0x00000000888fffd8, 0x0000000088900000| 99%| O|  |TAMS 0x0000000088800000| PB 0x0000000088800000| Untracked |  0
| 137|0x0000000088900000, 0x00000000889ffff0, 0x0000000088a00000| 99%| O|  |TAMS 0x0000000088900000| PB 0x0000000088900000| Untracked |  0
| 138|0x0000000088a00000, 0x0000000088affff8, 0x0000000088b00000| 99%| O|  |TAMS 0x0000000088a00000| PB 0x0000000088a00000| Untracked |  0
| 139|0x0000000088b00000, 0x0000000088bffff0, 0x0000000088c00000| 99%| O|  |TAMS 0x0000000088b00000| PB 0x0000000088b00000| Untracked |  0
| 140|0x0000000088c00000, 0x0000000088d00000, 0x0000000088d00000|100%| O|  |TAMS 0x0000000088c00000| PB 0x0000000088c00000| Untracked |  0
| 141|0x0000000088d00000, 0x0000000088dfff90, 0x0000000088e00000| 99%| O|  |TAMS 0x0000000088d00000| PB 0x0000000088d00000| Untracked |  0
| 142|0x0000000088e00000, 0x0000000088f00000, 0x0000000088f00000|100%|HS|  |TAMS 0x0000000088e00000| PB 0x0000000088e00000| Untracked |  0
| 143|0x0000000088f00000, 0x0000000088fffff8, 0x0000000089000000| 99%| O|  |TAMS 0x0000000088f00000| PB 0x0000000088f00000| Untracked |  0
| 144|0x0000000089000000, 0x00000000890fffc8, 0x0000000089100000| 99%| O|  |TAMS 0x0000000089000000| PB 0x0000000089000000| Untracked |  0
| 145|0x0000000089100000, 0x0000000089200000, 0x0000000089200000|100%| O|  |TAMS 0x0000000089100000| PB 0x0000000089100000| Untracked |  0
| 146|0x0000000089200000, 0x00000000892ffff8, 0x0000000089300000| 99%| O|  |TAMS 0x0000000089200000| PB 0x0000000089200000| Untracked |  0
| 147|0x0000000089300000, 0x00000000893ffff8, 0x0000000089400000| 99%| O|  |TAMS 0x0000000089300000| PB 0x0000000089300000| Untracked |  0
| 148|0x0000000089400000, 0x00000000894ffff8, 0x0000000089500000| 99%| O|  |TAMS 0x0000000089400000| PB 0x0000000089400000| Untracked |  0
| 149|0x0000000089500000, 0x00000000895ffff8, 0x0000000089600000| 99%| O|  |TAMS 0x0000000089500000| PB 0x0000000089500000| Untracked |  0
| 150|0x0000000089600000, 0x00000000896fffe8, 0x0000000089700000| 99%| O|  |TAMS 0x0000000089600000| PB 0x0000000089600000| Untracked |  0
| 151|0x0000000089700000, 0x00000000897ffff8, 0x0000000089800000| 99%| O|  |TAMS 0x0000000089700000| PB 0x0000000089700000| Untracked |  0
| 152|0x0000000089800000, 0x00000000898ffff8, 0x0000000089900000| 99%| O|  |TAMS 0x0000000089800000| PB 0x0000000089800000| Untracked |  0
| 153|0x0000000089900000, 0x0000000089a00000, 0x0000000089a00000|100%| O|  |TAMS 0x0000000089900000| PB 0x0000000089900000| Untracked |  0
| 154|0x0000000089a00000, 0x0000000089affff0, 0x0000000089b00000| 99%| O|  |TAMS 0x0000000089a00000| PB 0x0000000089a00000| Untracked |  0
| 155|0x0000000089b00000, 0x0000000089bffff0, 0x0000000089c00000| 99%| O|  |TAMS 0x0000000089b00000| PB 0x0000000089b00000| Untracked |  0
| 156|0x0000000089c00000, 0x0000000089cfffe0, 0x0000000089d00000| 99%| O|  |TAMS 0x0000000089c00000| PB 0x0000000089c00000| Untracked |  0
| 157|0x0000000089d00000, 0x0000000089e00000, 0x0000000089e00000|100%| O|  |TAMS 0x0000000089d00000| PB 0x0000000089d00000| Untracked |  0
| 158|0x0000000089e00000, 0x0000000089f00000, 0x0000000089f00000|100%|HS|  |TAMS 0x0000000089e00000| PB 0x0000000089e00000| Untracked |  0
| 159|0x0000000089f00000, 0x0000000089ffffd0, 0x000000008a000000| 99%| O|  |TAMS 0x0000000089f00000| PB 0x0000000089f00000| Untracked |  0
| 160|0x000000008a000000, 0x000000008a0ffff8, 0x000000008a100000| 99%| O|  |TAMS 0x000000008a000000| PB 0x000000008a000000| Untracked |  0
| 161|0x000000008a100000, 0x000000008a1ffff0, 0x000000008a200000| 99%| O|  |TAMS 0x000000008a100000| PB 0x000000008a100000| Untracked |  0
| 162|0x000000008a200000, 0x000000008a2ffff8, 0x000000008a300000| 99%| O|  |TAMS 0x000000008a200000| PB 0x000000008a200000| Untracked |  0
| 163|0x000000008a300000, 0x000000008a3ffff8, 0x000000008a400000| 99%| O|  |TAMS 0x000000008a300000| PB 0x000000008a300000| Untracked |  0
| 164|0x000000008a400000, 0x000000008a4fffe8, 0x000000008a500000| 99%| O|  |TAMS 0x000000008a400000| PB 0x000000008a400000| Untracked |  0
| 165|0x000000008a500000, 0x000000008a600000, 0x000000008a600000|100%| O|  |TAMS 0x000000008a500000| PB 0x000000008a500000| Untracked |  0
| 166|0x000000008a600000, 0x000000008a6fffe0, 0x000000008a700000| 99%| O|  |TAMS 0x000000008a600000| PB 0x000000008a600000| Untracked |  0
| 167|0x000000008a700000, 0x000000008a800000, 0x000000008a800000|100%| O|  |TAMS 0x000000008a700000| PB 0x000000008a700000| Untracked |  0
| 168|0x000000008a800000, 0x000000008a8fffd0, 0x000000008a900000| 99%| O|  |TAMS 0x000000008a800000| PB 0x000000008a800000| Untracked |  0
| 169|0x000000008a900000, 0x000000008aa00000, 0x000000008aa00000|100%| O|  |TAMS 0x000000008a900000| PB 0x000000008a900000| Untracked |  0
| 170|0x000000008aa00000, 0x000000008ab00000, 0x000000008ab00000|100%|HS|  |TAMS 0x000000008aa00000| PB 0x000000008aa00000| Untracked |  0
| 171|0x000000008ab00000, 0x000000008abfffb8, 0x000000008ac00000| 99%| O|  |TAMS 0x000000008ab00000| PB 0x000000008ab00000| Untracked |  0
| 172|0x000000008ac00000, 0x000000008acfffd8, 0x000000008ad00000| 99%| O|  |TAMS 0x000000008ac00000| PB 0x000000008ac00000| Untracked |  0
| 173|0x000000008ad00000, 0x000000008adfffd0, 0x000000008ae00000| 99%| O|  |TAMS 0x000000008ad00000| PB 0x000000008ad00000| Untracked |  0
| 174|0x000000008ae00000, 0x000000008aefffc0, 0x000000008af00000| 99%| O|  |TAMS 0x000000008ae00000| PB 0x000000008ae00000| Untracked |  0
| 175|0x000000008af00000, 0x000000008b000000, 0x000000008b000000|100%| O|  |TAMS 0x000000008af00000| PB 0x000000008af00000| Untracked |  0
| 176|0x000000008b000000, 0x000000008b100000, 0x000000008b100000|100%| O|  |TAMS 0x000000008b000000| PB 0x000000008b000000| Untracked |  0
| 177|0x000000008b100000, 0x000000008b200000, 0x000000008b200000|100%| O|  |TAMS 0x000000008b100000| PB 0x000000008b100000| Untracked |  0
| 178|0x000000008b200000, 0x000000008b2ffff8, 0x000000008b300000| 99%| O|  |TAMS 0x000000008b200000| PB 0x000000008b200000| Untracked |  0
| 179|0x000000008b300000, 0x000000008b400000, 0x000000008b400000|100%| O|  |TAMS 0x000000008b300000| PB 0x000000008b300000| Untracked |  0
| 180|0x000000008b400000, 0x000000008b500000, 0x000000008b500000|100%| O|  |TAMS 0x000000008b400000| PB 0x000000008b400000| Untracked |  0
| 181|0x000000008b500000, 0x000000008b600000, 0x000000008b600000|100%| O|  |TAMS 0x000000008b500000| PB 0x000000008b500000| Untracked |  0
| 182|0x000000008b600000, 0x000000008b700000, 0x000000008b700000|100%|HS|  |TAMS 0x000000008b600000| PB 0x000000008b600000| Untracked |  0
| 183|0x000000008b700000, 0x000000008b7ffff8, 0x000000008b800000| 99%| O|  |TAMS 0x000000008b700000| PB 0x000000008b700000| Untracked |  0
| 184|0x000000008b800000, 0x000000008b8fffe0, 0x000000008b900000| 99%| O|  |TAMS 0x000000008b800000| PB 0x000000008b800000| Untracked |  0
| 185|0x000000008b900000, 0x000000008b9fffb8, 0x000000008ba00000| 99%| O|  |TAMS 0x000000008b900000| PB 0x000000008b900000| Untracked |  0
| 186|0x000000008ba00000, 0x000000008baffff8, 0x000000008bb00000| 99%| O|  |TAMS 0x000000008ba00000| PB 0x000000008ba00000| Untracked |  0
| 187|0x000000008bb00000, 0x000000008bbfffc8, 0x000000008bc00000| 99%| O|  |TAMS 0x000000008bb00000| PB 0x000000008bb00000| Untracked |  0
| 188|0x000000008bc00000, 0x000000008bcffff8, 0x000000008bd00000| 99%| O|  |TAMS 0x000000008bc00000| PB 0x000000008bc00000| Untracked |  0
| 189|0x000000008bd00000, 0x000000008bdfffe0, 0x000000008be00000| 99%| O|  |TAMS 0x000000008bd00000| PB 0x000000008bd00000| Untracked |  0
| 190|0x000000008be00000, 0x000000008bf00000, 0x000000008bf00000|100%| O|  |TAMS 0x000000008be00000| PB 0x000000008be00000| Untracked |  0
| 191|0x000000008bf00000, 0x000000008bffffe0, 0x000000008c000000| 99%| O|  |TAMS 0x000000008bf00000| PB 0x000000008bf00000| Untracked |  0
| 192|0x000000008c000000, 0x000000008c100000, 0x000000008c100000|100%|HS|  |TAMS 0x000000008c000000| PB 0x000000008c000000| Untracked |  0
| 193|0x000000008c100000, 0x000000008c200000, 0x000000008c200000|100%|HS|  |TAMS 0x000000008c100000| PB 0x000000008c100000| Complete |  0
| 194|0x000000008c200000, 0x000000008c300000, 0x000000008c300000|100%|HS|  |TAMS 0x000000008c200000| PB 0x000000008c200000| Untracked |  0
| 195|0x000000008c300000, 0x000000008c3fffc0, 0x000000008c400000| 99%| O|  |TAMS 0x000000008c300000| PB 0x000000008c300000| Untracked |  0
| 196|0x000000008c400000, 0x000000008c500000, 0x000000008c500000|100%| O|  |TAMS 0x000000008c400000| PB 0x000000008c400000| Untracked |  0
| 197|0x000000008c500000, 0x000000008c5fffb8, 0x000000008c600000| 99%| O|  |TAMS 0x000000008c500000| PB 0x000000008c500000| Untracked |  0
| 198|0x000000008c600000, 0x000000008c700000, 0x000000008c700000|100%|HS|  |TAMS 0x000000008c600000| PB 0x000000008c600000| Untracked |  0
| 199|0x000000008c700000, 0x000000008c7fffe0, 0x000000008c800000| 99%| O|  |TAMS 0x000000008c700000| PB 0x000000008c700000| Untracked |  0
| 200|0x000000008c800000, 0x000000008c8fc748, 0x000000008c900000| 98%| O|  |TAMS 0x000000008c800000| PB 0x000000008c800000| Untracked |  0
| 201|0x000000008c900000, 0x000000008c9ffff0, 0x000000008ca00000| 99%| O|  |TAMS 0x000000008c900000| PB 0x000000008c900000| Untracked |  0
| 202|0x000000008ca00000, 0x000000008cafff98, 0x000000008cb00000| 99%| O|  |TAMS 0x000000008ca00000| PB 0x000000008ca00000| Untracked |  0
| 203|0x000000008cb00000, 0x000000008cbffff0, 0x000000008cc00000| 99%| O|  |TAMS 0x000000008cb00000| PB 0x000000008cb00000| Untracked |  0
| 204|0x000000008cc00000, 0x000000008ccffff0, 0x000000008cd00000| 99%| O|  |TAMS 0x000000008cc00000| PB 0x000000008cc00000| Untracked |  0
| 205|0x000000008cd00000, 0x000000008ce00000, 0x000000008ce00000|100%|HS|  |TAMS 0x000000008cd00000| PB 0x000000008cd00000| Untracked |  0
| 206|0x000000008ce00000, 0x000000008ceffff8, 0x000000008cf00000| 99%| O|  |TAMS 0x000000008ce00000| PB 0x000000008ce00000| Untracked |  0
| 207|0x000000008cf00000, 0x000000008cffffb0, 0x000000008d000000| 99%| O|  |TAMS 0x000000008cf00000| PB 0x000000008cf00000| Untracked |  0
| 208|0x000000008d000000, 0x000000008d100000, 0x000000008d100000|100%| O|  |TAMS 0x000000008d000000| PB 0x000000008d000000| Untracked |  0
| 209|0x000000008d100000, 0x000000008d200000, 0x000000008d200000|100%|HS|  |TAMS 0x000000008d100000| PB 0x000000008d100000| Untracked |  0
| 210|0x000000008d200000, 0x000000008d2fffd8, 0x000000008d300000| 99%| O|  |TAMS 0x000000008d200000| PB 0x000000008d200000| Untracked |  0
| 211|0x000000008d300000, 0x000000008d400000, 0x000000008d400000|100%|HS|  |TAMS 0x000000008d300000| PB 0x000000008d300000| Untracked |  0
| 212|0x000000008d400000, 0x000000008d4fffd8, 0x000000008d500000| 99%| O|  |TAMS 0x000000008d400000| PB 0x000000008d400000| Untracked |  0
| 213|0x000000008d500000, 0x000000008d5ffff0, 0x000000008d600000| 99%| O|  |TAMS 0x000000008d500000| PB 0x000000008d500000| Untracked |  0
| 214|0x000000008d600000, 0x000000008d6ff8a8, 0x000000008d700000| 99%| O|  |TAMS 0x000000008d600000| PB 0x000000008d600000| Untracked |  0
| 215|0x000000008d700000, 0x000000008d7ffff8, 0x000000008d800000| 99%| O|  |TAMS 0x000000008d700000| PB 0x000000008d700000| Untracked |  0
| 216|0x000000008d800000, 0x000000008d900000, 0x000000008d900000|100%| O|  |TAMS 0x000000008d800000| PB 0x000000008d800000| Untracked |  0
| 217|0x000000008d900000, 0x000000008da00000, 0x000000008da00000|100%| O|  |TAMS 0x000000008d900000| PB 0x000000008d900000| Untracked |  0
| 218|0x000000008da00000, 0x000000008db00000, 0x000000008db00000|100%| O|  |TAMS 0x000000008da00000| PB 0x000000008da00000| Untracked |  0
| 219|0x000000008db00000, 0x000000008dbffff0, 0x000000008dc00000| 99%| O|  |TAMS 0x000000008db00000| PB 0x000000008db00000| Untracked |  0
| 220|0x000000008dc00000, 0x000000008dcfffe8, 0x000000008dd00000| 99%| O|  |TAMS 0x000000008dc00000| PB 0x000000008dc00000| Untracked |  0
| 221|0x000000008dd00000, 0x000000008ddffff0, 0x000000008de00000| 99%| O|  |TAMS 0x000000008dd00000| PB 0x000000008dd00000| Untracked |  0
| 222|0x000000008de00000, 0x000000008deffff0, 0x000000008df00000| 99%| O|  |TAMS 0x000000008de00000| PB 0x000000008de00000| Untracked |  0
| 223|0x000000008df00000, 0x000000008dfffff0, 0x000000008e000000| 99%| O|  |TAMS 0x000000008df00000| PB 0x000000008df00000| Untracked |  0
| 224|0x000000008e000000, 0x000000008e0ffff8, 0x000000008e100000| 99%| O|  |TAMS 0x000000008e000000| PB 0x000000008e000000| Untracked |  0
| 225|0x000000008e100000, 0x000000008e1fdc58, 0x000000008e200000| 99%| O|  |TAMS 0x000000008e100000| PB 0x000000008e100000| Untracked |  0
| 226|0x000000008e200000, 0x000000008e2ffff8, 0x000000008e300000| 99%| O|  |TAMS 0x000000008e200000| PB 0x000000008e200000| Untracked |  0
| 227|0x000000008e300000, 0x000000008e3fffc0, 0x000000008e400000| 99%| O|  |TAMS 0x000000008e300000| PB 0x000000008e300000| Untracked |  0
| 228|0x000000008e400000, 0x000000008e4ffff8, 0x000000008e500000| 99%| O|  |TAMS 0x000000008e400000| PB 0x000000008e400000| Untracked |  0
| 229|0x000000008e500000, 0x000000008e600000, 0x000000008e600000|100%| O|  |TAMS 0x000000008e500000| PB 0x000000008e500000| Untracked |  0
| 230|0x000000008e600000, 0x000000008e700000, 0x000000008e700000|100%| O|  |TAMS 0x000000008e600000| PB 0x000000008e600000| Untracked |  0
| 231|0x000000008e700000, 0x000000008e7fffe0, 0x000000008e800000| 99%| O|  |TAMS 0x000000008e700000| PB 0x000000008e700000| Untracked |  0
| 232|0x000000008e800000, 0x000000008e8fffc0, 0x000000008e900000| 99%| O|  |TAMS 0x000000008e800000| PB 0x000000008e800000| Untracked |  0
| 233|0x000000008e900000, 0x000000008e9ffff8, 0x000000008ea00000| 99%| O|  |TAMS 0x000000008e900000| PB 0x000000008e900000| Untracked |  0
| 234|0x000000008ea00000, 0x000000008eb00000, 0x000000008eb00000|100%|HS|  |TAMS 0x000000008ea00000| PB 0x000000008ea00000| Untracked |  0
| 235|0x000000008eb00000, 0x000000008ec00000, 0x000000008ec00000|100%|HS|  |TAMS 0x000000008eb00000| PB 0x000000008eb00000| Untracked |  0
| 236|0x000000008ec00000, 0x000000008ecffff8, 0x000000008ed00000| 99%| O|  |TAMS 0x000000008ec00000| PB 0x000000008ec00000| Untracked |  0
| 237|0x000000008ed00000, 0x000000008edff5e8, 0x000000008ee00000| 99%| O|  |TAMS 0x000000008ed00000| PB 0x000000008ed00000| Untracked |  0
| 238|0x000000008ee00000, 0x000000008eeffff0, 0x000000008ef00000| 99%| O|  |TAMS 0x000000008ee00000| PB 0x000000008ee00000| Untracked |  0
| 239|0x000000008ef00000, 0x000000008efffff8, 0x000000008f000000| 99%| O|  |TAMS 0x000000008ef00000| PB 0x000000008ef00000| Untracked |  0
| 240|0x000000008f000000, 0x000000008f100000, 0x000000008f100000|100%|HS|  |TAMS 0x000000008f000000| PB 0x000000008f000000| Untracked |  0
| 241|0x000000008f100000, 0x000000008f1ffff0, 0x000000008f200000| 99%| O|  |TAMS 0x000000008f100000| PB 0x000000008f100000| Untracked |  0
| 242|0x000000008f200000, 0x000000008f2fd610, 0x000000008f300000| 98%| O|  |TAMS 0x000000008f200000| PB 0x000000008f200000| Untracked |  0
| 243|0x000000008f300000, 0x000000008f3fda88, 0x000000008f400000| 99%| O|  |TAMS 0x000000008f300000| PB 0x000000008f300000| Untracked |  0
| 244|0x000000008f400000, 0x000000008f4fffa0, 0x000000008f500000| 99%| O|  |TAMS 0x000000008f400000| PB 0x000000008f400000| Untracked |  0
| 245|0x000000008f500000, 0x000000008f5fffe8, 0x000000008f600000| 99%| O|  |TAMS 0x000000008f500000| PB 0x000000008f500000| Untracked |  0
| 246|0x000000008f600000, 0x000000008f700000, 0x000000008f700000|100%| O|  |TAMS 0x000000008f600000| PB 0x000000008f600000| Untracked |  0
| 247|0x000000008f700000, 0x000000008f800000, 0x000000008f800000|100%| O|  |TAMS 0x000000008f700000| PB 0x000000008f700000| Untracked |  0
| 248|0x000000008f800000, 0x000000008f8ffff0, 0x000000008f900000| 99%| O|  |TAMS 0x000000008f800000| PB 0x000000008f800000| Untracked |  0
| 249|0x000000008f900000, 0x000000008f9fffd8, 0x000000008fa00000| 99%| O|  |TAMS 0x000000008f900000| PB 0x000000008f900000| Untracked |  0
| 250|0x000000008fa00000, 0x000000008faffff0, 0x000000008fb00000| 99%| O|  |TAMS 0x000000008fa00000| PB 0x000000008fa00000| Untracked |  0
| 251|0x000000008fb00000, 0x000000008fbfffd0, 0x000000008fc00000| 99%| O|  |TAMS 0x000000008fb00000| PB 0x000000008fb00000| Untracked |  0
| 252|0x000000008fc00000, 0x000000008fd00000, 0x000000008fd00000|100%|HS|  |TAMS 0x000000008fc00000| PB 0x000000008fc00000| Complete |  0
| 253|0x000000008fd00000, 0x000000008fe00000, 0x000000008fe00000|100%|HC|  |TAMS 0x000000008fd00000| PB 0x000000008fd00000| Complete |  0
| 254|0x000000008fe00000, 0x000000008ff00000, 0x000000008ff00000|100%|HC|  |TAMS 0x000000008fe00000| PB 0x000000008fe00000| Complete |  0
| 255|0x000000008ff00000, 0x0000000090000000, 0x0000000090000000|100%|HC|  |TAMS 0x000000008ff00000| PB 0x000000008ff00000| Complete |  0
| 256|0x0000000090000000, 0x0000000090100000, 0x0000000090100000|100%|HC|  |TAMS 0x0000000090000000| PB 0x0000000090000000| Complete |  0
| 257|0x0000000090100000, 0x0000000090200000, 0x0000000090200000|100%|HC|  |TAMS 0x0000000090100000| PB 0x0000000090100000| Complete |  0
| 258|0x0000000090200000, 0x0000000090300000, 0x0000000090300000|100%|HC|  |TAMS 0x0000000090200000| PB 0x0000000090200000| Complete |  0
| 259|0x0000000090300000, 0x0000000090400000, 0x0000000090400000|100%|HC|  |TAMS 0x0000000090300000| PB 0x0000000090300000| Complete |  0
| 260|0x0000000090400000, 0x00000000904ffff8, 0x0000000090500000| 99%| O|  |TAMS 0x0000000090400000| PB 0x0000000090400000| Untracked |  0
| 261|0x0000000090500000, 0x00000000905ffff8, 0x0000000090600000| 99%| O|  |TAMS 0x0000000090500000| PB 0x0000000090500000| Untracked |  0
| 262|0x0000000090600000, 0x00000000906ffff8, 0x0000000090700000| 99%| O|  |TAMS 0x0000000090600000| PB 0x0000000090600000| Untracked |  0
| 263|0x0000000090700000, 0x00000000907ff9f0, 0x0000000090800000| 99%| O|  |TAMS 0x0000000090700000| PB 0x0000000090700000| Untracked |  0
| 264|0x0000000090800000, 0x0000000090900000, 0x0000000090900000|100%| O|  |TAMS 0x0000000090800000| PB 0x0000000090800000| Untracked |  0
| 265|0x0000000090900000, 0x00000000909ffff0, 0x0000000090a00000| 99%| O|  |TAMS 0x0000000090900000| PB 0x0000000090900000| Untracked |  0
| 266|0x0000000090a00000, 0x0000000090afffd8, 0x0000000090b00000| 99%| O|  |TAMS 0x0000000090a00000| PB 0x0000000090a00000| Untracked |  0
| 267|0x0000000090b00000, 0x0000000090bffff0, 0x0000000090c00000| 99%| O|  |TAMS 0x0000000090b00000| PB 0x0000000090b00000| Untracked |  0
| 268|0x0000000090c00000, 0x0000000090d00000, 0x0000000090d00000|100%|HS|  |TAMS 0x0000000090c00000| PB 0x0000000090c00000| Untracked |  0
| 269|0x0000000090d00000, 0x0000000090e00000, 0x0000000090e00000|100%|HS|  |TAMS 0x0000000090d00000| PB 0x0000000090d00000| Complete |  0
| 270|0x0000000090e00000, 0x0000000090effff0, 0x0000000090f00000| 99%| O|  |TAMS 0x0000000090e00000| PB 0x0000000090e00000| Untracked |  0
| 271|0x0000000090f00000, 0x0000000090ffffd8, 0x0000000091000000| 99%| O|  |TAMS 0x0000000090f00000| PB 0x0000000090f00000| Untracked |  0
| 272|0x0000000091000000, 0x00000000910ffff8, 0x0000000091100000| 99%| O|  |TAMS 0x0000000091000000| PB 0x0000000091000000| Untracked |  0
| 273|0x0000000091100000, 0x0000000091200000, 0x0000000091200000|100%| O|  |TAMS 0x0000000091100000| PB 0x0000000091100000| Untracked |  0
| 274|0x0000000091200000, 0x00000000912fffe8, 0x0000000091300000| 99%| O|  |TAMS 0x0000000091200000| PB 0x0000000091200000| Untracked |  0
| 275|0x0000000091300000, 0x00000000913ffff0, 0x0000000091400000| 99%| O|  |TAMS 0x0000000091300000| PB 0x0000000091300000| Untracked |  0
| 276|0x0000000091400000, 0x0000000091500000, 0x0000000091500000|100%| O|  |TAMS 0x0000000091400000| PB 0x0000000091400000| Untracked |  0
| 277|0x0000000091500000, 0x0000000091600000, 0x0000000091600000|100%| O|  |TAMS 0x0000000091500000| PB 0x0000000091500000| Untracked |  0
| 278|0x0000000091600000, 0x00000000916fffd8, 0x0000000091700000| 99%| O|  |TAMS 0x0000000091600000| PB 0x0000000091600000| Untracked |  0
| 279|0x0000000091700000, 0x00000000917fffb8, 0x0000000091800000| 99%| O|  |TAMS 0x0000000091700000| PB 0x0000000091700000| Untracked |  0
| 280|0x0000000091800000, 0x0000000091900000, 0x0000000091900000|100%| O|  |TAMS 0x0000000091800000| PB 0x0000000091800000| Untracked |  0
| 281|0x0000000091900000, 0x00000000919fffe8, 0x0000000091a00000| 99%| O|  |TAMS 0x0000000091900000| PB 0x0000000091900000| Untracked |  0
| 282|0x0000000091a00000, 0x0000000091b00000, 0x0000000091b00000|100%| O|  |TAMS 0x0000000091a00000| PB 0x0000000091a00000| Untracked |  0
| 283|0x0000000091b00000, 0x0000000091c00000, 0x0000000091c00000|100%| O|  |TAMS 0x0000000091b00000| PB 0x0000000091b00000| Untracked |  0
| 284|0x0000000091c00000, 0x0000000091cfffd0, 0x0000000091d00000| 99%| O|  |TAMS 0x0000000091c00000| PB 0x0000000091c00000| Untracked |  0
| 285|0x0000000091d00000, 0x0000000091dffff8, 0x0000000091e00000| 99%| O|  |TAMS 0x0000000091d00000| PB 0x0000000091d00000| Untracked |  0
| 286|0x0000000091e00000, 0x0000000091f00000, 0x0000000091f00000|100%| O|  |TAMS 0x0000000091e00000| PB 0x0000000091e00000| Untracked |  0
| 287|0x0000000091f00000, 0x0000000091ffee08, 0x0000000092000000| 99%| O|  |TAMS 0x0000000091f00000| PB 0x0000000091f00000| Untracked |  0
| 288|0x0000000092000000, 0x00000000920ffff0, 0x0000000092100000| 99%| O|  |TAMS 0x0000000092000000| PB 0x0000000092000000| Untracked |  0
| 289|0x0000000092100000, 0x00000000921ffff8, 0x0000000092200000| 99%| O|  |TAMS 0x0000000092100000| PB 0x0000000092100000| Untracked |  0
| 290|0x0000000092200000, 0x00000000922fff58, 0x0000000092300000| 99%| O|  |TAMS 0x0000000092200000| PB 0x0000000092200000| Untracked |  0
| 291|0x0000000092300000, 0x0000000092400000, 0x0000000092400000|100%|HS|  |TAMS 0x0000000092300000| PB 0x0000000092300000| Complete |  0
| 292|0x0000000092400000, 0x0000000092500000, 0x0000000092500000|100%|HC|  |TAMS 0x0000000092400000| PB 0x0000000092400000| Complete |  0
| 293|0x0000000092500000, 0x00000000925ffff8, 0x0000000092600000| 99%| O|  |TAMS 0x0000000092500000| PB 0x0000000092500000| Untracked |  0
| 294|0x0000000092600000, 0x00000000926ffff8, 0x0000000092700000| 99%| O|  |TAMS 0x0000000092600000| PB 0x0000000092600000| Untracked |  0
| 295|0x0000000092700000, 0x00000000927fffe8, 0x0000000092800000| 99%| O|  |TAMS 0x0000000092700000| PB 0x0000000092700000| Untracked |  0
| 296|0x0000000092800000, 0x0000000092900000, 0x0000000092900000|100%| O|  |TAMS 0x0000000092800000| PB 0x0000000092800000| Untracked |  0
| 297|0x0000000092900000, 0x00000000929fffb8, 0x0000000092a00000| 99%| O|  |TAMS 0x0000000092900000| PB 0x0000000092900000| Untracked |  0
| 298|0x0000000092a00000, 0x0000000092b00000, 0x0000000092b00000|100%| O|  |TAMS 0x0000000092a00000| PB 0x0000000092a00000| Untracked |  0
| 299|0x0000000092b00000, 0x0000000092bffff8, 0x0000000092c00000| 99%| O|  |TAMS 0x0000000092b00000| PB 0x0000000092b00000| Untracked |  0
| 300|0x0000000092c00000, 0x0000000092cfec78, 0x0000000092d00000| 99%| O|  |TAMS 0x0000000092c00000| PB 0x0000000092c00000| Untracked |  0
| 301|0x0000000092d00000, 0x0000000092dffeb8, 0x0000000092e00000| 99%| O|  |TAMS 0x0000000092d00000| PB 0x0000000092d00000| Untracked |  0
| 302|0x0000000092e00000, 0x0000000092f00000, 0x0000000092f00000|100%|HS|  |TAMS 0x0000000092e00000| PB 0x0000000092e00000| Complete |  0
| 303|0x0000000092f00000, 0x0000000093000000, 0x0000000093000000|100%|HS|  |TAMS 0x0000000092f00000| PB 0x0000000092f00000| Complete |  0
| 304|0x0000000093000000, 0x0000000093100000, 0x0000000093100000|100%| O|  |TAMS 0x0000000093000000| PB 0x0000000093000000| Untracked |  0
| 305|0x0000000093100000, 0x00000000931ffff8, 0x0000000093200000| 99%| O|  |TAMS 0x0000000093100000| PB 0x0000000093100000| Untracked |  0
| 306|0x0000000093200000, 0x0000000093300000, 0x0000000093300000|100%|HS|  |TAMS 0x0000000093200000| PB 0x0000000093200000| Untracked |  0
| 307|0x0000000093300000, 0x0000000093400000, 0x0000000093400000|100%| O|  |TAMS 0x0000000093300000| PB 0x0000000093300000| Untracked |  0
| 308|0x0000000093400000, 0x0000000093500000, 0x0000000093500000|100%|HS|  |TAMS 0x0000000093400000| PB 0x0000000093400000| Complete |  0
| 309|0x0000000093500000, 0x0000000093600000, 0x0000000093600000|100%|HC|  |TAMS 0x0000000093500000| PB 0x0000000093500000| Complete |  0
| 310|0x0000000093600000, 0x00000000936fffe8, 0x0000000093700000| 99%| O|  |TAMS 0x0000000093600000| PB 0x0000000093600000| Untracked |  0
| 311|0x0000000093700000, 0x00000000937fffc0, 0x0000000093800000| 99%| O|  |TAMS 0x0000000093700000| PB 0x0000000093700000| Untracked |  0
| 312|0x0000000093800000, 0x00000000938ffff0, 0x0000000093900000| 99%| O|  |TAMS 0x0000000093800000| PB 0x0000000093800000| Untracked |  0
| 313|0x0000000093900000, 0x0000000093a00000, 0x0000000093a00000|100%| O|  |TAMS 0x0000000093900000| PB 0x0000000093900000| Untracked |  0
| 314|0x0000000093a00000, 0x0000000093b00000, 0x0000000093b00000|100%| O|  |TAMS 0x0000000093a00000| PB 0x0000000093a00000| Untracked |  0
| 315|0x0000000093b00000, 0x0000000093c00000, 0x0000000093c00000|100%| O|  |TAMS 0x0000000093b00000| PB 0x0000000093b00000| Untracked |  0
| 316|0x0000000093c00000, 0x0000000093d00000, 0x0000000093d00000|100%| O|  |TAMS 0x0000000093c00000| PB 0x0000000093c00000| Untracked |  0
| 317|0x0000000093d00000, 0x0000000093e00000, 0x0000000093e00000|100%| O|  |TAMS 0x0000000093d00000| PB 0x0000000093d00000| Untracked |  0
| 318|0x0000000093e00000, 0x0000000093efffe8, 0x0000000093f00000| 99%| O|  |TAMS 0x0000000093e00000| PB 0x0000000093e00000| Untracked |  0
| 319|0x0000000093f00000, 0x0000000094000000, 0x0000000094000000|100%| O|  |TAMS 0x0000000093f00000| PB 0x0000000093f00000| Untracked |  0
| 320|0x0000000094000000, 0x00000000940fffe0, 0x0000000094100000| 99%| O|  |TAMS 0x0000000094000000| PB 0x0000000094000000| Untracked |  0
| 321|0x0000000094100000, 0x00000000941ffff8, 0x0000000094200000| 99%| O|  |TAMS 0x0000000094100000| PB 0x0000000094100000| Untracked |  0
| 322|0x0000000094200000, 0x00000000942fef10, 0x0000000094300000| 99%| O|  |TAMS 0x0000000094200000| PB 0x0000000094200000| Untracked |  0
| 323|0x0000000094300000, 0x00000000943fffa8, 0x0000000094400000| 99%| O|  |TAMS 0x0000000094300000| PB 0x0000000094300000| Untracked |  0
| 324|0x0000000094400000, 0x00000000944ffff0, 0x0000000094500000| 99%| O|  |TAMS 0x0000000094400000| PB 0x0000000094400000| Untracked |  0
| 325|0x0000000094500000, 0x0000000094600000, 0x0000000094600000|100%|HS|  |TAMS 0x0000000094500000| PB 0x0000000094500000| Complete |  0
| 326|0x0000000094600000, 0x00000000946ffff0, 0x0000000094700000| 99%| O|  |TAMS 0x0000000094600000| PB 0x0000000094600000| Untracked |  0
| 327|0x0000000094700000, 0x0000000094800000, 0x0000000094800000|100%| O|  |TAMS 0x0000000094700000| PB 0x0000000094700000| Untracked |  0
| 328|0x0000000094800000, 0x0000000094900000, 0x0000000094900000|100%|HS|  |TAMS 0x0000000094800000| PB 0x0000000094800000| Untracked |  0
| 329|0x0000000094900000, 0x0000000094a00000, 0x0000000094a00000|100%| O|  |TAMS 0x0000000094900000| PB 0x0000000094900000| Untracked |  0
| 330|0x0000000094a00000, 0x0000000094b00000, 0x0000000094b00000|100%| O|  |TAMS 0x0000000094a00000| PB 0x0000000094a00000| Untracked |  0
| 331|0x0000000094b00000, 0x0000000094bfffc0, 0x0000000094c00000| 99%| O|  |TAMS 0x0000000094b00000| PB 0x0000000094b00000| Untracked |  0
| 332|0x0000000094c00000, 0x0000000094cffff8, 0x0000000094d00000| 99%| O|  |TAMS 0x0000000094c00000| PB 0x0000000094c00000| Untracked |  0
| 333|0x0000000094d00000, 0x0000000094dfff98, 0x0000000094e00000| 99%| O|  |TAMS 0x0000000094d00000| PB 0x0000000094d00000| Untracked |  0
| 334|0x0000000094e00000, 0x0000000094f00000, 0x0000000094f00000|100%| O|  |TAMS 0x0000000094e00000| PB 0x0000000094e00000| Untracked |  0
| 335|0x0000000094f00000, 0x0000000095000000, 0x0000000095000000|100%| O|  |TAMS 0x0000000094f00000| PB 0x0000000094f00000| Untracked |  0
| 336|0x0000000095000000, 0x00000000950ffff8, 0x0000000095100000| 99%| O|  |TAMS 0x0000000095000000| PB 0x0000000095000000| Untracked |  0
| 337|0x0000000095100000, 0x0000000095200000, 0x0000000095200000|100%| O|  |TAMS 0x0000000095100000| PB 0x0000000095100000| Untracked |  0
| 338|0x0000000095200000, 0x00000000952ffff8, 0x0000000095300000| 99%| O|  |TAMS 0x0000000095200000| PB 0x0000000095200000| Untracked |  0
| 339|0x0000000095300000, 0x00000000953fffe8, 0x0000000095400000| 99%| O|  |TAMS 0x0000000095300000| PB 0x0000000095300000| Untracked |  0
| 340|0x0000000095400000, 0x0000000095500000, 0x0000000095500000|100%| O|  |TAMS 0x0000000095400000| PB 0x0000000095400000| Untracked |  0
| 341|0x0000000095500000, 0x0000000095600000, 0x0000000095600000|100%|HS|  |TAMS 0x0000000095500000| PB 0x0000000095500000| Untracked |  0
| 342|0x0000000095600000, 0x0000000095700000, 0x0000000095700000|100%|HS|  |TAMS 0x0000000095600000| PB 0x0000000095600000| Untracked |  0
| 343|0x0000000095700000, 0x00000000957ffff8, 0x0000000095800000| 99%| O|  |TAMS 0x0000000095700000| PB 0x0000000095700000| Untracked |  0
| 344|0x0000000095800000, 0x00000000958fff10, 0x0000000095900000| 99%| O|  |TAMS 0x0000000095800000| PB 0x0000000095800000| Untracked |  0
| 345|0x0000000095900000, 0x00000000959ffff0, 0x0000000095a00000| 99%| O|  |TAMS 0x0000000095900000| PB 0x0000000095900000| Untracked |  0
| 346|0x0000000095a00000, 0x0000000095afffe8, 0x0000000095b00000| 99%| O|  |TAMS 0x0000000095a00000| PB 0x0000000095a00000| Untracked |  0
| 347|0x0000000095b00000, 0x0000000095bfffb8, 0x0000000095c00000| 99%| O|  |TAMS 0x0000000095b00000| PB 0x0000000095b00000| Untracked |  0
| 348|0x0000000095c00000, 0x0000000095cffff8, 0x0000000095d00000| 99%| O|  |TAMS 0x0000000095c00000| PB 0x0000000095c00000| Untracked |  0
| 349|0x0000000095d00000, 0x0000000095dffff0, 0x0000000095e00000| 99%| O|  |TAMS 0x0000000095d00000| PB 0x0000000095d00000| Untracked |  0
| 350|0x0000000095e00000, 0x0000000095eff468, 0x0000000095f00000| 99%| O|  |TAMS 0x0000000095e00000| PB 0x0000000095e00000| Untracked |  0
| 351|0x0000000095f00000, 0x0000000095fff800, 0x0000000096000000| 99%| O|  |TAMS 0x0000000095f00000| PB 0x0000000095f00000| Untracked |  0
| 352|0x0000000096000000, 0x00000000960fffb8, 0x0000000096100000| 99%| O|  |TAMS 0x0000000096000000| PB 0x0000000096000000| Untracked |  0
| 353|0x0000000096100000, 0x00000000961fffe8, 0x0000000096200000| 99%| O|  |TAMS 0x0000000096100000| PB 0x0000000096100000| Untracked |  0
| 354|0x0000000096200000, 0x00000000962ffff8, 0x0000000096300000| 99%| O|  |TAMS 0x0000000096200000| PB 0x0000000096200000| Untracked |  0
| 355|0x0000000096300000, 0x00000000963f7758, 0x0000000096400000| 96%| O|  |TAMS 0x0000000096300000| PB 0x0000000096300000| Untracked |  0
| 356|0x0000000096400000, 0x00000000964ffff8, 0x0000000096500000| 99%| O|  |TAMS 0x0000000096400000| PB 0x0000000096400000| Untracked |  0
| 357|0x0000000096500000, 0x00000000965ffff0, 0x0000000096600000| 99%| O|  |TAMS 0x0000000096500000| PB 0x0000000096500000| Untracked |  0
| 358|0x0000000096600000, 0x00000000966fffb8, 0x0000000096700000| 99%| O|  |TAMS 0x0000000096600000| PB 0x0000000096600000| Untracked |  0
| 359|0x0000000096700000, 0x00000000967fffe0, 0x0000000096800000| 99%| O|  |TAMS 0x0000000096700000| PB 0x0000000096700000| Untracked |  0
| 360|0x0000000096800000, 0x0000000096900000, 0x0000000096900000|100%| O|  |TAMS 0x0000000096800000| PB 0x0000000096800000| Untracked |  0
| 361|0x0000000096900000, 0x00000000969ffff0, 0x0000000096a00000| 99%| O|  |TAMS 0x0000000096900000| PB 0x0000000096900000| Untracked |  0
| 362|0x0000000096a00000, 0x0000000096afeb18, 0x0000000096b00000| 99%| O|  |TAMS 0x0000000096a00000| PB 0x0000000096a00000| Untracked |  0
| 363|0x0000000096b00000, 0x0000000096bffff0, 0x0000000096c00000| 99%| O|  |TAMS 0x0000000096b00000| PB 0x0000000096b00000| Untracked |  0
| 364|0x0000000096c00000, 0x0000000096cfffe8, 0x0000000096d00000| 99%| O|  |TAMS 0x0000000096c00000| PB 0x0000000096c00000| Untracked |  0
| 365|0x0000000096d00000, 0x0000000096dffff8, 0x0000000096e00000| 99%| O|  |TAMS 0x0000000096d00000| PB 0x0000000096d00000| Untracked |  0
| 366|0x0000000096e00000, 0x0000000096f00000, 0x0000000096f00000|100%| O|  |TAMS 0x0000000096e00000| PB 0x0000000096e00000| Untracked |  0
| 367|0x0000000096f00000, 0x0000000096fffff8, 0x0000000097000000| 99%| O|  |TAMS 0x0000000096f00000| PB 0x0000000096f00000| Untracked |  0
| 368|0x0000000097000000, 0x0000000097100000, 0x0000000097100000|100%| O|  |TAMS 0x0000000097000000| PB 0x0000000097000000| Untracked |  0
| 369|0x0000000097100000, 0x0000000097200000, 0x0000000097200000|100%| O|  |TAMS 0x0000000097100000| PB 0x0000000097100000| Untracked |  0
| 370|0x0000000097200000, 0x0000000097300000, 0x0000000097300000|100%| O|  |TAMS 0x0000000097200000| PB 0x0000000097200000| Untracked |  0
| 371|0x0000000097300000, 0x0000000097400000, 0x0000000097400000|100%| O|  |TAMS 0x0000000097300000| PB 0x0000000097300000| Untracked |  0
| 372|0x0000000097400000, 0x0000000097500000, 0x0000000097500000|100%| O|  |TAMS 0x0000000097400000| PB 0x0000000097400000| Untracked |  0
| 373|0x0000000097500000, 0x00000000975fffe0, 0x0000000097600000| 99%| O|  |TAMS 0x0000000097500000| PB 0x0000000097500000| Untracked |  0
| 374|0x0000000097600000, 0x0000000097700000, 0x0000000097700000|100%| O|  |TAMS 0x0000000097600000| PB 0x0000000097600000| Untracked |  0
| 375|0x0000000097700000, 0x0000000097800000, 0x0000000097800000|100%| O|  |TAMS 0x0000000097700000| PB 0x0000000097700000| Untracked |  0
| 376|0x0000000097800000, 0x00000000978fffe8, 0x0000000097900000| 99%| O|  |TAMS 0x0000000097800000| PB 0x0000000097800000| Untracked |  0
| 377|0x0000000097900000, 0x00000000979ff230, 0x0000000097a00000| 99%| O|  |TAMS 0x0000000097900000| PB 0x0000000097900000| Untracked |  0
| 378|0x0000000097a00000, 0x0000000097afffd8, 0x0000000097b00000| 99%| O|  |TAMS 0x0000000097a00000| PB 0x0000000097a00000| Untracked |  0
| 379|0x0000000097b00000, 0x0000000097c00000, 0x0000000097c00000|100%| O|  |TAMS 0x0000000097b00000| PB 0x0000000097b00000| Untracked |  0
| 380|0x0000000097c00000, 0x0000000097cffff8, 0x0000000097d00000| 99%| O|  |TAMS 0x0000000097c00000| PB 0x0000000097c00000| Untracked |  0
| 381|0x0000000097d00000, 0x0000000097dffff0, 0x0000000097e00000| 99%| O|  |TAMS 0x0000000097d00000| PB 0x0000000097d00000| Untracked |  0
| 382|0x0000000097e00000, 0x0000000097ef6930, 0x0000000097f00000| 96%| O|  |TAMS 0x0000000097e00000| PB 0x0000000097e00000| Untracked |  0
| 383|0x0000000097f00000, 0x0000000098000000, 0x0000000098000000|100%| O|  |TAMS 0x0000000097f00000| PB 0x0000000097f00000| Untracked |  0
| 384|0x0000000098000000, 0x00000000980ff998, 0x0000000098100000| 99%| O|  |TAMS 0x0000000098000000| PB 0x0000000098000000| Untracked |  0
| 385|0x0000000098100000, 0x00000000981fffe0, 0x0000000098200000| 99%| O|  |TAMS 0x0000000098100000| PB 0x0000000098100000| Untracked |  0
| 386|0x0000000098200000, 0x00000000982fffc8, 0x0000000098300000| 99%| O|  |TAMS 0x0000000098200000| PB 0x0000000098200000| Untracked |  0
| 387|0x0000000098300000, 0x00000000983ffff8, 0x0000000098400000| 99%| O|  |TAMS 0x0000000098300000| PB 0x0000000098300000| Untracked |  0
| 388|0x0000000098400000, 0x00000000984fffe8, 0x0000000098500000| 99%| O|  |TAMS 0x0000000098400000| PB 0x0000000098400000| Untracked |  0
| 389|0x0000000098500000, 0x00000000985ffff0, 0x0000000098600000| 99%| O|  |TAMS 0x0000000098500000| PB 0x0000000098500000| Untracked |  0
| 390|0x0000000098600000, 0x0000000098700000, 0x0000000098700000|100%| O|  |TAMS 0x0000000098600000| PB 0x0000000098600000| Untracked |  0
| 391|0x0000000098700000, 0x0000000098800000, 0x0000000098800000|100%| O|  |TAMS 0x0000000098700000| PB 0x0000000098700000| Untracked |  0
| 392|0x0000000098800000, 0x00000000988ffff8, 0x0000000098900000| 99%| O|  |TAMS 0x0000000098800000| PB 0x0000000098800000| Untracked |  0
| 393|0x0000000098900000, 0x00000000989ffff0, 0x0000000098a00000| 99%| O|  |TAMS 0x0000000098900000| PB 0x0000000098900000| Untracked |  0
| 394|0x0000000098a00000, 0x0000000098affff0, 0x0000000098b00000| 99%| O|  |TAMS 0x0000000098a00000| PB 0x0000000098a00000| Untracked |  0
| 395|0x0000000098b00000, 0x0000000098bff118, 0x0000000098c00000| 99%| O|  |TAMS 0x0000000098b00000| PB 0x0000000098b00000| Untracked |  0
| 396|0x0000000098c00000, 0x0000000098d00000, 0x0000000098d00000|100%| O|  |TAMS 0x0000000098c00000| PB 0x0000000098c00000| Untracked |  0
| 397|0x0000000098d00000, 0x0000000098e00000, 0x0000000098e00000|100%| O|  |TAMS 0x0000000098d00000| PB 0x0000000098d00000| Untracked |  0
| 398|0x0000000098e00000, 0x0000000098efffc8, 0x0000000098f00000| 99%| O|  |TAMS 0x0000000098e00000| PB 0x0000000098e00000| Untracked |  0
| 399|0x0000000098f00000, 0x0000000098fffff0, 0x0000000099000000| 99%| O|  |TAMS 0x0000000098f00000| PB 0x0000000098f00000| Untracked |  0
| 400|0x0000000099000000, 0x00000000990fff70, 0x0000000099100000| 99%| O|  |TAMS 0x0000000099000000| PB 0x0000000099000000| Untracked |  0
| 401|0x0000000099100000, 0x00000000991fffd0, 0x0000000099200000| 99%| O|  |TAMS 0x0000000099100000| PB 0x0000000099100000| Untracked |  0
| 402|0x0000000099200000, 0x00000000992fffe8, 0x0000000099300000| 99%| O|  |TAMS 0x0000000099200000| PB 0x0000000099200000| Untracked |  0
| 403|0x0000000099300000, 0x00000000993fd180, 0x0000000099400000| 98%| O|  |TAMS 0x0000000099300000| PB 0x0000000099300000| Untracked |  0
| 404|0x0000000099400000, 0x00000000994ffff8, 0x0000000099500000| 99%| O|  |TAMS 0x0000000099400000| PB 0x0000000099400000| Untracked |  0
| 405|0x0000000099500000, 0x0000000099600000, 0x0000000099600000|100%| O|  |TAMS 0x0000000099500000| PB 0x0000000099500000| Untracked |  0
| 406|0x0000000099600000, 0x00000000996fc408, 0x0000000099700000| 98%| O|  |TAMS 0x0000000099600000| PB 0x0000000099600000| Untracked |  0
| 407|0x0000000099700000, 0x0000000099800000, 0x0000000099800000|100%| O|  |TAMS 0x0000000099700000| PB 0x0000000099700000| Untracked |  0
| 408|0x0000000099800000, 0x00000000998ffff8, 0x0000000099900000| 99%| O|  |TAMS 0x0000000099800000| PB 0x0000000099800000| Untracked |  0
| 409|0x0000000099900000, 0x00000000999ffff8, 0x0000000099a00000| 99%| O|  |TAMS 0x0000000099900000| PB 0x0000000099900000| Untracked |  0
| 410|0x0000000099a00000, 0x0000000099b00000, 0x0000000099b00000|100%| O|  |TAMS 0x0000000099a00000| PB 0x0000000099a00000| Untracked |  0
| 411|0x0000000099b00000, 0x0000000099bffff8, 0x0000000099c00000| 99%| O|  |TAMS 0x0000000099b00000| PB 0x0000000099b00000| Untracked |  0
| 412|0x0000000099c00000, 0x0000000099d00000, 0x0000000099d00000|100%| O|  |TAMS 0x0000000099c00000| PB 0x0000000099c00000| Untracked |  0
| 413|0x0000000099d00000, 0x0000000099dffff8, 0x0000000099e00000| 99%| O|  |TAMS 0x0000000099d00000| PB 0x0000000099d00000| Untracked |  0
| 414|0x0000000099e00000, 0x0000000099effff8, 0x0000000099f00000| 99%| O|  |TAMS 0x0000000099e00000| PB 0x0000000099e00000| Untracked |  0
| 415|0x0000000099f00000, 0x000000009a000000, 0x000000009a000000|100%| O|  |TAMS 0x0000000099f00000| PB 0x0000000099f00000| Untracked |  0
| 416|0x000000009a000000, 0x000000009a0ffff8, 0x000000009a100000| 99%| O|  |TAMS 0x000000009a000000| PB 0x000000009a000000| Untracked |  0
| 417|0x000000009a100000, 0x000000009a1ffff8, 0x000000009a200000| 99%| O|  |TAMS 0x000000009a100000| PB 0x000000009a100000| Untracked |  0
| 418|0x000000009a200000, 0x000000009a2ffff0, 0x000000009a300000| 99%| O|  |TAMS 0x000000009a200000| PB 0x000000009a200000| Untracked |  0
| 419|0x000000009a300000, 0x000000009a3ffdc0, 0x000000009a400000| 99%| O|  |TAMS 0x000000009a300000| PB 0x000000009a300000| Untracked |  0
| 420|0x000000009a400000, 0x000000009a4fffe8, 0x000000009a500000| 99%| O|  |TAMS 0x000000009a400000| PB 0x000000009a400000| Untracked |  0
| 421|0x000000009a500000, 0x000000009a600000, 0x000000009a600000|100%| O|  |TAMS 0x000000009a500000| PB 0x000000009a500000| Untracked |  0
| 422|0x000000009a600000, 0x000000009a6fa328, 0x000000009a700000| 97%| O|  |TAMS 0x000000009a600000| PB 0x000000009a600000| Untracked |  0
| 423|0x000000009a700000, 0x000000009a7ffff0, 0x000000009a800000| 99%| O|  |TAMS 0x000000009a700000| PB 0x000000009a700000| Untracked |  0
| 424|0x000000009a800000, 0x000000009a8fe9c0, 0x000000009a900000| 99%| O|  |TAMS 0x000000009a800000| PB 0x000000009a800000| Untracked |  0
| 425|0x000000009a900000, 0x000000009a9ffff8, 0x000000009aa00000| 99%| O|  |TAMS 0x000000009a900000| PB 0x000000009a900000| Untracked |  0
| 426|0x000000009aa00000, 0x000000009ab00000, 0x000000009ab00000|100%| O|  |TAMS 0x000000009aa00000| PB 0x000000009aa00000| Untracked |  0
| 427|0x000000009ab00000, 0x000000009abffff8, 0x000000009ac00000| 99%| O|  |TAMS 0x000000009ab00000| PB 0x000000009ab00000| Untracked |  0
| 428|0x000000009ac00000, 0x000000009ad00000, 0x000000009ad00000|100%| O|  |TAMS 0x000000009ac00000| PB 0x000000009ac00000| Untracked |  0
| 429|0x000000009ad00000, 0x000000009adfffa8, 0x000000009ae00000| 99%| O|  |TAMS 0x000000009ad00000| PB 0x000000009ad00000| Untracked |  0
| 430|0x000000009ae00000, 0x000000009aeffff8, 0x000000009af00000| 99%| O|  |TAMS 0x000000009ae00000| PB 0x000000009ae00000| Untracked |  0
| 431|0x000000009af00000, 0x000000009b000000, 0x000000009b000000|100%| O|  |TAMS 0x000000009af00000| PB 0x000000009af00000| Untracked |  0
| 432|0x000000009b000000, 0x000000009b0ffff8, 0x000000009b100000| 99%| O|  |TAMS 0x000000009b000000| PB 0x000000009b000000| Untracked |  0
| 433|0x000000009b100000, 0x000000009b1ffef8, 0x000000009b200000| 99%| O|  |TAMS 0x000000009b100000| PB 0x000000009b100000| Untracked |  0
| 434|0x000000009b200000, 0x000000009b2ffdc0, 0x000000009b300000| 99%| O|  |TAMS 0x000000009b200000| PB 0x000000009b200000| Untracked |  0
| 435|0x000000009b300000, 0x000000009b400000, 0x000000009b400000|100%| O|  |TAMS 0x000000009b300000| PB 0x000000009b300000| Untracked |  0
| 436|0x000000009b400000, 0x000000009b4ffff8, 0x000000009b500000| 99%| O|  |TAMS 0x000000009b400000| PB 0x000000009b400000| Untracked |  0
| 437|0x000000009b500000, 0x000000009b600000, 0x000000009b600000|100%| O|  |TAMS 0x000000009b500000| PB 0x000000009b500000| Untracked |  0
| 438|0x000000009b600000, 0x000000009b700000, 0x000000009b700000|100%| O|  |TAMS 0x000000009b600000| PB 0x000000009b600000| Untracked |  0
| 439|0x000000009b700000, 0x000000009b7ffff8, 0x000000009b800000| 99%| O|  |TAMS 0x000000009b700000| PB 0x000000009b700000| Untracked |  0
| 440|0x000000009b800000, 0x000000009b8ffff8, 0x000000009b900000| 99%| O|  |TAMS 0x000000009b800000| PB 0x000000009b800000| Untracked |  0
| 441|0x000000009b900000, 0x000000009b9ffff0, 0x000000009ba00000| 99%| O|  |TAMS 0x000000009b900000| PB 0x000000009b900000| Untracked |  0
| 442|0x000000009ba00000, 0x000000009bb00000, 0x000000009bb00000|100%| O|  |TAMS 0x000000009ba00000| PB 0x000000009ba00000| Untracked |  0
| 443|0x000000009bb00000, 0x000000009bbff5b0, 0x000000009bc00000| 99%| O|  |TAMS 0x000000009bb00000| PB 0x000000009bb00000| Untracked |  0
| 444|0x000000009bc00000, 0x000000009bcffb90, 0x000000009bd00000| 99%| O|  |TAMS 0x000000009bc00000| PB 0x000000009bc00000| Untracked |  0
| 445|0x000000009bd00000, 0x000000009bdfffe8, 0x000000009be00000| 99%| O|  |TAMS 0x000000009bd00000| PB 0x000000009bd00000| Untracked |  0
| 446|0x000000009be00000, 0x000000009beffff8, 0x000000009bf00000| 99%| O|  |TAMS 0x000000009be00000| PB 0x000000009be00000| Untracked |  0
| 447|0x000000009bf00000, 0x000000009bfffff8, 0x000000009c000000| 99%| O|  |TAMS 0x000000009bf00000| PB 0x000000009bf00000| Untracked |  0
| 448|0x000000009c000000, 0x000000009c0ffff0, 0x000000009c100000| 99%| O|  |TAMS 0x000000009c000000| PB 0x000000009c000000| Untracked |  0
| 449|0x000000009c100000, 0x000000009c1ffff0, 0x000000009c200000| 99%| O|  |TAMS 0x000000009c100000| PB 0x000000009c100000| Untracked |  0
| 450|0x000000009c200000, 0x000000009c2ffff0, 0x000000009c300000| 99%| O|  |TAMS 0x000000009c200000| PB 0x000000009c200000| Untracked |  0
| 451|0x000000009c300000, 0x000000009c3ffff8, 0x000000009c400000| 99%| O|  |TAMS 0x000000009c300000| PB 0x000000009c300000| Untracked |  0
| 452|0x000000009c400000, 0x000000009c4cf6a8, 0x000000009c500000| 81%| O|  |TAMS 0x000000009c400000| PB 0x000000009c400000| Untracked |  0
| 453|0x000000009c500000, 0x000000009c5ffff0, 0x000000009c600000| 99%| O|  |TAMS 0x000000009c500000| PB 0x000000009c500000| Untracked |  0
| 454|0x000000009c600000, 0x000000009c6fffe8, 0x000000009c700000| 99%| O|  |TAMS 0x000000009c600000| PB 0x000000009c600000| Untracked |  0
| 455|0x000000009c700000, 0x000000009c800000, 0x000000009c800000|100%| O|  |TAMS 0x000000009c700000| PB 0x000000009c700000| Untracked |  0
| 456|0x000000009c800000, 0x000000009c8ff408, 0x000000009c900000| 99%| O|  |TAMS 0x000000009c800000| PB 0x000000009c800000| Untracked |  0
| 457|0x000000009c900000, 0x000000009c9ffff8, 0x000000009ca00000| 99%| O|  |TAMS 0x000000009c900000| PB 0x000000009c900000| Untracked |  0
| 458|0x000000009ca00000, 0x000000009cafffe0, 0x000000009cb00000| 99%| O|  |TAMS 0x000000009ca00000| PB 0x000000009ca00000| Untracked |  0
| 459|0x000000009cb00000, 0x000000009cc00000, 0x000000009cc00000|100%| O|  |TAMS 0x000000009cb00000| PB 0x000000009cb00000| Untracked |  0
| 460|0x000000009cc00000, 0x000000009ccffff8, 0x000000009cd00000| 99%| O|  |TAMS 0x000000009cc00000| PB 0x000000009cc00000| Untracked |  0
| 461|0x000000009cd00000, 0x000000009cdfffd0, 0x000000009ce00000| 99%| O|  |TAMS 0x000000009cd00000| PB 0x000000009cd00000| Untracked |  0
| 462|0x000000009ce00000, 0x000000009cf00000, 0x000000009cf00000|100%| O|  |TAMS 0x000000009ce00000| PB 0x000000009ce00000| Untracked |  0
| 463|0x000000009cf00000, 0x000000009cffffe8, 0x000000009d000000| 99%| O|  |TAMS 0x000000009cf00000| PB 0x000000009cf00000| Untracked |  0
| 464|0x000000009d000000, 0x000000009d0ffff0, 0x000000009d100000| 99%| O|  |TAMS 0x000000009d000000| PB 0x000000009d000000| Untracked |  0
| 465|0x000000009d100000, 0x000000009d1fffd0, 0x000000009d200000| 99%| O|  |TAMS 0x000000009d100000| PB 0x000000009d100000| Untracked |  0
| 466|0x000000009d200000, 0x000000009d2ffff8, 0x000000009d300000| 99%| O|  |TAMS 0x000000009d200000| PB 0x000000009d200000| Untracked |  0
| 467|0x000000009d300000, 0x000000009d3fd038, 0x000000009d400000| 98%| O|  |TAMS 0x000000009d300000| PB 0x000000009d300000| Untracked |  0
| 468|0x000000009d400000, 0x000000009d4fffe0, 0x000000009d500000| 99%| O|  |TAMS 0x000000009d400000| PB 0x000000009d400000| Untracked |  0
| 469|0x000000009d500000, 0x000000009d600000, 0x000000009d600000|100%| O|  |TAMS 0x000000009d500000| PB 0x000000009d500000| Untracked |  0
| 470|0x000000009d600000, 0x000000009d6ffff8, 0x000000009d700000| 99%| O|  |TAMS 0x000000009d600000| PB 0x000000009d600000| Untracked |  0
| 471|0x000000009d700000, 0x000000009d7fffc8, 0x000000009d800000| 99%| O|  |TAMS 0x000000009d700000| PB 0x000000009d700000| Untracked |  0
| 472|0x000000009d800000, 0x000000009d8ffff8, 0x000000009d900000| 99%| O|  |TAMS 0x000000009d800000| PB 0x000000009d800000| Untracked |  0
| 473|0x000000009d900000, 0x000000009d9ffff8, 0x000000009da00000| 99%| O|  |TAMS 0x000000009d900000| PB 0x000000009d900000| Untracked |  0
| 474|0x000000009da00000, 0x000000009daffff0, 0x000000009db00000| 99%| O|  |TAMS 0x000000009da00000| PB 0x000000009da00000| Untracked |  0
| 475|0x000000009db00000, 0x000000009dbef060, 0x000000009dc00000| 93%| O|  |TAMS 0x000000009db00000| PB 0x000000009db00000| Untracked |  0
| 476|0x000000009dc00000, 0x000000009dcffff0, 0x000000009dd00000| 99%| O|  |TAMS 0x000000009dc00000| PB 0x000000009dc00000| Untracked |  0
| 477|0x000000009dd00000, 0x000000009dd57d60, 0x000000009de00000| 34%| O|  |TAMS 0x000000009dd00000| PB 0x000000009dd00000| Untracked |  0
| 478|0x000000009de00000, 0x000000009deffff8, 0x000000009df00000| 99%| O|  |TAMS 0x000000009de00000| PB 0x000000009de00000| Untracked |  0
| 479|0x000000009df00000, 0x000000009e000000, 0x000000009e000000|100%| O|  |TAMS 0x000000009df00000| PB 0x000000009df00000| Untracked |  0
| 480|0x000000009e000000, 0x000000009e05fa08, 0x000000009e100000| 37%| O|  |TAMS 0x000000009e000000| PB 0x000000009e000000| Untracked |  0
| 481|0x000000009e100000, 0x000000009e200000, 0x000000009e200000|100%| O|  |TAMS 0x000000009e100000| PB 0x000000009e100000| Untracked |  0
| 482|0x000000009e200000, 0x000000009e300000, 0x000000009e300000|100%| O|  |TAMS 0x000000009e200000| PB 0x000000009e200000| Untracked |  0
| 483|0x000000009e300000, 0x000000009e3ffff8, 0x000000009e400000| 99%| O|  |TAMS 0x000000009e300000| PB 0x000000009e300000| Untracked |  0
| 484|0x000000009e400000, 0x000000009e4ffff0, 0x000000009e500000| 99%| O|  |TAMS 0x000000009e400000| PB 0x000000009e400000| Untracked |  0
| 485|0x000000009e500000, 0x000000009e5fffa8, 0x000000009e600000| 99%| O|  |TAMS 0x000000009e500000| PB 0x000000009e500000| Untracked |  0
| 486|0x000000009e600000, 0x000000009e6ffff0, 0x000000009e700000| 99%| O|  |TAMS 0x000000009e600000| PB 0x000000009e600000| Untracked |  0
| 487|0x000000009e700000, 0x000000009e7ffff8, 0x000000009e800000| 99%| O|  |TAMS 0x000000009e700000| PB 0x000000009e700000| Untracked |  0
| 488|0x000000009e800000, 0x000000009e900000, 0x000000009e900000|100%| O|  |TAMS 0x000000009e800000| PB 0x000000009e800000| Untracked |  0
| 489|0x000000009e900000, 0x000000009e947178, 0x000000009ea00000| 27%| O|  |TAMS 0x000000009e900000| PB 0x000000009e900000| Untracked |  0
| 490|0x000000009ea00000, 0x000000009eaffff8, 0x000000009eb00000| 99%| O|  |TAMS 0x000000009ea00000| PB 0x000000009ea00000| Untracked |  0
| 491|0x000000009eb00000, 0x000000009eb79990, 0x000000009ec00000| 47%| O|  |TAMS 0x000000009eb00000| PB 0x000000009eb00000| Untracked |  0
| 492|0x000000009ec00000, 0x000000009ecdb0b8, 0x000000009ed00000| 85%| O|  |TAMS 0x000000009ec00000| PB 0x000000009ec00000| Untracked |  0
| 493|0x000000009ed00000, 0x000000009ed99600, 0x000000009ee00000| 59%| O|  |TAMS 0x000000009ed00000| PB 0x000000009ed00000| Untracked |  0
| 494|0x000000009ee00000, 0x000000009ee6f8e0, 0x000000009ef00000| 43%| O|  |TAMS 0x000000009ee00000| PB 0x000000009ee00000| Untracked |  0
| 495|0x000000009ef00000, 0x000000009efffff8, 0x000000009f000000| 99%| O|  |TAMS 0x000000009ef00000| PB 0x000000009ef00000| Untracked |  0
| 496|0x000000009f000000, 0x000000009f0ee2e8, 0x000000009f100000| 93%| O|  |TAMS 0x000000009f000000| PB 0x000000009f000000| Untracked |  0
| 497|0x000000009f100000, 0x000000009f103760, 0x000000009f200000|  1%| O|CS|TAMS 0x000000009f100000| PB 0x000000009f100000| Complete |  0
| 498|0x000000009f200000, 0x000000009f300000, 0x000000009f300000|100%| O|  |TAMS 0x000000009f200000| PB 0x000000009f200000| Untracked |  0
| 499|0x000000009f300000, 0x000000009f400000, 0x000000009f400000|100%|HS|  |TAMS 0x000000009f300000| PB 0x000000009f300000| Complete |  0
| 500|0x000000009f400000, 0x000000009f43c480, 0x000000009f500000| 23%| O|  |TAMS 0x000000009f400000| PB 0x000000009f400000| Untracked |  0
| 501|0x000000009f500000, 0x000000009f600000, 0x000000009f600000|100%| E|CS|TAMS 0x000000009f500000| PB 0x000000009f500000| Complete |  0
| 502|0x000000009f600000, 0x000000009f696968, 0x000000009f700000| 58%| O|  |TAMS 0x000000009f600000| PB 0x000000009f600000| Untracked |  0
| 503|0x000000009f700000, 0x000000009f7ffff0, 0x000000009f800000| 99%| O|  |TAMS 0x000000009f700000| PB 0x000000009f700000| Untracked |  0
| 504|0x000000009f800000, 0x000000009f8ffff0, 0x000000009f900000| 99%| O|  |TAMS 0x000000009f800000| PB 0x000000009f800000| Untracked |  0
| 505|0x000000009f900000, 0x000000009f9a99b0, 0x000000009fa00000| 66%| O|  |TAMS 0x000000009f900000| PB 0x000000009f900000| Untracked |  0
| 506|0x000000009fa00000, 0x000000009faffff8, 0x000000009fb00000| 99%| O|  |TAMS 0x000000009fa00000| PB 0x000000009fa00000| Untracked |  0
| 507|0x000000009fb00000, 0x000000009fb19fa0, 0x000000009fc00000| 10%| O|  |TAMS 0x000000009fb00000| PB 0x000000009fb00000| Untracked |  0
| 508|0x000000009fc00000, 0x000000009fd00000, 0x000000009fd00000|100%| E|CS|TAMS 0x000000009fc00000| PB 0x000000009fc00000| Complete |  0
| 509|0x000000009fd00000, 0x000000009fd99b38, 0x000000009fe00000| 60%| O|  |TAMS 0x000000009fd00000| PB 0x000000009fd00000| Untracked |  0
| 510|0x000000009fe00000, 0x000000009ff00000, 0x000000009ff00000|100%|HS|  |TAMS 0x000000009fe00000| PB 0x000000009fe00000| Complete |  0
| 511|0x000000009ff00000, 0x00000000a0000000, 0x00000000a0000000|100%|HC|  |TAMS 0x000000009ff00000| PB 0x000000009ff00000| Complete |  0
| 512|0x00000000a0000000, 0x00000000a0100000, 0x00000000a0100000|100%| O|  |TAMS 0x00000000a0000000| PB 0x00000000a0000000| Untracked |  0
| 513|0x00000000a0100000, 0x00000000a01fffe8, 0x00000000a0200000| 99%| O|  |TAMS 0x00000000a0100000| PB 0x00000000a0100000| Untracked |  0
| 514|0x00000000a0200000, 0x00000000a0300000, 0x00000000a0300000|100%|HS|  |TAMS 0x00000000a0200000| PB 0x00000000a0200000| Complete |  0
| 515|0x00000000a0300000, 0x00000000a0400000, 0x00000000a0400000|100%|HC|  |TAMS 0x00000000a0300000| PB 0x00000000a0300000| Complete |  0
| 516|0x00000000a0400000, 0x00000000a0500000, 0x00000000a0500000|100%|HS|  |TAMS 0x00000000a0400000| PB 0x00000000a0400000| Complete |  0
| 517|0x00000000a0500000, 0x00000000a0600000, 0x00000000a0600000|100%|HC|  |TAMS 0x00000000a0500000| PB 0x00000000a0500000| Complete |  0
| 518|0x00000000a0600000, 0x00000000a06fffd0, 0x00000000a0700000| 99%| O|  |TAMS 0x00000000a0600000| PB 0x00000000a0600000| Untracked |  0
| 519|0x00000000a0700000, 0x00000000a0800000, 0x00000000a0800000|100%|HS|  |TAMS 0x00000000a0700000| PB 0x00000000a0700000| Complete |  0
| 520|0x00000000a0800000, 0x00000000a0900000, 0x00000000a0900000|100%|HC|  |TAMS 0x00000000a0800000| PB 0x00000000a0800000| Complete |  0
| 521|0x00000000a0900000, 0x00000000a0a00000, 0x00000000a0a00000|100%|HS|  |TAMS 0x00000000a0900000| PB 0x00000000a0900000| Complete |  0
| 522|0x00000000a0a00000, 0x00000000a0b00000, 0x00000000a0b00000|100%|HC|  |TAMS 0x00000000a0a00000| PB 0x00000000a0a00000| Complete |  0
| 523|0x00000000a0b00000, 0x00000000a0b10b00, 0x00000000a0c00000|  6%| O|CS|TAMS 0x00000000a0b00000| PB 0x00000000a0b00000| Complete |  0
| 524|0x00000000a0c00000, 0x00000000a0d00000, 0x00000000a0d00000|100%|HS|  |TAMS 0x00000000a0c00000| PB 0x00000000a0c00000| Complete |  0
| 525|0x00000000a0d00000, 0x00000000a0e00000, 0x00000000a0e00000|100%|HC|  |TAMS 0x00000000a0d00000| PB 0x00000000a0d00000| Complete |  0
| 526|0x00000000a0e00000, 0x00000000a0f00000, 0x00000000a0f00000|100%|HS|  |TAMS 0x00000000a0e00000| PB 0x00000000a0e00000| Complete |  0
| 527|0x00000000a0f00000, 0x00000000a1000000, 0x00000000a1000000|100%|HC|  |TAMS 0x00000000a0f00000| PB 0x00000000a0f00000| Complete |  0
| 528|0x00000000a1000000, 0x00000000a1100000, 0x00000000a1100000|100%| E|CS|TAMS 0x00000000a1000000| PB 0x00000000a1000000| Complete |  0
| 529|0x00000000a1100000, 0x00000000a11ffff0, 0x00000000a1200000| 99%| O|  |TAMS 0x00000000a1100000| PB 0x00000000a1100000| Untracked |  0
| 530|0x00000000a1200000, 0x00000000a1300000, 0x00000000a1300000|100%|HS|  |TAMS 0x00000000a1200000| PB 0x00000000a1200000| Complete |  0
| 531|0x00000000a1300000, 0x00000000a1400000, 0x00000000a1400000|100%|HC|  |TAMS 0x00000000a1300000| PB 0x00000000a1300000| Complete |  0
| 532|0x00000000a1400000, 0x00000000a1500000, 0x00000000a1500000|100%|HS|  |TAMS 0x00000000a1400000| PB 0x00000000a1400000| Complete |  0
| 533|0x00000000a1500000, 0x00000000a1600000, 0x00000000a1600000|100%|HC|  |TAMS 0x00000000a1500000| PB 0x00000000a1500000| Complete |  0
| 534|0x00000000a1600000, 0x00000000a1700000, 0x00000000a1700000|100%|HS|  |TAMS 0x00000000a1600000| PB 0x00000000a1600000| Complete |  0
| 535|0x00000000a1700000, 0x00000000a1800000, 0x00000000a1800000|100%|HC|  |TAMS 0x00000000a1700000| PB 0x00000000a1700000| Complete |  0
| 536|0x00000000a1800000, 0x00000000a1900000, 0x00000000a1900000|100%|HS|  |TAMS 0x00000000a1800000| PB 0x00000000a1800000| Complete |  0
| 537|0x00000000a1900000, 0x00000000a1a00000, 0x00000000a1a00000|100%|HC|  |TAMS 0x00000000a1900000| PB 0x00000000a1900000| Complete |  0
| 538|0x00000000a1a00000, 0x00000000a1b00000, 0x00000000a1b00000|100%|HS|  |TAMS 0x00000000a1a00000| PB 0x00000000a1a00000| Complete |  0
| 539|0x00000000a1b00000, 0x00000000a1c00000, 0x00000000a1c00000|100%|HC|  |TAMS 0x00000000a1b00000| PB 0x00000000a1b00000| Complete |  0
| 540|0x00000000a1c00000, 0x00000000a1d00000, 0x00000000a1d00000|100%|HS|  |TAMS 0x00000000a1c00000| PB 0x00000000a1c00000| Complete |  0
| 541|0x00000000a1d00000, 0x00000000a1e00000, 0x00000000a1e00000|100%|HC|  |TAMS 0x00000000a1d00000| PB 0x00000000a1d00000| Complete |  0
| 542|0x00000000a1e00000, 0x00000000a1f00000, 0x00000000a1f00000|100%|HS|  |TAMS 0x00000000a1e00000| PB 0x00000000a1e00000| Complete |  0
| 543|0x00000000a1f00000, 0x00000000a2000000, 0x00000000a2000000|100%|HC|  |TAMS 0x00000000a1f00000| PB 0x00000000a1f00000| Complete |  0
| 544|0x00000000a2000000, 0x00000000a2100000, 0x00000000a2100000|100%|HS|  |TAMS 0x00000000a2000000| PB 0x00000000a2000000| Complete |  0
| 545|0x00000000a2100000, 0x00000000a2200000, 0x00000000a2200000|100%|HC|  |TAMS 0x00000000a2100000| PB 0x00000000a2100000| Complete |  0
| 546|0x00000000a2200000, 0x00000000a2300000, 0x00000000a2300000|100%|HS|  |TAMS 0x00000000a2200000| PB 0x00000000a2200000| Complete |  0
| 547|0x00000000a2300000, 0x00000000a2400000, 0x00000000a2400000|100%|HC|  |TAMS 0x00000000a2300000| PB 0x00000000a2300000| Complete |  0
| 548|0x00000000a2400000, 0x00000000a2500000, 0x00000000a2500000|100%|HS|  |TAMS 0x00000000a2400000| PB 0x00000000a2400000| Complete |  0
| 549|0x00000000a2500000, 0x00000000a2600000, 0x00000000a2600000|100%|HC|  |TAMS 0x00000000a2500000| PB 0x00000000a2500000| Complete |  0
| 550|0x00000000a2600000, 0x00000000a2700000, 0x00000000a2700000|100%|HS|  |TAMS 0x00000000a2600000| PB 0x00000000a2600000| Complete |  0
| 551|0x00000000a2700000, 0x00000000a2800000, 0x00000000a2800000|100%|HC|  |TAMS 0x00000000a2700000| PB 0x00000000a2700000| Complete |  0
| 552|0x00000000a2800000, 0x00000000a2900000, 0x00000000a2900000|100%|HS|  |TAMS 0x00000000a2800000| PB 0x00000000a2800000| Complete |  0
| 553|0x00000000a2900000, 0x00000000a2a00000, 0x00000000a2a00000|100%|HC|  |TAMS 0x00000000a2900000| PB 0x00000000a2900000| Complete |  0
| 554|0x00000000a2a00000, 0x00000000a2b00000, 0x00000000a2b00000|100%|HS|  |TAMS 0x00000000a2a00000| PB 0x00000000a2a00000| Complete |  0
| 555|0x00000000a2b00000, 0x00000000a2c00000, 0x00000000a2c00000|100%|HC|  |TAMS 0x00000000a2b00000| PB 0x00000000a2b00000| Complete |  0
| 556|0x00000000a2c00000, 0x00000000a2d00000, 0x00000000a2d00000|100%|HS|  |TAMS 0x00000000a2c00000| PB 0x00000000a2c00000| Complete |  0
| 557|0x00000000a2d00000, 0x00000000a2e00000, 0x00000000a2e00000|100%|HC|  |TAMS 0x00000000a2d00000| PB 0x00000000a2d00000| Complete |  0
| 558|0x00000000a2e00000, 0x00000000a2f00000, 0x00000000a2f00000|100%|HS|  |TAMS 0x00000000a2e00000| PB 0x00000000a2e00000| Complete |  0
| 559|0x00000000a2f00000, 0x00000000a3000000, 0x00000000a3000000|100%|HC|  |TAMS 0x00000000a2f00000| PB 0x00000000a2f00000| Complete |  0
| 560|0x00000000a3000000, 0x00000000a3100000, 0x00000000a3100000|100%|HS|  |TAMS 0x00000000a3000000| PB 0x00000000a3000000| Complete |  0
| 561|0x00000000a3100000, 0x00000000a3200000, 0x00000000a3200000|100%|HC|  |TAMS 0x00000000a3100000| PB 0x00000000a3100000| Complete |  0
| 562|0x00000000a3200000, 0x00000000a3300000, 0x00000000a3300000|100%|HS|  |TAMS 0x00000000a3200000| PB 0x00000000a3200000| Complete |  0
| 563|0x00000000a3300000, 0x00000000a3400000, 0x00000000a3400000|100%|HC|  |TAMS 0x00000000a3300000| PB 0x00000000a3300000| Complete |  0
| 564|0x00000000a3400000, 0x00000000a3500000, 0x00000000a3500000|100%|HS|  |TAMS 0x00000000a3400000| PB 0x00000000a3400000| Complete |  0
| 565|0x00000000a3500000, 0x00000000a3600000, 0x00000000a3600000|100%|HC|  |TAMS 0x00000000a3500000| PB 0x00000000a3500000| Complete |  0
| 566|0x00000000a3600000, 0x00000000a3700000, 0x00000000a3700000|100%|HS|  |TAMS 0x00000000a3600000| PB 0x00000000a3600000| Complete |  0
| 567|0x00000000a3700000, 0x00000000a3800000, 0x00000000a3800000|100%|HC|  |TAMS 0x00000000a3700000| PB 0x00000000a3700000| Complete |  0
| 568|0x00000000a3800000, 0x00000000a3900000, 0x00000000a3900000|100%|HS|  |TAMS 0x00000000a3800000| PB 0x00000000a3800000| Complete |  0
| 569|0x00000000a3900000, 0x00000000a3a00000, 0x00000000a3a00000|100%|HC|  |TAMS 0x00000000a3900000| PB 0x00000000a3900000| Complete |  0
| 570|0x00000000a3a00000, 0x00000000a3b00000, 0x00000000a3b00000|100%|HS|  |TAMS 0x00000000a3a00000| PB 0x00000000a3a00000| Complete |  0
| 571|0x00000000a3b00000, 0x00000000a3c00000, 0x00000000a3c00000|100%|HC|  |TAMS 0x00000000a3b00000| PB 0x00000000a3b00000| Complete |  0
| 572|0x00000000a3c00000, 0x00000000a3d00000, 0x00000000a3d00000|100%|HS|  |TAMS 0x00000000a3c00000| PB 0x00000000a3c00000| Complete |  0
| 573|0x00000000a3d00000, 0x00000000a3e00000, 0x00000000a3e00000|100%|HC|  |TAMS 0x00000000a3d00000| PB 0x00000000a3d00000| Complete |  0
| 574|0x00000000a3e00000, 0x00000000a3f00000, 0x00000000a3f00000|100%|HS|  |TAMS 0x00000000a3e00000| PB 0x00000000a3e00000| Complete |  0
| 575|0x00000000a3f00000, 0x00000000a4000000, 0x00000000a4000000|100%|HC|  |TAMS 0x00000000a3f00000| PB 0x00000000a3f00000| Complete |  0
| 576|0x00000000a4000000, 0x00000000a4100000, 0x00000000a4100000|100%|HS|  |TAMS 0x00000000a4000000| PB 0x00000000a4000000| Complete |  0
| 577|0x00000000a4100000, 0x00000000a4200000, 0x00000000a4200000|100%|HC|  |TAMS 0x00000000a4100000| PB 0x00000000a4100000| Complete |  0
| 578|0x00000000a4200000, 0x00000000a4300000, 0x00000000a4300000|100%|HC|  |TAMS 0x00000000a4200000| PB 0x00000000a4200000| Complete |  0
| 579|0x00000000a4300000, 0x00000000a4400000, 0x00000000a4400000|100%|HC|  |TAMS 0x00000000a4300000| PB 0x00000000a4300000| Complete |  0
| 580|0x00000000a4400000, 0x00000000a4500000, 0x00000000a4500000|100%|HS|  |TAMS 0x00000000a4400000| PB 0x00000000a4400000| Complete |  0
| 581|0x00000000a4500000, 0x00000000a4600000, 0x00000000a4600000|100%|HC|  |TAMS 0x00000000a4500000| PB 0x00000000a4500000| Complete |  0
| 582|0x00000000a4600000, 0x00000000a4700000, 0x00000000a4700000|100%|HS|  |TAMS 0x00000000a4600000| PB 0x00000000a4600000| Complete |  0
| 583|0x00000000a4700000, 0x00000000a4800000, 0x00000000a4800000|100%|HC|  |TAMS 0x00000000a4700000| PB 0x00000000a4700000| Complete |  0
| 584|0x00000000a4800000, 0x00000000a4900000, 0x00000000a4900000|100%|HS|  |TAMS 0x00000000a4800000| PB 0x00000000a4800000| Complete |  0
| 585|0x00000000a4900000, 0x00000000a4a00000, 0x00000000a4a00000|100%|HC|  |TAMS 0x00000000a4900000| PB 0x00000000a4900000| Complete |  0
| 586|0x00000000a4a00000, 0x00000000a4b00000, 0x00000000a4b00000|100%|HS|  |TAMS 0x00000000a4a00000| PB 0x00000000a4a00000| Complete |  0
| 587|0x00000000a4b00000, 0x00000000a4c00000, 0x00000000a4c00000|100%|HC|  |TAMS 0x00000000a4b00000| PB 0x00000000a4b00000| Complete |  0
| 588|0x00000000a4c00000, 0x00000000a4d00000, 0x00000000a4d00000|100%|HS|  |TAMS 0x00000000a4c00000| PB 0x00000000a4c00000| Complete |  0
| 589|0x00000000a4d00000, 0x00000000a4e00000, 0x00000000a4e00000|100%|HC|  |TAMS 0x00000000a4d00000| PB 0x00000000a4d00000| Complete |  0
| 590|0x00000000a4e00000, 0x00000000a4f00000, 0x00000000a4f00000|100%| E|CS|TAMS 0x00000000a4e00000| PB 0x00000000a4e00000| Complete |  0
| 591|0x00000000a4f00000, 0x00000000a4f533f8, 0x00000000a5000000| 32%| E|CS|TAMS 0x00000000a4f00000| PB 0x00000000a4f00000| Complete |  0
| 592|0x00000000a5000000, 0x00000000a5100000, 0x00000000a5100000|100%|HS|  |TAMS 0x00000000a5000000| PB 0x00000000a5000000| Complete |  0
| 593|0x00000000a5100000, 0x00000000a5200000, 0x00000000a5200000|100%|HC|  |TAMS 0x00000000a5100000| PB 0x00000000a5100000| Complete |  0
| 594|0x00000000a5200000, 0x00000000a5300000, 0x00000000a5300000|100%|HC|  |TAMS 0x00000000a5200000| PB 0x00000000a5200000| Complete |  0
| 595|0x00000000a5300000, 0x00000000a5400000, 0x00000000a5400000|100%|HC|  |TAMS 0x00000000a5300000| PB 0x00000000a5300000| Complete |  0
| 596|0x00000000a5400000, 0x00000000a5500000, 0x00000000a5500000|100%|HC|  |TAMS 0x00000000a5400000| PB 0x00000000a5400000| Complete |  0
| 597|0x00000000a5500000, 0x00000000a5600000, 0x00000000a5600000|100%|HC|  |TAMS 0x00000000a5500000| PB 0x00000000a5500000| Complete |  0
| 598|0x00000000a5600000, 0x00000000a5700000, 0x00000000a5700000|100%| E|CS|TAMS 0x00000000a5600000| PB 0x00000000a5600000| Complete |  0
| 599|0x00000000a5700000, 0x00000000a5800000, 0x00000000a5800000|100%| E|CS|TAMS 0x00000000a5700000| PB 0x00000000a5700000| Complete |  0
| 600|0x00000000a5800000, 0x00000000a5900000, 0x00000000a5900000|100%| E|CS|TAMS 0x00000000a5800000| PB 0x00000000a5800000| Complete |  0
| 601|0x00000000a5900000, 0x00000000a5a00000, 0x00000000a5a00000|100%| E|CS|TAMS 0x00000000a5900000| PB 0x00000000a5900000| Complete |  0
| 602|0x00000000a5a00000, 0x00000000a5b00000, 0x00000000a5b00000|100%| E|CS|TAMS 0x00000000a5a00000| PB 0x00000000a5a00000| Complete |  0
| 603|0x00000000a5b00000, 0x00000000a5c00000, 0x00000000a5c00000|100%| E|CS|TAMS 0x00000000a5b00000| PB 0x00000000a5b00000| Complete |  0
| 604|0x00000000a5c00000, 0x00000000a5d00000, 0x00000000a5d00000|100%| E|CS|TAMS 0x00000000a5c00000| PB 0x00000000a5c00000| Complete |  0
| 605|0x00000000a5d00000, 0x00000000a5e00000, 0x00000000a5e00000|100%| E|CS|TAMS 0x00000000a5d00000| PB 0x00000000a5d00000| Complete |  0
| 606|0x00000000a5e00000, 0x00000000a5f00000, 0x00000000a5f00000|100%| E|CS|TAMS 0x00000000a5e00000| PB 0x00000000a5e00000| Complete |  0
| 607|0x00000000a5f00000, 0x00000000a6000000, 0x00000000a6000000|100%| E|CS|TAMS 0x00000000a5f00000| PB 0x00000000a5f00000| Complete |  0
| 608|0x00000000a6000000, 0x00000000a6100000, 0x00000000a6100000|100%| E|CS|TAMS 0x00000000a6000000| PB 0x00000000a6000000| Complete |  0
| 609|0x00000000a6100000, 0x00000000a6200000, 0x00000000a6200000|100%| E|CS|TAMS 0x00000000a6100000| PB 0x00000000a6100000| Complete |  0
| 610|0x00000000a6200000, 0x00000000a6300000, 0x00000000a6300000|100%| E|CS|TAMS 0x00000000a6200000| PB 0x00000000a6200000| Complete |  0
| 611|0x00000000a6300000, 0x00000000a6400000, 0x00000000a6400000|100%| E|CS|TAMS 0x00000000a6300000| PB 0x00000000a6300000| Complete |  0
| 612|0x00000000a6400000, 0x00000000a6500000, 0x00000000a6500000|100%| E|CS|TAMS 0x00000000a6400000| PB 0x00000000a6400000| Complete |  0
| 613|0x00000000a6500000, 0x00000000a6600000, 0x00000000a6600000|100%| E|CS|TAMS 0x00000000a6500000| PB 0x00000000a6500000| Complete |  0
| 614|0x00000000a6600000, 0x00000000a6700000, 0x00000000a6700000|100%| E|CS|TAMS 0x00000000a6600000| PB 0x00000000a6600000| Complete |  0
| 615|0x00000000a6700000, 0x00000000a6800000, 0x00000000a6800000|100%| E|CS|TAMS 0x00000000a6700000| PB 0x00000000a6700000| Complete |  0
| 616|0x00000000a6800000, 0x00000000a6900000, 0x00000000a6900000|100%| E|CS|TAMS 0x00000000a6800000| PB 0x00000000a6800000| Complete |  0
| 617|0x00000000a6900000, 0x00000000a6a00000, 0x00000000a6a00000|100%| E|CS|TAMS 0x00000000a6900000| PB 0x00000000a6900000| Complete |  0
| 618|0x00000000a6a00000, 0x00000000a6b00000, 0x00000000a6b00000|100%| E|CS|TAMS 0x00000000a6a00000| PB 0x00000000a6a00000| Complete |  0
| 619|0x00000000a6b00000, 0x00000000a6c00000, 0x00000000a6c00000|100%| E|CS|TAMS 0x00000000a6b00000| PB 0x00000000a6b00000| Complete |  0
| 620|0x00000000a6c00000, 0x00000000a6d00000, 0x00000000a6d00000|100%| E|CS|TAMS 0x00000000a6c00000| PB 0x00000000a6c00000| Complete |  0
| 621|0x00000000a6d00000, 0x00000000a6e00000, 0x00000000a6e00000|100%| E|CS|TAMS 0x00000000a6d00000| PB 0x00000000a6d00000| Complete |  0
| 622|0x00000000a6e00000, 0x00000000a6f00000, 0x00000000a6f00000|100%| E|CS|TAMS 0x00000000a6e00000| PB 0x00000000a6e00000| Complete |  0
| 623|0x00000000a6f00000, 0x00000000a7000000, 0x00000000a7000000|100%| E|CS|TAMS 0x00000000a6f00000| PB 0x00000000a6f00000| Complete |  0
| 624|0x00000000a7000000, 0x00000000a7100000, 0x00000000a7100000|100%| E|CS|TAMS 0x00000000a7000000| PB 0x00000000a7000000| Complete |  0
| 625|0x00000000a7100000, 0x00000000a7200000, 0x00000000a7200000|100%| E|CS|TAMS 0x00000000a7100000| PB 0x00000000a7100000| Complete |  0
| 626|0x00000000a7200000, 0x00000000a7300000, 0x00000000a7300000|100%| E|CS|TAMS 0x00000000a7200000| PB 0x00000000a7200000| Complete |  0
| 627|0x00000000a7300000, 0x00000000a7400000, 0x00000000a7400000|100%| E|CS|TAMS 0x00000000a7300000| PB 0x00000000a7300000| Complete |  0
| 628|0x00000000a7400000, 0x00000000a7500000, 0x00000000a7500000|100%| E|CS|TAMS 0x00000000a7400000| PB 0x00000000a7400000| Complete |  0
| 629|0x00000000a7500000, 0x00000000a7600000, 0x00000000a7600000|100%| E|CS|TAMS 0x00000000a7500000| PB 0x00000000a7500000| Complete |  0
| 630|0x00000000a7600000, 0x00000000a7700000, 0x00000000a7700000|100%| E|CS|TAMS 0x00000000a7600000| PB 0x00000000a7600000| Complete |  0
| 631|0x00000000a7700000, 0x00000000a7800000, 0x00000000a7800000|100%| E|CS|TAMS 0x00000000a7700000| PB 0x00000000a7700000| Complete |  0
| 632|0x00000000a7800000, 0x00000000a7900000, 0x00000000a7900000|100%| E|CS|TAMS 0x00000000a7800000| PB 0x00000000a7800000| Complete |  0
| 633|0x00000000a7900000, 0x00000000a7a00000, 0x00000000a7a00000|100%| E|CS|TAMS 0x00000000a7900000| PB 0x00000000a7900000| Complete |  0
| 634|0x00000000a7a00000, 0x00000000a7b00000, 0x00000000a7b00000|100%| E|CS|TAMS 0x00000000a7a00000| PB 0x00000000a7a00000| Complete |  0
| 635|0x00000000a7b00000, 0x00000000a7c00000, 0x00000000a7c00000|100%| E|CS|TAMS 0x00000000a7b00000| PB 0x00000000a7b00000| Complete |  0
| 636|0x00000000a7c00000, 0x00000000a7d00000, 0x00000000a7d00000|100%| E|CS|TAMS 0x00000000a7c00000| PB 0x00000000a7c00000| Complete |  0
| 637|0x00000000a7d00000, 0x00000000a7e00000, 0x00000000a7e00000|100%| E|CS|TAMS 0x00000000a7d00000| PB 0x00000000a7d00000| Complete |  0
| 638|0x00000000a7e00000, 0x00000000a7f00000, 0x00000000a7f00000|100%| E|CS|TAMS 0x00000000a7e00000| PB 0x00000000a7e00000| Complete |  0
| 639|0x00000000a7f00000, 0x00000000a8000000, 0x00000000a8000000|100%| E|CS|TAMS 0x00000000a7f00000| PB 0x00000000a7f00000| Complete |  0
| 640|0x00000000a8000000, 0x00000000a8100000, 0x00000000a8100000|100%| E|CS|TAMS 0x00000000a8000000| PB 0x00000000a8000000| Complete |  0
| 641|0x00000000a8100000, 0x00000000a8200000, 0x00000000a8200000|100%| E|CS|TAMS 0x00000000a8100000| PB 0x00000000a8100000| Complete |  0
| 642|0x00000000a8200000, 0x00000000a8300000, 0x00000000a8300000|100%| E|CS|TAMS 0x00000000a8200000| PB 0x00000000a8200000| Complete |  0
| 643|0x00000000a8300000, 0x00000000a8400000, 0x00000000a8400000|100%| E|CS|TAMS 0x00000000a8300000| PB 0x00000000a8300000| Complete |  0
| 644|0x00000000a8400000, 0x00000000a8500000, 0x00000000a8500000|100%| E|CS|TAMS 0x00000000a8400000| PB 0x00000000a8400000| Complete |  0
| 645|0x00000000a8500000, 0x00000000a8600000, 0x00000000a8600000|100%| E|CS|TAMS 0x00000000a8500000| PB 0x00000000a8500000| Complete |  0
| 646|0x00000000a8600000, 0x00000000a8700000, 0x00000000a8700000|100%| E|CS|TAMS 0x00000000a8600000| PB 0x00000000a8600000| Complete |  0
| 647|0x00000000a8700000, 0x00000000a8800000, 0x00000000a8800000|100%| E|CS|TAMS 0x00000000a8700000| PB 0x00000000a8700000| Complete |  0
| 648|0x00000000a8800000, 0x00000000a8900000, 0x00000000a8900000|100%| E|CS|TAMS 0x00000000a8800000| PB 0x00000000a8800000| Complete |  0
| 649|0x00000000a8900000, 0x00000000a8a00000, 0x00000000a8a00000|100%| E|CS|TAMS 0x00000000a8900000| PB 0x00000000a8900000| Complete |  0
| 650|0x00000000a8a00000, 0x00000000a8b00000, 0x00000000a8b00000|100%| E|CS|TAMS 0x00000000a8a00000| PB 0x00000000a8a00000| Complete |  0
| 651|0x00000000a8b00000, 0x00000000a8c00000, 0x00000000a8c00000|100%| E|CS|TAMS 0x00000000a8b00000| PB 0x00000000a8b00000| Complete |  0
| 652|0x00000000a8c00000, 0x00000000a8d00000, 0x00000000a8d00000|100%| E|CS|TAMS 0x00000000a8c00000| PB 0x00000000a8c00000| Complete |  0
| 653|0x00000000a8d00000, 0x00000000a8e00000, 0x00000000a8e00000|100%| E|CS|TAMS 0x00000000a8d00000| PB 0x00000000a8d00000| Complete |  0
| 654|0x00000000a8e00000, 0x00000000a8f00000, 0x00000000a8f00000|100%| E|CS|TAMS 0x00000000a8e00000| PB 0x00000000a8e00000| Complete |  0
| 655|0x00000000a8f00000, 0x00000000a9000000, 0x00000000a9000000|100%| E|CS|TAMS 0x00000000a8f00000| PB 0x00000000a8f00000| Complete |  0
| 656|0x00000000a9000000, 0x00000000a9100000, 0x00000000a9100000|100%| E|CS|TAMS 0x00000000a9000000| PB 0x00000000a9000000| Complete |  0
| 657|0x00000000a9100000, 0x00000000a9200000, 0x00000000a9200000|100%| E|CS|TAMS 0x00000000a9100000| PB 0x00000000a9100000| Complete |  0
| 658|0x00000000a9200000, 0x00000000a9300000, 0x00000000a9300000|100%| E|CS|TAMS 0x00000000a9200000| PB 0x00000000a9200000| Complete |  0
| 659|0x00000000a9300000, 0x00000000a9400000, 0x00000000a9400000|100%| E|CS|TAMS 0x00000000a9300000| PB 0x00000000a9300000| Complete |  0
| 660|0x00000000a9400000, 0x00000000a9500000, 0x00000000a9500000|100%| E|CS|TAMS 0x00000000a9400000| PB 0x00000000a9400000| Complete |  0
| 661|0x00000000a9500000, 0x00000000a9600000, 0x00000000a9600000|100%| E|CS|TAMS 0x00000000a9500000| PB 0x00000000a9500000| Complete |  0
| 662|0x00000000a9600000, 0x00000000a9700000, 0x00000000a9700000|100%| E|CS|TAMS 0x00000000a9600000| PB 0x00000000a9600000| Complete |  0
| 663|0x00000000a9700000, 0x00000000a9800000, 0x00000000a9800000|100%| E|CS|TAMS 0x00000000a9700000| PB 0x00000000a9700000| Complete |  0
| 664|0x00000000a9800000, 0x00000000a9900000, 0x00000000a9900000|100%| E|CS|TAMS 0x00000000a9800000| PB 0x00000000a9800000| Complete |  0
| 665|0x00000000a9900000, 0x00000000a9a00000, 0x00000000a9a00000|100%| E|CS|TAMS 0x00000000a9900000| PB 0x00000000a9900000| Complete |  0
| 666|0x00000000a9a00000, 0x00000000a9b00000, 0x00000000a9b00000|100%| E|CS|TAMS 0x00000000a9a00000| PB 0x00000000a9a00000| Complete |  0
| 667|0x00000000a9b00000, 0x00000000a9c00000, 0x00000000a9c00000|100%| E|CS|TAMS 0x00000000a9b00000| PB 0x00000000a9b00000| Complete |  0
| 668|0x00000000a9c00000, 0x00000000a9d00000, 0x00000000a9d00000|100%| E|CS|TAMS 0x00000000a9c00000| PB 0x00000000a9c00000| Complete |  0
| 669|0x00000000a9d00000, 0x00000000a9e00000, 0x00000000a9e00000|100%| E|CS|TAMS 0x00000000a9d00000| PB 0x00000000a9d00000| Complete |  0
| 670|0x00000000a9e00000, 0x00000000a9f00000, 0x00000000a9f00000|100%| E|CS|TAMS 0x00000000a9e00000| PB 0x00000000a9e00000| Complete |  0
| 671|0x00000000a9f00000, 0x00000000aa000000, 0x00000000aa000000|100%| E|CS|TAMS 0x00000000a9f00000| PB 0x00000000a9f00000| Complete |  0
| 672|0x00000000aa000000, 0x00000000aa100000, 0x00000000aa100000|100%| E|CS|TAMS 0x00000000aa000000| PB 0x00000000aa000000| Complete |  0
| 673|0x00000000aa100000, 0x00000000aa200000, 0x00000000aa200000|100%| E|CS|TAMS 0x00000000aa100000| PB 0x00000000aa100000| Complete |  0
| 674|0x00000000aa200000, 0x00000000aa300000, 0x00000000aa300000|100%| E|CS|TAMS 0x00000000aa200000| PB 0x00000000aa200000| Complete |  0
| 675|0x00000000aa300000, 0x00000000aa400000, 0x00000000aa400000|100%| E|CS|TAMS 0x00000000aa300000| PB 0x00000000aa300000| Complete |  0
| 676|0x00000000aa400000, 0x00000000aa500000, 0x00000000aa500000|100%| E|CS|TAMS 0x00000000aa400000| PB 0x00000000aa400000| Complete |  0
| 677|0x00000000aa500000, 0x00000000aa600000, 0x00000000aa600000|100%| E|CS|TAMS 0x00000000aa500000| PB 0x00000000aa500000| Complete |  0
| 678|0x00000000aa600000, 0x00000000aa700000, 0x00000000aa700000|100%| E|CS|TAMS 0x00000000aa600000| PB 0x00000000aa600000| Complete |  0
| 679|0x00000000aa700000, 0x00000000aa800000, 0x00000000aa800000|100%|HS|  |TAMS 0x00000000aa700000| PB 0x00000000aa700000| Complete |  0
| 680|0x00000000aa800000, 0x00000000aa900000, 0x00000000aa900000|100%|HC|  |TAMS 0x00000000aa800000| PB 0x00000000aa800000| Complete |  0
| 681|0x00000000aa900000, 0x00000000aaa00000, 0x00000000aaa00000|100%| E|CS|TAMS 0x00000000aa900000| PB 0x00000000aa900000| Complete |  0
| 682|0x00000000aaa00000, 0x00000000aab00000, 0x00000000aab00000|100%| E|CS|TAMS 0x00000000aaa00000| PB 0x00000000aaa00000| Complete |  0
| 683|0x00000000aab00000, 0x00000000aac00000, 0x00000000aac00000|100%| E|CS|TAMS 0x00000000aab00000| PB 0x00000000aab00000| Complete |  0
| 684|0x00000000aac00000, 0x00000000aad00000, 0x00000000aad00000|100%| E|CS|TAMS 0x00000000aac00000| PB 0x00000000aac00000| Complete |  0
| 685|0x00000000aad00000, 0x00000000aae00000, 0x00000000aae00000|100%| E|CS|TAMS 0x00000000aad00000| PB 0x00000000aad00000| Complete |  0
| 686|0x00000000aae00000, 0x00000000aaf00000, 0x00000000aaf00000|100%| E|CS|TAMS 0x00000000aae00000| PB 0x00000000aae00000| Complete |  0
| 687|0x00000000aaf00000, 0x00000000ab000000, 0x00000000ab000000|100%| E|CS|TAMS 0x00000000aaf00000| PB 0x00000000aaf00000| Complete |  0
| 688|0x00000000ab000000, 0x00000000ab100000, 0x00000000ab100000|100%|HS|  |TAMS 0x00000000ab000000| PB 0x00000000ab000000| Complete |  0
| 689|0x00000000ab100000, 0x00000000ab200000, 0x00000000ab200000|100%|HC|  |TAMS 0x00000000ab100000| PB 0x00000000ab100000| Complete |  0
| 690|0x00000000ab200000, 0x00000000ab300000, 0x00000000ab300000|100%|HS|  |TAMS 0x00000000ab200000| PB 0x00000000ab200000| Complete |  0
| 691|0x00000000ab300000, 0x00000000ab400000, 0x00000000ab400000|100%|HC|  |TAMS 0x00000000ab300000| PB 0x00000000ab300000| Complete |  0
| 692|0x00000000ab400000, 0x00000000ab500000, 0x00000000ab500000|100%| E|CS|TAMS 0x00000000ab400000| PB 0x00000000ab400000| Complete |  0
| 693|0x00000000ab500000, 0x00000000ab600000, 0x00000000ab600000|100%| E|CS|TAMS 0x00000000ab500000| PB 0x00000000ab500000| Complete |  0
| 694|0x00000000ab600000, 0x00000000ab700000, 0x00000000ab700000|100%| E|CS|TAMS 0x00000000ab600000| PB 0x00000000ab600000| Complete |  0
| 695|0x00000000ab700000, 0x00000000ab800000, 0x00000000ab800000|100%| E|CS|TAMS 0x00000000ab700000| PB 0x00000000ab700000| Complete |  0
| 696|0x00000000ab800000, 0x00000000ab900000, 0x00000000ab900000|100%| E|CS|TAMS 0x00000000ab800000| PB 0x00000000ab800000| Complete |  0
| 697|0x00000000ab900000, 0x00000000aba00000, 0x00000000aba00000|100%| E|CS|TAMS 0x00000000ab900000| PB 0x00000000ab900000| Complete |  0
| 698|0x00000000aba00000, 0x00000000abb00000, 0x00000000abb00000|100%| E|CS|TAMS 0x00000000aba00000| PB 0x00000000aba00000| Complete |  0
| 699|0x00000000abb00000, 0x00000000abc00000, 0x00000000abc00000|100%| E|CS|TAMS 0x00000000abb00000| PB 0x00000000abb00000| Complete |  0
| 700|0x00000000abc00000, 0x00000000abd00000, 0x00000000abd00000|100%| E|CS|TAMS 0x00000000abc00000| PB 0x00000000abc00000| Complete |  0
| 701|0x00000000abd00000, 0x00000000abe00000, 0x00000000abe00000|100%| E|CS|TAMS 0x00000000abd00000| PB 0x00000000abd00000| Complete |  0
| 702|0x00000000abe00000, 0x00000000abf00000, 0x00000000abf00000|100%| E|CS|TAMS 0x00000000abe00000| PB 0x00000000abe00000| Complete |  0
| 703|0x00000000abf00000, 0x00000000ac000000, 0x00000000ac000000|100%| E|CS|TAMS 0x00000000abf00000| PB 0x00000000abf00000| Complete |  0
| 704|0x00000000ac000000, 0x00000000ac100000, 0x00000000ac100000|100%| E|CS|TAMS 0x00000000ac000000| PB 0x00000000ac000000| Complete |  0
| 705|0x00000000ac100000, 0x00000000ac200000, 0x00000000ac200000|100%| E|CS|TAMS 0x00000000ac100000| PB 0x00000000ac100000| Complete |  0
| 706|0x00000000ac200000, 0x00000000ac300000, 0x00000000ac300000|100%| E|CS|TAMS 0x00000000ac200000| PB 0x00000000ac200000| Complete |  0
| 707|0x00000000ac300000, 0x00000000ac400000, 0x00000000ac400000|100%| E|CS|TAMS 0x00000000ac300000| PB 0x00000000ac300000| Complete |  0
| 708|0x00000000ac400000, 0x00000000ac500000, 0x00000000ac500000|100%| E|CS|TAMS 0x00000000ac400000| PB 0x00000000ac400000| Complete |  0
| 709|0x00000000ac500000, 0x00000000ac600000, 0x00000000ac600000|100%| E|CS|TAMS 0x00000000ac500000| PB 0x00000000ac500000| Complete |  0
| 710|0x00000000ac600000, 0x00000000ac700000, 0x00000000ac700000|100%| E|CS|TAMS 0x00000000ac600000| PB 0x00000000ac600000| Complete |  0
| 711|0x00000000ac700000, 0x00000000ac800000, 0x00000000ac800000|100%| E|CS|TAMS 0x00000000ac700000| PB 0x00000000ac700000| Complete |  0
| 712|0x00000000ac800000, 0x00000000ac900000, 0x00000000ac900000|100%| E|CS|TAMS 0x00000000ac800000| PB 0x00000000ac800000| Complete |  0
| 713|0x00000000ac900000, 0x00000000aca00000, 0x00000000aca00000|100%| E|CS|TAMS 0x00000000ac900000| PB 0x00000000ac900000| Complete |  0
| 714|0x00000000aca00000, 0x00000000acb00000, 0x00000000acb00000|100%| E|CS|TAMS 0x00000000aca00000| PB 0x00000000aca00000| Complete |  0
| 715|0x00000000acb00000, 0x00000000acc00000, 0x00000000acc00000|100%| E|CS|TAMS 0x00000000acb00000| PB 0x00000000acb00000| Complete |  0
| 716|0x00000000acc00000, 0x00000000acd00000, 0x00000000acd00000|100%| E|CS|TAMS 0x00000000acc00000| PB 0x00000000acc00000| Complete |  0
| 717|0x00000000acd00000, 0x00000000ace00000, 0x00000000ace00000|100%| E|CS|TAMS 0x00000000acd00000| PB 0x00000000acd00000| Complete |  0
| 718|0x00000000ace00000, 0x00000000acf00000, 0x00000000acf00000|100%| E|CS|TAMS 0x00000000ace00000| PB 0x00000000ace00000| Complete |  0
| 719|0x00000000acf00000, 0x00000000ad000000, 0x00000000ad000000|100%| E|CS|TAMS 0x00000000acf00000| PB 0x00000000acf00000| Complete |  0
| 720|0x00000000ad000000, 0x00000000ad100000, 0x00000000ad100000|100%| E|CS|TAMS 0x00000000ad000000| PB 0x00000000ad000000| Complete |  0
| 721|0x00000000ad100000, 0x00000000ad200000, 0x00000000ad200000|100%| E|CS|TAMS 0x00000000ad100000| PB 0x00000000ad100000| Complete |  0
| 722|0x00000000ad200000, 0x00000000ad300000, 0x00000000ad300000|100%| E|CS|TAMS 0x00000000ad200000| PB 0x00000000ad200000| Complete |  0
| 723|0x00000000ad300000, 0x00000000ad400000, 0x00000000ad400000|100%| E|CS|TAMS 0x00000000ad300000| PB 0x00000000ad300000| Complete |  0
| 724|0x00000000ad400000, 0x00000000ad500000, 0x00000000ad500000|100%| E|CS|TAMS 0x00000000ad400000| PB 0x00000000ad400000| Complete |  0
| 725|0x00000000ad500000, 0x00000000ad600000, 0x00000000ad600000|100%| E|CS|TAMS 0x00000000ad500000| PB 0x00000000ad500000| Complete |  0
| 726|0x00000000ad600000, 0x00000000ad700000, 0x00000000ad700000|100%| E|CS|TAMS 0x00000000ad600000| PB 0x00000000ad600000| Complete |  0
| 727|0x00000000ad700000, 0x00000000ad800000, 0x00000000ad800000|100%| E|CS|TAMS 0x00000000ad700000| PB 0x00000000ad700000| Complete |  0
| 728|0x00000000ad800000, 0x00000000ad900000, 0x00000000ad900000|100%| E|CS|TAMS 0x00000000ad800000| PB 0x00000000ad800000| Complete |  0
| 729|0x00000000ad900000, 0x00000000ada00000, 0x00000000ada00000|100%| E|CS|TAMS 0x00000000ad900000| PB 0x00000000ad900000| Complete |  0
| 730|0x00000000ada00000, 0x00000000adb00000, 0x00000000adb00000|100%| E|CS|TAMS 0x00000000ada00000| PB 0x00000000ada00000| Complete |  0
| 731|0x00000000adb00000, 0x00000000adc00000, 0x00000000adc00000|100%| E|CS|TAMS 0x00000000adb00000| PB 0x00000000adb00000| Complete |  0
| 732|0x00000000adc00000, 0x00000000add00000, 0x00000000add00000|100%| E|CS|TAMS 0x00000000adc00000| PB 0x00000000adc00000| Complete |  0
| 733|0x00000000add00000, 0x00000000ade00000, 0x00000000ade00000|100%| E|CS|TAMS 0x00000000add00000| PB 0x00000000add00000| Complete |  0
| 734|0x00000000ade00000, 0x00000000adf00000, 0x00000000adf00000|100%| E|CS|TAMS 0x00000000ade00000| PB 0x00000000ade00000| Complete |  0
| 735|0x00000000adf00000, 0x00000000ae000000, 0x00000000ae000000|100%| E|CS|TAMS 0x00000000adf00000| PB 0x00000000adf00000| Complete |  0
| 736|0x00000000ae000000, 0x00000000ae100000, 0x00000000ae100000|100%| E|CS|TAMS 0x00000000ae000000| PB 0x00000000ae000000| Complete |  0
| 737|0x00000000ae100000, 0x00000000ae200000, 0x00000000ae200000|100%| E|CS|TAMS 0x00000000ae100000| PB 0x00000000ae100000| Complete |  0
| 738|0x00000000ae200000, 0x00000000ae300000, 0x00000000ae300000|100%| E|CS|TAMS 0x00000000ae200000| PB 0x00000000ae200000| Complete |  0
| 739|0x00000000ae300000, 0x00000000ae400000, 0x00000000ae400000|100%| E|CS|TAMS 0x00000000ae300000| PB 0x00000000ae300000| Complete |  0
| 740|0x00000000ae400000, 0x00000000ae500000, 0x00000000ae500000|100%| E|CS|TAMS 0x00000000ae400000| PB 0x00000000ae400000| Complete |  0
| 741|0x00000000ae500000, 0x00000000ae600000, 0x00000000ae600000|100%| E|CS|TAMS 0x00000000ae500000| PB 0x00000000ae500000| Complete |  0
| 742|0x00000000ae600000, 0x00000000ae700000, 0x00000000ae700000|100%| E|CS|TAMS 0x00000000ae600000| PB 0x00000000ae600000| Complete |  0
| 743|0x00000000ae700000, 0x00000000ae800000, 0x00000000ae800000|100%| E|CS|TAMS 0x00000000ae700000| PB 0x00000000ae700000| Complete |  0
| 744|0x00000000ae800000, 0x00000000ae900000, 0x00000000ae900000|100%| E|CS|TAMS 0x00000000ae800000| PB 0x00000000ae800000| Complete |  0
| 745|0x00000000ae900000, 0x00000000aea00000, 0x00000000aea00000|100%| E|CS|TAMS 0x00000000ae900000| PB 0x00000000ae900000| Complete |  0
| 746|0x00000000aea00000, 0x00000000aeb00000, 0x00000000aeb00000|100%| E|CS|TAMS 0x00000000aea00000| PB 0x00000000aea00000| Complete |  0
| 747|0x00000000aeb00000, 0x00000000aec00000, 0x00000000aec00000|100%| E|CS|TAMS 0x00000000aeb00000| PB 0x00000000aeb00000| Complete |  0
| 748|0x00000000aec00000, 0x00000000aed00000, 0x00000000aed00000|100%| E|CS|TAMS 0x00000000aec00000| PB 0x00000000aec00000| Complete |  0
| 749|0x00000000aed00000, 0x00000000aee00000, 0x00000000aee00000|100%| E|CS|TAMS 0x00000000aed00000| PB 0x00000000aed00000| Complete |  0
| 750|0x00000000aee00000, 0x00000000aef00000, 0x00000000aef00000|100%| E|CS|TAMS 0x00000000aee00000| PB 0x00000000aee00000| Complete |  0
| 751|0x00000000aef00000, 0x00000000af000000, 0x00000000af000000|100%| E|CS|TAMS 0x00000000aef00000| PB 0x00000000aef00000| Complete |  0
| 752|0x00000000af000000, 0x00000000af100000, 0x00000000af100000|100%| E|CS|TAMS 0x00000000af000000| PB 0x00000000af000000| Complete |  0
| 753|0x00000000af100000, 0x00000000af200000, 0x00000000af200000|100%| E|CS|TAMS 0x00000000af100000| PB 0x00000000af100000| Complete |  0
| 754|0x00000000af200000, 0x00000000af300000, 0x00000000af300000|100%| E|CS|TAMS 0x00000000af200000| PB 0x00000000af200000| Complete |  0
| 755|0x00000000af300000, 0x00000000af400000, 0x00000000af400000|100%| E|CS|TAMS 0x00000000af300000| PB 0x00000000af300000| Complete |  0
| 756|0x00000000af400000, 0x00000000af500000, 0x00000000af500000|100%| E|CS|TAMS 0x00000000af400000| PB 0x00000000af400000| Complete |  0
| 757|0x00000000af500000, 0x00000000af600000, 0x00000000af600000|100%| E|CS|TAMS 0x00000000af500000| PB 0x00000000af500000| Complete |  0
| 758|0x00000000af600000, 0x00000000af700000, 0x00000000af700000|100%| E|CS|TAMS 0x00000000af600000| PB 0x00000000af600000| Complete |  0
| 759|0x00000000af700000, 0x00000000af800000, 0x00000000af800000|100%| E|CS|TAMS 0x00000000af700000| PB 0x00000000af700000| Complete |  0
| 760|0x00000000af800000, 0x00000000af900000, 0x00000000af900000|100%| E|CS|TAMS 0x00000000af800000| PB 0x00000000af800000| Complete |  0
| 761|0x00000000af900000, 0x00000000afa00000, 0x00000000afa00000|100%| E|CS|TAMS 0x00000000af900000| PB 0x00000000af900000| Complete |  0
| 762|0x00000000afa00000, 0x00000000afb00000, 0x00000000afb00000|100%| E|CS|TAMS 0x00000000afa00000| PB 0x00000000afa00000| Complete |  0
| 763|0x00000000afb00000, 0x00000000afc00000, 0x00000000afc00000|100%| E|CS|TAMS 0x00000000afb00000| PB 0x00000000afb00000| Complete |  0
| 764|0x00000000afc00000, 0x00000000afd00000, 0x00000000afd00000|100%| E|CS|TAMS 0x00000000afc00000| PB 0x00000000afc00000| Complete |  0
| 765|0x00000000afd00000, 0x00000000afe00000, 0x00000000afe00000|100%| E|CS|TAMS 0x00000000afd00000| PB 0x00000000afd00000| Complete |  0
| 766|0x00000000afe00000, 0x00000000aff00000, 0x00000000aff00000|100%| E|CS|TAMS 0x00000000afe00000| PB 0x00000000afe00000| Complete |  0
| 767|0x00000000aff00000, 0x00000000b0000000, 0x00000000b0000000|100%| E|CS|TAMS 0x00000000aff00000| PB 0x00000000aff00000| Complete |  0
| 768|0x00000000b0000000, 0x00000000b0100000, 0x00000000b0100000|100%| E|CS|TAMS 0x00000000b0000000| PB 0x00000000b0000000| Complete |  0
| 769|0x00000000b0100000, 0x00000000b0200000, 0x00000000b0200000|100%| E|CS|TAMS 0x00000000b0100000| PB 0x00000000b0100000| Complete |  0
| 770|0x00000000b0200000, 0x00000000b0300000, 0x00000000b0300000|100%| E|CS|TAMS 0x00000000b0200000| PB 0x00000000b0200000| Complete |  0
| 771|0x00000000b0300000, 0x00000000b0400000, 0x00000000b0400000|100%| E|CS|TAMS 0x00000000b0300000| PB 0x00000000b0300000| Complete |  0
| 772|0x00000000b0400000, 0x00000000b0500000, 0x00000000b0500000|100%| E|CS|TAMS 0x00000000b0400000| PB 0x00000000b0400000| Complete |  0
| 773|0x00000000b0500000, 0x00000000b0600000, 0x00000000b0600000|100%| E|CS|TAMS 0x00000000b0500000| PB 0x00000000b0500000| Complete |  0
| 774|0x00000000b0600000, 0x00000000b0700000, 0x00000000b0700000|100%| E|CS|TAMS 0x00000000b0600000| PB 0x00000000b0600000| Complete |  0
| 775|0x00000000b0700000, 0x00000000b0800000, 0x00000000b0800000|100%| E|CS|TAMS 0x00000000b0700000| PB 0x00000000b0700000| Complete |  0
| 776|0x00000000b0800000, 0x00000000b0900000, 0x00000000b0900000|100%| E|CS|TAMS 0x00000000b0800000| PB 0x00000000b0800000| Complete |  0
| 777|0x00000000b0900000, 0x00000000b0a00000, 0x00000000b0a00000|100%| E|CS|TAMS 0x00000000b0900000| PB 0x00000000b0900000| Complete |  0
| 778|0x00000000b0a00000, 0x00000000b0b00000, 0x00000000b0b00000|100%| E|CS|TAMS 0x00000000b0a00000| PB 0x00000000b0a00000| Complete |  0
| 779|0x00000000b0b00000, 0x00000000b0c00000, 0x00000000b0c00000|100%| E|CS|TAMS 0x00000000b0b00000| PB 0x00000000b0b00000| Complete |  0
| 780|0x00000000b0c00000, 0x00000000b0d00000, 0x00000000b0d00000|100%| E|CS|TAMS 0x00000000b0c00000| PB 0x00000000b0c00000| Complete |  0
| 781|0x00000000b0d00000, 0x00000000b0e00000, 0x00000000b0e00000|100%| E|CS|TAMS 0x00000000b0d00000| PB 0x00000000b0d00000| Complete |  0
| 782|0x00000000b0e00000, 0x00000000b0f00000, 0x00000000b0f00000|100%| E|CS|TAMS 0x00000000b0e00000| PB 0x00000000b0e00000| Complete |  0
| 783|0x00000000b0f00000, 0x00000000b1000000, 0x00000000b1000000|100%| E|CS|TAMS 0x00000000b0f00000| PB 0x00000000b0f00000| Complete |  0
| 784|0x00000000b1000000, 0x00000000b1100000, 0x00000000b1100000|100%| E|CS|TAMS 0x00000000b1000000| PB 0x00000000b1000000| Complete |  0
| 785|0x00000000b1100000, 0x00000000b1200000, 0x00000000b1200000|100%| E|CS|TAMS 0x00000000b1100000| PB 0x00000000b1100000| Complete |  0
| 786|0x00000000b1200000, 0x00000000b1300000, 0x00000000b1300000|100%| E|CS|TAMS 0x00000000b1200000| PB 0x00000000b1200000| Complete |  0
| 787|0x00000000b1300000, 0x00000000b1400000, 0x00000000b1400000|100%| E|CS|TAMS 0x00000000b1300000| PB 0x00000000b1300000| Complete |  0
| 788|0x00000000b1400000, 0x00000000b1500000, 0x00000000b1500000|100%| E|CS|TAMS 0x00000000b1400000| PB 0x00000000b1400000| Complete |  0
| 789|0x00000000b1500000, 0x00000000b1600000, 0x00000000b1600000|100%| E|CS|TAMS 0x00000000b1500000| PB 0x00000000b1500000| Complete |  0
| 790|0x00000000b1600000, 0x00000000b1700000, 0x00000000b1700000|100%| E|CS|TAMS 0x00000000b1600000| PB 0x00000000b1600000| Complete |  0
| 791|0x00000000b1700000, 0x00000000b1800000, 0x00000000b1800000|100%| E|CS|TAMS 0x00000000b1700000| PB 0x00000000b1700000| Complete |  0
| 792|0x00000000b1800000, 0x00000000b1900000, 0x00000000b1900000|100%| E|CS|TAMS 0x00000000b1800000| PB 0x00000000b1800000| Complete |  0
| 793|0x00000000b1900000, 0x00000000b1a00000, 0x00000000b1a00000|100%| E|CS|TAMS 0x00000000b1900000| PB 0x00000000b1900000| Complete |  0
| 794|0x00000000b1a00000, 0x00000000b1b00000, 0x00000000b1b00000|100%| E|CS|TAMS 0x00000000b1a00000| PB 0x00000000b1a00000| Complete |  0
| 795|0x00000000b1b00000, 0x00000000b1c00000, 0x00000000b1c00000|100%| E|CS|TAMS 0x00000000b1b00000| PB 0x00000000b1b00000| Complete |  0
| 796|0x00000000b1c00000, 0x00000000b1d00000, 0x00000000b1d00000|100%| E|CS|TAMS 0x00000000b1c00000| PB 0x00000000b1c00000| Complete |  0
| 797|0x00000000b1d00000, 0x00000000b1e00000, 0x00000000b1e00000|100%| E|CS|TAMS 0x00000000b1d00000| PB 0x00000000b1d00000| Complete |  0
| 798|0x00000000b1e00000, 0x00000000b1f00000, 0x00000000b1f00000|100%| E|CS|TAMS 0x00000000b1e00000| PB 0x00000000b1e00000| Complete |  0
| 799|0x00000000b1f00000, 0x00000000b2000000, 0x00000000b2000000|100%| E|CS|TAMS 0x00000000b1f00000| PB 0x00000000b1f00000| Complete |  0
| 800|0x00000000b2000000, 0x00000000b2100000, 0x00000000b2100000|100%| E|CS|TAMS 0x00000000b2000000| PB 0x00000000b2000000| Complete |  0
| 801|0x00000000b2100000, 0x00000000b2200000, 0x00000000b2200000|100%| E|CS|TAMS 0x00000000b2100000| PB 0x00000000b2100000| Complete |  0
| 802|0x00000000b2200000, 0x00000000b2300000, 0x00000000b2300000|100%| E|CS|TAMS 0x00000000b2200000| PB 0x00000000b2200000| Complete |  0
| 803|0x00000000b2300000, 0x00000000b2400000, 0x00000000b2400000|100%| E|CS|TAMS 0x00000000b2300000| PB 0x00000000b2300000| Complete |  0
| 804|0x00000000b2400000, 0x00000000b2500000, 0x00000000b2500000|100%| E|CS|TAMS 0x00000000b2400000| PB 0x00000000b2400000| Complete |  0
| 805|0x00000000b2500000, 0x00000000b2600000, 0x00000000b2600000|100%| E|CS|TAMS 0x00000000b2500000| PB 0x00000000b2500000| Complete |  0
| 806|0x00000000b2600000, 0x00000000b2700000, 0x00000000b2700000|100%| E|CS|TAMS 0x00000000b2600000| PB 0x00000000b2600000| Complete |  0
| 807|0x00000000b2700000, 0x00000000b2800000, 0x00000000b2800000|100%| E|CS|TAMS 0x00000000b2700000| PB 0x00000000b2700000| Complete |  0
| 808|0x00000000b2800000, 0x00000000b2900000, 0x00000000b2900000|100%| E|CS|TAMS 0x00000000b2800000| PB 0x00000000b2800000| Complete |  0
| 809|0x00000000b2900000, 0x00000000b2a00000, 0x00000000b2a00000|100%| E|CS|TAMS 0x00000000b2900000| PB 0x00000000b2900000| Complete |  0
| 810|0x00000000b2a00000, 0x00000000b2b00000, 0x00000000b2b00000|100%| E|CS|TAMS 0x00000000b2a00000| PB 0x00000000b2a00000| Complete |  0
| 811|0x00000000b2b00000, 0x00000000b2c00000, 0x00000000b2c00000|100%| E|CS|TAMS 0x00000000b2b00000| PB 0x00000000b2b00000| Complete |  0
| 812|0x00000000b2c00000, 0x00000000b2d00000, 0x00000000b2d00000|100%| E|CS|TAMS 0x00000000b2c00000| PB 0x00000000b2c00000| Complete |  0
| 813|0x00000000b2d00000, 0x00000000b2e00000, 0x00000000b2e00000|100%| E|CS|TAMS 0x00000000b2d00000| PB 0x00000000b2d00000| Complete |  0
| 814|0x00000000b2e00000, 0x00000000b2f00000, 0x00000000b2f00000|100%| E|CS|TAMS 0x00000000b2e00000| PB 0x00000000b2e00000| Complete |  0
| 815|0x00000000b2f00000, 0x00000000b3000000, 0x00000000b3000000|100%| E|CS|TAMS 0x00000000b2f00000| PB 0x00000000b2f00000| Complete |  0
| 816|0x00000000b3000000, 0x00000000b3100000, 0x00000000b3100000|100%| E|CS|TAMS 0x00000000b3000000| PB 0x00000000b3000000| Complete |  0
| 817|0x00000000b3100000, 0x00000000b3200000, 0x00000000b3200000|100%| E|CS|TAMS 0x00000000b3100000| PB 0x00000000b3100000| Complete |  0
| 818|0x00000000b3200000, 0x00000000b3300000, 0x00000000b3300000|100%| E|CS|TAMS 0x00000000b3200000| PB 0x00000000b3200000| Complete |  0
| 819|0x00000000b3300000, 0x00000000b3400000, 0x00000000b3400000|100%| E|CS|TAMS 0x00000000b3300000| PB 0x00000000b3300000| Complete |  0
| 820|0x00000000b3400000, 0x00000000b3500000, 0x00000000b3500000|100%| E|CS|TAMS 0x00000000b3400000| PB 0x00000000b3400000| Complete |  0
| 821|0x00000000b3500000, 0x00000000b3600000, 0x00000000b3600000|100%| E|CS|TAMS 0x00000000b3500000| PB 0x00000000b3500000| Complete |  0
| 822|0x00000000b3600000, 0x00000000b3700000, 0x00000000b3700000|100%| E|CS|TAMS 0x00000000b3600000| PB 0x00000000b3600000| Complete |  0
| 823|0x00000000b3700000, 0x00000000b3800000, 0x00000000b3800000|100%| E|CS|TAMS 0x00000000b3700000| PB 0x00000000b3700000| Complete |  0
| 824|0x00000000b3800000, 0x00000000b3900000, 0x00000000b3900000|100%| E|CS|TAMS 0x00000000b3800000| PB 0x00000000b3800000| Complete |  0
| 825|0x00000000b3900000, 0x00000000b3a00000, 0x00000000b3a00000|100%| E|CS|TAMS 0x00000000b3900000| PB 0x00000000b3900000| Complete |  0
| 826|0x00000000b3a00000, 0x00000000b3b00000, 0x00000000b3b00000|100%| E|CS|TAMS 0x00000000b3a00000| PB 0x00000000b3a00000| Complete |  0
| 827|0x00000000b3b00000, 0x00000000b3c00000, 0x00000000b3c00000|100%| E|CS|TAMS 0x00000000b3b00000| PB 0x00000000b3b00000| Complete |  0
| 828|0x00000000b3c00000, 0x00000000b3d00000, 0x00000000b3d00000|100%| E|CS|TAMS 0x00000000b3c00000| PB 0x00000000b3c00000| Complete |  0
| 829|0x00000000b3d00000, 0x00000000b3e00000, 0x00000000b3e00000|100%| E|CS|TAMS 0x00000000b3d00000| PB 0x00000000b3d00000| Complete |  0
| 830|0x00000000b3e00000, 0x00000000b3f00000, 0x00000000b3f00000|100%| E|CS|TAMS 0x00000000b3e00000| PB 0x00000000b3e00000| Complete |  0
| 831|0x00000000b3f00000, 0x00000000b4000000, 0x00000000b4000000|100%| E|CS|TAMS 0x00000000b3f00000| PB 0x00000000b3f00000| Complete |  0
| 832|0x00000000b4000000, 0x00000000b4100000, 0x00000000b4100000|100%| E|CS|TAMS 0x00000000b4000000| PB 0x00000000b4000000| Complete |  0
| 833|0x00000000b4100000, 0x00000000b4200000, 0x00000000b4200000|100%| E|CS|TAMS 0x00000000b4100000| PB 0x00000000b4100000| Complete |  0
| 834|0x00000000b4200000, 0x00000000b4300000, 0x00000000b4300000|100%| E|CS|TAMS 0x00000000b4200000| PB 0x00000000b4200000| Complete |  0
| 835|0x00000000b4300000, 0x00000000b4400000, 0x00000000b4400000|100%| E|CS|TAMS 0x00000000b4300000| PB 0x00000000b4300000| Complete |  0
| 836|0x00000000b4400000, 0x00000000b4500000, 0x00000000b4500000|100%| E|CS|TAMS 0x00000000b4400000| PB 0x00000000b4400000| Complete |  0
| 837|0x00000000b4500000, 0x00000000b4600000, 0x00000000b4600000|100%| E|CS|TAMS 0x00000000b4500000| PB 0x00000000b4500000| Complete |  0
| 838|0x00000000b4600000, 0x00000000b4700000, 0x00000000b4700000|100%| E|CS|TAMS 0x00000000b4600000| PB 0x00000000b4600000| Complete |  0
| 839|0x00000000b4700000, 0x00000000b4800000, 0x00000000b4800000|100%| E|CS|TAMS 0x00000000b4700000| PB 0x00000000b4700000| Complete |  0
| 840|0x00000000b4800000, 0x00000000b4900000, 0x00000000b4900000|100%| E|CS|TAMS 0x00000000b4800000| PB 0x00000000b4800000| Complete |  0
| 841|0x00000000b4900000, 0x00000000b4a00000, 0x00000000b4a00000|100%| E|CS|TAMS 0x00000000b4900000| PB 0x00000000b4900000| Complete |  0
| 842|0x00000000b4a00000, 0x00000000b4b00000, 0x00000000b4b00000|100%| E|CS|TAMS 0x00000000b4a00000| PB 0x00000000b4a00000| Complete |  0
| 843|0x00000000b4b00000, 0x00000000b4c00000, 0x00000000b4c00000|100%| E|CS|TAMS 0x00000000b4b00000| PB 0x00000000b4b00000| Complete |  0
| 844|0x00000000b4c00000, 0x00000000b4d00000, 0x00000000b4d00000|100%| E|CS|TAMS 0x00000000b4c00000| PB 0x00000000b4c00000| Complete |  0
| 845|0x00000000b4d00000, 0x00000000b4e00000, 0x00000000b4e00000|100%| E|CS|TAMS 0x00000000b4d00000| PB 0x00000000b4d00000| Complete |  0
| 846|0x00000000b4e00000, 0x00000000b4f00000, 0x00000000b4f00000|100%| E|CS|TAMS 0x00000000b4e00000| PB 0x00000000b4e00000| Complete |  0
| 847|0x00000000b4f00000, 0x00000000b5000000, 0x00000000b5000000|100%| E|CS|TAMS 0x00000000b4f00000| PB 0x00000000b4f00000| Complete |  0
| 848|0x00000000b5000000, 0x00000000b5100000, 0x00000000b5100000|100%| E|CS|TAMS 0x00000000b5000000| PB 0x00000000b5000000| Complete |  0
| 849|0x00000000b5100000, 0x00000000b5200000, 0x00000000b5200000|100%| E|CS|TAMS 0x00000000b5100000| PB 0x00000000b5100000| Complete |  0
| 850|0x00000000b5200000, 0x00000000b5300000, 0x00000000b5300000|100%| E|CS|TAMS 0x00000000b5200000| PB 0x00000000b5200000| Complete |  0
| 851|0x00000000b5300000, 0x00000000b5400000, 0x00000000b5400000|100%| E|CS|TAMS 0x00000000b5300000| PB 0x00000000b5300000| Complete |  0
| 852|0x00000000b5400000, 0x00000000b5500000, 0x00000000b5500000|100%| E|CS|TAMS 0x00000000b5400000| PB 0x00000000b5400000| Complete |  0
| 853|0x00000000b5500000, 0x00000000b5600000, 0x00000000b5600000|100%| E|CS|TAMS 0x00000000b5500000| PB 0x00000000b5500000| Complete |  0
| 854|0x00000000b5600000, 0x00000000b5700000, 0x00000000b5700000|100%| E|CS|TAMS 0x00000000b5600000| PB 0x00000000b5600000| Complete |  0
| 855|0x00000000b5700000, 0x00000000b5800000, 0x00000000b5800000|100%| E|CS|TAMS 0x00000000b5700000| PB 0x00000000b5700000| Complete |  0
| 856|0x00000000b5800000, 0x00000000b5900000, 0x00000000b5900000|100%| E|CS|TAMS 0x00000000b5800000| PB 0x00000000b5800000| Complete |  0
| 857|0x00000000b5900000, 0x00000000b5a00000, 0x00000000b5a00000|100%| E|CS|TAMS 0x00000000b5900000| PB 0x00000000b5900000| Complete |  0
| 858|0x00000000b5a00000, 0x00000000b5b00000, 0x00000000b5b00000|100%| E|CS|TAMS 0x00000000b5a00000| PB 0x00000000b5a00000| Complete |  0
| 859|0x00000000b5b00000, 0x00000000b5c00000, 0x00000000b5c00000|100%| O|  |TAMS 0x00000000b5b00000| PB 0x00000000b5b00000| Untracked |  0
| 860|0x00000000b5c00000, 0x00000000b5d00000, 0x00000000b5d00000|100%| E|CS|TAMS 0x00000000b5c00000| PB 0x00000000b5c00000| Complete |  0
| 861|0x00000000b5d00000, 0x00000000b5e00000, 0x00000000b5e00000|100%| E|CS|TAMS 0x00000000b5d00000| PB 0x00000000b5d00000| Complete |  0
| 862|0x00000000b5e00000, 0x00000000b5f00000, 0x00000000b5f00000|100%| E|CS|TAMS 0x00000000b5e00000| PB 0x00000000b5e00000| Complete |  0
| 863|0x00000000b5f00000, 0x00000000b6000000, 0x00000000b6000000|100%| E|CS|TAMS 0x00000000b5f00000| PB 0x00000000b5f00000| Complete |  0
| 864|0x00000000b6000000, 0x00000000b6100000, 0x00000000b6100000|100%| E|CS|TAMS 0x00000000b6000000| PB 0x00000000b6000000| Complete |  0
| 865|0x00000000b6100000, 0x00000000b6200000, 0x00000000b6200000|100%| E|CS|TAMS 0x00000000b6100000| PB 0x00000000b6100000| Complete |  0
| 866|0x00000000b6200000, 0x00000000b6300000, 0x00000000b6300000|100%| E|CS|TAMS 0x00000000b6200000| PB 0x00000000b6200000| Complete |  0
| 867|0x00000000b6300000, 0x00000000b6400000, 0x00000000b6400000|100%| E|CS|TAMS 0x00000000b6300000| PB 0x00000000b6300000| Complete |  0
| 868|0x00000000b6400000, 0x00000000b6500000, 0x00000000b6500000|100%| E|CS|TAMS 0x00000000b6400000| PB 0x00000000b6400000| Complete |  0
| 869|0x00000000b6500000, 0x00000000b6600000, 0x00000000b6600000|100%| E|CS|TAMS 0x00000000b6500000| PB 0x00000000b6500000| Complete |  0
| 870|0x00000000b6600000, 0x00000000b6700000, 0x00000000b6700000|100%| E|CS|TAMS 0x00000000b6600000| PB 0x00000000b6600000| Complete |  0
| 871|0x00000000b6700000, 0x00000000b6800000, 0x00000000b6800000|100%| E|CS|TAMS 0x00000000b6700000| PB 0x00000000b6700000| Complete |  0
| 872|0x00000000b6800000, 0x00000000b6900000, 0x00000000b6900000|100%| E|CS|TAMS 0x00000000b6800000| PB 0x00000000b6800000| Complete |  0
| 873|0x00000000b6900000, 0x00000000b6a00000, 0x00000000b6a00000|100%| O|  |TAMS 0x00000000b6900000| PB 0x00000000b6900000| Untracked |  0
| 874|0x00000000b6a00000, 0x00000000b6b00000, 0x00000000b6b00000|100%| E|CS|TAMS 0x00000000b6a00000| PB 0x00000000b6a00000| Complete |  0
| 875|0x00000000b6b00000, 0x00000000b6c00000, 0x00000000b6c00000|100%| E|CS|TAMS 0x00000000b6b00000| PB 0x00000000b6b00000| Complete |  0
| 876|0x00000000b6c00000, 0x00000000b6d00000, 0x00000000b6d00000|100%| E|CS|TAMS 0x00000000b6c00000| PB 0x00000000b6c00000| Complete |  0
| 877|0x00000000b6d00000, 0x00000000b6e00000, 0x00000000b6e00000|100%| E|CS|TAMS 0x00000000b6d00000| PB 0x00000000b6d00000| Complete |  0
| 878|0x00000000b6e00000, 0x00000000b6f00000, 0x00000000b6f00000|100%| E|CS|TAMS 0x00000000b6e00000| PB 0x00000000b6e00000| Complete |  0
| 879|0x00000000b6f00000, 0x00000000b7000000, 0x00000000b7000000|100%| E|CS|TAMS 0x00000000b6f00000| PB 0x00000000b6f00000| Complete |  0
| 880|0x00000000b7000000, 0x00000000b7100000, 0x00000000b7100000|100%| E|CS|TAMS 0x00000000b7000000| PB 0x00000000b7000000| Complete |  0
| 881|0x00000000b7100000, 0x00000000b7200000, 0x00000000b7200000|100%| E|CS|TAMS 0x00000000b7100000| PB 0x00000000b7100000| Complete |  0
| 882|0x00000000b7200000, 0x00000000b7300000, 0x00000000b7300000|100%| E|CS|TAMS 0x00000000b7200000| PB 0x00000000b7200000| Complete |  0
| 883|0x00000000b7300000, 0x00000000b7400000, 0x00000000b7400000|100%| E|CS|TAMS 0x00000000b7300000| PB 0x00000000b7300000| Complete |  0
| 884|0x00000000b7400000, 0x00000000b7500000, 0x00000000b7500000|100%| E|CS|TAMS 0x00000000b7400000| PB 0x00000000b7400000| Complete |  0
| 885|0x00000000b7500000, 0x00000000b7600000, 0x00000000b7600000|100%| E|CS|TAMS 0x00000000b7500000| PB 0x00000000b7500000| Complete |  0
| 886|0x00000000b7600000, 0x00000000b7700000, 0x00000000b7700000|100%| E|CS|TAMS 0x00000000b7600000| PB 0x00000000b7600000| Complete |  0
| 887|0x00000000b7700000, 0x00000000b7800000, 0x00000000b7800000|100%| E|CS|TAMS 0x00000000b7700000| PB 0x00000000b7700000| Complete |  0
| 888|0x00000000b7800000, 0x00000000b7900000, 0x00000000b7900000|100%| E|CS|TAMS 0x00000000b7800000| PB 0x00000000b7800000| Complete |  0
| 889|0x00000000b7900000, 0x00000000b7a00000, 0x00000000b7a00000|100%| E|CS|TAMS 0x00000000b7900000| PB 0x00000000b7900000| Complete |  0
| 890|0x00000000b7a00000, 0x00000000b7b00000, 0x00000000b7b00000|100%| E|CS|TAMS 0x00000000b7a00000| PB 0x00000000b7a00000| Complete |  0
| 891|0x00000000b7b00000, 0x00000000b7c00000, 0x00000000b7c00000|100%| E|CS|TAMS 0x00000000b7b00000| PB 0x00000000b7b00000| Complete |  0
| 892|0x00000000b7c00000, 0x00000000b7d00000, 0x00000000b7d00000|100%| E|CS|TAMS 0x00000000b7c00000| PB 0x00000000b7c00000| Complete |  0
| 893|0x00000000b7d00000, 0x00000000b7e00000, 0x00000000b7e00000|100%| E|CS|TAMS 0x00000000b7d00000| PB 0x00000000b7d00000| Complete |  0
| 894|0x00000000b7e00000, 0x00000000b7f00000, 0x00000000b7f00000|100%| E|CS|TAMS 0x00000000b7e00000| PB 0x00000000b7e00000| Complete |  0
| 895|0x00000000b7f00000, 0x00000000b8000000, 0x00000000b8000000|100%| E|CS|TAMS 0x00000000b7f00000| PB 0x00000000b7f00000| Complete |  0
| 896|0x00000000b8000000, 0x00000000b8100000, 0x00000000b8100000|100%| E|CS|TAMS 0x00000000b8000000| PB 0x00000000b8000000| Complete |  0
| 897|0x00000000b8100000, 0x00000000b8200000, 0x00000000b8200000|100%| E|CS|TAMS 0x00000000b8100000| PB 0x00000000b8100000| Complete |  0
| 898|0x00000000b8200000, 0x00000000b8300000, 0x00000000b8300000|100%| E|CS|TAMS 0x00000000b8200000| PB 0x00000000b8200000| Complete |  0
| 899|0x00000000b8300000, 0x00000000b8400000, 0x00000000b8400000|100%| E|CS|TAMS 0x00000000b8300000| PB 0x00000000b8300000| Complete |  0
| 900|0x00000000b8400000, 0x00000000b8500000, 0x00000000b8500000|100%| E|CS|TAMS 0x00000000b8400000| PB 0x00000000b8400000| Complete |  0
| 901|0x00000000b8500000, 0x00000000b8600000, 0x00000000b8600000|100%| E|CS|TAMS 0x00000000b8500000| PB 0x00000000b8500000| Complete |  0
| 902|0x00000000b8600000, 0x00000000b8700000, 0x00000000b8700000|100%| E|CS|TAMS 0x00000000b8600000| PB 0x00000000b8600000| Complete |  0
| 903|0x00000000b8700000, 0x00000000b8800000, 0x00000000b8800000|100%| E|CS|TAMS 0x00000000b8700000| PB 0x00000000b8700000| Complete |  0
| 904|0x00000000b8800000, 0x00000000b8900000, 0x00000000b8900000|100%| E|CS|TAMS 0x00000000b8800000| PB 0x00000000b8800000| Complete |  0
| 905|0x00000000b8900000, 0x00000000b8a00000, 0x00000000b8a00000|100%| E|CS|TAMS 0x00000000b8900000| PB 0x00000000b8900000| Complete |  0
| 906|0x00000000b8a00000, 0x00000000b8b00000, 0x00000000b8b00000|100%| E|CS|TAMS 0x00000000b8a00000| PB 0x00000000b8a00000| Complete |  0
| 907|0x00000000b8b00000, 0x00000000b8c00000, 0x00000000b8c00000|100%| E|CS|TAMS 0x00000000b8b00000| PB 0x00000000b8b00000| Complete |  0
| 908|0x00000000b8c00000, 0x00000000b8d00000, 0x00000000b8d00000|100%| E|CS|TAMS 0x00000000b8c00000| PB 0x00000000b8c00000| Complete |  0
| 909|0x00000000b8d00000, 0x00000000b8e00000, 0x00000000b8e00000|100%| E|CS|TAMS 0x00000000b8d00000| PB 0x00000000b8d00000| Complete |  0
| 910|0x00000000b8e00000, 0x00000000b8f00000, 0x00000000b8f00000|100%| E|CS|TAMS 0x00000000b8e00000| PB 0x00000000b8e00000| Complete |  0
| 911|0x00000000b8f00000, 0x00000000b9000000, 0x00000000b9000000|100%| E|CS|TAMS 0x00000000b8f00000| PB 0x00000000b8f00000| Complete |  0
| 912|0x00000000b9000000, 0x00000000b9100000, 0x00000000b9100000|100%| E|CS|TAMS 0x00000000b9000000| PB 0x00000000b9000000| Complete |  0
| 913|0x00000000b9100000, 0x00000000b9200000, 0x00000000b9200000|100%| E|CS|TAMS 0x00000000b9100000| PB 0x00000000b9100000| Complete |  0
| 914|0x00000000b9200000, 0x00000000b9300000, 0x00000000b9300000|100%| E|CS|TAMS 0x00000000b9200000| PB 0x00000000b9200000| Complete |  0
| 915|0x00000000b9300000, 0x00000000b9400000, 0x00000000b9400000|100%| E|CS|TAMS 0x00000000b9300000| PB 0x00000000b9300000| Complete |  0
| 916|0x00000000b9400000, 0x00000000b9500000, 0x00000000b9500000|100%| E|CS|TAMS 0x00000000b9400000| PB 0x00000000b9400000| Complete |  0
| 917|0x00000000b9500000, 0x00000000b9600000, 0x00000000b9600000|100%| E|CS|TAMS 0x00000000b9500000| PB 0x00000000b9500000| Complete |  0
| 918|0x00000000b9600000, 0x00000000b9700000, 0x00000000b9700000|100%| E|CS|TAMS 0x00000000b9600000| PB 0x00000000b9600000| Complete |  0
| 919|0x00000000b9700000, 0x00000000b9800000, 0x00000000b9800000|100%| E|CS|TAMS 0x00000000b9700000| PB 0x00000000b9700000| Complete |  0
| 920|0x00000000b9800000, 0x00000000b9900000, 0x00000000b9900000|100%| E|CS|TAMS 0x00000000b9800000| PB 0x00000000b9800000| Complete |  0
| 921|0x00000000b9900000, 0x00000000b9a00000, 0x00000000b9a00000|100%| E|CS|TAMS 0x00000000b9900000| PB 0x00000000b9900000| Complete |  0
| 922|0x00000000b9a00000, 0x00000000b9b00000, 0x00000000b9b00000|100%| E|CS|TAMS 0x00000000b9a00000| PB 0x00000000b9a00000| Complete |  0
| 923|0x00000000b9b00000, 0x00000000b9c00000, 0x00000000b9c00000|100%| E|CS|TAMS 0x00000000b9b00000| PB 0x00000000b9b00000| Complete |  0
| 924|0x00000000b9c00000, 0x00000000b9d00000, 0x00000000b9d00000|100%| E|CS|TAMS 0x00000000b9c00000| PB 0x00000000b9c00000| Complete |  0
| 925|0x00000000b9d00000, 0x00000000b9e00000, 0x00000000b9e00000|100%| E|CS|TAMS 0x00000000b9d00000| PB 0x00000000b9d00000| Complete |  0
| 926|0x00000000b9e00000, 0x00000000b9f00000, 0x00000000b9f00000|100%| E|CS|TAMS 0x00000000b9e00000| PB 0x00000000b9e00000| Complete |  0
| 927|0x00000000b9f00000, 0x00000000ba000000, 0x00000000ba000000|100%| E|CS|TAMS 0x00000000b9f00000| PB 0x00000000b9f00000| Complete |  0
| 928|0x00000000ba000000, 0x00000000ba100000, 0x00000000ba100000|100%| E|CS|TAMS 0x00000000ba000000| PB 0x00000000ba000000| Complete |  0
| 929|0x00000000ba100000, 0x00000000ba200000, 0x00000000ba200000|100%| E|CS|TAMS 0x00000000ba100000| PB 0x00000000ba100000| Complete |  0
| 930|0x00000000ba200000, 0x00000000ba300000, 0x00000000ba300000|100%| E|CS|TAMS 0x00000000ba200000| PB 0x00000000ba200000| Complete |  0
| 931|0x00000000ba300000, 0x00000000ba400000, 0x00000000ba400000|100%| E|CS|TAMS 0x00000000ba300000| PB 0x00000000ba300000| Complete |  0
| 932|0x00000000ba400000, 0x00000000ba500000, 0x00000000ba500000|100%| E|CS|TAMS 0x00000000ba400000| PB 0x00000000ba400000| Complete |  0
| 933|0x00000000ba500000, 0x00000000ba600000, 0x00000000ba600000|100%| E|CS|TAMS 0x00000000ba500000| PB 0x00000000ba500000| Complete |  0
| 934|0x00000000ba600000, 0x00000000ba700000, 0x00000000ba700000|100%| E|CS|TAMS 0x00000000ba600000| PB 0x00000000ba600000| Complete |  0
| 935|0x00000000ba700000, 0x00000000ba800000, 0x00000000ba800000|100%| E|CS|TAMS 0x00000000ba700000| PB 0x00000000ba700000| Complete |  0
| 936|0x00000000ba800000, 0x00000000ba900000, 0x00000000ba900000|100%| E|CS|TAMS 0x00000000ba800000| PB 0x00000000ba800000| Complete |  0
| 937|0x00000000ba900000, 0x00000000baa00000, 0x00000000baa00000|100%| E|CS|TAMS 0x00000000ba900000| PB 0x00000000ba900000| Complete |  0
| 938|0x00000000baa00000, 0x00000000bab00000, 0x00000000bab00000|100%| E|CS|TAMS 0x00000000baa00000| PB 0x00000000baa00000| Complete |  0
| 939|0x00000000bab00000, 0x00000000bac00000, 0x00000000bac00000|100%| E|CS|TAMS 0x00000000bab00000| PB 0x00000000bab00000| Complete |  0
| 940|0x00000000bac00000, 0x00000000bad00000, 0x00000000bad00000|100%| E|CS|TAMS 0x00000000bac00000| PB 0x00000000bac00000| Complete |  0
| 941|0x00000000bad00000, 0x00000000bae00000, 0x00000000bae00000|100%| E|CS|TAMS 0x00000000bad00000| PB 0x00000000bad00000| Complete |  0
| 942|0x00000000bae00000, 0x00000000baf00000, 0x00000000baf00000|100%| E|CS|TAMS 0x00000000bae00000| PB 0x00000000bae00000| Complete |  0
| 943|0x00000000baf00000, 0x00000000bb000000, 0x00000000bb000000|100%| E|CS|TAMS 0x00000000baf00000| PB 0x00000000baf00000| Complete |  0
| 944|0x00000000bb000000, 0x00000000bb100000, 0x00000000bb100000|100%| E|CS|TAMS 0x00000000bb000000| PB 0x00000000bb000000| Complete |  0
| 945|0x00000000bb100000, 0x00000000bb200000, 0x00000000bb200000|100%| E|CS|TAMS 0x00000000bb100000| PB 0x00000000bb100000| Complete |  0
| 946|0x00000000bb200000, 0x00000000bb300000, 0x00000000bb300000|100%| E|CS|TAMS 0x00000000bb200000| PB 0x00000000bb200000| Complete |  0
| 947|0x00000000bb300000, 0x00000000bb400000, 0x00000000bb400000|100%| E|CS|TAMS 0x00000000bb300000| PB 0x00000000bb300000| Complete |  0
| 948|0x00000000bb400000, 0x00000000bb500000, 0x00000000bb500000|100%| E|CS|TAMS 0x00000000bb400000| PB 0x00000000bb400000| Complete |  0
| 949|0x00000000bb500000, 0x00000000bb600000, 0x00000000bb600000|100%| E|CS|TAMS 0x00000000bb500000| PB 0x00000000bb500000| Complete |  0
| 950|0x00000000bb600000, 0x00000000bb700000, 0x00000000bb700000|100%| E|CS|TAMS 0x00000000bb600000| PB 0x00000000bb600000| Complete |  0
| 951|0x00000000bb700000, 0x00000000bb800000, 0x00000000bb800000|100%| E|CS|TAMS 0x00000000bb700000| PB 0x00000000bb700000| Complete |  0
| 952|0x00000000bb800000, 0x00000000bb900000, 0x00000000bb900000|100%| E|CS|TAMS 0x00000000bb800000| PB 0x00000000bb800000| Complete |  0
| 953|0x00000000bb900000, 0x00000000bba00000, 0x00000000bba00000|100%| E|CS|TAMS 0x00000000bb900000| PB 0x00000000bb900000| Complete |  0
| 954|0x00000000bba00000, 0x00000000bbb00000, 0x00000000bbb00000|100%| E|CS|TAMS 0x00000000bba00000| PB 0x00000000bba00000| Complete |  0
| 955|0x00000000bbb00000, 0x00000000bbc00000, 0x00000000bbc00000|100%| E|CS|TAMS 0x00000000bbb00000| PB 0x00000000bbb00000| Complete |  0
| 956|0x00000000bbc00000, 0x00000000bbd00000, 0x00000000bbd00000|100%| E|CS|TAMS 0x00000000bbc00000| PB 0x00000000bbc00000| Complete |  0
| 957|0x00000000bbd00000, 0x00000000bbe00000, 0x00000000bbe00000|100%| E|CS|TAMS 0x00000000bbd00000| PB 0x00000000bbd00000| Complete |  0
| 958|0x00000000bbe00000, 0x00000000bbf00000, 0x00000000bbf00000|100%| E|CS|TAMS 0x00000000bbe00000| PB 0x00000000bbe00000| Complete |  0
| 959|0x00000000bbf00000, 0x00000000bc000000, 0x00000000bc000000|100%| E|CS|TAMS 0x00000000bbf00000| PB 0x00000000bbf00000| Complete |  0
| 960|0x00000000bc000000, 0x00000000bc100000, 0x00000000bc100000|100%| E|CS|TAMS 0x00000000bc000000| PB 0x00000000bc000000| Complete |  0
| 961|0x00000000bc100000, 0x00000000bc200000, 0x00000000bc200000|100%| E|CS|TAMS 0x00000000bc100000| PB 0x00000000bc100000| Complete |  0
| 962|0x00000000bc200000, 0x00000000bc300000, 0x00000000bc300000|100%| E|CS|TAMS 0x00000000bc200000| PB 0x00000000bc200000| Complete |  0
| 963|0x00000000bc300000, 0x00000000bc400000, 0x00000000bc400000|100%| E|CS|TAMS 0x00000000bc300000| PB 0x00000000bc300000| Complete |  0
| 964|0x00000000bc400000, 0x00000000bc500000, 0x00000000bc500000|100%| E|CS|TAMS 0x00000000bc400000| PB 0x00000000bc400000| Complete |  0
|1607|0x00000000e4700000, 0x00000000e4800000, 0x00000000e4800000|100%| O|  |TAMS 0x00000000e4700000| PB 0x00000000e4700000| Untracked |  0
|1771|0x00000000eeb00000, 0x00000000eec00000, 0x00000000eec00000|100%| O|  |TAMS 0x00000000eeb00000| PB 0x00000000eeb00000| Untracked |  0
|1772|0x00000000eec00000, 0x00000000eed00000, 0x00000000eed00000|100%| O|  |TAMS 0x00000000eec00000| PB 0x00000000eec00000| Untracked |  0
|1773|0x00000000eed00000, 0x00000000eee00000, 0x00000000eee00000|100%| O|  |TAMS 0x00000000eed00000| PB 0x00000000eed00000| Untracked |  0
|1774|0x00000000eee00000, 0x00000000eef00000, 0x00000000eef00000|100%| O|  |TAMS 0x00000000eee00000| PB 0x00000000eee00000| Untracked |  0
|1775|0x00000000eef00000, 0x00000000ef000000, 0x00000000ef000000|100%| O|  |TAMS 0x00000000eef00000| PB 0x00000000eef00000| Untracked |  0
|1776|0x00000000ef000000, 0x00000000ef100000, 0x00000000ef100000|100%| O|  |TAMS 0x00000000ef000000| PB 0x00000000ef000000| Untracked |  0
|1778|0x00000000ef200000, 0x00000000ef300000, 0x00000000ef300000|100%| O|  |TAMS 0x00000000ef200000| PB 0x00000000ef200000| Untracked |  0
|1779|0x00000000ef300000, 0x00000000ef400000, 0x00000000ef400000|100%| O|  |TAMS 0x00000000ef300000| PB 0x00000000ef300000| Untracked |  0
|1780|0x00000000ef400000, 0x00000000ef500000, 0x00000000ef500000|100%| O|  |TAMS 0x00000000ef400000| PB 0x00000000ef400000| Untracked |  0
|1781|0x00000000ef500000, 0x00000000ef600000, 0x00000000ef600000|100%| O|  |TAMS 0x00000000ef500000| PB 0x00000000ef500000| Untracked |  0
|1782|0x00000000ef600000, 0x00000000ef700000, 0x00000000ef700000|100%| O|  |TAMS 0x00000000ef600000| PB 0x00000000ef600000| Untracked |  0
|1785|0x00000000ef900000, 0x00000000efa00000, 0x00000000efa00000|100%| O|  |TAMS 0x00000000ef900000| PB 0x00000000ef900000| Untracked |  0
|1786|0x00000000efa00000, 0x00000000efb00000, 0x00000000efb00000|100%| O|  |TAMS 0x00000000efa00000| PB 0x00000000efa00000| Untracked |  0
|1788|0x00000000efc00000, 0x00000000efd00000, 0x00000000efd00000|100%| O|  |TAMS 0x00000000efc00000| PB 0x00000000efc00000| Untracked |  0
|1790|0x00000000efe00000, 0x00000000eff00000, 0x00000000eff00000|100%| O|  |TAMS 0x00000000efe00000| PB 0x00000000efe00000| Untracked |  0
|1792|0x00000000f0000000, 0x00000000f0100000, 0x00000000f0100000|100%| O|  |TAMS 0x00000000f0000000| PB 0x00000000f0000000| Untracked |  0
|1795|0x00000000f0300000, 0x00000000f0400000, 0x00000000f0400000|100%| O|  |TAMS 0x00000000f0300000| PB 0x00000000f0300000| Untracked |  0
|1797|0x00000000f0500000, 0x00000000f0600000, 0x00000000f0600000|100%| O|  |TAMS 0x00000000f0500000| PB 0x00000000f0500000| Untracked |  0
|1916|0x00000000f7c00000, 0x00000000f7d00000, 0x00000000f7d00000|100%| O|  |TAMS 0x00000000f7c00000| PB 0x00000000f7c00000| Untracked |  0
|1917|0x00000000f7d00000, 0x00000000f7e00000, 0x00000000f7e00000|100%| O|  |TAMS 0x00000000f7d00000| PB 0x00000000f7d00000| Untracked |  0
|1918|0x00000000f7e00000, 0x00000000f7f00000, 0x00000000f7f00000|100%| O|  |TAMS 0x00000000f7e00000| PB 0x00000000f7e00000| Untracked |  0
|1919|0x00000000f7f00000, 0x00000000f8000000, 0x00000000f8000000|100%| O|  |TAMS 0x00000000f7f00000| PB 0x00000000f7f00000| Untracked |  0
|1922|0x00000000f8200000, 0x00000000f8300000, 0x00000000f8300000|100%| O|  |TAMS 0x00000000f8200000| PB 0x00000000f8200000| Untracked |  0
|1925|0x00000000f8500000, 0x00000000f8600000, 0x00000000f8600000|100%| O|  |TAMS 0x00000000f8500000| PB 0x00000000f8500000| Untracked |  0
|1927|0x00000000f8700000, 0x00000000f8800000, 0x00000000f8800000|100%| O|  |TAMS 0x00000000f8700000| PB 0x00000000f8700000| Untracked |  0
|1928|0x00000000f8800000, 0x00000000f8900000, 0x00000000f8900000|100%| O|  |TAMS 0x00000000f8800000| PB 0x00000000f8800000| Untracked |  0
|1933|0x00000000f8d00000, 0x00000000f8e00000, 0x00000000f8e00000|100%| O|  |TAMS 0x00000000f8d00000| PB 0x00000000f8d00000| Untracked |  0
|1935|0x00000000f8f00000, 0x00000000f9000000, 0x00000000f9000000|100%| O|  |TAMS 0x00000000f8f00000| PB 0x00000000f8f00000| Untracked |  0
|1937|0x00000000f9100000, 0x00000000f9200000, 0x00000000f9200000|100%| O|  |TAMS 0x00000000f9100000| PB 0x00000000f9100000| Untracked |  0
|1976|0x00000000fb800000, 0x00000000fb900000, 0x00000000fb900000|100%| O|  |TAMS 0x00000000fb800000| PB 0x00000000fb800000| Untracked |  0
|1977|0x00000000fb900000, 0x00000000fba00000, 0x00000000fba00000|100%| O|  |TAMS 0x00000000fb900000| PB 0x00000000fb900000| Untracked |  0
|1983|0x00000000fbf00000, 0x00000000fc000000, 0x00000000fc000000|100%| O|  |TAMS 0x00000000fbf00000| PB 0x00000000fbf00000| Untracked |  0
|1990|0x00000000fc600000, 0x00000000fc700000, 0x00000000fc700000|100%| O|  |TAMS 0x00000000fc600000| PB 0x00000000fc600000| Untracked |  0
|1992|0x00000000fc800000, 0x00000000fc900000, 0x00000000fc900000|100%| O|  |TAMS 0x00000000fc800000| PB 0x00000000fc800000| Untracked |  0
|1993|0x00000000fc900000, 0x00000000fca00000, 0x00000000fca00000|100%| O|  |TAMS 0x00000000fc900000| PB 0x00000000fc900000| Untracked |  0
|1994|0x00000000fca00000, 0x00000000fcb00000, 0x00000000fcb00000|100%| O|  |TAMS 0x00000000fca00000| PB 0x00000000fca00000| Untracked |  0
|1997|0x00000000fcd00000, 0x00000000fce00000, 0x00000000fce00000|100%| O|  |TAMS 0x00000000fcd00000| PB 0x00000000fcd00000| Untracked |  0
|1998|0x00000000fce00000, 0x00000000fcf00000, 0x00000000fcf00000|100%| O|  |TAMS 0x00000000fce00000| PB 0x00000000fce00000| Untracked |  0
|2000|0x00000000fd000000, 0x00000000fd100000, 0x00000000fd100000|100%| O|  |TAMS 0x00000000fd000000| PB 0x00000000fd000000| Untracked |  0
|2002|0x00000000fd200000, 0x00000000fd300000, 0x00000000fd300000|100%| O|  |TAMS 0x00000000fd200000| PB 0x00000000fd200000| Untracked |  0
|2006|0x00000000fd600000, 0x00000000fd700000, 0x00000000fd700000|100%| O|  |TAMS 0x00000000fd600000| PB 0x00000000fd600000| Untracked |  0
|2007|0x00000000fd700000, 0x00000000fd800000, 0x00000000fd800000|100%| O|  |TAMS 0x00000000fd700000| PB 0x00000000fd700000| Untracked |  0
|2008|0x00000000fd800000, 0x00000000fd900000, 0x00000000fd900000|100%| O|  |TAMS 0x00000000fd800000| PB 0x00000000fd800000| Untracked |  0
|2011|0x00000000fdb00000, 0x00000000fdc00000, 0x00000000fdc00000|100%| O|  |TAMS 0x00000000fdb00000| PB 0x00000000fdb00000| Untracked |  0
|2014|0x00000000fde00000, 0x00000000fdf00000, 0x00000000fdf00000|100%| O|  |TAMS 0x00000000fde00000| PB 0x00000000fde00000| Untracked |  0
|2015|0x00000000fdf00000, 0x00000000fe000000, 0x00000000fe000000|100%| O|  |TAMS 0x00000000fdf00000| PB 0x00000000fdf00000| Untracked |  0
|2017|0x00000000fe100000, 0x00000000fe200000, 0x00000000fe200000|100%| O|  |TAMS 0x00000000fe100000| PB 0x00000000fe100000| Untracked |  0
|2018|0x00000000fe200000, 0x00000000fe300000, 0x00000000fe300000|100%| O|  |TAMS 0x00000000fe200000| PB 0x00000000fe200000| Untracked |  0
|2019|0x00000000fe300000, 0x00000000fe400000, 0x00000000fe400000|100%| O|  |TAMS 0x00000000fe300000| PB 0x00000000fe300000| Untracked |  0
|2022|0x00000000fe600000, 0x00000000fe700000, 0x00000000fe700000|100%| O|  |TAMS 0x00000000fe600000| PB 0x00000000fe600000| Untracked |  0
|2023|0x00000000fe700000, 0x00000000fe800000, 0x00000000fe800000|100%| O|  |TAMS 0x00000000fe700000| PB 0x00000000fe700000| Untracked |  0
|2024|0x00000000fe800000, 0x00000000fe900000, 0x00000000fe900000|100%| O|  |TAMS 0x00000000fe800000| PB 0x00000000fe800000| Untracked |  0
|2025|0x00000000fe900000, 0x00000000fea00000, 0x00000000fea00000|100%| O|  |TAMS 0x00000000fe900000| PB 0x00000000fe900000| Untracked |  0
|2027|0x00000000feb00000, 0x00000000fec00000, 0x00000000fec00000|100%| O|  |TAMS 0x00000000feb00000| PB 0x00000000feb00000| Untracked |  0
|2028|0x00000000fec00000, 0x00000000fed00000, 0x00000000fed00000|100%| O|  |TAMS 0x00000000fec00000| PB 0x00000000fec00000| Untracked |  0
|2031|0x00000000fef00000, 0x00000000ff000000, 0x00000000ff000000|100%| O|  |TAMS 0x00000000fef00000| PB 0x00000000fef00000| Untracked |  0
|2032|0x00000000ff000000, 0x00000000ff100000, 0x00000000ff100000|100%| O|  |TAMS 0x00000000ff000000| PB 0x00000000ff000000| Untracked |  0
|2034|0x00000000ff200000, 0x00000000ff300000, 0x00000000ff300000|100%| O|  |TAMS 0x00000000ff200000| PB 0x00000000ff200000| Untracked |  0
|2036|0x00000000ff400000, 0x00000000ff500000, 0x00000000ff500000|100%| O|  |TAMS 0x00000000ff400000| PB 0x00000000ff400000| Untracked |  0
|2040|0x00000000ff800000, 0x00000000ff900000, 0x00000000ff900000|100%| O|  |TAMS 0x00000000ff800000| PB 0x00000000ff800000| Untracked |  0
|2044|0x00000000ffc00000, 0x00000000ffd00000, 0x00000000ffd00000|100%| O|  |TAMS 0x00000000ffc00000| PB 0x00000000ffc00000| Untracked |  0
|2045|0x00000000ffd00000, 0x00000000ffe00000, 0x00000000ffe00000|100%| O|  |TAMS 0x00000000ffd00000| PB 0x00000000ffd00000| Untracked |  0
|2046|0x00000000ffe00000, 0x00000000fff00000, 0x00000000fff00000|100%| O|  |TAMS 0x00000000ffe00000| PB 0x00000000ffe00000| Untracked |  0

Card table byte_map: [0x000002b1441a0000,0x000002b1445a0000] _byte_map_base: 0x000002b143da0000

Marking Bits: (CMBitMap*) 0x000002b11ec3a070
 Bits: [0x000002b1445a0000, 0x000002b1465a0000)

Polling page: 0x000002b11cb30000

Metaspace:
Metaspace        used 526485K, committed 536256K, reserved 1507328K
 class space     used 101075K, committed 105408K, reserved 1048576K

Usage:
  Non-class:    415.44 MB used.
      Class:     98.71 MB used.
       Both:    514.15 MB used.

Virtual space:
  Non-class space:      448.00 MB reserved,     420.75 MB ( 94%) committed,  7 nodes.
      Class space:        1.00 GB reserved,     102.94 MB ( 10%) committed,  1 nodes.
             Both:        1.44 GB reserved,     523.69 MB ( 36%) committed. 

Chunk freelists:
   Non-Class:  11.54 MB
       Class:  9.48 MB
        Both:  21.02 MB

MaxMetaspaceSize: unlimited
CompressedClassSpaceSize: 1.00 GB
Initial GC threshold: 21.00 MB
Current GC threshold: 874.00 MB
CDS: off
 - commit_granule_bytes: 65536.
 - commit_granule_words: 8192.
 - virtual_space_node_default_size: 8388608.
 - enlarge_chunks_in_place: 1.
UseCompressedClassPointers 1, UseCompactObjectHeaders 1
Narrow klass pointer bits 22, Max shift 10
Narrow klass base: 0x000000002c000000, Narrow klass shift: 9
Encoding Range: [0x000000002c000000 - 0x00000000ac000000), (2147483648 bytes)
Klass Range:    [0x000000002c000000 - 0x000000006c000000), (1073741824 bytes)
Klass ID Range:  [1 - 2097152) (2097151)
Protection zone: [0x000000002c000000 - 0x000000002c010000), (65536 bytes)


Internal statistics:

num_allocs_failed_limit: 63.
num_arena_births: 18498.
num_arena_deaths: 11312.
num_vsnodes_births: 8.
num_vsnodes_deaths: 0.
num_space_committed: 8441.
num_space_uncommitted: 38.
num_chunks_returned_to_freelist: 15577.
num_chunks_taken_from_freelist: 54497.
num_chunk_merges: 5546.
num_chunk_splits: 28306.
num_chunks_enlarged: 12409.
num_inconsistent_stats: 0.

CodeHeap 'non-profiled nmethods': size=259264Kb used=25920Kb max_used=25920Kb free=233343Kb
 bounds [0x000002b133060000, 0x000002b134a70000, 0x000002b142d90000]
CodeHeap 'profiled nmethods': size=259328Kb used=52861Kb max_used=74791Kb free=206466Kb
 bounds [0x000002b122d90000, 0x000002b1276f0000, 0x000002b132ad0000]
CodeHeap 'non-nmethods': size=5696Kb used=3760Kb max_used=3954Kb free=1935Kb
 bounds [0x000002b132ad0000, 0x000002b132ee0000, 0x000002b133060000]
CodeCache: size=524288Kb, used=82541Kb, max_used=104665Kb, free=441744Kb
 total_blobs=32438, nmethods=29674, adapters=2662, full_count=0
Compilation: enabled, stopped_count=0, restarted_count=0

Compilation events (20 events):
Event: 10377.186 Thread 0x000002b14978af40 107078 %     3       com.intellij.openapi.fileEditor.impl.FileEditorProviderManagerImpl::getProviders @ 286 (385 bytes)
Event: 10377.188 Thread 0x000002b14978af40 nmethod 107078% 0x000002b1248d4f88 code [0x000002b1248d5080, 0x000002b1248d78f8]
Event: 10377.188 Thread 0x000002b14978af40 107080       3       kotlin.collections.CollectionsKt__MutableCollectionsJVMKt::sortWith (28 bytes)
Event: 10377.188 Thread 0x000002b14978af40 nmethod 107080 0x000002b125246788 code [0x000002b125246880, 0x000002b125247510]
Event: 10377.189 Thread 0x000002b14978af40 107079       3       com.intellij.openapi.fileEditor.impl.EditorComposite::getProviderSequence (24 bytes)
Event: 10377.190 Thread 0x000002b14978af40 nmethod 107079 0x000002b12527e108 code [0x000002b12527e200, 0x000002b12527efc0]
Event: 10377.190 Thread 0x000002b14978af40 107077       3       com.intellij.openapi.editor.impl.SettingsImpl$CacheableBackgroundComputable$getDefaultAndCompute$readJob$1::<init> (23 bytes)
Event: 10377.190 Thread 0x000002b14978af40 nmethod 107077 0x000002b12527da08 code [0x000002b12527db00, 0x000002b12527e0f8]
Event: 10377.190 Thread 0x000002b14978af40 107081       3       com.intellij.openapi.fileEditor.impl.text.EditorHighlighterUpdater$$Lambda/0x0000000030721200::accept (9 bytes)
Event: 10377.190 Thread 0x000002b14978af40 nmethod 107081 0x000002b1272f6988 code [0x000002b1272f6a80, 0x000002b1272f6cb0]
Event: 10377.190 Thread 0x000002b14978af40 107082       3       com.intellij.openapi.fileEditor.impl.text.EditorHighlighterUpdater::updateHighlighters$lambda$2 (9 bytes)
Event: 10377.190 Thread 0x000002b14978af40 nmethod 107082 0x000002b124597a08 code [0x000002b124597b00, 0x000002b124597cb0]
Event: 10377.191 Thread 0x000002b14978af40 107083       3       com.intellij.openapi.fileEditor.impl.text.EditorHighlighterUpdater$updateHighlighters$3::invoke (12 bytes)
Event: 10377.191 Thread 0x000002b14978af40 nmethod 107083 0x000002b125286108 code [0x000002b125286200, 0x000002b1252870b8]
Event: 10377.191 Thread 0x000002b14978af40 107084       3       com.intellij.openapi.fileEditor.impl.text.EditorHighlighterUpdater$updateHighlighters$3::invoke (18 bytes)
Event: 10377.192 Thread 0x000002b14978af40 nmethod 107084 0x000002b12557ca88 code [0x000002b12557cb80, 0x000002b12557d858]
Event: 10377.203 Thread 0x000002b14978af40 107085       3       java.lang.Long::toHexString (6 bytes)
Event: 10377.203 Thread 0x000002b14978af40 nmethod 107085 0x000002b124598088 code [0x000002b124598180, 0x000002b124598298]
Event: 10377.203 Thread 0x000002b14978af40 107086       3       java.lang.Long::toUnsignedString0 (83 bytes)
Event: 10377.203 Thread 0x000002b14978af40 nmethod 107086 0x000002b126445e08 code [0x000002b126445f00, 0x000002b126446418]

GC Heap Usage History (20 events):
Event: 9706.559 {heap After GC invocations=278 (full 6):
 garbage-first heap   total reserved 2097152K, committed 1103872K, used 608010K [0x0000000080000000, 0x0000000100000000)
  region size 1024K, 5 young (5120K), 5 survivors (5120K)
}
Event: 9708.376 {heap Before GC invocations=279 (full 6):
 garbage-first heap   total reserved 2097152K, committed 1103872K, used 627466K [0x0000000080000000, 0x0000000100000000)
  region size 1024K, 21 young (21504K), 5 survivors (5120K)
}
Event: 9708.811 {heap After GC invocations=280 (full 7):
 garbage-first heap   total reserved 2097152K, committed 1003520K, used 593391K [0x0000000080000000, 0x0000000100000000)
  region size 1024K, 0 young (0K), 0 survivors (0K)
}
Event: 9708.876 {heap Before GC invocations=280 (full 7):
 garbage-first heap   total reserved 2097152K, committed 1003520K, used 606703K [0x0000000080000000, 0x0000000100000000)
  region size 1024K, 15 young (15360K), 0 survivors (0K)
}
Event: 9708.883 {heap After GC invocations=281 (full 7):
 garbage-first heap   total reserved 2097152K, committed 1003520K, used 597406K [0x0000000080000000, 0x0000000100000000)
  region size 1024K, 4 young (4096K), 4 survivors (4096K)
}
Event: 9800.573 {heap Before GC invocations=282 (full 7):
 garbage-first heap   total reserved 2097152K, committed 1024000K, used 983454K [0x0000000080000000, 0x0000000100000000)
  region size 1024K, 322 young (329728K), 4 survivors (4096K)
}
Event: 9800.587 {heap After GC invocations=283 (full 7):
 garbage-first heap   total reserved 2097152K, committed 1024000K, used 609496K [0x0000000080000000, 0x0000000100000000)
  region size 1024K, 16 young (16384K), 16 survivors (16384K)
}
Event: 9984.696 {heap Before GC invocations=283 (full 7):
 garbage-first heap   total reserved 2097152K, committed 1024000K, used 998616K [0x0000000080000000, 0x0000000100000000)
  region size 1024K, 344 young (352256K), 16 survivors (16384K)
}
Event: 9984.707 {heap After GC invocations=284 (full 7):
 garbage-first heap   total reserved 2097152K, committed 1028096K, used 612864K [0x0000000080000000, 0x0000000100000000)
  region size 1024K, 19 young (19456K), 19 survivors (19456K)
}
Event: 10012.701 {heap Before GC invocations=284 (full 7):
 garbage-first heap   total reserved 2097152K, committed 1028096K, used 634368K [0x0000000080000000, 0x0000000100000000)
  region size 1024K, 41 young (41984K), 19 survivors (19456K)
}
Event: 10012.710 {heap After GC invocations=285 (full 7):
 garbage-first heap   total reserved 2097152K, committed 1028096K, used 599766K [0x0000000080000000, 0x0000000100000000)
  region size 1024K, 7 young (7168K), 7 survivors (7168K)
}
Event: 10258.827 {heap Before GC invocations=286 (full 7):
 garbage-first heap   total reserved 2097152K, committed 1028096K, used 1015510K [0x0000000080000000, 0x0000000100000000)
  region size 1024K, 366 young (374784K), 7 survivors (7168K)
}
Event: 10258.837 {heap After GC invocations=287 (full 7):
 garbage-first heap   total reserved 2097152K, committed 1041408K, used 611793K [0x0000000080000000, 0x0000000100000000)
  region size 1024K, 16 young (16384K), 16 survivors (16384K)
}
Event: 10269.845 {heap Before GC invocations=287 (full 7):
 garbage-first heap   total reserved 2097152K, committed 1041408K, used 806353K [0x0000000080000000, 0x0000000100000000)
  region size 1024K, 176 young (180224K), 16 survivors (16384K)
}
Event: 10270.120 {heap After GC invocations=288 (full 8):
 garbage-first heap   total reserved 2097152K, committed 1028096K, used 607063K [0x0000000080000000, 0x0000000100000000)
  region size 1024K, 0 young (0K), 0 survivors (0K)
}
Event: 10270.844 {heap Before GC invocations=288 (full 8):
 garbage-first heap   total reserved 2097152K, committed 1028096K, used 616279K [0x0000000080000000, 0x0000000100000000)
  region size 1024K, 10 young (10240K), 0 survivors (0K)
}
Event: 10270.850 {heap After GC invocations=289 (full 8):
 garbage-first heap   total reserved 2097152K, committed 1028096K, used 609618K [0x0000000080000000, 0x0000000100000000)
  region size 1024K, 3 young (3072K), 3 survivors (3072K)
}
Event: 10347.178 {heap Before GC invocations=290 (full 8):
 garbage-first heap   total reserved 2097152K, committed 1053696K, used 1022290K [0x0000000080000000, 0x0000000100000000)
  region size 1024K, 350 young (358400K), 3 survivors (3072K)
}
Event: 10347.187 {heap After GC invocations=291 (full 8):
 garbage-first heap   total reserved 2097152K, committed 1053696K, used 618660K [0x0000000080000000, 0x0000000100000000)
  region size 1024K, 10 young (10240K), 10 survivors (10240K)
}
Event: 10377.224 {heap Before GC invocations=291 (full 8):
 garbage-first heap   total reserved 2097152K, committed 1053696K, used 1042596K [0x0000000080000000, 0x0000000100000000)
  region size 1024K, 364 young (372736K), 10 survivors (10240K)
}

Metaspace Usage History (20 events):
Event: 9706.559 {metaspace After GC invocations=278 (full 6):
 Metaspace       used 526675K, committed 536192K, reserved 1507328K
  class space    used 101228K, committed 105408K, reserved 1048576K
}
Event: 9708.378 {metaspace Before GC invocations=279 (full 6):
 Metaspace       used 526673K, committed 536192K, reserved 1507328K
  class space    used 101228K, committed 105408K, reserved 1048576K
}
Event: 9708.811 {metaspace After GC invocations=280 (full 7):
 Metaspace       used 525739K, committed 536192K, reserved 1507328K
  class space    used 100981K, committed 105408K, reserved 1048576K
}
Event: 9708.876 {metaspace Before GC invocations=280 (full 7):
 Metaspace       used 525753K, committed 536192K, reserved 1507328K
  class space    used 100984K, committed 105408K, reserved 1048576K
}
Event: 9708.883 {metaspace After GC invocations=281 (full 7):
 Metaspace       used 525753K, committed 536192K, reserved 1507328K
  class space    used 100984K, committed 105408K, reserved 1048576K
}
Event: 9800.573 {metaspace Before GC invocations=282 (full 7):
 Metaspace       used 525935K, committed 536192K, reserved 1507328K
  class space    used 101018K, committed 105408K, reserved 1048576K
}
Event: 9800.587 {metaspace After GC invocations=283 (full 7):
 Metaspace       used 525935K, committed 536192K, reserved 1507328K
  class space    used 101018K, committed 105408K, reserved 1048576K
}
Event: 9984.696 {metaspace Before GC invocations=283 (full 7):
 Metaspace       used 526071K, committed 536192K, reserved 1507328K
  class space    used 101047K, committed 105408K, reserved 1048576K
}
Event: 9984.707 {metaspace After GC invocations=284 (full 7):
 Metaspace       used 526071K, committed 536192K, reserved 1507328K
  class space    used 101047K, committed 105408K, reserved 1048576K
}
Event: 10012.701 {metaspace Before GC invocations=284 (full 7):
 Metaspace       used 526071K, committed 536192K, reserved 1507328K
  class space    used 101047K, committed 105408K, reserved 1048576K
}
Event: 10012.710 {metaspace After GC invocations=285 (full 7):
 Metaspace       used 526071K, committed 536192K, reserved 1507328K
  class space    used 101047K, committed 105408K, reserved 1048576K
}
Event: 10258.827 {metaspace Before GC invocations=286 (full 7):
 Metaspace       used 526259K, committed 536192K, reserved 1507328K
  class space    used 101088K, committed 105408K, reserved 1048576K
}
Event: 10258.837 {metaspace After GC invocations=287 (full 7):
 Metaspace       used 526259K, committed 536192K, reserved 1507328K
  class space    used 101088K, committed 105408K, reserved 1048576K
}
Event: 10269.845 {metaspace Before GC invocations=287 (full 7):
 Metaspace       used 526431K, committed 536192K, reserved 1507328K
  class space    used 101103K, committed 105408K, reserved 1048576K
}
Event: 10270.120 {metaspace After GC invocations=288 (full 8):
 Metaspace       used 526037K, committed 536192K, reserved 1507328K
  class space    used 101000K, committed 105408K, reserved 1048576K
}
Event: 10270.844 {metaspace Before GC invocations=288 (full 8):
 Metaspace       used 526044K, committed 536192K, reserved 1507328K
  class space    used 101002K, committed 105408K, reserved 1048576K
}
Event: 10270.850 {metaspace After GC invocations=289 (full 8):
 Metaspace       used 526044K, committed 536192K, reserved 1507328K
  class space    used 101002K, committed 105408K, reserved 1048576K
}
Event: 10347.178 {metaspace Before GC invocations=290 (full 8):
 Metaspace       used 526362K, committed 536256K, reserved 1507328K
  class space    used 101058K, committed 105408K, reserved 1048576K
}
Event: 10347.187 {metaspace After GC invocations=291 (full 8):
 Metaspace       used 526362K, committed 536256K, reserved 1507328K
  class space    used 101058K, committed 105408K, reserved 1048576K
}
Event: 10377.224 {metaspace Before GC invocations=291 (full 8):
 Metaspace       used 526485K, committed 536256K, reserved 1507328K
  class space    used 101075K, committed 105408K, reserved 1048576K
}

Dll operation events (3 events):
Event: 0.005 Loaded shared library D:\JetBrains Rider 2026.2.1\jbr\bin\java.dll
Event: 0.005 Loaded shared library D:\JetBrains Rider 2026.2.1\jbr\bin\zip.dll
Event: 0.364 Loaded shared library D:\JetBrains Rider 2026.2.1\jbr\bin\verify.dll

Deoptimization events (20 events):
Event: 10347.894 Thread 0x000002b2497b8dc0 Uncommon trap: trap_request=0xffffff45 fr.pc=0x000002b1349cc668 relative=0x0000000000003868
Event: 10347.894 Thread 0x000002b2497b8dc0 Uncommon trap: reason=unstable_if action=reinterpret pc=0x000002b1349cc668 method=org.languagetool.rules.patterns.AbstractPatternRulePerformer.testAllReadings([Lorg/languagetool/AnalyzedTokenReadings;Lorg/languagetool/rules/patterns/PatternTokenMatcher;Lo
Event: 10347.894 Thread 0x000002b2497b8dc0 DEOPT PACKING pc=0x000002b1349cc668 sp=0x000000e2e2efb220
Event: 10347.895 Thread 0x000002b2497b8dc0 DEOPT UNPACKING pc=0x000002b132becf82 sp=0x000000e2e2efb260 mode 2
Event: 10347.908 Thread 0x000002b2497b8dc0 DEOPT PACKING pc=0x000002b122f6cefa sp=0x000000e2e2efb230
Event: 10347.909 Thread 0x000002b2497b8dc0 DEOPT UNPACKING pc=0x000002b132b21702 sp=0x000000e2e2efa758 mode 0
Event: 10347.997 Thread 0x000002b179b2ba80 DEOPT PACKING pc=0x000002b124563b56 sp=0x000000e2dfafe1d0
Event: 10347.997 Thread 0x000002b179b2ba80 DEOPT UNPACKING pc=0x000002b132b21702 sp=0x000000e2dfafd6a8 mode 0
Event: 10348.020 Thread 0x000002b179b2ba80 Uncommon trap: trap_request=0xffffff4c fr.pc=0x000002b1348a7a74 relative=0x0000000000000154
Event: 10348.020 Thread 0x000002b179b2ba80 Uncommon trap: reason=speculate_null_assert action=make_not_entrant pc=0x000002b1348a7a74 method=com.intellij.grazie.jlanguage.LangTool.removeInappropriateExamples(Lorg/languagetool/rules/Rule;)Ljava/util/List; @ 17 c2
Event: 10348.020 Thread 0x000002b179b2ba80 DEOPT PACKING pc=0x000002b1348a7a74 sp=0x000000e2dfafec40
Event: 10348.020 Thread 0x000002b179b2ba80 DEOPT UNPACKING pc=0x000002b132becf82 sp=0x000000e2dfafeb00 mode 2
Event: 10348.035 Thread 0x000002b179b2ba80 DEOPT PACKING pc=0x000002b123bdbca0 sp=0x000000e2dfafec30
Event: 10348.035 Thread 0x000002b179b2ba80 DEOPT UNPACKING pc=0x000002b132b21702 sp=0x000000e2dfafe0f8 mode 0
Event: 10348.040 Thread 0x000002b179b2ba80 DEOPT PACKING pc=0x000002b123b0454f sp=0x000000e2dfafe9e0
Event: 10348.040 Thread 0x000002b179b2ba80 DEOPT UNPACKING pc=0x000002b132b21702 sp=0x000000e2dfafde98 mode 0
Event: 10348.064 Thread 0x000002b179b2ba80 DEOPT PACKING pc=0x000002b12436e02f sp=0x000000e2dfafded0
Event: 10348.064 Thread 0x000002b179b2ba80 DEOPT UNPACKING pc=0x000002b132b21702 sp=0x000000e2dfafd3f8 mode 0
Event: 10348.074 Thread 0x000002b179c3ff60 DEOPT PACKING pc=0x000002b123d20a51 sp=0x000000e2dc9fe740
Event: 10348.074 Thread 0x000002b179c3ff60 DEOPT UNPACKING pc=0x000002b132b21702 sp=0x000000e2dc9fdca0 mode 0

Classes loaded (20 events):
Event: 10272.110 Loading class com/intellij/ide/IdeTooltipManager
Event: 10272.110 Loading class com/intellij/ide/IdeTooltipManager done
Event: 10324.693 Loading class javax/annotation/Nullable
Event: 10324.693 Loading class javax/annotation/Nullable done
Event: 10347.473 Loading class com/intellij/openapi/editor/Document
Event: 10347.473 Loading class com/intellij/openapi/editor/Document done
Event: 10347.474 Loading class com/intellij/openapi/project/Project
Event: 10347.474 Loading class com/intellij/openapi/project/Project done
Event: 10347.474 Loading class com/intellij/openapi/project/Project
Event: 10347.474 Loading class com/intellij/openapi/project/Project done
Event: 10347.791 Loading class com/intellij/analysis/problemsView/toolWindow/ProblemsViewHighlightingWatcher
Event: 10347.791 Loading class com/intellij/analysis/problemsView/toolWindow/ProblemsViewHighlightingWatcher done
Event: 10347.791 Loading class com/intellij/analysis/problemsView/toolWindow/ProblemsViewHighlightingWatcher
Event: 10347.791 Loading class com/intellij/analysis/problemsView/toolWindow/ProblemsViewHighlightingWatcher done
Event: 10347.811 Loading class com/intellij/analysis/problemsView/toolWindow/splitApi/ProblemEventDto$Disappeared
Event: 10347.811 Loading class com/intellij/analysis/problemsView/toolWindow/splitApi/ProblemEventDto$Disappeared done
Event: 10347.814 Loading class com/intellij/analysis/problemsView/toolWindow/splitApi/ProblemEventDto$Disappeared$Companion
Event: 10347.814 Loading class com/intellij/analysis/problemsView/toolWindow/splitApi/ProblemEventDto$Disappeared$Companion done
Event: 10347.824 Loading class com/intellij/ui/tree/AsyncTreeModel$Node
Event: 10347.824 Loading class com/intellij/ui/tree/AsyncTreeModel$Node done

Classes unloaded (20 events):
Event: 10269.940 Thread 0x000002b11eddafd0 Unloading class 0x000000002eb09c00 'java/lang/invoke/LambdaForm$MH+0x000000002eb09c00'
Event: 10269.940 Thread 0x000002b11eddafd0 Unloading class 0x0000000031a6c400 'java/lang/invoke/LambdaForm$MH+0x0000000031a6c400'
Event: 10269.940 Thread 0x000002b11eddafd0 Unloading class 0x0000000032469000 'java/lang/invoke/LambdaForm$MH+0x0000000032469000'
Event: 10269.940 Thread 0x000002b11eddafd0 Unloading class 0x000000003269f400 'java/lang/invoke/LambdaForm$MH+0x000000003269f400'
Event: 10269.940 Thread 0x000002b11eddafd0 Unloading class 0x000000003269f800 'java/lang/invoke/LambdaForm$MH+0x000000003269f800'
Event: 10269.940 Thread 0x000002b11eddafd0 Unloading class 0x00000000326eec00 'java/lang/invoke/LambdaForm$MH+0x00000000326eec00'
Event: 10269.940 Thread 0x000002b11eddafd0 Unloading class 0x0000000032589400 'java/lang/invoke/LambdaForm$MH+0x0000000032589400'
Event: 10269.940 Thread 0x000002b11eddafd0 Unloading class 0x000000003256f000 'java/lang/invoke/LambdaForm$MH+0x000000003256f000'
Event: 10269.940 Thread 0x000002b11eddafd0 Unloading class 0x0000000032568400 'java/lang/invoke/LambdaForm$MH+0x0000000032568400'
Event: 10269.940 Thread 0x000002b11eddafd0 Unloading class 0x0000000032558400 'java/lang/invoke/LambdaForm$MH+0x0000000032558400'
Event: 10269.940 Thread 0x000002b11eddafd0 Unloading class 0x0000000032551000 'java/lang/invoke/LambdaForm$MH+0x0000000032551000'
Event: 10269.940 Thread 0x000002b11eddafd0 Unloading class 0x000000003256b400 'java/lang/invoke/LambdaForm$MH+0x000000003256b400'
Event: 10269.940 Thread 0x000002b11eddafd0 Unloading class 0x00000000320dac00 'java/lang/invoke/LambdaForm$MH+0x00000000320dac00'
Event: 10269.940 Thread 0x000002b11eddafd0 Unloading class 0x000000003255a400 'java/lang/invoke/LambdaForm$MH+0x000000003255a400'
Event: 10269.940 Thread 0x000002b11eddafd0 Unloading class 0x000000002d925000 'java/lang/invoke/LambdaForm$MH+0x000000002d925000'
Event: 10269.940 Thread 0x000002b11eddafd0 Unloading class 0x0000000032775800 'java/lang/invoke/LambdaForm$MH+0x0000000032775800'
Event: 10269.940 Thread 0x000002b11eddafd0 Unloading class 0x00000000326f4400 'java/lang/invoke/LambdaForm$MH+0x00000000326f4400'
Event: 10269.940 Thread 0x000002b11eddafd0 Unloading class 0x0000000032479400 'java/lang/invoke/LambdaForm$MH+0x0000000032479400'
Event: 10269.940 Thread 0x000002b11eddafd0 Unloading class 0x0000000032438c00 'java/lang/invoke/LambdaForm$MH+0x0000000032438c00'
Event: 10269.940 Thread 0x000002b11eddafd0 Unloading class 0x00000000326f4000 'java/lang/invoke/LambdaForm$MH+0x00000000326f4000'

Classes redefined (4 events):
Event: 0.297 Thread 0x000002b11eddafd0 redefined class name=java.math.BigInteger, count=1
Event: 0.300 Thread 0x000002b11eddafd0 redefined class name=java.net.InetAddress, count=1
Event: 0.301 Thread 0x000002b11eddafd0 redefined class name=sun.management.VMManagementImpl, count=1
Event: 0.305 Thread 0x000002b11eddafd0 redefined class name=java.lang.Class, count=1

Internal exceptions (20 events):
Event: 10362.797 Thread 0x000002b179c3e7f0 Exception <a 'sun/nio/fs/WindowsException'{0x00000000addc9500}> (0x00000000addc9500) 
thrown [s\src\hotspot\share\prims\jni.cpp, line 535]
Event: 10364.448 Thread 0x000002b241e6a380 Exception <a 'sun/nio/fs/WindowsException'{0x00000000abf81430}> (0x00000000abf81430) 
thrown [s\src\hotspot\share\prims\jni.cpp, line 535]
Event: 10364.448 Thread 0x000002b24103e590 Exception <a 'java/net/ConnectException'{0x00000000abf8cb80}: Connection refused: connect> (0x00000000abf8cb80) 
thrown [s\src\hotspot\share\prims\jni.cpp, line 569]
Event: 10364.569 Thread 0x000002b268bdf090 Exception <a 'sun/nio/fs/WindowsException'{0x00000000ac29c898}> (0x00000000ac29c898) 
thrown [s\src\hotspot\share\prims\jni.cpp, line 535]
Event: 10364.569 Thread 0x000002b27d689240 Exception <a 'sun/nio/fs/WindowsException'{0x00000000b0121a58}> (0x00000000b0121a58) 
thrown [s\src\hotspot\share\prims\jni.cpp, line 535]
Event: 10364.569 Thread 0x000002b1ccf80ff0 Exception <a 'java/net/ConnectException'{0x00000000b0f113f8}: Connection refused: connect> (0x00000000b0f113f8) 
thrown [s\src\hotspot\share\prims\jni.cpp, line 569]
Event: 10364.569 Thread 0x000002b24103e590 Exception <a 'java/net/ConnectException'{0x00000000abf8e188}: Connection refused: connect> (0x00000000abf8e188) 
thrown [s\src\hotspot\share\prims\jni.cpp, line 569]
Event: 10369.449 Thread 0x000002b179c3ff60 Exception <a 'sun/nio/fs/WindowsException'{0x00000000aa1a39f8}> (0x00000000aa1a39f8) 
thrown [s\src\hotspot\share\prims\jni.cpp, line 535]
Event: 10369.449 Thread 0x000002b1ccf80ff0 Exception <a 'java/net/ConnectException'{0x00000000abf9c3a0}: Connection refused: connect> (0x00000000abf9c3a0) 
thrown [s\src\hotspot\share\prims\jni.cpp, line 569]
Event: 10369.570 Thread 0x000002b268543b80 Exception <a 'sun/nio/fs/WindowsException'{0x00000000a9fe1d28}> (0x00000000a9fe1d28) 
thrown [s\src\hotspot\share\prims\jni.cpp, line 535]
Event: 10369.570 Thread 0x000002b268536890 Exception <a 'sun/nio/fs/WindowsException'{0x00000000aa62ae18}> (0x00000000aa62ae18) 
thrown [s\src\hotspot\share\prims\jni.cpp, line 535]
Event: 10369.571 Thread 0x000002b1ccf80ff0 Exception <a 'java/net/ConnectException'{0x00000000a9e003b0}: Connection refused: connect> (0x00000000a9e003b0) 
thrown [s\src\hotspot\share\prims\jni.cpp, line 569]
Event: 10369.571 Thread 0x000002b24103e590 Exception <a 'java/net/ConnectException'{0x00000000abf9d2d8}: Connection refused: connect> (0x00000000abf9d2d8) 
thrown [s\src\hotspot\share\prims\jni.cpp, line 569]
Event: 10374.451 Thread 0x000002b268536890 Exception <a 'sun/nio/fs/WindowsException'{0x00000000a989b730}> (0x00000000a989b730) 
thrown [s\src\hotspot\share\prims\jni.cpp, line 535]
Event: 10374.451 Thread 0x000002b24103e590 Exception <a 'java/net/ConnectException'{0x00000000a85d1338}: Connection refused: connect> (0x00000000a85d1338) 
thrown [s\src\hotspot\share\prims\jni.cpp, line 569]
Event: 10374.572 Thread 0x000002b27d669e40 Exception <a 'sun/nio/fs/WindowsException'{0x00000000a9881a60}> (0x00000000a9881a60) 
thrown [s\src\hotspot\share\prims\jni.cpp, line 535]
Event: 10374.572 Thread 0x000002b179c41ea0 Exception <a 'sun/nio/fs/WindowsException'{0x00000000a99c5de0}> (0x00000000a99c5de0) 
thrown [s\src\hotspot\share\prims\jni.cpp, line 535]
Event: 10374.572 Thread 0x000002b1ccf80ff0 Exception <a 'java/net/ConnectException'{0x00000000a9e02c40}: Connection refused: connect> (0x00000000a9e02c40) 
thrown [s\src\hotspot\share\prims\jni.cpp, line 569]
Event: 10374.572 Thread 0x000002b24103e590 Exception <a 'java/net/ConnectException'{0x00000000a85ee1f8}: Connection refused: connect> (0x00000000a85ee1f8) 
thrown [s\src\hotspot\share\prims\jni.cpp, line 569]
Event: 10377.168 Thread 0x000002b178b41440 Exception <a 'sun/nio/fs/WindowsException'{0x00000000a83cced0}> (0x00000000a83cced0) 
thrown [s\src\hotspot\share\prims\jni.cpp, line 535]

VM Operations (20 events):
Event: 10258.837 Executing safepoint VM operation: G1CollectForAllocation (G1 Evacuation Pause) done
Event: 10269.845 Executing safepoint VM operation: G1CollectFull (JBR shrinking GC)
Event: 10270.120 Executing safepoint VM operation: G1CollectFull (JBR shrinking GC) done
Event: 10270.844 Executing safepoint VM operation: G1TryInitiateConcMark (G1 Humongous Allocation)
Event: 10270.851 Executing safepoint VM operation: G1TryInitiateConcMark (G1 Humongous Allocation) done
Event: 10271.152 Executing safepoint VM operation: G1PauseRemark
Event: 10271.178 Executing safepoint VM operation: G1PauseRemark done
Event: 10271.290 Executing safepoint VM operation: G1PauseCleanup
Event: 10271.290 Executing safepoint VM operation: G1PauseCleanup done
Event: 10275.330 Executing non-safepoint VM operation: HandshakeAllThreads (HandshakeForDeflation)
Event: 10275.330 Executing non-safepoint VM operation: HandshakeAllThreads (HandshakeForDeflation) done
Event: 10275.330 Executing non-safepoint VM operation: RendezvousGCThreads
Event: 10275.330 Executing non-safepoint VM operation: RendezvousGCThreads done
Event: 10335.423 Executing non-safepoint VM operation: HandshakeAllThreads (HandshakeForDeflation)
Event: 10335.423 Executing non-safepoint VM operation: HandshakeAllThreads (HandshakeForDeflation) done
Event: 10335.423 Executing non-safepoint VM operation: RendezvousGCThreads
Event: 10335.423 Executing non-safepoint VM operation: RendezvousGCThreads done
Event: 10347.178 Executing safepoint VM operation: G1CollectForAllocation (G1 Evacuation Pause)
Event: 10347.187 Executing safepoint VM operation: G1CollectForAllocation (G1 Evacuation Pause) done
Event: 10377.224 Executing safepoint VM operation: G1CollectForAllocation (G1 Evacuation Pause)

Memory protections (0 events):
No events

Nmethod flushes (20 events):
Event: 10271.168 Thread 0x000002b11eddafd0 flushing  nmethod 0x000002b124da0288
Event: 10271.168 Thread 0x000002b11eddafd0 flushing  nmethod 0x000002b124e5ae88
Event: 10271.168 Thread 0x000002b11eddafd0 flushing  nmethod 0x000002b124ecc708
Event: 10271.168 Thread 0x000002b11eddafd0 flushing  nmethod 0x000002b124ecca08
Event: 10271.168 Thread 0x000002b11eddafd0 flushing  nmethod 0x000002b1251c8088
Event: 10271.168 Thread 0x000002b11eddafd0 flushing  nmethod 0x000002b125631788
Event: 10271.168 Thread 0x000002b11eddafd0 flushing  nmethod 0x000002b125784388
Event: 10271.168 Thread 0x000002b11eddafd0 flushing  nmethod 0x000002b12578c908
Event: 10271.168 Thread 0x000002b11eddafd0 flushing  nmethod 0x000002b1259d7708
Event: 10271.168 Thread 0x000002b11eddafd0 flushing  nmethod 0x000002b1259d7a08
Event: 10271.168 Thread 0x000002b11eddafd0 flushing  nmethod 0x000002b1259d8308
Event: 10271.168 Thread 0x000002b11eddafd0 flushing  nmethod 0x000002b125aa3a88
Event: 10271.168 Thread 0x000002b11eddafd0 flushing  nmethod 0x000002b125f75308
Event: 10271.168 Thread 0x000002b11eddafd0 flushing  nmethod 0x000002b1260c4e08
Event: 10271.168 Thread 0x000002b11eddafd0 flushing  nmethod 0x000002b1261f9588
Event: 10271.168 Thread 0x000002b11eddafd0 flushing  nmethod 0x000002b1261fbb08
Event: 10271.168 Thread 0x000002b11eddafd0 flushing  nmethod 0x000002b126201688
Event: 10271.168 Thread 0x000002b11eddafd0 flushing  nmethod 0x000002b1264a4288
Event: 10271.168 Thread 0x000002b11eddafd0 flushing  nmethod 0x000002b12681d608
Event: 10271.168 Thread 0x000002b11eddafd0 flushing osr nmethod 0x000002b12683b388

Events (20 events):
Event: 10319.226 Thread 0x000002b27d679840 Thread exited: 0x000002b27d679840
Event: 10319.226 Thread 0x000002b27d67a010 Thread exited: 0x000002b27d67a010
Event: 10332.073 Thread 0x000002b27d676960 Thread exited: 0x000002b27d676960
Event: 10332.402 Thread 0x000002b27d6751f0 Thread added: 0x000002b17b2b5f70
Event: 10332.423 Thread 0x000002b241e67c70 Thread added: 0x000002b17b2c51a0
Event: 10332.423 Thread 0x000002b241e67c70 Thread added: 0x000002b17b2c78b0
Event: 10332.423 Thread 0x000002b241e67c70 Thread added: 0x000002b17b2c9020
Event: 10347.134 Thread 0x000002b177dbbc70 Thread added: 0x000002b2497d2400
Event: 10347.135 Thread 0x000002b2497cc640 Thread added: 0x000002b2497d6a50
Event: 10347.471 Thread 0x000002b27d66c550 Thread added: 0x000002b2497e6c20
Event: 10347.471 Thread 0x000002b17b2b6f10 Thread added: 0x000002b2497e4510
Event: 10347.471 Thread 0x000002b17b292cf0 Thread added: 0x000002b2497b66b0
Event: 10347.471 Thread 0x000002b27d66c550 Thread added: 0x000002b2497b7e20
Event: 10347.471 Thread 0x000002b2497e4510 Thread added: 0x000002b2497b4f40
Event: 10347.472 Thread 0x000002b2497e6c20 Thread added: 0x000002b2497b8dc0
Event: 10347.472 Thread 0x000002b2497b66b0 Thread added: 0x000002b2497bfb20
Event: 10347.788 Thread 0x000002b2497b8dc0 Thread added: 0x000002b2497c7ff0
Event: 10347.788 Thread 0x000002b177dbbc70 Thread added: 0x000002b2497c4940
Event: 10347.789 Thread 0x000002b2497b4f40 Thread added: 0x000002b2497c9760
Event: 10347.813 Thread 0x000002b27d66c550 Thread added: 0x000002b26852ad10


Dynamic libraries:
0x00007ff70b9b0000 - 0x00007ff70bb39000 	D:\JetBrains Rider 2026.2.1\bin\rider64.exe
0x00007ffabe740000 - 0x00007ffabe9a8000 	C:\WINDOWS\SYSTEM32\ntdll.dll
0x00007ffabd970000 - 0x00007ffabda39000 	C:\WINDOWS\System32\KERNEL32.DLL
0x00007ffabbc20000 - 0x00007ffabc00d000 	C:\WINDOWS\System32\KERNELBASE.dll
0x00007ffabe470000 - 0x00007ffabe550000 	C:\WINDOWS\System32\oleaut32.dll
0x00007ffabc2b0000 - 0x00007ffabc353000 	C:\WINDOWS\System32\msvcp_win.dll
0x00007ffabc0d0000 - 0x00007ffabc21b000 	C:\WINDOWS\System32\ucrtbase.dll
0x00007ffabc570000 - 0x00007ffabc8f6000 	C:\WINDOWS\System32\combase.dll
0x00007ffabe030000 - 0x00007ffabe148000 	C:\WINDOWS\System32\RPCRT4.dll
0x00007ffabdce0000 - 0x00007ffabdeac000 	C:\WINDOWS\System32\user32.dll
0x00007ffabb890000 - 0x00007ffabb8b7000 	C:\WINDOWS\System32\win32u.dll
0x00007ffabd050000 - 0x00007ffabd07b000 	C:\WINDOWS\System32\GDI32.dll
0x00007ffabb960000 - 0x00007ffabba97000 	C:\WINDOWS\System32\gdi32full.dll
0x00007ffabc900000 - 0x00007ffabd04a000 	C:\WINDOWS\System32\shell32.dll
0x00007ffabbaa0000 - 0x00007ffabbc14000 	C:\WINDOWS\System32\wintypes.dll
0x00007ffabe320000 - 0x00007ffabe3d4000 	C:\WINDOWS\System32\advapi32.dll
0x00007ffabac60000 - 0x00007ffabac8b000 	C:\WINDOWS\SYSTEM32\userenv.dll
0x00007ffabe270000 - 0x00007ffabe319000 	C:\WINDOWS\System32\msvcrt.dll
0x00007ffabe650000 - 0x00007ffabe6f6000 	C:\WINDOWS\System32\sechost.dll
0x00007ffabb8c0000 - 0x00007ffabb959000 	C:\WINDOWS\System32\bcryptprimitives.dll
0x00007ffab0240000 - 0x00007ffab0275000 	C:\WINDOWS\SYSTEM32\WINMM.dll
0x00007ffab8cc0000 - 0x00007ffab8f01000 	C:\WINDOWS\SYSTEM32\dbghelp.dll
0x00007ffabd880000 - 0x00007ffabd8af000 	C:\WINDOWS\System32\IMM32.DLL
0x00007ffab9510000 - 0x00007ffab9d6b000 	C:\WINDOWS\SYSTEM32\windows.storage.dll
0x00007ffabd2f0000 - 0x00007ffabd3e5000 	C:\WINDOWS\System32\SHCORE.dll
0x00007ffabe5e0000 - 0x00007ffabe64a000 	C:\WINDOWS\System32\shlwapi.dll
0x00007ffabb770000 - 0x00007ffabb79f000 	C:\WINDOWS\SYSTEM32\profapi.dll
0x00007ffaba760000 - 0x00007ffaba796000 	C:\WINDOWS\SYSTEM32\ntmarta.dll
0x00007ffa4c7c0000 - 0x00007ffa4d715000 	D:\JetBrains Rider 2026.2.1\jbr\bin\server\jvm.dll
0x00007ffabd080000 - 0x00007ffabd0f4000 	C:\WINDOWS\System32\WS2_32.dll
0x00007ffabb700000 - 0x00007ffabb75e000 	C:\WINDOWS\SYSTEM32\POWRPROF.dll
0x00007ffab3bb0000 - 0x00007ffab3bce000 	D:\JetBrains Rider 2026.2.1\jbr\bin\VCRUNTIME140.dll
0x00007ffab50c0000 - 0x00007ffab50cb000 	C:\WINDOWS\SYSTEM32\VERSION.dll
0x00007ffab3e30000 - 0x00007ffab3e3c000 	D:\JetBrains Rider 2026.2.1\jbr\bin\VCRUNTIME140_1.dll
0x00007ffabb6e0000 - 0x00007ffabb6f4000 	C:\WINDOWS\SYSTEM32\UMPDC.dll
0x00007ffab3e10000 - 0x00007ffab3e1a000 	D:\JetBrains Rider 2026.2.1\jbr\bin\jimage.dll
0x00007ffaa2240000 - 0x00007ffaa2283000 	C:\WINDOWS\SYSTEM32\dbgcore.DLL
0x00007ffab3ba0000 - 0x00007ffab3bb0000 	D:\JetBrains Rider 2026.2.1\jbr\bin\instrument.dll
0x00007ffab38c0000 - 0x00007ffab38df000 	D:\JetBrains Rider 2026.2.1\jbr\bin\java.dll
0x00007ffabdad0000 - 0x00007ffabdc6e000 	C:\WINDOWS\System32\ole32.dll
0x00007ffa9c9d0000 - 0x00007ffa9c9e7000 	D:\JetBrains Rider 2026.2.1\jbr\bin\jli.dll
0x00007ffa96af0000 - 0x00007ffa96ba4000 	C:\WINDOWS\WinSxS\amd64_microsoft.windows.common-controls_6595b64144ccf1df_5.82.26100.4484_none_87ef4f277a2c8b1a\COMCTL32.dll
0x00007ffa9c8c0000 - 0x00007ffa9c8d6000 	D:\JetBrains Rider 2026.2.1\jbr\bin\zip.dll
0x00007ffaba630000 - 0x00007ffaba64b000 	C:\WINDOWS\SYSTEM32\kernel.appcore.dll
0x00007ffa991f0000 - 0x00007ffa99202000 	D:\JetBrains Rider 2026.2.1\jbr\bin\net.dll
0x00007ffababc0000 - 0x00007ffabac2a000 	C:\WINDOWS\system32\mswsock.dll
0x00007ffa98eb0000 - 0x00007ffa98ec6000 	D:\JetBrains Rider 2026.2.1\jbr\bin\nio.dll
0x00007ffa9c8b0000 - 0x00007ffa9c8ba000 	D:\JetBrains Rider 2026.2.1\jbr\bin\management.dll
0x00007ffa991e0000 - 0x00007ffa991ec000 	D:\JetBrains Rider 2026.2.1\jbr\bin\management_ext.dll
0x00007ffabe020000 - 0x00007ffabe028000 	C:\WINDOWS\System32\PSAPI.DLL
0x00007ffa8fbc0000 - 0x00007ffa8fbd8000 	C:\WINDOWS\system32\napinsp.dll
0x00007ffaba0f0000 - 0x00007ffaba216000 	C:\WINDOWS\SYSTEM32\DNSAPI.dll
0x00007ffaba060000 - 0x00007ffaba093000 	C:\WINDOWS\SYSTEM32\IPHLPAPI.DLL
0x00007ffabd100000 - 0x00007ffabd10a000 	C:\WINDOWS\System32\NSI.dll
0x00007ffa8fba0000 - 0x00007ffa8fbb2000 	C:\WINDOWS\System32\winrnr.dll
0x00007ffa8fb10000 - 0x00007ffa8fb40000 	C:\WINDOWS\system32\nlansp_c.dll
0x00007ffa8f840000 - 0x00007ffa8f860000 	C:\WINDOWS\system32\wshbth.dll
0x00007ffab4270000 - 0x00007ffab427b000 	C:\Windows\System32\rasadhlp.dll
0x00007ffab2f00000 - 0x00007ffab2f86000 	C:\WINDOWS\System32\fwpuclnt.dll
0x00007ffa97dc0000 - 0x00007ffa97dd0000 	D:\JetBrains Rider 2026.2.1\jbr\bin\verify.dll
0x00007ffa55df0000 - 0x00007ffa55f7e000 	D:\JetBrains Rider 2026.2.1\jbr\bin\awt.dll
0x00007ffab7d30000 - 0x00007ffab7d66000 	C:\WINDOWS\SYSTEM32\dwmapi.dll
0x00007ffa6c5a0000 - 0x00007ffa6c5e4000 	D:\JetBrains Rider 2026.2.1\jbr\bin\nvdaControllerClient64.dll
0x00007ffa97730000 - 0x00007ffa977ad000 	C:\WINDOWS\SYSTEM32\OLEACC.dll
0x00007ffa6c320000 - 0x00007ffa6c3a9000 	D:\JetBrains Rider 2026.2.1\jbr\bin\MSVCP140.dll
0x00007ffab7990000 - 0x00007ffab7a2e000 	C:\WINDOWS\SYSTEM32\apphelp.dll
0x00007ffa96890000 - 0x00007ffa9689e000 	D:\JetBrains Rider 2026.2.1\jbr\bin\sunmscapi.dll
0x00007ffabc360000 - 0x00007ffabc4d7000 	C:\WINDOWS\System32\CRYPT32.dll
0x00007ffabb090000 - 0x00007ffabb0c0000 	C:\WINDOWS\SYSTEM32\ncrypt.dll
0x00007ffabb040000 - 0x00007ffabb07f000 	C:\WINDOWS\SYSTEM32\NTASN1.dll
0x00007ffa8e8f0000 - 0x00007ffa8e8f8000 	C:\WINDOWS\system32\wshunix.dll
0x00007ffa96880000 - 0x00007ffa96889000 	D:\JetBrains Rider 2026.2.1\jbr\bin\prefs.dll
0x00007ffab7bd0000 - 0x00007ffab7c7f000 	C:\WINDOWS\system32\uxtheme.dll
0x00007ffabdeb0000 - 0x00007ffabe010000 	C:\WINDOWS\System32\MSCTF.dll
0x00007ffa95f40000 - 0x00007ffa95f49000 	D:\JetBrains Rider 2026.2.1\jbr\bin\extnet.dll
0x00007ffa55d60000 - 0x00007ffa55deb000 	D:\JetBrains Rider 2026.2.1\jbr\bin\freetype.dll
0x00007ffa55c60000 - 0x00007ffa55d59000 	D:\JetBrains Rider 2026.2.1\jbr\bin\fontmanager.dll
0x00007ffab7a40000 - 0x00007ffab7a56000 	C:\WINDOWS\system32\Wtsapi32.dll
0x00007ffabb630000 - 0x00007ffabb697000 	C:\WINDOWS\SYSTEM32\WINSTA.dll
0x00007ffa32dd0000 - 0x00007ffa32ee8000 	C:\WINDOWS\system32\opengl32.dll
0x00007ffa33ff0000 - 0x00007ffa3401d000 	C:\WINDOWS\SYSTEM32\GLU32.dll
0x00007ffab81d0000 - 0x00007ffab821d000 	C:\WINDOWS\SYSTEM32\dxcore.dll
0x00007ffa6c550000 - 0x00007ffa6c599000 	D:\JetBrains Rider 2026.2.1\lib\jna\amd64\jnidispatch.dll
0x00007ffabae70000 - 0x00007ffabae8b000 	C:\WINDOWS\SYSTEM32\CRYPTSP.dll
0x00007ffaba590000 - 0x00007ffaba5cb000 	C:\WINDOWS\system32\rsaenh.dll
0x00007ffabb7b0000 - 0x00007ffabb7d6000 	C:\WINDOWS\SYSTEM32\bcrypt.dll
0x00007ffabae90000 - 0x00007ffabae9c000 	C:\WINDOWS\SYSTEM32\CRYPTBASE.dll
0x00007ffabafa0000 - 0x00007ffabafb3000 	C:\WINDOWS\SYSTEM32\MSASN1.dll
0x00007ffa0ce60000 - 0x00007ffa0dbd5000 	D:\JetBrains Rider 2026.2.1\lib\skiko-awt-runtime-all\skiko-windows-x64.dll
0x00007ffab5fc0000 - 0x00007ffab60cd000 	C:\WINDOWS\SYSTEM32\PROPSYS.dll
0x00007ffabac30000 - 0x00007ffabac57000 	C:\WINDOWS\SYSTEM32\gpapi.dll
0x00007ffab3440000 - 0x00007ffab347b000 	C:\WINDOWS\SYSTEM32\cryptnet.dll
0x00007ffab7b60000 - 0x00007ffab7b6f000 	C:\WINDOWS\SYSTEM32\WINNSI.DLL
0x00007ffa97550000 - 0x00007ffa97727000 	C:\WINDOWS\WinSxS\amd64_microsoft.windows.gdiplus_6595b64144ccf1df_1.1.26100.4484_none_6ef960323dc16d81\gdiplus.dll
0x00007ffa8ec20000 - 0x00007ffa8ed70000 	C:\WINDOWS\SYSTEM32\textinputframework.dll
0x00007ffabd8c0000 - 0x00007ffabd968000 	C:\WINDOWS\System32\clbcatq.dll
0x00007ffa72440000 - 0x00007ffa7249e000 	C:\WINDOWS\system32\ApplicationTargetedFeatureDatabase.dll
0x00007ffab0300000 - 0x00007ffab0538000 	C:\Windows\System32\twinapi.appcore.dll
0x00007ffa05af0000 - 0x00007ffa05b01000 	C:\WINDOWS\SYSTEM32\wtdccm.dll
0x00007ffa916e0000 - 0x00007ffa916f2000 	C:\WINDOWS\System32\perfproc.dll
0x00007ffaa5a10000 - 0x00007ffaa5caa000 	C:\WINDOWS\WinSxS\amd64_microsoft.windows.common-controls_6595b64144ccf1df_6.0.26100.4484_none_3e0e6d4ce32ef3b3\comctl32.dll
0x00007ffab6ba0000 - 0x00007ffab6ddb000 	C:\WINDOWS\SYSTEM32\WindowsCodecs.dll
0x00007ffab3ae0000 - 0x00007ffab3b3a000 	C:\WINDOWS\system32\dataexchange.dll
0x00007ffab75a0000 - 0x00007ffab76c5000 	C:\WINDOWS\SYSTEM32\CoreMessaging.dll
0x00007ffab43d0000 - 0x00007ffab46b3000 	C:\WINDOWS\SYSTEM32\CoreUIComponents.dll
0x00007ffabb480000 - 0x00007ffabb48a000 	C:\WINDOWS\SYSTEM32\DPAPI.dll
0x00007ff9aef00000 - 0x00007ff9aef38000 	D:\JetBrains Rider 2026.2.1\bin\WinShellIntegrationBridge.dll
0x00007ffa91f20000 - 0x00007ffa91fd5000 	C:\Windows\System32\appresolver.dll
0x00007ffaa7860000 - 0x00007ffaa78be000 	C:\Windows\System32\Bcp47Langs.dll
0x00007ffab0b70000 - 0x00007ffab0b82000 	C:\WINDOWS\system32\wbem\wbemprox.dll
0x00007ffaa6bb0000 - 0x00007ffaa6c2a000 	C:\WINDOWS\SYSTEM32\wbemcomn.dll
0x00007ffaa0e30000 - 0x00007ffaa0e45000 	C:\WINDOWS\system32\wbem\wbemsvc.dll
0x00007ffaa26b0000 - 0x00007ffaa27a0000 	C:\WINDOWS\system32\wbem\fastprox.dll
0x00007ffa9d850000 - 0x00007ffa9d86d000 	C:\WINDOWS\SYSTEM32\amsi.dll
0x00007ffa9d740000 - 0x00007ffa9d7e4000 	C:\ProgramData\Microsoft\Windows Defender\Platform\4.18.26080.4-0\MpOav.dll
0x00007ffabe560000 - 0x00007ffabe5da000 	C:\WINDOWS\System32\coml2.dll
0x00007ffabb3d0000 - 0x00007ffabb427000 	C:\WINDOWS\SYSTEM32\CFGMGR32.dll
0x00007ffa8d900000 - 0x00007ffa8d9c2000 	C:\Windows\System32\Windows.FileExplorer.Common.dll
0x00007ffab4280000 - 0x00007ffab429f000 	C:\WINDOWS\SYSTEM32\dhcpcsvc6.DLL
0x00007ffab3870000 - 0x00007ffab3895000 	C:\WINDOWS\SYSTEM32\dhcpcsvc.DLL
0x00007ffa870e0000 - 0x00007ffa870fb000 	C:\WINDOWS\system32\NetworkExplorer.dll
0x00007ffa98380000 - 0x00007ffa9838f000 	C:\WINDOWS\SYSTEM32\LINKINFO.dll
0x00007ffa88950000 - 0x00007ffa889fd000 	C:\WINDOWS\SYSTEM32\ntshrui.dll
0x00007ffaa6210000 - 0x00007ffaa6239000 	C:\WINDOWS\SYSTEM32\srvcli.dll
0x00007ffa91a00000 - 0x00007ffa91a13000 	C:\WINDOWS\SYSTEM32\cscapi.dll
0x00007ffab65a0000 - 0x00007ffab6662000 	C:\WINDOWS\SYSTEM32\policymanager.dll
0x00007ffab63a0000 - 0x00007ffab6431000 	C:\WINDOWS\SYSTEM32\msvcp110_win.dll
0x00007ffa9d0f0000 - 0x00007ffa9d13e000 	C:\WINDOWS\SYSTEM32\pdh.dll

JVMTI agents:
D:\jetbra\jetbra\ja-netfilter.jar path:D:\JetBrains Rider 2026.2.1\jbr\bin\instrument.dll, loaded, initialized, instrumentlib options:jetbrains

dbghelp: loaded successfully - version: 4.0.5 - missing functions: none
symbol engine: initialized successfully - sym options: 0x614 - pdb path: .;D:\JetBrains Rider 2026.2.1\bin;C:\WINDOWS\SYSTEM32;D:\JetBrains Rider 2026.2.1\jbr\bin\server;D:\JetBrains Rider 2026.2.1\jbr\bin;C:\WINDOWS\WinSxS\amd64_microsoft.windows.common-controls_6595b64144ccf1df_5.82.26100.4484_none_87ef4f277a2c8b1a;D:\JetBrains Rider 2026.2.1\lib\jna\amd64;D:\JetBrains Rider 2026.2.1\lib\skiko-awt-runtime-all;C:\WINDOWS\WinSxS\amd64_microsoft.windows.gdiplus_6595b64144ccf1df_1.1.26100.4484_none_6ef960323dc16d81;C:\WINDOWS\WinSxS\amd64_microsoft.windows.common-controls_6595b64144ccf1df_6.0.26100.4484_none_3e0e6d4ce32ef3b3;C:\WINDOWS\system32\wbem;C:\ProgramData\Microsoft\Windows Defender\Platform\4.18.26080.4-0;D:\JetBrains Rider 2026.2.1\lib\pty4j\win\x86-64;D:\JetBrains Rider 2026.2.1\plugins\dotCommon\DotFiles\windows-x64

VM Arguments:
jvm_args: abort vfprintf -XX:ErrorFile=C:\Users\Kenwen\java_error_in_rider_%p.log -XX:HeapDumpPath=C:\Users\Kenwen\java_error_in_rider.hprof -Xms128m -Xmx2048m -XX:JbrShrinkingGcMaxHeapFreeRatio=40 -XX:ReservedCodeCacheSize=512m -XX:+HeapDumpOnOutOfMemoryError -XX:-OmitStackTraceInFastThrow -XX:CICompilerCount=2 -XX:+IgnoreUnrecognizedVMOptions -XX:+UnlockDiagnosticVMOptions -XX:TieredOldPercentage=100000 -XX:+UseCompactObjectHeaders --sun-misc-unsafe-memory-access=allow -ea -Dsun.io.useCanonCaches=false -Dsun.java2d.metal=true -Djbr.catch.SIGABRT=true -Djdk.http.auth.tunneling.disabledSchemes="" -Djdk.attach.allowAttachSelf=true -Djdk.module.illegalAccess.silent=true -Djdk.nio.maxCachedBufferSize=2097152 -Djava.util.zip.use.nio.for.zip.file.access=true -Dkotlinx.coroutines.debug=off -Dskiko.rendering.useScreenMenuBar=false -Djava.nio.file.spi.DefaultFileSystemProvider=com.intellij.platform.core.nio.fs.MultiRoutingFileSystemProvider -Denable.non.commercial.ai.license=true -Xms128m -Xmx2048m -XX:ReservedCodeCacheSize=512m -XX:+IgnoreUnrecognizedVMOptions -XX:+UseG1GC -XX:SoftRefLRUPolicyMSPerMB=50 -XX:CICompilerCount=2 -XX:+HeapDumpOnOutOfMemoryError -XX:-OmitStackTraceInFastThrow -ea -Dsun.io.useCanonCaches=false -Djdk.http.auth.tunneling.disabledSchemes="" -Djdk.attach.allowAttachSelf=true -Djdk.module.illegalAccess.silent=true -Dkotlinx.coroutines.debug=off -XX:ErrorFile=$USER_HOME/java_error_in_idea_%p.log -XX:HeapDumpPath=$USER_HOME/java_error_in_idea.hprof --add-opens=java.base/jdk.internal.org.objectweb.asm=ALL-UNNAMED --add-opens=java.base/jdk.internal.org.objectweb.asm.tree=ALL-UNNAMED -javaagent:D:\jetbra\jetbra\ja-netfilter.jar=jetbrains -Djb.vmOptionsFile=D:\jetbra\jetbra\vmoptions\rider.vmoptions -Xbootclasspath/a:D:\JetBrains Rider 2026.2.1\lib\nio-fs.jar -Djava.system.class.loader=com.intellij.util.lang.PathClassLoader -Didea.vendor.name=JetBrains -Didea.paths.selector=Rider2026.2 -Djna.boot.library.path=D:\JetBrains Rider 2026.2.1/lib/jna/amd64 -Djna.nosys=true -Djna.noclasspath=true -Dpty4j.preferred.native.folder=D:\JetBrains Rider 2026.2.1/lib/pty4j -Dio.netty.allocator.type=pooled -Dskiko.library.path=D:\JetBrains Rider 2026.2.1/lib/skiko-awt-runtime-all -Dintellij.platform.runtime.repository.path=D:\JetBrains Rider 2026.2.1/modules/module-descriptors.dat -Didea.platform.prefix=Rider -Didea.class.before.app=com.jetbrains.rider.protocol.EarlyBackendStarter -Didea.show.customize.ide.wizard=true -DFilePageCache.THROW_ERROR_ON_DUPLICATE_STORAGE_REGISTRATION=false -Dsplash=true -Daether.connector.resumeDownloads=false -Dcompose.swing.render.on.graphics=true --enable-native-access=ALL-UNNAMED --add-opens=java.base/java.io=ALL-UNNAMED --add-opens=java.base/java.lang=ALL-UNNAMED --add-opens=java.base/java.lang.ref=ALL-UNNAMED --add-opens=java.base/java.lang.reflect=ALL-UNNAMED --add-opens=java.base/java.net=ALL-UNNAMED --add-opens=java.base/java.nio=ALL-UNNAMED --add-opens=java.base/java.nio.charset=ALL-UNNAMED --add-opens=java.base/java.text=ALL-UNNAMED --add-opens=java.base/java.time=ALL-UNNAMED --add-opens=java.base/java.util=ALL-UNNAMED --add-opens=java.base/java.util.concurrent=ALL-UNNAMED --add-opens=java.base/java.util.concurrent.atomic=ALL-UNNAMED --add-opens=java.base/java.util.concurrent.locks=ALL-UNNAMED --add-opens=java.base/jdk.internal.ref=ALL-UNNAMED --add-opens=java.base/jdk.internal.vm=ALL-UNNAMED --add-opens=java.base/sun.net.dns=ALL-UNNAMED --add-opens=java.base/sun.nio=ALL-UNNAMED --add-opens=java.base/sun.nio.ch=ALL-UNNAMED --add-opens=java.base/sun.nio.fs=ALL-UNNAMED --add-opens=java.base/sun.security.ssl=ALL-UNNAMED --add-opens=java.base/sun.security.util=ALL-UNNAMED --add-opens=java.desktop/com.sun.java.swing=ALL-UNNAMED --add-opens=java.desktop/java.awt=ALL-UNNAMED --add-opens=java.desktop/java.awt.dnd.peer=ALL-UNNAMED --add-opens=java.desktop/java.awt.event=ALL-UNNAMED --add-opens=java.desktop/java.awt.font=ALL-UNNAMED --add-opens=java.desktop/java.awt.image=ALL-UNNAMED --add-opens=java.desktop/java.awt.peer=ALL-UNNAMED --add-opens=java.desktop/javax.swing=ALL-UNNAMED --add-opens=java.desktop/javax.swing.plaf.basic=ALL-UNNAMED --add-opens=java.desktop/javax.swing.text=ALL-UNNAMED --add-opens=java.desktop/javax.swing.text.html=ALL-UNNAMED --add-opens=java.desktop/javax.swing.text.html.parser=ALL-UNNAMED --add-opens=java.desktop/sun.awt=ALL-UNNAMED --add-opens=java.desktop/sun.awt.datatransfer=ALL-UNNAMED --add-opens=java.desktop/sun.awt.image=ALL-UNNAMED --add-opens=java.desktop/sun.awt.windows=ALL-UNNAMED --add-opens=java.desktop/sun.font=ALL-UNNAMED --add-opens=java.desktop/sun.java2d=ALL-UNNAMED --add-opens=java.desktop/sun.swing=ALL-UNNAMED --add-opens=java.desktop/sun.swing.text=ALL-UNNAMED --add-opens=java.management/sun.management=ALL-UNNAMED --add-opens=jdk.attach/sun.tools.attach=ALL-UNNAMED --add-opens=jdk.compiler/com.sun.tools.javac.api=ALL-UNNAMED --add-opens=jdk.internal.jvmstat/sun.jvmstat.monitor=ALL-UNNAMED --add-opens=jdk.jdi/com.sun.tools.jdi=ALL-UNNAMED -Dide.native.launcher=true -Djcef.sandbox.ptr=000002B11CBA4A70 -Djcef.sandbox.cefVersion=122.1.9+gd14e051+chromium-122.0.6261.94 -Dsun.jnu.encoding.sys=windows-936 
java_command: com.intellij.idea.Main E:\Project\Git\Hodgepodge\Hodgepodge.uproject
java_class_path (initial): D:\JetBrains Rider 2026.2.1\lib\platform-loader.jar;D:\JetBrains Rider 2026.2.1\lib\util-8.jar;D:\JetBrains Rider 2026.2.1\lib\util.jar;D:\JetBrains Rider 2026.2.1\lib\product-backend.jar;D:\JetBrains Rider 2026.2.1\lib\annotations.jar;D:\JetBrains Rider 2026.2.1\lib\eclipse.lsp4j.debug.jar;D:\JetBrains Rider 2026.2.1\lib\eclipse.lsp4j.jar;D:\JetBrains Rider 2026.2.1\lib\eclipse.lsp4j.jsonrpc.debug.jar;D:\JetBrains Rider 2026.2.1\lib\eclipse.lsp4j.jsonrpc.jar;D:\JetBrains Rider 2026.2.1\lib\external-system-rt.jar;D:\JetBrains Rider 2026.2.1\lib\externalProcess-rt.jar;D:\JetBrains Rider 2026.2.1\lib\fleet.andel.jar;D:\JetBrains Rider 2026.2.1\lib\fleet.bifurcan.jar;D:\JetBrains Rider 2026.2.1\lib\fleet.fastutil.jar;D:\JetBrains Rider 2026.2.1\lib\fleet.kernel.jar;D:\JetBrains Rider 2026.2.1\lib\fleet.multiplatform.shims.jar;D:\JetBrains Rider 2026.2.1\lib\fleet.openmap.jar;D:\JetBrains Rider 2026.2.1\lib\fleet.radixTrie.jar;D:\JetBrains Rider 2026.2.1\lib\fleet.reporting.api.jar;D:\JetBrains Rider 2026.2.1\lib\fleet.reporting.shared.jar;D:\JetBrains Rider 2026.2.1\lib\fleet.rhizomedb.jar;D:\JetBrains Rider 2026.2.1\lib\fleet.rhizomedb.transactor.jar;D:\JetBrains Rider 2026.2.1\lib\fleet.rhizomedb.transactor.rebase.jar;D:\JetBrains Rider 2026.2.1\lib\fleet.rpc.jar;D:\JetBrains Rider 2026.2.1\lib\fleet.rpc.server.jar;D:\JetBrains Rider 2026.2.1\lib\fleet.util.codepoints.jar;D:\JetBrains Rider 2026.2.1\lib\fleet.util.core.jar;D:\JetBrains Rider 2026.2.1\lib\fleet.util.logging.api.jar;D:\JetBrains Rider 2026.2.1\lib\fleet.util.serialization.jar;D:\JetBrains Rider 2026.2.1\lib\forms_rt.jar;D:\JetBrains Rider 2026.2.1\lib\intellij.cidr.cocoaPlistEditor.jar;D:\JetBrains Rider 2026.2.1\lib\intellij.cidr.plist.jar;D:\JetBrains Rider 2026.2.1\lib\intellij.libraries.aalto.xml.jar;D:\JetBrains Rider 2026.2.1\lib\intellij.libraries.asm.jar;D:\JetBrains Rider 2026.2.1\lib\intellij.libraries.asm.tools.jar;D:\JetBrains Rider 2026.2.1\lib\intellij.libraries.automaton.jar;D:\JetBrains Rider 2026.2.1\lib\intellij.libraries.batik.jar;D:\JetBrains Rider 2026.2.1\lib\intellij.libraries.blockmap.jar;D:\JetBrains Rider 2026.2.1\lib\intellij.libraries.bouncy.castle.pgp.jar;D:\JetBrains Rider 2026.2.1\lib\intellij.libraries.bouncy.castle.provider.jar;D:\JetBrains Rider 2026.2.1\lib\intellij.libraries.caffeine.jar;D:\JetBrains Rider 2026.2.1\lib\intellij.libraries.cglib.jar;D:\JetBrains Rider 2026.2.1\lib\intellij.libraries.classgraph.jar;D:\JetBrains Rider 2026.2.1\lib\intellij.libraries.cli.parser.jar;D:\JetBrains Rider 2026.2.1\lib\intellij.libraries.commons.cli.jar;D:\JetBrains Rider 2026.2.1\lib\intellij.libraries.commons.codec.jar;D:\JetBrains Rider 2026.2.1\lib\intellij.libraries.commons.compress.jar;D:\JetBrains Rider 2026.2.1\lib\intellij.libraries.commons.imaging.jar;D:\JetBrains Rider 2026.2.1\lib\intellij.libraries.commons.io.jar;D:\JetBrains Rider 2026.2.1\lib\intellij.libraries.commons.lang3.jar;D:\JetBrains Rider 2026.2.1\lib\intellij.libraries.commons.logging.jar;D:\JetBrains Rider 2026.2.1\lib\intellij.libraries.download.pgp.verifier.jar;D:\JetBrains Rider 2026.2.1\lib\intellij.libraries.fastutil.jar;D:\JetBrains Rider 2026.2.1\lib\intellij.libraries.gson.jar;D:\JetBrains Rider 2026.2.1\lib\intellij.libraries.guava.jar;D:\JetBrains Rider 2026.2.1\lib\intellij.libraries.hash4j.jar;D:\JetBrains Rider 2026.2.1\lib\intellij.libraries.hdr.histogram.jar;D:\JetBrains Rider 2026.2.1\lib\intellij.libraries.http.client.jar;D:\JetBrains Rider 2026.2.1\lib\intellij.libraries.icu4j.jar;D:\JetBrains Rider 2026.2.1\lib\intellij.libraries.imgscalr.jar;D:\JetBrains Rider 2026.2.1\lib\intellij.libraries.ini4j.jar;D:\JetBrains Rider 2026.2.1\lib\intellij.libraries.ion.jar;D:\JetBrains Rider 2026.2.1\lib\intellij.libraries.jackson.annotations.jar;D:\JetBrains Rider 2026.2.1\lib\intellij.libraries.jackson.databind.jar;D:\JetBrains Rider 2026.2.1\lib\intellij.libraries.jackson.dataformat.yaml.jar;D:\JetBrains Rider 2026.2.1\lib\intellij.libraries.jackson.jar;D:\JetBrains Rider 2026.2.1\lib\intellij.libraries.jackson.jr.objects.jar;D:\JetBrains Rider 2026.2.1\lib\intellij.libraries.jackson.module.kotlin.jar;D:\JetBrains Rider 2026.2.1\lib\intellij.libraries.jackson3.databind.jar;D:\JetBrains Rider 2026.2.1\lib\intellij.libraries.jackson3.dataformat.yaml.jar;D:\JetBrains Rider 2026.2.1\lib\intellij.libraries.jackson3.jar;D:\JetBrains Rider 2026.2.1\lib\intellij.libraries.jackson3.jr.objects.jar;D:\JetBrains Rider 2026.2.1\lib\intellij.libraries.jackson3.module.kotlin.jar;D:\JetBrains Rider 2026.2.1\lib\intellij.libraries.java.compatibility.jar;D:\JetBrains Rider 2026.2.1\lib\intellij.libraries.java.websocket.jar;D:\JetBrains Rider 2026.2.1\lib\intellij.libraries.javax.annotation.jar;D:\JetBrains Rider 2026.2.1\lib\intellij.libraries.jaxen.jar;D:\JetBrains Rider 2026.2.1\lib\intellij.libraries.jbr.jar;D:\JetBrains Rider 2026.2.1\lib\intellij.libraries.jcip.jar;D:\JetBrains Rider 2026.2.1\lib\intellij.libraries.jediterm.core.jar;D:\JetBrains Rider 2026.2.1\lib\intellij.libraries.jediterm.ui.jar;D:\JetBrains Rider 2026.2.1\lib\intellij.libraries.jgoodies.binding.jar;D:\JetBrains Rider 2026.2.1\lib\intellij.libraries.jgoodies.common.jar;D:\JetBrains Rider 2026.2.1\lib\intellij.libraries.jgoodies.forms.jar;D:\JetBrains Rider 2026.2.1\lib\intellij.libraries.jsch.agent.proxy.jar;D:\JetBrains Rider 2026.2.1\lib\intellij.libraries.jsonpath.jar;D:\JetBrains Rider 2026.2.1\lib\intellij.libraries.jsoup.jar;D:\JetBrains Rider 2026.2.1\lib\intellij.libraries.jsvg.jar;D:\JetBrains Rider 2026.2.1\lib\intellij.libraries.jvm.native.trusted.roots.jar;D:\JetBrains Rider 2026.2.1\lib\intellij.libraries.jzlib.jar;D:\JetBrains Rider 2026.2.1\lib\intellij.libraries.kotlin.reflect.jar;D:\JetBrains Rider 2026.2.1\lib\intellij.libraries.kotlinx.collections.immutable.jar;D:\JetBrains Rider 2026.2.1\lib\intellij.libraries.kotlinx.coroutines.core.jar;D:\JetBrains Rider 2026.2.1\lib\intellij.libraries.kotlinx.coroutines.debug.jar;D:\JetBrains Rider 2026.2.1\lib\intellij.libraries.kotlinx.coroutines.slf4j.jar;D:\JetBrains Rider 2026.2.1\lib\intellij.libraries.kotlinx.datetime.jar;D:\JetBrains Rider 2026.2.1\lib\intellij.libraries.kotlinx.html.jar;D:\JetBrains Rider 2026.2.1\lib\intellij.libraries.kotlinx.io.jar;D:\JetBrains Rider 2026.2.1\lib\intellij.libraries.kotlinx.serialization.cbor.jar;D:\JetBrains Rider 2026.2.1\lib\intellij.libraries.kotlinx.serialization.core.jar;D:\JetBrains Rider 2026.2.1\lib\intellij.libraries.kotlinx.serialization.json.jar;D:\JetBrains Rider 2026.2.1\lib\intellij.libraries.kotlinx.serialization.protobuf.jar;D:\JetBrains Rider 2026.2.1\lib\intellij.libraries.kryo5.jar;D:\JetBrains Rider 2026.2.1\lib\intellij.libraries.ktor.client.cio.jar;D:\JetBrains Rider 2026.2.1\lib\intellij.libraries.ktor.client.jar;D:\JetBrains Rider 2026.2.1\lib\intellij.libraries.ktor.io.jar;D:\JetBrains Rider 2026.2.1\lib\intellij.libraries.ktor.network.tls.jar;D:\JetBrains Rider 2026.2.1\lib\intellij.libraries.ktor.server.cio.jar;D:\JetBrains Rider 2026.2.1\lib\intellij.libraries.ktor.utils.jar;D:\JetBrains Rider 2026.2.1\lib\intellij.libraries.lz4.jar;D:\JetBrains Rider 2026.2.1\lib\intellij.libraries.markdown.jar;D:\JetBrains Rider 2026.2.1\lib\intellij.libraries.miglayout.swing.jar;D:\JetBrains Rider 2026.2.1\lib\intellij.libraries.mvstore.jar;D:\JetBrains Rider 2026.2.1\lib\intellij.libraries.netty.buffer.jar;D:\JetBrains Rider 2026.2.1\lib\intellij.libraries.netty.codec.compression.jar;D:\JetBrains Rider 2026.2.1\lib\intellij.libraries.netty.codec.http.jar;D:\JetBrains Rider 2026.2.1\lib\intellij.libraries.netty.handler.proxy.jar;D:\JetBrains Rider 2026.2.1\lib\intellij.libraries.opentelemetry.exporter.otlp.common.jar;D:\JetBrains Rider 2026.2.1\lib\intellij.libraries.opentelemetry.exporter.sender.jdk.jar;D:\JetBrains Rider 2026.2.1\lib\intellij.libraries.opentelemetry.extension.kotlin.jar;D:\JetBrains Rider 2026.2.1\lib\intellij.libraries.opentelemetry.jar;D:\JetBrains Rider 2026.2.1\lib\intellij.libraries.opentelemetry.sdk.autoconfigure.spi.jar;D:\JetBrains Rider 2026.2.1\lib\intellij.libraries.opentelemetry.semconv.jar;D:\JetBrains Rider 2026.2.1\lib\intellij.libraries.oro.matcher.jar;D:\JetBrains Rider 2026.2.1\lib\intellij.libraries.protobuf.jar;D:\JetBrains Rider 2026.2.1\lib\intellij.libraries.proxy.vole.jar;D:\JetBrains Rider 2026.2.1\lib\intellij.libraries.pty4j.jar;D:\JetBrains Rider 2026.2.1\lib\intellij.libraries.rd.core.jar;D:\JetBrains Rider 2026.2.1\lib\intellij.libraries.rd.framework.jar;D:\JetBrains Rider 2026.2.1\lib\intellij.libraries.rd.swing.jar;D:\JetBrains Rider 2026.2.1\lib\intellij.libraries.rd.text.jar;D:\JetBrains Rider 2026.2.1\lib\intellij.libraries.rhino.jar;D:\JetBrains Rider 2026.2.1\lib\intellij.libraries.semver.jar;D:\JetBrains Rider 2026.2.1\lib\intellij.libraries.snakeyaml.engine.jar;D:\JetBrains Rider 2026.2.1\lib\intellij.libraries.snakeyaml.jar;D:\JetBrains Rider 2026.2.1\lib\intellij.libraries.sshj.jar;D:\JetBrains Rider 2026.2.1\lib\intellij.libraries.stream.jar;D:\JetBrains Rider 2026.2.1\lib\intellij.libraries.swingx.jar;D:\JetBrains Rider 2026.2.1\lib\intellij.libraries.teamcity.service.messages.jar;D:\JetBrains Rider 2026.2.1\lib\intellij.libraries.velocity.jar;D:\JetBrains Rider 2026.2.1\lib\intellij.libraries.winp.jar;D:\JetBrains Rider 2026.2.1\lib\intellij.libraries.xerces.jar;D:\JetBrains Rider 2026.2.1\lib\intellij.libraries.xtext.xbase.jar;D:\JetBrains Rider 2026.2.1\lib\intellij.libraries.xz.jar;D:\JetBrains Rider 2026.2.1\lib\intellij.platform.analysis.impl.jar;D:\JetBrains Rider 2026.2.1\lib\intellij.platform.analysis.jar;D:\JetBrains Rider 2026.2.1\lib\intellij.platform.bazel.runfiles.jar;D:\JetBrains Rider 2026.2.1\lib\intellij.platform.bootstrap.jar;D:\JetBrains Rider 2026.2.1\lib\intellij.platform.builtInServer.impl.jar;D:\JetBrains Rider 2026.2.1\lib\intellij.platform.builtInServer.jar;D:\JetBrains Rider 2026.2.1\lib\intellij.platform.codeStyle.jar;D:\JetBrains Rider 2026.2.1\lib\intellij.platform.commercial.jar;D:\JetBrains Rider 2026.2.1\lib\intellij.platform.configurationStore.impl.jar;D:\JetBrains Rider 2026.2.1\lib\intellij.platform.core.impl.jar;D:\JetBrains Rider 2026.2.1\lib\intellij.platform.core.jar;D:\JetBrains Rider 2026.2.1\lib\intellij.platform.core.ui.jar;D:\JetBrains Rider 2026.2.1\lib\intellij.platform.credentialStore.impl.jar;D:\JetBrains Rider 2026.2.1\lib\intellij.platform.credentialStore.jar;D:\JetBrains Rider 2026.2.1\lib\intellij.platform.credentialStore.ui.jar;D:\JetBrains Rider 2026.2.1\lib\intellij.platform.cs.jar;D:\JetBrains Rider 2026.2.1\lib\intellij.platform.debugger.impl.jar;D:\JetBrains Rider 2026.2.1\lib\intellij.platform.debugger.impl.rpc.jar;D:\JetBrains Rider 2026.2.1\lib\intellij.platform.debugger.impl.shared.jar;D:\JetBrains Rider 2026.2.1\lib\intellij.platform.debugger.impl.ui.jar;D:\JetBrains Rider 2026.2.1\lib\intellij.platform.debugger.jar;D:\JetBrains Rider 2026.2.1\lib\intellij.platform.debugger.modulesView.jar;D:\JetBrains Rider 2026.2.1\lib\intellij.platform.debugger.parallelStacks.jar;D:\JetBrains Rider 2026.2.1\lib\intellij.platform.diagnostic.telemetry.jar;D:\JetBrains Rider 2026.2.1\lib\intellij.platform.diff.impl.jar;D:\JetBrains Rider 2026.2.1\lib\intellij.platform.diff.jar;D:\JetBrains Rider 2026.2.1\lib\intellij.platform.discoverability.jar;D:\JetBrains Rider 2026.2.1\lib\intellij.platform.duplicates.analysis.jar;D:\JetBrains Rider 2026.2.1\lib\intellij.platform.editor.ex.jar;D:\JetBrains Rider 2026.2.1\lib\intellij.platform.editor.ui.jar;D:\JetBrains Rider 2026.2.1\lib\intellij.platform.eel.impl.jar;D:\JetBrains Rider 2026.2.1\lib\intellij.platform.eel.nioFs.impl.jar;D:\JetBrains Rider 2026.2.1\lib\intellij.platform.execution.impl.jar;D:\JetBrains Rider 2026.2.1\lib\intellij.platform.execution.jar;D:\JetBrains Rider 2026.2.1\lib\intellij.platform.experiment.jar;D:\JetBrains Rider 2026.2.1\lib\intellij.platform.externalProcessAuthHelper.jar;D:\JetBrains Rider 2026.2.1\lib\intellij.platform.externalSystem.dependencyUpdater.jar;D:\JetBrains Rider 2026.2.1\lib\intellij.platform.externalSystem.impl.jar;D:\JetBrains Rider 2026.2.1\lib\intellij.platform.externalSystem.jar;D:\JetBrains Rider 2026.2.1\lib\intellij.platform.feedback.jar;D:\JetBrains Rider 2026.2.1\lib\intellij.platform.graph.impl.jar;D:\JetBrains Rider 2026.2.1\lib\intellij.platform.graph.jar;D:\JetBrains Rider 2026.2.1\lib\intellij.platform.icons.impl.intellij.jar;D:\JetBrains Rider 2026.2.1\lib\intellij.platform.ide.concurrency.jar;D:\JetBrains Rider 2026.2.1\lib\intellij.platform.ide.core.jar;D:\JetBrains Rider 2026.2.1\lib\intellij.platform.ide.core.plugins.jar;D:\JetBrains Rider 2026.2.1\lib\intellij.platform.ide.designer.jar;D:\JetBrains Rider 2026.2.1\lib\intellij.platform.ide.favoritesTreeView.jar;D:\JetBrains Rider 2026.2.1\lib\intellij.platform.ide.impl.jar;D:\JetBrains Rider 2026.2.1\lib\intellij.platform.ide.initialConfigImport.jar;D:\JetBrains Rider 2026.2.1\lib\intellij.platform.ide.jar;D:\JetBrains Rider 2026.2.1\lib\intellij.platform.ide.remote.jar;D:\JetBrains Rider 2026.2.1\lib\intellij.platform.ide.ui.inspector.jar;D:\JetBrains Rider 2026.2.1\lib\intellij.platform.indexing.jar;D:\JetBrains Rider 2026.2.1\lib\intellij.platform.kernel.jar;D:\JetBrains Rider 2026.2.1\lib\intellij.platform.lang.core.jar;D:\JetBrains Rider 2026.2.1\lib\intellij.platform.lang.impl.jar;D:\JetBrains Rider 2026.2.1\lib\intellij.platform.lang.jar;D:\JetBrains Rider 2026.2.1\lib\intellij.platform.locking.impl.jar;D:\JetBrains Rider 2026.2.1\lib\intellij.platform.lsp.impl.jar;D:\JetBrains Rider 2026.2.1\lib\intellij.platform.lsp.jar;D:\JetBrains Rider 2026.2.1\lib\intellij.platform.lvcs.jar;D:\JetBrains Rider 2026.2.1\lib\intellij.platform.macro.jar;D:\JetBrains Rider 2026.2.1\lib\intellij.platform.markdown.utils.jar;D:\JetBrains Rider 2026.2.1\lib\intellij.platform.ml.jar;D:\JetBrains Rider 2026.2.1\lib\intellij.platform.polySymbols.backend.jar;D:\JetBrains Rider 2026.2.1\lib\intellij.platform.polySymbols.jar;D:\JetBrains Rider 2026.2.1\lib\intellij.platform.projectFrame.jar;D:\JetBrains Rider 2026.2.1\lib\intellij.platform.projectModel.impl.jar;D:\JetBrains Rider 2026.2.1\lib\intellij.platform.projectModel.jar;D:\JetBrains Rider 2026.2.1\lib\intellij.platform.rd.community.jar;D:\JetBrains Rider 2026.2.1\lib\intellij.platform.remote.core.jar;D:\JetBrains Rider 2026.2.1\lib\intellij.platform.remoteServers.agent.rt.jar;D:\JetBrains Rider 2026.2.1\lib\intellij.platform.remoteServers.impl.jar;D:\JetBrains Rider 2026.2.1\lib\intellij.platform.remoteServers.jar;D:\JetBrains Rider 2026.2.1\lib\intellij.platform.rpc.jar;D:\JetBrains Rider 2026.2.1\lib\intellij.platform.rpc.topics.jar;D:\JetBrains Rider 2026.2.1\lib\intellij.platform.runtime.product.jar;D:\JetBrains Rider 2026.2.1\lib\intellij.platform.scopes.jar;D:\JetBrains Rider 2026.2.1\lib\intellij.platform.split.protocol.jar;D:\JetBrains Rider 2026.2.1\lib\intellij.platform.statistics.config.jar;D:\JetBrains Rider 2026.2.1\lib\intellij.platform.statistics.jar;D:\JetBrains Rider 2026.2.1\lib\intellij.platform.statistics.uploader.jar;D:\JetBrains Rider 2026.2.1\lib\intellij.platform.testIntegration.jar;D:\JetBrains Rider 2026.2.1\lib\intellij.platform.testIntegration.ui.jar;D:\JetBrains Rider 2026.2.1\lib\intellij.platform.threadDumpParser.jar;D:\JetBrains Rider 2026.2.1\lib\intellij.platform.usageView.impl.jar;D:\JetBrains Rider 2026.2.1\lib\intellij.platform.usageView.jar;D:\JetBrains Rider 2026.2.1\lib\intellij.platform.util.coroutines.jar;D:\JetBrains Rider 2026.2.1\lib\intellij.platform.util.diff.jar;D:\JetBrains Rider 2026.2.1\lib\intellij.platform.util.ex.jar;D:\JetBrains Rider 2026.2.1\lib\intellij.platform.util.ui.jar;D:\JetBrains Rider 2026.2.1\lib\intellij.platform.vcs.core.jar;D:\JetBrains Rider 2026.2.1\lib\intellij.platform.vcs.jar;D:\JetBrains Rider 2026.2.1\lib\intellij.platform.vcs.shared.jar;D:\JetBrains Rider 2026.2.1\lib\intellij.platform.webide.impl.jar;D:\JetBrains Rider 2026.2.1\lib\intellij.platform.webide.jar;D:\JetBrains Rider 2026.2.1\lib\intellij.platform.welcomeScreen.impl.jar;D:\JetBrains Rider 2026.2.1\lib\intellij.platform.welcomeScreen.jar;D:\JetBrains Rider 2026.2.1\lib\intellij.rd.ide.model.generated.jar;D:\JetBrains Rider 2026.2.1\lib\intellij.rd.platform.jar;D:\JetBrains Rider 2026.2.1\lib\intellij.rd.ui.jar;D:\JetBrains Rider 2026.2.1\lib\intellij.regexp.jar;D:\JetBrains Rider 2026.2.1\lib\intellij.remoteDev.util.jar;D:\JetBrains Rider 2026.2.1\lib\intellij.resharper.model.generated.jar;D:\JetBrains Rider 2026.2.1\lib\intellij.rider.branding.jar;D:\JetBrains Rider 2026.2.1\lib\intellij.rider.icons.jar;D:\JetBrains Rider 2026.2.1\lib\intellij.rider.ide.jar;D:\JetBrains Rider 2026.2.1\lib\intellij.rider.model.generated.jar;D:\JetBrains Rider 2026.2.1\lib\intellij.rider.rdclient.dotnet.startup.jar;D:\JetBrains Rider 2026.2.1\lib\intellij.rider.rdclient.xml.jar;D:\JetBrains Rider 2026.2.1\lib\intellij.rider.shared.settings.jar;D:\JetBrains Rider 2026.2.1\lib\intellij.rml.dfa.jar;D:\JetBrains Rider 2026.2.1\lib\intellij.xml.analysis.impl.jar;D:\JetBrains Rider 2026.2.1\lib\intellij.xml.analysis.jar;D:\JetBrains Rider 2026.2.1\lib\intellij.xml.dom.impl.jar;D:\JetBrains Rider 2026.2.1\lib\intellij.xml.dom.jar;D:\JetBrains Rider 2026.2.1\lib\intellij.xml.impl.jar;D:\JetBrains Rider 2026.2.1\lib\intellij.xml.parser.jar;D:\JetBrains Rider 2026.2.1\lib\intellij.xml.psi.impl.jar;D:\JetBrains Rider 2026.2.1\lib\intellij.xml.psi.jar;D:\JetBrains Rider 2026.2.1\lib\intellij.xml.syntax.jar;D:\JetBrains Rider 2026.2.1\lib\intellij.xml.ui.common.jar;D:\JetBrains Rider 2026.2.1\lib\javax.activation.jar;D:\JetBrains Rider 2026.2.1\lib\javax.annotation-api.jar;D:\JetBrains Rider 2026.2.1\lib\jaxb-api.jar;D:\JetBrains Rider 2026.2.1\lib\jaxb-runtime.jar;D:\JetBrains Rider 2026.2.1\lib\jetbrains.intellij.deps.java.atk.wrapper.linux.jar;D:\JetBrains Rider 2026.2.1\lib\jps-model.jar;D:\JetBrains Rider 2026.2.1\lib\rd-gen.jar;D:\JetBrains Rider 2026.2.1\lib\swingx.jar;D:\JetBrains Rider 2026.2.1\lib\trove.jar;D:\JetBrains Rider 2026.2.1\lib\util_rt.jar
Launcher Type: generic

[Global flags]
     bool AOTInvokeDynamicLinking                  = false                                  {diagnostic} {ergonomic}
     bool AOTRecordTraining                        = false                                  {diagnostic} {ergonomic}
     bool AOTReplayTraining                        = false                                  {diagnostic} {ergonomic}
     intx CICompilerCount                          = 2                                         {product} {command line}
     uint ConcGCThreads                            = 4                                         {product} {ergonomic}
    ccstr ErrorFile                                = $USER_HOME/java_error_in_idea_%p.log            {product} {command line}
     uint G1ConcRefinementThreads                  = 15                                        {product} {ergonomic}
   size_t G1HeapRegionSize                         = 1048576                                   {product} {ergonomic}
     bool HeapDumpOnOutOfMemoryError               = true                                   {manageable} {command line}
    ccstr HeapDumpPath                             = $USER_HOME/java_error_in_idea.hprof         {manageable} {command line}
     bool IgnoreUnrecognizedVMOptions              = true                                      {product} {command line}
   size_t InitialHeapSize                          = 134217728                                 {product} {command line}
     bool IntelJccErratumMitigation                = false                             {ARCH diagnostic} {ergonomic}
    uintx JbrShrinkingGcMaxHeapFreeRatio           = 40                                     {manageable} {command line}
   size_t MarkStackSize                            = 4194304                                   {product} {ergonomic}
   size_t MarkStackSizeMax                         = 536870912                                 {product} {ergonomic}
   size_t MaxHeapSize                              = 2147483648                                {product} {command line}
   size_t MaxNewSize                               = 1287651328                                {product} {ergonomic}
   size_t MinHeapDeltaBytes                        = 1048576                                   {product} {ergonomic}
   size_t MinHeapSize                              = 134217728                                 {product} {command line}
    uintx NonNMethodCodeHeapSize                   = 5832704                                {pd product} {ergonomic}
    uintx NonProfiledCodeHeapSize                  = 265486336                              {pd product} {ergonomic}
     bool OmitStackTraceInFastThrow                = false                                     {product} {command line}
    uintx ProfiledCodeHeapSize                     = 265551872                              {pd product} {ergonomic}
    uintx ReservedCodeCacheSize                    = 536870912                              {pd product} {command line, ergonomic}
     bool SegmentedCodeCache                       = true                                      {product} {ergonomic}
   size_t SoftMaxHeapSize                          = 2147483648                             {manageable} {ergonomic}
     intx SoftRefLRUPolicyMSPerMB                  = 50                                        {product} {command line}
     intx TieredOldPercentage                      = 100000                                 {diagnostic} {command line}
     bool UnlockDiagnosticVMOptions                = true                                   {diagnostic} {command line}
     bool UseCompactObjectHeaders                  = true                           {product lp64_product} {command line}
     bool UseCompressedOops                        = true                           {product lp64_product} {ergonomic}
     bool UseG1GC                                  = true                                      {product} {command line}
     bool UseLargePagesIndividualAllocation        = false                                  {pd product} {ergonomic}
      int X86ICacheSync                            = 3                                 {ARCH diagnostic} {ergonomic}

Logging:
Log output configuration:
 #0: stdout all=warning uptime,level,tags foldmultilines=false
 #1: stderr all=off uptime,level,tags foldmultilines=false

Release file:
JAVA_VERSION="25.0.3" 
MODULES="java.base java.compiler java.datatransfer java.xml java.prefs java.desktop java.instrument java.logging java.management java.security.sasl java.naming java.rmi java.management.rmi java.net.http java.scripting java.security.jgss java.transaction.xa java.sql java.sql.rowset java.xml.crypto java.se java.smartcardio jdk.accessibility jdk.internal.jvmstat jdk.attach jdk.charsets jdk.internal.opt jdk.zipfs jdk.compiler jdk.crypto.cryptoki jdk.crypto.ec jdk.crypto.mscapi jdk.dynalink jdk.hotspot.agent jdk.httpserver jdk.internal.ed jdk.internal.le jdk.internal.md jdk.internal.vm.ci jdk.javadoc jdk.jcmd jdk.jdwp.agent jdk.jdi jdk.jfr jdk.localedata jdk.management jdk.management.agent jdk.management.jfr jdk.naming.dns jdk.naming.rmi jdk.net jdk.sctp jdk.security.auth jdk.security.jgss jdk.unsupported jdk.unsupported.desktop jdk.xml.dom" 
IMPLEMENTOR="JetBrains s.r.o." 
IMPLEMENTOR_VERSION="JBR-25.0.3+9-508.16-nomod" 
JAVA_RUNTIME_VERSION="25.0.3+9-b508.16" 
LIBC="default" 
OS_ARCH="x86_64" 
OS_NAME="Windows" 
SOURCE=".:git:c624f1bd9587+" 

Environment Variables:
JAVA_HOME=E:\Java\jdk-21_windows-x64_bin\jdk-21.0.1
PATH=C:\Program Files\Microsoft MPI\Bin\;E:\Java\jdk-21_windows-x64_bin\jdk-21.0.1\bin;C:\Program Files\Microsoft\jdk-11.0.16.101-hotspot\bin;C:\WINDOWS\system32;C:\WINDOWS;C:\WINDOWS\System32\Wbem;C:\WINDOWS\System32\WindowsPowerShell\v1.0\;C:\WINDOWS\System32\OpenSSH\;C:\Users\Administrator\AppData\Local\Microsoft\WindowsApps;C:\Recovery\OEM\Backup\;C:\Program Files (x86)\NVIDIA Corporation\PhysX\Common;C:\Windows\system32;C:\Windows;C:\Windows\System32\Wbem;C:\Windows\System32\WindowsPowerShell\v1.0\;C:\Windows\System32\OpenSSH\;C:\Program Files\Microsoft SQL Server\150\Tools\Binn\;C:\Program Files\dotnet\;E:\Git\Git\cmd;C:\Program Files\Microsoft SQL Server\Client SDK\ODBC\170\Tools\Binn\;C:\Program Files (x86)\Microsoft SQL Server\160\Tools\Binn\;C:\Program Files\Microsoft SQL Server\160\Tools\Binn\;C:\Program Files\Microsoft SQL Server\160\DTS\Binn\;C:\Program Files (x86)\Microsoft SQL Server\160\DTS\Binn\;C:\Program Files\NVIDIA Corporation\NVIDIA NvDLISR;C:\WINDOWS\system32;C:\WINDOWS;C:\WINDOWS\System32\Wbem;C:\WINDOWS\System32\WindowsPowerShell\v1.0\;C:\WINDOWS\System32\OpenSSH\;C:\Program Files\nodejs\;D:\vivo办公套件\pcsuite\;D:\vivo\pcsuite\;E:\Python\Scripts\;E:\Python\;C:\Users\Kenwen\AppData\Local\Microsoft\WindowsApps;E:\IDEA\IntelliJ IDEA Community Edition 2023.2.4\bin;;E:\Microsoft VS Code\bin;C:\Users\Kenwen\AppData\Local\Programs\Ollama;C:\Users\Kenwen\AppData\Roaming\npm;C:\Users\Kenwen\.dotnet\tools;C:\Users\Kenwen\AppData\Local\GitHubDesktop\bin;E:\cursor\resources\app\bin;D:\CodeBuddy CN\bin;D:\JetBrains Rider 2026.2.1\bin
USERNAME=Kenwen
OS=Windows_NT
PROCESSOR_IDENTIFIER=Intel64 Family 6 Model 154 Stepping 3, GenuineIntel
TMP=C:\Users\Kenwen\AppData\Local\Temp
TEMP=C:\Users\Kenwen\AppData\Local\Temp




Compilation memory statistics disabled.

Periodic native trim disabled

JNI global refs:
JNI global refs: 204, weak refs: 811

JNI global refs memory usage: 2731, weak refs: 11273

Process memory usage:
Resident Set Size: 1140436K (6% of 16474616K total physical memory with 1366004K free physical memory)

OOME stack traces (most recent first):
Classloader memory used:
Loader com.intellij.util.lang.PathClassLoader                                          : 255 M
Loader com.intellij.ide.plugins.cl.PluginClassLoader                                   : 191 M
Loader bootstrap                                                                       : 65356 K
Loader jdk.internal.loader.ClassLoaders$PlatformClassLoader                            : 3140 K
Loader jdk.internal.loader.ClassLoaders$AppClassLoader                                 : 492 K
Loader com.intellij.util.lang.UrlClassLoader                                           : 473 K
Loader sun.reflect.misc.MethodUtil                                                     : 4072 B

