#
# There is insufficient memory for the Java Runtime Environment to continue.
# Native memory allocation (malloc) failed to allocate 1157336 bytes. Error detail: Chunk::new
# Possible reasons:
#   The system is out of physical RAM or swap space
#   This process is running with CompressedOops enabled, and the Java Heap may be blocking the growth of the native heap
# Possible solutions:
#   Reduce memory load on the system
#   Increase physical memory or swap space
#   Check if swap backing store is full
#   Decrease Java heap size (-Xmx/-Xms)
#   Decrease number of Java threads
#   Decrease Java thread stack sizes (-Xss)
#   Set larger code cache with -XX:ReservedCodeCacheSize=
#   JVM is running with Unscaled Compressed Oops mode in which the Java heap is
#     placed in the first 4GB address space. The Java Heap base address is the
#     maximum limit for the native heap growth. Please use -XX:HeapBaseMinAddress
#     to set the Java Heap base and to place the Java Heap above 4GB virtual address.
# This output file may be truncated or incomplete.
#
#  Out of Memory Error (arena.cpp:186), pid=23492, tid=25116
#
# JRE version: OpenJDK Runtime Environment JBR-25.0.3+9-508.16-nomod (25.0.3+9) (build 25.0.3+9-b508.16)
# Java VM: OpenJDK 64-Bit Server VM JBR-25.0.3+9-508.16-nomod (25.0.3+9-b508.16, mixed mode, tiered, compressed oops, compact obj headers, g1 gc, windows-amd64)
# No core dump will be written. Minidumps are not enabled by default on client versions of Windows
#

---------------  S U M M A R Y ------------

Command Line: abort vfprintf -XX:ErrorFile=C:\Users\Kenwen\java_error_in_rider_%p.log -XX:HeapDumpPath=C:\Users\Kenwen\java_error_in_rider.hprof -Xms128m -Xmx2048m -XX:JbrShrinkingGcMaxHeapFreeRatio=40 -XX:ReservedCodeCacheSize=512m -XX:+HeapDumpOnOutOfMemoryError -XX:-OmitStackTraceInFastThrow -XX:CICompilerCount=2 -XX:+IgnoreUnrecognizedVMOptions -XX:+UnlockDiagnosticVMOptions -XX:TieredOldPercentage=100000 -XX:+UseCompactObjectHeaders --sun-misc-unsafe-memory-access=allow -ea -Dsun.io.useCanonCaches=false -Dsun.java2d.metal=true -Djbr.catch.SIGABRT=true -Djdk.http.auth.tunneling.disabledSchemes="" -Djdk.attach.allowAttachSelf=true -Djdk.module.illegalAccess.silent=true -Djdk.nio.maxCachedBufferSize=2097152 -Djava.util.zip.use.nio.for.zip.file.access=true -Dkotlinx.coroutines.debug=off -Dskiko.rendering.useScreenMenuBar=false -Djava.nio.file.spi.DefaultFileSystemProvider=com.intellij.platform.core.nio.fs.MultiRoutingFileSystemProvider -Denable.non.commercial.ai.license=true -Xms128m -Xmx2048m -XX:ReservedCodeCacheSize=512m -XX:+IgnoreUnrecognizedVMOptions -XX:+UseG1GC -XX:SoftRefLRUPolicyMSPerMB=50 -XX:CICompilerCount=2 -XX:+HeapDumpOnOutOfMemoryError -XX:-OmitStackTraceInFastThrow -ea -Dsun.io.useCanonCaches=false -Djdk.http.auth.tunneling.disabledSchemes="" -Djdk.attach.allowAttachSelf=true -Djdk.module.illegalAccess.silent=true -Dkotlinx.coroutines.debug=off -XX:ErrorFile=$USER_HOME/java_error_in_idea_%p.log -XX:HeapDumpPath=$USER_HOME/java_error_in_idea.hprof --add-opens=java.base/jdk.internal.org.objectweb.asm=ALL-UNNAMED --add-opens=java.base/jdk.internal.org.objectweb.asm.tree=ALL-UNNAMED -javaagent:D:\jetbra\jetbra\ja-netfilter.jar=jetbrains -Djb.vmOptionsFile=D:\jetbra\jetbra\vmoptions\rider.vmoptions -Xbootclasspath/a:D:\JetBrains Rider 2026.2.1\lib\nio-fs.jar -Djava.system.class.loader=com.intellij.util.lang.PathClassLoader -Didea.vendor.name=JetBrains -Didea.paths.selector=Rider2026.2 -Djna.boot.library.path=D:\JetBrains Rider 2026.2.1/lib/jna/amd64 -Djna.nosys=true -Djna.noclasspath=true -Dpty4j.preferred.native.folder=D:\JetBrains Rider 2026.2.1/lib/pty4j -Dio.netty.allocator.type=pooled -Dskiko.library.path=D:\JetBrains Rider 2026.2.1/lib/skiko-awt-runtime-all -Dintellij.platform.runtime.repository.path=D:\JetBrains Rider 2026.2.1/modules/module-descriptors.dat -Didea.platform.prefix=Rider -Didea.class.before.app=com.jetbrains.rider.protocol.EarlyBackendStarter -Didea.show.customize.ide.wizard=true -DFilePageCache.THROW_ERROR_ON_DUPLICATE_STORAGE_REGISTRATION=false -Dsplash=true -Daether.connector.resumeDownloads=false -Dcompose.swing.render.on.graphics=true --enable-native-access=ALL-UNNAMED --add-opens=java.base/java.io=ALL-UNNAMED --add-opens=java.base/java.lang=ALL-UNNAMED --add-opens=java.base/java.lang.ref=ALL-UNNAMED --add-opens=java.base/java.lang.reflect=ALL-UNNAMED --add-opens=java.base/java.net=ALL-UNNAMED --add-opens=java.base/java.nio=ALL-UNNAMED --add-opens=java.base/java.nio.charset=ALL-UNNAMED --add-opens=java.base/java.text=ALL-UNNAMED --add-opens=java.base/java.time=ALL-UNNAMED --add-opens=java.base/java.util=ALL-UNNAMED --add-opens=java.base/java.util.concurrent=ALL-UNNAMED --add-opens=java.base/java.util.concurrent.atomic=ALL-UNNAMED --add-opens=java.base/java.util.concurrent.locks=ALL-UNNAMED --add-opens=java.base/jdk.internal.ref=ALL-UNNAMED --add-opens=java.base/jdk.internal.vm=ALL-UNNAMED --add-opens=java.base/sun.net.dns=ALL-UNNAMED --add-opens=java.base/sun.nio=ALL-UNNAMED --add-opens=java.base/sun.nio.ch=ALL-UNNAMED --add-opens=java.base/sun.nio.fs=ALL-UNNAMED --add-opens=java.base/sun.security.ssl=ALL-UNNAMED --add-opens=java.base/sun.security.util=ALL-UNNAMED --add-opens=java.desktop/com.sun.java.swing=ALL-UNNAMED --add-opens=java.desktop/java.awt=ALL-UNNAMED --add-opens=java.desktop/java.awt.dnd.peer=ALL-UNNAMED --add-opens=java.desktop/java.awt.event=ALL-UNNAMED --add-opens=java.desktop/java.awt.font=ALL-UNNAMED --add-opens=java.desktop/java.awt.image=ALL-UNNAMED --add-opens=java.desktop/java.awt.peer=ALL-UNNAMED --add-opens=java.desktop/javax.swing=ALL-UNNAMED --add-opens=java.desktop/javax.swing.plaf.basic=ALL-UNNAMED --add-opens=java.desktop/javax.swing.text=ALL-UNNAMED --add-opens=java.desktop/javax.swing.text.html=ALL-UNNAMED --add-opens=java.desktop/javax.swing.text.html.parser=ALL-UNNAMED --add-opens=java.desktop/sun.awt=ALL-UNNAMED --add-opens=java.desktop/sun.awt.datatransfer=ALL-UNNAMED --add-opens=java.desktop/sun.awt.image=ALL-UNNAMED --add-opens=java.desktop/sun.awt.windows=ALL-UNNAMED --add-opens=java.desktop/sun.font=ALL-UNNAMED --add-opens=java.desktop/sun.java2d=ALL-UNNAMED --add-opens=java.desktop/sun.swing=ALL-UNNAMED --add-opens=java.desktop/sun.swing.text=ALL-UNNAMED --add-opens=java.management/sun.management=ALL-UNNAMED --add-opens=jdk.attach/sun.tools.attach=ALL-UNNAMED --add-opens=jdk.compiler/com.sun.tools.javac.api=ALL-UNNAMED --add-opens=jdk.internal.jvmstat/sun.jvmstat.monitor=ALL-UNNAMED --add-opens=jdk.jdi/com.sun.tools.jdi=ALL-UNNAMED -Dide.native.launcher=true -Djcef.sandbox.ptr=000001B600F2AEB0 -Djcef.sandbox.cefVersion=122.1.9+gd14e051+chromium-122.0.6261.94 -Dsun.jnu.encoding.sys=windows-936 com.intellij.idea.Main E:\Project\Git\Hodgepodge\Hodgepodge.uproject

Host: 12th Gen Intel(R) Core(TM) i7-12700H, 20 cores, 15G,  Windows 11 , 64 bit Build 26100 (10.0.26100.4484)
Time: Thu Oct  1 00:11:27 2026 elapsed time: 8759.458250 seconds (0d 2h 25m 59s)

---------------  T H R E A D  ---------------

Current thread (0x000001b62dc7ba90):  JavaThread "C2 CompilerThread0" daemon [_thread_in_native, id=25116, stack(0x000000aa36000000,0x000000aa36100000) (1024K)]


Current CompileTask:
C2:8759458 140016       4       com.intellij.openapi.util.text.StringUtilRt::startsWith (77 bytes)

Stack: [0x000000aa36000000,0x000000aa36100000]
Native frames: (J=compiled Java code, j=interpreted, Vv=VM code, C=native code)
V  [jvm.dll+0x7c2949]  (no source info available)
V  [jvm.dll+0x78c01d]  (no source info available)
V  [jvm.dll+0xa105b3]  (no source info available)
V  [jvm.dll+0xa12dac]  (no source info available)
V  [jvm.dll+0xa134a3]  (no source info available)
V  [jvm.dll+0x308106]  (no source info available)
V  [jvm.dll+0x1149e6]  (no source info available)
V  [jvm.dll+0x114d16]  (no source info available)
V  [jvm.dll+0x1a9484]  (no source info available)
V  [jvm.dll+0x3c1b32]  (no source info available)
V  [jvm.dll+0x7c82b8]  (no source info available)
V  [jvm.dll+0x2ca127]  (no source info available)
V  [jvm.dll+0x2c909b]  (no source info available)
V  [jvm.dll+0x2408d0]  (no source info available)
V  [jvm.dll+0x2d9124]  (no source info available)
V  [jvm.dll+0x2d734b]  (no source info available)
V  [jvm.dll+0x49e865]  (no source info available)
V  [jvm.dll+0x9b047d]  (no source info available)
V  [jvm.dll+0x7c0e65]  (no source info available)
C  [ucrtbase.dll+0x37b0]  (no source info available)
C  [KERNEL32.DLL+0x2e8d7]  (no source info available)
C  [ntdll.dll+0x3c34c]  (no source info available)

Lock stack of current Java thread (top to bottom):


---------------  P R O C E S S  ---------------

Threads class SMR info:
_java_thread_list=0x000001b70fa488b0, length=165, elements={
0x000001b603052c60, 0x000001b6032167f0, 0x000001b60323b0c0, 0x000001b60323c540,
0x000001b60323f260, 0x000001b603240b40, 0x000001b62dcaedb0, 0x000001b62dcb04e0,
0x000001b62dc7ba90, 0x000001b62dc7f760, 0x000001b62e80cec0, 0x000001b65b4f1df0,
0x000001b65b4bbbe0, 0x000001b65b4bdb20, 0x000001b65b7582d0, 0x000001b65c6be290,
0x000001b65c6bfa00, 0x000001b65c6c1940, 0x000001b65c6c28e0, 0x000001b65cc2e290,
0x000001b65cc2fa00, 0x000001b65ceadf30, 0x000001b65ceae700, 0x000001b65ceb15e0,
0x000001b65dc200e0, 0x000001b65dc21850, 0x000001b65dc22fc0, 0x000001b65dc23f60,
0x000001b65d079c20, 0x000001b65de87980, 0x000001b65de8df10, 0x000001b65de8bfd0,
0x000001b65e64ecd0, 0x000001b65e65cf60, 0x000001b66daea6d0, 0x000001b65e650440,
0x000001b66daf6250, 0x000001b66de3ab50, 0x000001b66de43020, 0x000001b66de50ae0,
0x000001b66de539c0, 0x000001b701b40510, 0x000001b701b4a150, 0x000001b701b5ca30,
0x000001b71025b950, 0x000001b71025c120, 0x000001b71025a9b0, 0x000001b71903a890,
0x000001b719043530, 0x000001b72f31ba20, 0x000001b74654e8c0, 0x000001b74654d150,
0x000001b746552740, 0x000001b74655a440, 0x000001b746526050, 0x000001b746529700,
0x000001b75ead9530, 0x000001b75ead5e80, 0x000001b75ead75f0, 0x000001b746529ed0,
0x000001b767ba3180, 0x000001b767b668c0, 0x000001b767b6a740, 0x000001b767b6f560,
0x000001b767b6ddf0, 0x000001b767b6ed90, 0x000001b767b6e5c0, 0x000001b76a5ed900,
0x000001b76a5f1f50, 0x000001b76a5f1780, 0x000001b76a6009b0, 0x000001b76a60dca0,
0x000001b76a614230, 0x000001b76a619820, 0x000001b76a617110, 0x000001b76a61de70,
0x000001b7718290a0, 0x000001b6610b1f40, 0x000001b6610b7530, 0x000001b6610ba410,
0x000001b66109a840, 0x000001b6610ca5e0, 0x000001b6610a2540, 0x000001b6610ab1e0,
0x000001b77458bc80, 0x000001b77458fb00, 0x000001b774594920, 0x000001b774596860,
0x000001b7745b25b0, 0x000001b7745b8b40, 0x000001b77f12ef70, 0x000001b77f11bec0,
0x000001b77f122c20, 0x000001b77f12dfd0, 0x000001b77f1335c0, 0x000001b77f139b50,
0x000001b77f137440, 0x000001b77f13a320, 0x000001b7745c2780, 0x000001b6610c5f90,
0x000001b767b9fad0, 0x000001b767ba6830, 0x000001b75eac06c0, 0x000001b77181dcf0,
0x000001b7718259f0, 0x000001b77181cd50, 0x000001b771819e70, 0x000001b771847cd0,
0x000001b771848c70, 0x000001b77184a3e0, 0x000001b77f125330, 0x000001b77f1262d0,
0x000001b77f13e1a0, 0x000001b76a6028f0, 0x000001b76a602120, 0x000001b76a607710,
0x000001b76a607ee0, 0x000001b76a605fa0, 0x000001b76a60d4d0, 0x000001b75eacd1e0,
0x000001b7745aa0e0, 0x000001b76a5f07e0, 0x000001b77f14c430, 0x000001b65b5f7550,
0x000001b65b5f65b0, 0x000001b66de43fc0, 0x000001b66de54960, 0x000001b746530c30,
0x000001b65b4bd350, 0x000001b661092b40, 0x000001b661098900, 0x000001b6610a0600,
0x000001b6610b0fa0, 0x000001b6610bea60, 0x000001b75eae3940, 0x000001b75eae4110,
0x000001b76a6122f0, 0x000001b76a612ac0, 0x000001b76a60fbe0, 0x000001b76a6159a0,
0x000001b76a613a60, 0x000001b76a61b760, 0x000001b76a61ee10, 0x000001b76a5e15b0,
0x000001b76a5ef070, 0x000001b7745ae730, 0x000001b7745b9ae0, 0x000001b7745bd960,
0x000001b77459fcd0, 0x000001b7465229a0, 0x000001b74652ae70, 0x000001b7465536e0,
0x000001b74655ac10, 0x000001b78638ca80, 0x000001b76ab5c820, 0x000001b7861784e0,
0x000001b787b7fb10, 0x000001b787b81a50, 0x000001b786b9bb70, 0x000001b767b67860,
0x000001b767b6b6e0, 0x000001b767b74b50, 0x000001b774588da0, 0x000001b7745929e0,
0x000001b77458f330
}

Java Threads: ( => current thread )
  0x000001b603052c60 JavaThread "main"                              [_thread_blocked, id=22804, stack(0x000000aa35000000,0x000000aa35200000) (2048K)]
  0x000001b6032167f0 JavaThread "Common-Cleaner"             daemon [_thread_blocked, id=19824, stack(0x000000aa35900000,0x000000aa35a00000) (1024K)]
  0x000001b60323b0c0 JavaThread "Reference Handler"          daemon [_thread_blocked, id=8604, stack(0x000000aa35a00000,0x000000aa35b00000) (1024K)]
  0x000001b60323c540 JavaThread "Finalizer"                  daemon [_thread_blocked, id=34268, stack(0x000000aa35b00000,0x000000aa35c00000) (1024K)]
  0x000001b60323f260 JavaThread "Signal Dispatcher"          daemon [_thread_blocked, id=22396, stack(0x000000aa35c00000,0x000000aa35d00000) (1024K)]
  0x000001b603240b40 JavaThread "Attach Listener"            daemon [_thread_blocked, id=38600, stack(0x000000aa35d00000,0x000000aa35e00000) (1024K)]
  0x000001b62dcaedb0 JavaThread "Service Thread"             daemon [_thread_blocked, id=20344, stack(0x000000aa35e00000,0x000000aa35f00000) (1024K)]
  0x000001b62dcb04e0 JavaThread "Monitor Deflation Thread"   daemon [_thread_blocked, id=19192, stack(0x000000aa35f00000,0x000000aa36000000) (1024K)]
=>0x000001b62dc7ba90 JavaThread "C2 CompilerThread0"         daemon [_thread_in_native, id=25116, stack(0x000000aa36000000,0x000000aa36100000) (1024K)]
  0x000001b62dc7f760 JavaThread "C1 CompilerThread0"         daemon [_thread_blocked, id=20188, stack(0x000000aa36100000,0x000000aa36200000) (1024K)]
  0x000001b62e80cec0 JavaThread "Notification Thread"        daemon [_thread_blocked, id=33876, stack(0x000000aa36200000,0x000000aa36300000) (1024K)]
  0x000001b65b4f1df0 JavaThread "DefaultDispatcher-worker-4" daemon [_thread_blocked, id=31316, stack(0x000000aa36e00000,0x000000aa36f00000) (1024K)]
  0x000001b65b4bbbe0 JavaThread "DefaultDispatcher-worker-10" daemon [_thread_blocked, id=26548, stack(0x000000aa37400000,0x000000aa37500000) (1024K)]
  0x000001b65b4bdb20 JavaThread "DefaultDispatcher-worker-17" daemon [_thread_in_native, id=17384, stack(0x000000aa37b00000,0x000000aa37c00000) (1024K)]
  0x000001b65b7582d0 JavaThread "Kernel event loop thread nv36bds0su2ci634mq3i" daemon [_thread_blocked, id=11028, stack(0x000000aa38600000,0x000000aa38700000) (1024K)]
  0x000001b65c6be290 JavaThread "Java2D Disposer"            daemon [_thread_blocked, id=8052, stack(0x000000aa38700000,0x000000aa38800000) (1024K)]
  0x000001b65c6bfa00 JavaThread "AWT-Shutdown"                      [_thread_blocked, id=34388, stack(0x000000aa38800000,0x000000aa38900000) (1024K)]
  0x000001b65c6c1940 JavaThread "AWT-Windows"                daemon [_thread_in_native, id=36264, stack(0x000000aa38900000,0x000000aa38a00000) (1024K)]
  0x000001b65c6c28e0 JavaThread "AWT-EventQueue-0"                  [_thread_blocked, id=26296, stack(0x000000aa38a00000,0x000000aa38b00000) (1024K)]
  0x000001b65cc2e290 JavaThread "External Command Listener"  daemon [_thread_in_native, id=31600, stack(0x000000aa38c00000,0x000000aa38d00000) (1024K)]
  0x000001b65cc2fa00 JavaThread "kotlinx.coroutines.DefaultExecutor" daemon [_thread_blocked, id=3716, stack(0x000000aa38d00000,0x000000aa38e00000) (1024K)]
  0x000001b65ceadf30 JavaThread "EarlyStartServerWire/Sender" daemon [_thread_blocked, id=32444, stack(0x000000aa38e00000,0x000000aa38f00000) (1024K)]
  0x000001b65ceae700 JavaThread "EarlyStartServerWire"       daemon [_thread_in_native, id=38040, stack(0x000000aa39100000,0x000000aa39200000) (1024K)]
  0x000001b65ceb15e0 JavaThread "DefaultDispatcher-worker-26" daemon [_thread_blocked, id=37560, stack(0x000000aa39500000,0x000000aa39600000) (1024K)]
  0x000001b65dc200e0 JavaThread "DefaultDispatcher-worker-27" daemon [_thread_blocked, id=4360, stack(0x000000aa39800000,0x000000aa39900000) (1024K)]
  0x000001b65dc21850 JavaThread "DefaultDispatcher-worker-29" daemon [_thread_blocked, id=35588, stack(0x000000aa39a00000,0x000000aa39b00000) (1024K)]
  0x000001b65dc22fc0 JavaThread "DefaultDispatcher-worker-31" daemon [_thread_blocked, id=27252, stack(0x000000aa39b00000,0x000000aa39c00000) (1024K)]
  0x000001b65dc23f60 JavaThread "SerializersBackgroundRegistrar" daemon [_thread_blocked, id=21632, stack(0x000000aa39f00000,0x000000aa3a000000) (1024K)]
  0x000001b65d079c20 JavaThread "DefaultDispatcher-worker-5" daemon [_thread_blocked, id=32180, stack(0x000000aa3a600000,0x000000aa3a700000) (1024K)]
  0x000001b65de87980 JavaThread "Program"                           [_thread_in_native, id=1472, stack(0x000000aa3b300000,0x000000aa3b400000) (1024K)]
  0x000001b65de8df10 JavaThread "BaseDataReader: output stream of Program"        [_thread_in_native, id=14160, stack(0x000000aa3b400000,0x000000aa3b500000) (1024K)]
  0x000001b65de8bfd0 JavaThread "BaseDataReader: error stream of Program"        [_thread_in_native, id=37200, stack(0x000000aa3b500000,0x000000aa3b600000) (1024K)]
  0x000001b65e64ecd0 JavaThread "PeriodicMetricReader"       daemon [_thread_blocked, id=18188, stack(0x000000aa3b600000,0x000000aa3b700000) (1024K)]
  0x000001b65e65cf60 JavaThread "Coroutines Debugger Cleaner" daemon [_thread_blocked, id=5908, stack(0x000000aa3b700000,0x000000aa3b800000) (1024K)]
  0x000001b66daea6d0 JavaThread "pool-4-thread-1"                   [_thread_blocked, id=14056, stack(0x000000aa3b800000,0x000000aa3b900000) (1024K)]
  0x000001b65e650440 JavaThread "Netty Station Server 1-1"   daemon [_thread_in_native, id=16800, stack(0x000000aa3b900000,0x000000aa3ba00000) (1024K)]
  0x000001b66daf6250 JavaThread "Netty Station Client 1-1"   daemon [_thread_in_native, id=14060, stack(0x000000aa3ba00000,0x000000aa3bb00000) (1024K)]
  0x000001b66de3ab50 JavaThread "Periodic tasks thread"      daemon [_thread_blocked, id=25716, stack(0x000000aa3bb00000,0x000000aa3bc00000) (1024K)]
  0x000001b66de43020 JavaThread "JNA Cleaner"                daemon [_thread_blocked, id=10792, stack(0x000000aa3bd00000,0x000000aa3be00000) (1024K)]
  0x000001b66de50ae0 JavaThread "Netty Builtin Server 1"     daemon [_thread_in_native, id=29936, stack(0x000000aa3bf00000,0x000000aa3c000000) (1024K)]
  0x000001b66de539c0 JavaThread "Reference Cleaner"          daemon [_thread_blocked, id=30180, stack(0x000000aa3c000000,0x000000aa3c100000) (1024K)]
  0x000001b701b40510 JavaThread "process reaper (pid 19292)" daemon [_thread_in_native, id=37980, stack(0x000000aa34910000,0x000000aa34930000) (128K)]
  0x000001b701b4a150 JavaThread "Cleaner-0"                  daemon [_thread_blocked, id=18796, stack(0x000000aa3c400000,0x000000aa3c500000) (1024K)]
  0x000001b701b5ca30 JavaThread "BackgroundScheduler"        daemon [_thread_blocked, id=13544, stack(0x000000aa3c500000,0x000000aa3c600000) (1024K)]
  0x000001b71025b950 JavaThread "fsnotifier.exe"                    [_thread_in_native, id=5316, stack(0x000000aa3c800000,0x000000aa3c900000) (1024K)]
  0x000001b71025c120 JavaThread "BaseDataReader: output stream of fsnotifier.exe"        [_thread_in_native, id=18296, stack(0x000000aa3c900000,0x000000aa3ca00000) (1024K)]
  0x000001b71025a9b0 JavaThread "BaseDataReader: error stream of fsnotifier.exe"        [_thread_in_native, id=19612, stack(0x000000aa3ca00000,0x000000aa3cb00000) (1024K)]
  0x000001b71903a890 JavaThread "TimerQueue"                 daemon [_thread_blocked, id=25060, stack(0x000000aa3d000000,0x000000aa3d100000) (1024K)]
  0x000001b719043530 JavaThread "Netty Station Client 1-2"   daemon [_thread_in_native, id=17664, stack(0x000000aa3d200000,0x000000aa3d300000) (1024K)]
  0x000001b72f31ba20 JavaThread "WriteAheadLogFlusher"       daemon [_thread_blocked, id=32040, stack(0x000000aa3d300000,0x000000aa3d400000) (1024K)]
  0x000001b74654e8c0 JavaThread "worker1"                           [_thread_blocked, id=11228, stack(0x000000aa3d700000,0x000000aa3d800000) (1024K)]
  0x000001b74654d150 JavaThread "worker2"                           [_thread_blocked, id=10892, stack(0x000000aa3d800000,0x000000aa3d900000) (1024K)]
  0x000001b746552740 JavaThread "worker3"                           [_thread_blocked, id=29420, stack(0x000000aa3d900000,0x000000aa3da00000) (1024K)]
  0x000001b74655a440 JavaThread "Timer-0"                           [_thread_blocked, id=31016, stack(0x000000aa3da00000,0x000000aa3db00000) (1024K)]
  0x000001b746526050 JavaThread "DefaultDispatcher-worker-14" daemon [_thread_in_native, id=19104, stack(0x000000aa3df00000,0x000000aa3e000000) (1024K)]
  0x000001b746529700 JavaThread "DefaultDispatcher-worker-20" daemon [_thread_blocked, id=21748, stack(0x000000aa3e100000,0x000000aa3e200000) (1024K)]
  0x000001b75ead9530 JavaThread "JetBrains.DPA.Protocol.Backend_Server/Sender" daemon [_thread_blocked, id=22308, stack(0x000000aa3d600000,0x000000aa3d700000) (1024K)]
  0x000001b75ead5e80 JavaThread "JetBrains.DPA.Protocol.Backend_Server" daemon [_thread_in_native, id=32884, stack(0x000000aa3e600000,0x000000aa3e700000) (1024K)]
  0x000001b75ead75f0 JavaThread "JetBrains.DPA.Protocol.Backend_Render_Server/Sender" daemon [_thread_blocked, id=38860, stack(0x000000aa3e700000,0x000000aa3e800000) (1024K)]
  0x000001b746529ed0 JavaThread "JetBrains.DPA.Protocol.Backend_Render_Server" daemon [_thread_in_native, id=2820, stack(0x000000aa3e800000,0x000000aa3e900000) (1024K)]
  0x000001b767ba3180 JavaThread "pool-44-thread-1"                  [_thread_in_native, id=26056, stack(0x000000aa3e900000,0x000000aa3ea00000) (1024K)]
  0x000001b767b668c0 JavaThread "Cosy-Heartbeat-Hodgepodge"         [_thread_blocked, id=32032, stack(0x000000aa3ea00000,0x000000aa3eb00000) (1024K)]
  0x000001b767b6a740 JavaThread "Cosy-AuthStatus-Refresher"  daemon [_thread_blocked, id=5524, stack(0x000000aa3eb00000,0x000000aa3ec00000) (1024K)]
  0x000001b767b6f560 JavaThread "worker4"                           [_thread_blocked, id=23696, stack(0x000000aa3ec00000,0x000000aa3ed00000) (1024K)]
  0x000001b767b6ddf0 JavaThread "worker5"                           [_thread_blocked, id=7792, stack(0x000000aa3ed00000,0x000000aa3ee00000) (1024K)]
  0x000001b767b6ed90 JavaThread "worker6"                           [_thread_blocked, id=15644, stack(0x000000aa3ee00000,0x000000aa3ef00000) (1024K)]
  0x000001b767b6e5c0 JavaThread "worker7"                           [_thread_blocked, id=11440, stack(0x000000aa3ef00000,0x000000aa3f000000) (1024K)]
  0x000001b76a5ed900 JavaThread "FrontendToClrStackWorker/Sender" daemon [_thread_blocked, id=23532, stack(0x000000aa34d00000,0x000000aa34e00000) (1024K)]
  0x000001b76a5f1f50 JavaThread "FrontendToClrStackWorker"   daemon [_thread_in_native, id=10916, stack(0x000000aa34f00000,0x000000aa35000000) (1024K)]
  0x000001b76a5f1780 JavaThread "pool-46-thread-1"                  [_thread_blocked, id=7576, stack(0x000000aa3f100000,0x000000aa3f200000) (1024K)]
  0x000001b76a6009b0 JavaThread "DefaultDispatcher-worker-3" daemon [_thread_blocked, id=10648, stack(0x000000aa3f900000,0x000000aa3fa00000) (1024K)]
  0x000001b76a60dca0 JavaThread "DefaultDispatcher-worker-25" daemon [_thread_blocked, id=5948, stack(0x000000aa40600000,0x000000aa40700000) (1024K)]
  0x000001b76a614230 JavaThread "DefaultDispatcher-worker-8" daemon [_thread_blocked, id=34060, stack(0x000000aa40b00000,0x000000aa40c00000) (1024K)]
  0x000001b76a619820 JavaThread "DefaultDispatcher-worker-7" daemon [_thread_blocked, id=17676, stack(0x000000aa40c00000,0x000000aa40d00000) (1024K)]
  0x000001b76a617110 JavaThread "DefaultDispatcher-worker-18" daemon [_thread_blocked, id=19444, stack(0x000000aa40d00000,0x000000aa40e00000) (1024K)]
  0x000001b76a61de70 JavaThread "JVMResponsivenessMonitor"   daemon [_thread_blocked, id=14088, stack(0x000000aa40e00000,0x000000aa40f00000) (1024K)]
  0x000001b7718290a0 JavaThread "BaseDataReader: error stream of embeddings-server"        [_thread_in_native, id=32620, stack(0x000000aa42700000,0x000000aa42800000) (1024K)]
  0x000001b6610b1f40 JavaThread "worker8"                    daemon [_thread_blocked, id=28992, stack(0x000000aa42f00000,0x000000aa43000000) (1024K)]
  0x000001b6610b7530 JavaThread "embeddings-server"                 [_thread_in_native, id=19828, stack(0x000000aa43300000,0x000000aa43400000) (1024K)]
  0x000001b6610ba410 JavaThread "BaseDataReader: output stream of embeddings-server"        [_thread_in_native, id=27556, stack(0x000000aa43400000,0x000000aa43500000) (1024K)]
  0x000001b66109a840 JavaThread "Jndi-Dns-address-change-listener" daemon [_thread_in_native, id=26252, stack(0x000000aa44100000,0x000000aa44200000) (1024K)]
  0x000001b6610ca5e0 JavaThread "Windows Shell integration"  daemon [_thread_blocked, id=34092, stack(0x000000aa43700000,0x000000aa43800000) (1024K)]
  0x000001b6610a2540 JavaThread "ActiveTransmissionLoader-worker-0" daemon [_thread_blocked, id=26152, stack(0x000000aa43d00000,0x000000aa43e00000) (1024K)]
  0x000001b6610ab1e0 JavaThread "HeartBeatProvider_heartBeatSenderService-0" daemon [_thread_blocked, id=30468, stack(0x000000aa43f00000,0x000000aa44000000) (1024K)]
  0x000001b77458bc80 JavaThread "index_thread1"                     [_thread_blocked, id=7080, stack(0x000000aa44000000,0x000000aa44100000) (1024K)]
  0x000001b77458fb00 JavaThread "index_thread2"                     [_thread_blocked, id=22592, stack(0x000000aa44200000,0x000000aa44300000) (1024K)]
  0x000001b774594920 JavaThread "grpc-nio-worker-ELG-1-1"    daemon [_thread_in_native, id=9280, stack(0x000000aa42d00000,0x000000aa42e00000) (1024K)]
  0x000001b774596860 JavaThread "grpc-nio-worker-ELG-1-2"    daemon [_thread_in_native, id=5008, stack(0x000000aa44400000,0x000000aa44500000) (1024K)]
  0x000001b7745b25b0 JavaThread "pool-39-thread-1"                  [_thread_blocked, id=30652, stack(0x000000aa3c700000,0x000000aa3c800000) (1024K)]
  0x000001b7745b8b40 JavaThread "pool-40-thread-1"                  [_thread_blocked, id=24736, stack(0x000000aa41100000,0x000000aa41200000) (1024K)]
  0x000001b77f12ef70 JavaThread "worker9"                           [_thread_blocked, id=20092, stack(0x000000aa3dd00000,0x000000aa3de00000) (1024K)]
  0x000001b77f11bec0 JavaThread "BaseDataReader: UnrealEditor.exe"        [_thread_in_native, id=16256, stack(0x000000aa36c00000,0x000000aa36d00000) (1024K)]
  0x000001b77f122c20 JavaThread "LLDBFrontend.exe"                  [_thread_in_native, id=22292, stack(0x000000aa37900000,0x000000aa37a00000) (1024K)]
  0x000001b77f12dfd0 JavaThread "idle-timeout-task"          daemon [_thread_blocked, id=29948, stack(0x000000aa37a00000,0x000000aa37b00000) (1024K)]
  0x000001b77f1335c0 JavaThread "HTTP-Dispatcher"                   [_thread_in_native, id=3456, stack(0x000000aa39c00000,0x000000aa39d00000) (1024K)]
  0x000001b77f139b50 JavaThread "idle-timeout-task"          daemon [_thread_blocked, id=33620, stack(0x000000aa39e00000,0x000000aa39f00000) (1024K)]
  0x000001b77f137440 JavaThread "HttpClient-78-SelectorManager" daemon [_thread_in_native, id=29248, stack(0x000000aa3a000000,0x000000aa3a100000) (1024K)]
  0x000001b77f13a320 JavaThread "HTTP-Dispatcher"                   [_thread_in_native, id=8900, stack(0x000000aa3a100000,0x000000aa3a200000) (1024K)]
  0x000001b7745c2780 JavaThread "InlineEditActionProcessor-Thread"        [_thread_blocked, id=12224, stack(0x000000aa3cc00000,0x000000aa3cd00000) (1024K)]
  0x000001b6610c5f90 JavaThread "DefaultDispatcher-worker-12" daemon [_thread_blocked, id=27628, stack(0x000000aa42800000,0x000000aa42900000) (1024K)]
  0x000001b767b9fad0 JavaThread "DefaultDispatcher-worker-16" daemon [_thread_blocked, id=10220, stack(0x000000aa43100000,0x000000aa43200000) (1024K)]
  0x000001b767ba6830 JavaThread "DefaultDispatcher-worker-28" daemon [_thread_blocked, id=13980, stack(0x000000aa43200000,0x000000aa43300000) (1024K)]
  0x000001b75eac06c0 JavaThread "DefaultDispatcher-worker-23" daemon [_thread_blocked, id=34868, stack(0x000000aa43600000,0x000000aa43700000) (1024K)]
  0x000001b77181dcf0 JavaThread "DefaultDispatcher-worker-1" daemon [_thread_blocked, id=17752, stack(0x000000aa43c00000,0x000000aa43d00000) (1024K)]
  0x000001b7718259f0 JavaThread "DefaultDispatcher-worker-22" daemon [_thread_blocked, id=10740, stack(0x000000aa43e00000,0x000000aa43f00000) (1024K)]
  0x000001b77181cd50 JavaThread "DefaultDispatcher-worker-6" daemon [_thread_blocked, id=26968, stack(0x000000aa3de00000,0x000000aa3df00000) (1024K)]
  0x000001b771819e70 JavaThread "DefaultDispatcher-worker-24" daemon [_thread_blocked, id=520, stack(0x000000aa3e500000,0x000000aa3e600000) (1024K)]
  0x000001b771847cd0 JavaThread "DefaultDispatcher-worker-11" daemon [_thread_in_native, id=21456, stack(0x000000aa3f500000,0x000000aa3f600000) (1024K)]
  0x000001b771848c70 JavaThread "DefaultDispatcher-worker-15" daemon [_thread_blocked, id=36228, stack(0x000000aa3fd00000,0x000000aa3fe00000) (1024K)]
  0x000001b77184a3e0 JavaThread "DefaultDispatcher-worker-2" daemon [_thread_blocked, id=26976, stack(0x000000aa40a00000,0x000000aa40b00000) (1024K)]
  0x000001b77f125330 JavaThread "DefaultDispatcher-worker-9" daemon [_thread_blocked, id=14412, stack(0x000000aa41200000,0x000000aa41300000) (1024K)]
  0x000001b77f1262d0 JavaThread "DefaultDispatcher-worker-21" daemon [_thread_blocked, id=8544, stack(0x000000aa41300000,0x000000aa41400000) (1024K)]
  0x000001b77f13e1a0 JavaThread "DefaultDispatcher-worker-30" daemon [_thread_blocked, id=2464, stack(0x000000aa41400000,0x000000aa41500000) (1024K)]
  0x000001b76a6028f0 JavaThread "IdIndex Writer #1"          daemon [_thread_blocked, id=9540, stack(0x000000aa3fa00000,0x000000aa3fb00000) (1024K)]
  0x000001b76a602120 JavaThread "IdIndex Writer #0"          daemon [_thread_blocked, id=24636, stack(0x000000aa3fe00000,0x000000aa3ff00000) (1024K)]
  0x000001b76a607710 JavaThread "Trigram.Index Writer #3"    daemon [_thread_blocked, id=9308, stack(0x000000aa40000000,0x000000aa40100000) (1024K)]
  0x000001b76a607ee0 JavaThread "Trigram.Index Writer #2"    daemon [_thread_blocked, id=32424, stack(0x000000aa40200000,0x000000aa40300000) (1024K)]
  0x000001b76a605fa0 JavaThread "Stubs Writer #4"            daemon [_thread_blocked, id=21392, stack(0x000000aa40300000,0x000000aa40400000) (1024K)]
  0x000001b76a60d4d0 JavaThread "Aux Index Writer #1"        daemon [_thread_blocked, id=33908, stack(0x000000aa40400000,0x000000aa40500000) (1024K)]
  0x000001b75eacd1e0 JavaThread "grpc-nio-worker-ELG-1-3"    daemon [_thread_in_native, id=9844, stack(0x000000aa3a700000,0x000000aa3a800000) (1024K)]
  0x000001b7745aa0e0 JavaThread "grpc-nio-worker-ELG-1-4"    daemon [_thread_in_native, id=25364, stack(0x000000aa3ad00000,0x000000aa3ae00000) (1024K)]
  0x000001b76a5f07e0 JavaThread "BaseDataReader: UnrealEditor.exe"        [_thread_in_native, id=30332, stack(0x000000aa37500000,0x000000aa37600000) (1024K)]
  0x000001b77f14c430 JavaThread "rd throttler"               daemon [_thread_blocked, id=23632, stack(0x000000aa37e00000,0x000000aa37f00000) (1024K)]
  0x000001b65b5f7550 JavaThread "pool-66-thread-1"                  [_thread_blocked, id=10012, stack(0x000000aa41000000,0x000000aa41100000) (1024K)]
  0x000001b65b5f65b0 JavaThread "pool-65-thread-1"                  [_thread_blocked, id=3080, stack(0x000000aa41500000,0x000000aa41600000) (1024K)]
  0x000001b66de43fc0 JavaThread "Thread-136"                        [_thread_blocked, id=33656, stack(0x000000aa41600000,0x000000aa41700000) (1024K)]
  0x000001b66de54960 JavaThread "pool-64-thread-1"                  [_thread_blocked, id=2072, stack(0x000000aa41700000,0x000000aa41800000) (1024K)]
  0x000001b746530c30 JavaThread "pool-42-thread-1"                  [_thread_blocked, id=1564, stack(0x000000aa41800000,0x000000aa41900000) (1024K)]
  0x000001b65b4bd350 JavaThread "ApplicationImpl pooled thread 40"        [_thread_in_native, id=14176, stack(0x000000aa37100000,0x000000aa37200000) (1024K)]
  0x000001b661092b40 JavaThread "BaseDataReader: output stream of LLDBFrontend.exe"        [_thread_in_native, id=19272, stack(0x000000aa3f400000,0x000000aa3f500000) (1024K)]
  0x000001b661098900 JavaThread "BaseDataReader: error stream of LLDBFrontend.exe"        [_thread_in_native, id=25156, stack(0x000000aa3f800000,0x000000aa3f900000) (1024K)]
  0x000001b6610a0600 JavaThread "idle-timeout-task"          daemon [_thread_blocked, id=29444, stack(0x000000aa41900000,0x000000aa41a00000) (1024K)]
  0x000001b6610b0fa0 JavaThread "HTTP-Dispatcher"                   [_thread_in_native, id=17308, stack(0x000000aa41a00000,0x000000aa41b00000) (1024K)]
  0x000001b6610bea60 JavaThread "idle-timeout-task"          daemon [_thread_blocked, id=8340, stack(0x000000aa41b00000,0x000000aa41c00000) (1024K)]
  0x000001b75eae3940 JavaThread "HttpClient-143-SelectorManager" daemon [_thread_in_native, id=25728, stack(0x000000aa41c00000,0x000000aa41d00000) (1024K)]
  0x000001b75eae4110 JavaThread "HTTP-Dispatcher"                   [_thread_in_native, id=14660, stack(0x000000aa41d00000,0x000000aa41e00000) (1024K)]
  0x000001b76a6122f0 JavaThread "DefaultDispatcher-worker-32" daemon [_thread_blocked, id=20728, stack(0x000000aa37200000,0x000000aa37300000) (1024K)]
  0x000001b76a612ac0 JavaThread "DefaultDispatcher-worker-35" daemon [_thread_blocked, id=11992, stack(0x000000aa37300000,0x000000aa37400000) (1024K)]
  0x000001b76a60fbe0 JavaThread "DefaultDispatcher-worker-34" daemon [_thread_blocked, id=37972, stack(0x000000aa37600000,0x000000aa37700000) (1024K)]
  0x000001b76a6159a0 JavaThread "DefaultDispatcher-worker-33" daemon [_thread_in_native, id=17316, stack(0x000000aa37700000,0x000000aa37800000) (1024K)]
  0x000001b76a613a60 JavaThread "DefaultDispatcher-worker-36" daemon [_thread_blocked, id=19596, stack(0x000000aa37800000,0x000000aa37900000) (1024K)]
  0x000001b76a61b760 JavaThread "DefaultDispatcher-worker-38" daemon [_thread_blocked, id=8916, stack(0x000000aa37d00000,0x000000aa37e00000) (1024K)]
  0x000001b76a61ee10 JavaThread "DefaultDispatcher-worker-39" daemon [_thread_blocked, id=35220, stack(0x000000aa39200000,0x000000aa39300000) (1024K)]
  0x000001b76a5e15b0 JavaThread "DefaultDispatcher-worker-40" daemon [_thread_blocked, id=13868, stack(0x000000aa39300000,0x000000aa39400000) (1024K)]
  0x000001b76a5ef070 JavaThread "DefaultDispatcher-worker-41" daemon [_thread_blocked, id=36544, stack(0x000000aa39400000,0x000000aa39500000) (1024K)]
  0x000001b7745ae730 JavaThread "DefaultDispatcher-worker-42" daemon [_thread_blocked, id=32908, stack(0x000000aa39600000,0x000000aa39700000) (1024K)]
  0x000001b7745b9ae0 JavaThread "DefaultDispatcher-worker-13" daemon [_thread_blocked, id=8828, stack(0x000000aa39700000,0x000000aa39800000) (1024K)]
  0x000001b7745bd960 JavaThread "DefaultDispatcher-worker-37" daemon [_thread_blocked, id=3788, stack(0x000000aa39900000,0x000000aa39a00000) (1024K)]
  0x000001b77459fcd0 JavaThread "DefaultDispatcher-worker-19" daemon [_thread_blocked, id=30224, stack(0x000000aa3a900000,0x000000aa3aa00000) (1024K)]
  0x000001b7465229a0 JavaThread "DefaultDispatcher-worker-43" daemon [_thread_blocked, id=2764, stack(0x000000aa3a300000,0x000000aa3a400000) (1024K)]
  0x000001b74652ae70 JavaThread "DefaultDispatcher-worker-44" daemon [_thread_blocked, id=13012, stack(0x000000aa3a400000,0x000000aa3a500000) (1024K)]
  0x000001b7465536e0 JavaThread "DefaultDispatcher-worker-45" daemon [_thread_blocked, id=16284, stack(0x000000aa37c00000,0x000000aa37d00000) (1024K)]
  0x000001b74655ac10 JavaThread "DefaultDispatcher-worker-46" daemon [_thread_blocked, id=25072, stack(0x000000aa39d00000,0x000000aa39e00000) (1024K)]
  0x000001b78638ca80 JavaThread "pool-78-thread-1"                  [_thread_blocked, id=31296, stack(0x000000aa3e000000,0x000000aa3e100000) (1024K)]
  0x000001b76ab5c820 JavaThread "DefaultDispatcher-worker-47" daemon [_thread_in_native, id=28532, stack(0x000000aa3e200000,0x000000aa3e300000) (1024K)]
  0x000001b7861784e0 JavaThread "pool-77-thread-1"                  [_thread_blocked, id=2192, stack(0x000000aa3e400000,0x000000aa3e500000) (1024K)]
  0x000001b787b7fb10 JavaThread "ApplicationImpl pooled thread 63"        [_thread_blocked, id=27924, stack(0x000000aa3a800000,0x000000aa3a900000) (1024K)]
  0x000001b787b81a50 JavaThread "ApplicationImpl pooled thread 64"        [_thread_blocked, id=22776, stack(0x000000aa3aa00000,0x000000aa3ab00000) (1024K)]
  0x000001b786b9bb70 JavaThread "JobScheduler FJ pool 0/19"  daemon [_thread_blocked, id=25416, stack(0x000000aa36b00000,0x000000aa36c00000) (1024K)]
  0x000001b767b67860 JavaThread "JobScheduler FJ pool 1/19"  daemon [_thread_blocked, id=38904, stack(0x000000aa36d00000,0x000000aa36e00000) (1024K)]
  0x000001b767b6b6e0 JavaThread "JobScheduler FJ pool 2/19"  daemon [_thread_blocked, id=21588, stack(0x000000aa36f00000,0x000000aa37000000) (1024K)]
  0x000001b767b74b50 JavaThread "JobScheduler FJ pool 3/19"  daemon [_thread_blocked, id=23836, stack(0x000000aa37000000,0x000000aa37100000) (1024K)]
  0x000001b774588da0 JavaThread "I/O pool 196"                      [_thread_blocked, id=25080, stack(0x000000aa3a200000,0x000000aa3a300000) (1024K)]
  0x000001b7745929e0 JavaThread "I/O pool 197"                      [_thread_blocked, id=7088, stack(0x000000aa3a500000,0x000000aa3a600000) (1024K)]
  0x000001b77458f330 JavaThread "I/O pool 198"                      [_thread_blocked, id=26840, stack(0x000000aa3ab00000,0x000000aa3ac00000) (1024K)]
Total: 165

Other Threads:
  0x000001b603231eb0 VMThread "VM Thread"                           [id=8800, stack(0x000000aa35800000,0x000000aa35900000) (1024K)]
  0x000001b60373af60 WatcherThread "VM Periodic Task Thread"        [id=4248, stack(0x000000aa35700000,0x000000aa35800000) (1024K)]
  0x000001b6030ab880 WorkerThread "GC Thread#0"                     [id=8500, stack(0x000000aa35200000,0x000000aa35300000) (1024K)]
  0x000001b62dd8a2d0 WorkerThread "GC Thread#1"                     [id=29652, stack(0x000000aa36300000,0x000000aa36400000) (1024K)]
  0x000001b62dd89190 WorkerThread "GC Thread#2"                     [id=23820, stack(0x000000aa36400000,0x000000aa36500000) (1024K)]
  0x000001b62dd8a720 WorkerThread "GC Thread#3"                     [id=9588, stack(0x000000aa36500000,0x000000aa36600000) (1024K)]
  0x000001b62dd895e0 WorkerThread "GC Thread#4"                     [id=24584, stack(0x000000aa36600000,0x000000aa36700000) (1024K)]
  0x000001b62dd8ab70 WorkerThread "GC Thread#5"                     [id=33524, stack(0x000000aa36700000,0x000000aa36800000) (1024K)]
  0x000001b65b4037f0 WorkerThread "GC Thread#6"                     [id=2348, stack(0x000000aa36800000,0x000000aa36900000) (1024K)]
  0x000001b65b403c40 WorkerThread "GC Thread#7"                     [id=33820, stack(0x000000aa36900000,0x000000aa36a00000) (1024K)]
  0x000001b65b4019c0 WorkerThread "GC Thread#8"                     [id=32400, stack(0x000000aa36a00000,0x000000aa36b00000) (1024K)]
  0x000001b65b404930 WorkerThread "GC Thread#9"                     [id=18720, stack(0x000000aa37f00000,0x000000aa38000000) (1024K)]
  0x000001b65b401120 WorkerThread "GC Thread#10"                    [id=23192, stack(0x000000aa38000000,0x000000aa38100000) (1024K)]
  0x000001b65b4078a0 WorkerThread "GC Thread#11"                    [id=38852, stack(0x000000aa38100000,0x000000aa38200000) (1024K)]
  0x000001b65b405ec0 WorkerThread "GC Thread#12"                    [id=37528, stack(0x000000aa38200000,0x000000aa38300000) (1024K)]
  0x000001b65cc90df0 WorkerThread "GC Thread#13"                    [id=3744, stack(0x000000aa38f00000,0x000000aa39000000) (1024K)]
  0x000001b65cc927d0 WorkerThread "GC Thread#14"                    [id=25204, stack(0x000000aa39000000,0x000000aa39100000) (1024K)]
  0x000001b6030c5fe0 ConcurrentGCThread "G1 Main Marker"            [id=29460, stack(0x000000aa35300000,0x000000aa35400000) (1024K)]
  0x000001b6030c6b80 WorkerThread "G1 Conc#0"                       [id=29136, stack(0x000000aa35400000,0x000000aa35500000) (1024K)]
  0x000001b65b407450 WorkerThread "G1 Conc#1"                       [id=38284, stack(0x000000aa38300000,0x000000aa38400000) (1024K)]
  0x000001b65b4051d0 WorkerThread "G1 Conc#2"                       [id=25456, stack(0x000000aa38400000,0x000000aa38500000) (1024K)]
  0x000001b65b405620 WorkerThread "G1 Conc#3"                       [id=4188, stack(0x000000aa38500000,0x000000aa38600000) (1024K)]
  0x000001b603144810 ConcurrentGCThread "G1 Refine#0"               [id=38408, stack(0x000000aa35500000,0x000000aa35600000) (1024K)]
  0x000001b77bf29c00 ConcurrentGCThread "G1 Refine#1"               [id=19932, stack(0x000000aa34e00000,0x000000aa34f00000) (1024K)]
  0x000001b77bf26710 ConcurrentGCThread "G1 Refine#2"               [id=8280, stack(0x000000aa40f00000,0x000000aa41000000) (1024K)]
  0x000001b77bf27580 ConcurrentGCThread "G1 Refine#3"               [id=2436, stack(0x000000aa43800000,0x000000aa43900000) (1024K)]
  0x000001b77bf26240 ConcurrentGCThread "G1 Refine#4"               [id=1588, stack(0x000000aa44500000,0x000000aa44600000) (1024K)]
  0x000001b603145420 ConcurrentGCThread "G1 Service"                [id=548, stack(0x000000aa35600000,0x000000aa35700000) (1024K)]
Total: 28

Threads with active compile tasks:
C2 CompilerThread0  8759611 140016       4       com.intellij.openapi.util.text.StringUtilRt::startsWith (77 bytes)
Total: 1

VM state: not at safepoint (normal execution)

VM Mutex/Monitor currently owned by a thread: None

Heap address: 0x0000000080000000, size: 2048 MB, Compressed Oops mode: 32-bit

CDS archive(s) not mapped
Compressed class space mapped at: 0x0000000039000000-0x0000000079000000, reserved size: 1073741824
UseCompressedClassPointers 1, UseCompactObjectHeaders 1
Narrow klass pointer bits 22, Max shift 10
Narrow klass base: 0x0000000039000000, Narrow klass shift: 9
Encoding Range: [0x0000000039000000 - 0x00000000b9000000), (2147483648 bytes)
Klass Range:    [0x0000000039000000 - 0x0000000079000000), (1073741824 bytes)
Klass ID Range:  [1 - 2097152) (2097151)
Protection zone: [0x0000000039000000 - 0x0000000039010000), (65536 bytes)

GC Precious Log:
 CardTable entry size: 512
 Card Set container configuration: InlinePtr #cards 5 size 8 Array Of Cards #cards 10 size 36 Howl #buckets 4 coarsen threshold 1843 Howl Bitmap #cards 512 size 80 coarsen threshold 460 Card regions per heap region 1 cards per card region 2048
 CPUs: 20 total, 20 available
 Memory: 16088M
 Large Page Support: Disabled
 NUMA Support: Disabled
 Compressed Oops: Enabled (32-bit)
 Heap Region Size: 1M
 Heap Min Capacity: 128M
 Heap Initial Capacity: 128M
 Heap Max Capacity: 2G
 Pre-touch: Disabled
 Parallel Workers: 15
 Concurrent Workers: 4
 Concurrent Refinement Workers: 15
 Periodic GC: Disabled

Heap:
 garbage-first heap   total reserved 2097152K, committed 1110016K, used 884557K [0x0000000080000000, 0x0000000100000000)
  region size 1024K, 225 young (230400K), 16 survivors (16384K)

Heap Regions: E=young(eden), S=young(survivor), O=old, HS=humongous(starts), HC=humongous(continues), CS=collection set, F=free, TAMS=top-at-mark-start, PB=parsable bottom
|   0|0x0000000080000000, 0x0000000080100000, 0x0000000080100000|100%| O|  |TAMS 0x0000000080000000| PB 0x0000000080000000| Untracked |  0
|   1|0x0000000080100000, 0x0000000080200000, 0x0000000080200000|100%| O|  |TAMS 0x0000000080100000| PB 0x0000000080100000| Untracked |  0
|   2|0x0000000080200000, 0x00000000802fffa0, 0x0000000080300000| 99%| O|  |TAMS 0x0000000080200000| PB 0x0000000080200000| Untracked |  0
|   3|0x0000000080300000, 0x0000000080400000, 0x0000000080400000|100%| O|  |TAMS 0x0000000080300000| PB 0x0000000080300000| Untracked |  0
|   4|0x0000000080400000, 0x00000000804fd4f0, 0x0000000080500000| 98%| O|  |TAMS 0x0000000080400000| PB 0x0000000080400000| Untracked |  0
|   5|0x0000000080500000, 0x0000000080600000, 0x0000000080600000|100%| O|  |TAMS 0x0000000080500000| PB 0x0000000080500000| Untracked |  0
|   6|0x0000000080600000, 0x00000000806ffff0, 0x0000000080700000| 99%| O|  |TAMS 0x0000000080600000| PB 0x0000000080600000| Untracked |  0
|   7|0x0000000080700000, 0x0000000080800000, 0x0000000080800000|100%| O|  |TAMS 0x0000000080700000| PB 0x0000000080700000| Untracked |  0
|   8|0x0000000080800000, 0x0000000080900000, 0x0000000080900000|100%| O|  |TAMS 0x0000000080800000| PB 0x0000000080800000| Untracked |  0
|   9|0x0000000080900000, 0x00000000809fece0, 0x0000000080a00000| 99%| O|  |TAMS 0x0000000080900000| PB 0x0000000080900000| Untracked |  0
|  10|0x0000000080a00000, 0x0000000080aff210, 0x0000000080b00000| 99%| O|  |TAMS 0x0000000080a00000| PB 0x0000000080a00000| Untracked |  0
|  11|0x0000000080b00000, 0x0000000080bffff0, 0x0000000080c00000| 99%| O|  |TAMS 0x0000000080b00000| PB 0x0000000080b00000| Untracked |  0
|  12|0x0000000080c00000, 0x0000000080d00000, 0x0000000080d00000|100%| O|  |TAMS 0x0000000080c00000| PB 0x0000000080c00000| Untracked |  0
|  13|0x0000000080d00000, 0x0000000080e00000, 0x0000000080e00000|100%| O|  |TAMS 0x0000000080d00000| PB 0x0000000080d00000| Untracked |  0
|  14|0x0000000080e00000, 0x0000000080efffd0, 0x0000000080f00000| 99%| O|  |TAMS 0x0000000080e00000| PB 0x0000000080e00000| Untracked |  0
|  15|0x0000000080f00000, 0x0000000080ffffe8, 0x0000000081000000| 99%| O|  |TAMS 0x0000000080f00000| PB 0x0000000080f00000| Untracked |  0
|  16|0x0000000081000000, 0x00000000810ff600, 0x0000000081100000| 99%| O|  |TAMS 0x0000000081000000| PB 0x0000000081000000| Untracked |  0
|  17|0x0000000081100000, 0x00000000811ffff0, 0x0000000081200000| 99%| O|  |TAMS 0x0000000081100000| PB 0x0000000081100000| Untracked |  0
|  18|0x0000000081200000, 0x0000000081300000, 0x0000000081300000|100%| O|  |TAMS 0x0000000081200000| PB 0x0000000081200000| Untracked |  0
|  19|0x0000000081300000, 0x00000000813ffff0, 0x0000000081400000| 99%| O|  |TAMS 0x0000000081300000| PB 0x0000000081300000| Untracked |  0
|  20|0x0000000081400000, 0x0000000081500000, 0x0000000081500000|100%|HS|  |TAMS 0x0000000081400000| PB 0x0000000081400000| Untracked |  0
|  21|0x0000000081500000, 0x00000000815ffff8, 0x0000000081600000| 99%| O|  |TAMS 0x0000000081500000| PB 0x0000000081500000| Untracked |  0
|  22|0x0000000081600000, 0x00000000816ffff0, 0x0000000081700000| 99%| O|  |TAMS 0x0000000081600000| PB 0x0000000081600000| Untracked |  0
|  23|0x0000000081700000, 0x00000000817ffd80, 0x0000000081800000| 99%| O|  |TAMS 0x0000000081700000| PB 0x0000000081700000| Untracked |  0
|  24|0x0000000081800000, 0x00000000818fffd8, 0x0000000081900000| 99%| O|  |TAMS 0x0000000081800000| PB 0x0000000081800000| Untracked |  0
|  25|0x0000000081900000, 0x00000000819ffff0, 0x0000000081a00000| 99%| O|  |TAMS 0x0000000081900000| PB 0x0000000081900000| Untracked |  0
|  26|0x0000000081a00000, 0x0000000081afffe0, 0x0000000081b00000| 99%| O|  |TAMS 0x0000000081a00000| PB 0x0000000081a00000| Untracked |  0
|  27|0x0000000081b00000, 0x0000000081c00000, 0x0000000081c00000|100%| O|  |TAMS 0x0000000081b00000| PB 0x0000000081b00000| Untracked |  0
|  28|0x0000000081c00000, 0x0000000081d00000, 0x0000000081d00000|100%| O|  |TAMS 0x0000000081c00000| PB 0x0000000081c00000| Untracked |  0
|  29|0x0000000081d00000, 0x0000000081dfffe8, 0x0000000081e00000| 99%| O|  |TAMS 0x0000000081d00000| PB 0x0000000081d00000| Untracked |  0
|  30|0x0000000081e00000, 0x0000000081effff8, 0x0000000081f00000| 99%| O|  |TAMS 0x0000000081e00000| PB 0x0000000081e00000| Untracked |  0
|  31|0x0000000081f00000, 0x0000000081ffffe8, 0x0000000082000000| 99%| O|  |TAMS 0x0000000081f00000| PB 0x0000000081f00000| Untracked |  0
|  32|0x0000000082000000, 0x00000000820ffff8, 0x0000000082100000| 99%| O|  |TAMS 0x0000000082000000| PB 0x0000000082000000| Untracked |  0
|  33|0x0000000082100000, 0x0000000082200000, 0x0000000082200000|100%| O|  |TAMS 0x0000000082100000| PB 0x0000000082100000| Untracked |  0
|  34|0x0000000082200000, 0x00000000822ffff0, 0x0000000082300000| 99%| O|  |TAMS 0x0000000082200000| PB 0x0000000082200000| Untracked |  0
|  35|0x0000000082300000, 0x00000000823fffb0, 0x0000000082400000| 99%| O|  |TAMS 0x0000000082300000| PB 0x0000000082300000| Untracked |  0
|  36|0x0000000082400000, 0x00000000824fffe0, 0x0000000082500000| 99%| O|  |TAMS 0x0000000082400000| PB 0x0000000082400000| Untracked |  0
|  37|0x0000000082500000, 0x0000000082600000, 0x0000000082600000|100%| O|  |TAMS 0x0000000082500000| PB 0x0000000082500000| Untracked |  0
|  38|0x0000000082600000, 0x0000000082700000, 0x0000000082700000|100%|HS|  |TAMS 0x0000000082600000| PB 0x0000000082600000| Complete |  0
|  39|0x0000000082700000, 0x00000000827fffb8, 0x0000000082800000| 99%| O|  |TAMS 0x0000000082700000| PB 0x0000000082700000| Untracked |  0
|  40|0x0000000082800000, 0x00000000828ff3d8, 0x0000000082900000| 99%| O|  |TAMS 0x0000000082800000| PB 0x0000000082800000| Untracked |  0
|  41|0x0000000082900000, 0x0000000082a00000, 0x0000000082a00000|100%| O|  |TAMS 0x0000000082900000| PB 0x0000000082900000| Untracked |  0
|  42|0x0000000082a00000, 0x0000000082afffd0, 0x0000000082b00000| 99%| O|  |TAMS 0x0000000082a00000| PB 0x0000000082a00000| Untracked |  0
|  43|0x0000000082b00000, 0x0000000082c00000, 0x0000000082c00000|100%| O|  |TAMS 0x0000000082b00000| PB 0x0000000082b00000| Untracked |  0
|  44|0x0000000082c00000, 0x0000000082cffff0, 0x0000000082d00000| 99%| O|  |TAMS 0x0000000082c00000| PB 0x0000000082c00000| Untracked |  0
|  45|0x0000000082d00000, 0x0000000082dfffe8, 0x0000000082e00000| 99%| O|  |TAMS 0x0000000082d00000| PB 0x0000000082d00000| Untracked |  0
|  46|0x0000000082e00000, 0x0000000082effff0, 0x0000000082f00000| 99%| O|  |TAMS 0x0000000082e00000| PB 0x0000000082e00000| Untracked |  0
|  47|0x0000000082f00000, 0x0000000082ffd4c8, 0x0000000083000000| 98%| O|  |TAMS 0x0000000082f00000| PB 0x0000000082f00000| Untracked |  0
|  48|0x0000000083000000, 0x00000000830ffff0, 0x0000000083100000| 99%| O|  |TAMS 0x0000000083000000| PB 0x0000000083000000| Untracked |  0
|  49|0x0000000083100000, 0x00000000831ffff8, 0x0000000083200000| 99%| O|  |TAMS 0x0000000083100000| PB 0x0000000083100000| Untracked |  0
|  50|0x0000000083200000, 0x00000000832ffff8, 0x0000000083300000| 99%| O|  |TAMS 0x0000000083200000| PB 0x0000000083200000| Untracked |  0
|  51|0x0000000083300000, 0x00000000833fea58, 0x0000000083400000| 99%| O|  |TAMS 0x0000000083300000| PB 0x0000000083300000| Untracked |  0
|  52|0x0000000083400000, 0x0000000083500000, 0x0000000083500000|100%| O|  |TAMS 0x0000000083400000| PB 0x0000000083400000| Untracked |  0
|  53|0x0000000083500000, 0x00000000835ffff0, 0x0000000083600000| 99%| O|  |TAMS 0x0000000083500000| PB 0x0000000083500000| Untracked |  0
|  54|0x0000000083600000, 0x00000000836ffff8, 0x0000000083700000| 99%| O|  |TAMS 0x0000000083600000| PB 0x0000000083600000| Untracked |  0
|  55|0x0000000083700000, 0x00000000837fffb8, 0x0000000083800000| 99%| O|  |TAMS 0x0000000083700000| PB 0x0000000083700000| Untracked |  0
|  56|0x0000000083800000, 0x0000000083900000, 0x0000000083900000|100%| O|  |TAMS 0x0000000083800000| PB 0x0000000083800000| Untracked |  0
|  57|0x0000000083900000, 0x00000000839fffe0, 0x0000000083a00000| 99%| O|  |TAMS 0x0000000083900000| PB 0x0000000083900000| Untracked |  0
|  58|0x0000000083a00000, 0x0000000083b00000, 0x0000000083b00000|100%| O|  |TAMS 0x0000000083a00000| PB 0x0000000083a00000| Untracked |  0
|  59|0x0000000083b00000, 0x0000000083bffff8, 0x0000000083c00000| 99%| O|  |TAMS 0x0000000083b00000| PB 0x0000000083b00000| Untracked |  0
|  60|0x0000000083c00000, 0x0000000083d00000, 0x0000000083d00000|100%| O|  |TAMS 0x0000000083c00000| PB 0x0000000083c00000| Untracked |  0
|  61|0x0000000083d00000, 0x0000000083dfffe8, 0x0000000083e00000| 99%| O|  |TAMS 0x0000000083d00000| PB 0x0000000083d00000| Untracked |  0
|  62|0x0000000083e00000, 0x0000000083f00000, 0x0000000083f00000|100%| O|  |TAMS 0x0000000083e00000| PB 0x0000000083e00000| Untracked |  0
|  63|0x0000000083f00000, 0x0000000083fffff0, 0x0000000084000000| 99%| O|  |TAMS 0x0000000083f00000| PB 0x0000000083f00000| Untracked |  0
|  64|0x0000000084000000, 0x00000000840ffff0, 0x0000000084100000| 99%| O|  |TAMS 0x0000000084000000| PB 0x0000000084000000| Untracked |  0
|  65|0x0000000084100000, 0x00000000841fffc8, 0x0000000084200000| 99%| O|  |TAMS 0x0000000084100000| PB 0x0000000084100000| Untracked |  0
|  66|0x0000000084200000, 0x00000000842ffe90, 0x0000000084300000| 99%| O|  |TAMS 0x0000000084200000| PB 0x0000000084200000| Untracked |  0
|  67|0x0000000084300000, 0x00000000843ffff8, 0x0000000084400000| 99%| O|  |TAMS 0x0000000084300000| PB 0x0000000084300000| Untracked |  0
|  68|0x0000000084400000, 0x00000000844fffe8, 0x0000000084500000| 99%| O|  |TAMS 0x0000000084400000| PB 0x0000000084400000| Untracked |  0
|  69|0x0000000084500000, 0x00000000845ffff8, 0x0000000084600000| 99%| O|  |TAMS 0x0000000084500000| PB 0x0000000084500000| Untracked |  0
|  70|0x0000000084600000, 0x00000000846ffff8, 0x0000000084700000| 99%| O|  |TAMS 0x0000000084600000| PB 0x0000000084600000| Untracked |  0
|  71|0x0000000084700000, 0x00000000847ffff0, 0x0000000084800000| 99%| O|  |TAMS 0x0000000084700000| PB 0x0000000084700000| Untracked |  0
|  72|0x0000000084800000, 0x00000000848ffff8, 0x0000000084900000| 99%| O|  |TAMS 0x0000000084800000| PB 0x0000000084800000| Untracked |  0
|  73|0x0000000084900000, 0x00000000849ffff8, 0x0000000084a00000| 99%| O|  |TAMS 0x0000000084900000| PB 0x0000000084900000| Untracked |  0
|  74|0x0000000084a00000, 0x0000000084afffd0, 0x0000000084b00000| 99%| O|  |TAMS 0x0000000084a00000| PB 0x0000000084a00000| Untracked |  0
|  75|0x0000000084b00000, 0x0000000084bffff0, 0x0000000084c00000| 99%| O|  |TAMS 0x0000000084b00000| PB 0x0000000084b00000| Untracked |  0
|  76|0x0000000084c00000, 0x0000000084d00000, 0x0000000084d00000|100%|HS|  |TAMS 0x0000000084c00000| PB 0x0000000084c00000| Complete |  0
|  77|0x0000000084d00000, 0x0000000084e00000, 0x0000000084e00000|100%|HC|  |TAMS 0x0000000084d00000| PB 0x0000000084d00000| Complete |  0
|  78|0x0000000084e00000, 0x0000000084f00000, 0x0000000084f00000|100%|HC|  |TAMS 0x0000000084e00000| PB 0x0000000084e00000| Complete |  0
|  79|0x0000000084f00000, 0x0000000085000000, 0x0000000085000000|100%|HC|  |TAMS 0x0000000084f00000| PB 0x0000000084f00000| Complete |  0
|  80|0x0000000085000000, 0x0000000085100000, 0x0000000085100000|100%|HC|  |TAMS 0x0000000085000000| PB 0x0000000085000000| Complete |  0
|  81|0x0000000085100000, 0x00000000851ff7c8, 0x0000000085200000| 99%| O|  |TAMS 0x0000000085100000| PB 0x0000000085100000| Untracked |  0
|  82|0x0000000085200000, 0x0000000085300000, 0x0000000085300000|100%| O|  |TAMS 0x0000000085200000| PB 0x0000000085200000| Untracked |  0
|  83|0x0000000085300000, 0x00000000853fffe0, 0x0000000085400000| 99%| O|  |TAMS 0x0000000085300000| PB 0x0000000085300000| Untracked |  0
|  84|0x0000000085400000, 0x0000000085500000, 0x0000000085500000|100%| O|  |TAMS 0x0000000085400000| PB 0x0000000085400000| Untracked |  0
|  85|0x0000000085500000, 0x00000000855fffe8, 0x0000000085600000| 99%| O|  |TAMS 0x0000000085500000| PB 0x0000000085500000| Untracked |  0
|  86|0x0000000085600000, 0x0000000085700000, 0x0000000085700000|100%| O|  |TAMS 0x0000000085600000| PB 0x0000000085600000| Untracked |  0
|  87|0x0000000085700000, 0x0000000085800000, 0x0000000085800000|100%| O|  |TAMS 0x0000000085700000| PB 0x0000000085700000| Untracked |  0
|  88|0x0000000085800000, 0x00000000858fffb0, 0x0000000085900000| 99%| O|  |TAMS 0x0000000085800000| PB 0x0000000085800000| Untracked |  0
|  89|0x0000000085900000, 0x00000000859ffff0, 0x0000000085a00000| 99%| O|  |TAMS 0x0000000085900000| PB 0x0000000085900000| Untracked |  0
|  90|0x0000000085a00000, 0x0000000085b00000, 0x0000000085b00000|100%| O|  |TAMS 0x0000000085a00000| PB 0x0000000085a00000| Untracked |  0
|  91|0x0000000085b00000, 0x0000000085bfb2e8, 0x0000000085c00000| 98%| O|  |TAMS 0x0000000085b00000| PB 0x0000000085b00000| Untracked |  0
|  92|0x0000000085c00000, 0x0000000085d00000, 0x0000000085d00000|100%| O|  |TAMS 0x0000000085c00000| PB 0x0000000085c00000| Untracked |  0
|  93|0x0000000085d00000, 0x0000000085dfffd8, 0x0000000085e00000| 99%| O|  |TAMS 0x0000000085d00000| PB 0x0000000085d00000| Untracked |  0
|  94|0x0000000085e00000, 0x0000000085eff438, 0x0000000085f00000| 99%| O|  |TAMS 0x0000000085e00000| PB 0x0000000085e00000| Untracked |  0
|  95|0x0000000085f00000, 0x0000000085ffff80, 0x0000000086000000| 99%| O|  |TAMS 0x0000000085f00000| PB 0x0000000085f00000| Untracked |  0
|  96|0x0000000086000000, 0x00000000860ffff8, 0x0000000086100000| 99%| O|  |TAMS 0x0000000086000000| PB 0x0000000086000000| Untracked |  0
|  97|0x0000000086100000, 0x00000000861ff0f8, 0x0000000086200000| 99%| O|  |TAMS 0x0000000086100000| PB 0x0000000086100000| Untracked |  0
|  98|0x0000000086200000, 0x00000000862fffb0, 0x0000000086300000| 99%| O|  |TAMS 0x0000000086200000| PB 0x0000000086200000| Untracked |  0
|  99|0x0000000086300000, 0x00000000863ffff8, 0x0000000086400000| 99%| O|  |TAMS 0x0000000086300000| PB 0x0000000086300000| Untracked |  0
| 100|0x0000000086400000, 0x00000000864ffff8, 0x0000000086500000| 99%| O|  |TAMS 0x0000000086400000| PB 0x0000000086400000| Untracked |  0
| 101|0x0000000086500000, 0x00000000865fa7a8, 0x0000000086600000| 97%| O|  |TAMS 0x0000000086500000| PB 0x0000000086500000| Untracked |  0
| 102|0x0000000086600000, 0x0000000086700000, 0x0000000086700000|100%| O|  |TAMS 0x0000000086600000| PB 0x0000000086600000| Untracked |  0
| 103|0x0000000086700000, 0x00000000867ffff8, 0x0000000086800000| 99%| O|  |TAMS 0x0000000086700000| PB 0x0000000086700000| Untracked |  0
| 104|0x0000000086800000, 0x00000000868fffc0, 0x0000000086900000| 99%| O|  |TAMS 0x0000000086800000| PB 0x0000000086800000| Untracked |  0
| 105|0x0000000086900000, 0x00000000869ffff8, 0x0000000086a00000| 99%| O|  |TAMS 0x0000000086900000| PB 0x0000000086900000| Untracked |  0
| 106|0x0000000086a00000, 0x0000000086afe6f8, 0x0000000086b00000| 99%| O|  |TAMS 0x0000000086a00000| PB 0x0000000086a00000| Untracked |  0
| 107|0x0000000086b00000, 0x0000000086bfffe8, 0x0000000086c00000| 99%| O|  |TAMS 0x0000000086b00000| PB 0x0000000086b00000| Untracked |  0
| 108|0x0000000086c00000, 0x0000000086d00000, 0x0000000086d00000|100%| O|  |TAMS 0x0000000086c00000| PB 0x0000000086c00000| Untracked |  0
| 109|0x0000000086d00000, 0x0000000086dffff0, 0x0000000086e00000| 99%| O|  |TAMS 0x0000000086d00000| PB 0x0000000086d00000| Untracked |  0
| 110|0x0000000086e00000, 0x0000000086effff8, 0x0000000086f00000| 99%| O|  |TAMS 0x0000000086e00000| PB 0x0000000086e00000| Untracked |  0
| 111|0x0000000086f00000, 0x0000000086fffff8, 0x0000000087000000| 99%| O|  |TAMS 0x0000000086f00000| PB 0x0000000086f00000| Untracked |  0
| 112|0x0000000087000000, 0x0000000087100000, 0x0000000087100000|100%| O|  |TAMS 0x0000000087000000| PB 0x0000000087000000| Untracked |  0
| 113|0x0000000087100000, 0x00000000871ffff0, 0x0000000087200000| 99%| O|  |TAMS 0x0000000087100000| PB 0x0000000087100000| Untracked |  0
| 114|0x0000000087200000, 0x00000000872fffe8, 0x0000000087300000| 99%| O|  |TAMS 0x0000000087200000| PB 0x0000000087200000| Untracked |  0
| 115|0x0000000087300000, 0x0000000087400000, 0x0000000087400000|100%| O|  |TAMS 0x0000000087300000| PB 0x0000000087300000| Untracked |  0
| 116|0x0000000087400000, 0x0000000087500000, 0x0000000087500000|100%| O|  |TAMS 0x0000000087400000| PB 0x0000000087400000| Untracked |  0
| 117|0x0000000087500000, 0x00000000875f7a88, 0x0000000087600000| 96%| O|  |TAMS 0x0000000087500000| PB 0x0000000087500000| Untracked |  0
| 118|0x0000000087600000, 0x00000000876fffe8, 0x0000000087700000| 99%| O|  |TAMS 0x0000000087600000| PB 0x0000000087600000| Untracked |  0
| 119|0x0000000087700000, 0x00000000877ffff8, 0x0000000087800000| 99%| O|  |TAMS 0x0000000087700000| PB 0x0000000087700000| Untracked |  0
| 120|0x0000000087800000, 0x00000000878ffff0, 0x0000000087900000| 99%| O|  |TAMS 0x0000000087800000| PB 0x0000000087800000| Untracked |  0
| 121|0x0000000087900000, 0x0000000087a00000, 0x0000000087a00000|100%| O|  |TAMS 0x0000000087900000| PB 0x0000000087900000| Untracked |  0
| 122|0x0000000087a00000, 0x0000000087aff5e8, 0x0000000087b00000| 99%| O|  |TAMS 0x0000000087a00000| PB 0x0000000087a00000| Untracked |  0
| 123|0x0000000087b00000, 0x0000000087bff0f8, 0x0000000087c00000| 99%| O|  |TAMS 0x0000000087b00000| PB 0x0000000087b00000| Untracked |  0
| 124|0x0000000087c00000, 0x0000000087d00000, 0x0000000087d00000|100%| O|  |TAMS 0x0000000087c00000| PB 0x0000000087c00000| Untracked |  0
| 125|0x0000000087d00000, 0x0000000087e00000, 0x0000000087e00000|100%| O|  |TAMS 0x0000000087d00000| PB 0x0000000087d00000| Untracked |  0
| 126|0x0000000087e00000, 0x0000000087effff8, 0x0000000087f00000| 99%| O|  |TAMS 0x0000000087e00000| PB 0x0000000087e00000| Untracked |  0
| 127|0x0000000087f00000, 0x0000000087ffffd0, 0x0000000088000000| 99%| O|  |TAMS 0x0000000087f00000| PB 0x0000000087f00000| Untracked |  0
| 128|0x0000000088000000, 0x00000000880fcda8, 0x0000000088100000| 98%| O|  |TAMS 0x0000000088000000| PB 0x0000000088000000| Untracked |  0
| 129|0x0000000088100000, 0x0000000088200000, 0x0000000088200000|100%| O|  |TAMS 0x0000000088100000| PB 0x0000000088100000| Untracked |  0
| 130|0x0000000088200000, 0x0000000088300000, 0x0000000088300000|100%| O|  |TAMS 0x0000000088200000| PB 0x0000000088200000| Untracked |  0
| 131|0x0000000088300000, 0x00000000883ffff8, 0x0000000088400000| 99%| O|  |TAMS 0x0000000088300000| PB 0x0000000088300000| Untracked |  0
| 132|0x0000000088400000, 0x00000000884ffff0, 0x0000000088500000| 99%| O|  |TAMS 0x0000000088400000| PB 0x0000000088400000| Untracked |  0
| 133|0x0000000088500000, 0x0000000088600000, 0x0000000088600000|100%|HS|  |TAMS 0x0000000088500000| PB 0x0000000088500000| Untracked |  0
| 134|0x0000000088600000, 0x0000000088700000, 0x0000000088700000|100%| O|  |TAMS 0x0000000088600000| PB 0x0000000088600000| Untracked |  0
| 135|0x0000000088700000, 0x0000000088800000, 0x0000000088800000|100%| O|  |TAMS 0x0000000088700000| PB 0x0000000088700000| Untracked |  0
| 136|0x0000000088800000, 0x00000000888fffc0, 0x0000000088900000| 99%| O|  |TAMS 0x0000000088800000| PB 0x0000000088800000| Untracked |  0
| 137|0x0000000088900000, 0x00000000889ffff8, 0x0000000088a00000| 99%| O|  |TAMS 0x0000000088900000| PB 0x0000000088900000| Untracked |  0
| 138|0x0000000088a00000, 0x0000000088b00000, 0x0000000088b00000|100%|HS|  |TAMS 0x0000000088a00000| PB 0x0000000088a00000| Complete |  0
| 139|0x0000000088b00000, 0x0000000088c00000, 0x0000000088c00000|100%|HC|  |TAMS 0x0000000088b00000| PB 0x0000000088b00000| Complete |  0
| 140|0x0000000088c00000, 0x0000000088d00000, 0x0000000088d00000|100%|HS|  |TAMS 0x0000000088c00000| PB 0x0000000088c00000| Complete |  0
| 141|0x0000000088d00000, 0x0000000088e00000, 0x0000000088e00000|100%|HC|  |TAMS 0x0000000088d00000| PB 0x0000000088d00000| Complete |  0
| 142|0x0000000088e00000, 0x0000000088f00000, 0x0000000088f00000|100%| O|  |TAMS 0x0000000088e00000| PB 0x0000000088e00000| Untracked |  0
| 143|0x0000000088f00000, 0x0000000088ffffe0, 0x0000000089000000| 99%| O|  |TAMS 0x0000000088f00000| PB 0x0000000088f00000| Untracked |  0
| 144|0x0000000089000000, 0x00000000890fffe8, 0x0000000089100000| 99%| O|  |TAMS 0x0000000089000000| PB 0x0000000089000000| Untracked |  0
| 145|0x0000000089100000, 0x00000000891fff88, 0x0000000089200000| 99%| O|  |TAMS 0x0000000089100000| PB 0x0000000089100000| Untracked |  0
| 146|0x0000000089200000, 0x00000000892ffff8, 0x0000000089300000| 99%| O|  |TAMS 0x0000000089200000| PB 0x0000000089200000| Untracked |  0
| 147|0x0000000089300000, 0x0000000089400000, 0x0000000089400000|100%|HS|  |TAMS 0x0000000089300000| PB 0x0000000089300000| Complete |  0
| 148|0x0000000089400000, 0x0000000089500000, 0x0000000089500000|100%|HS|  |TAMS 0x0000000089400000| PB 0x0000000089400000| Untracked |  0
| 149|0x0000000089500000, 0x0000000089600000, 0x0000000089600000|100%| O|  |TAMS 0x0000000089500000| PB 0x0000000089500000| Untracked |  0
| 150|0x0000000089600000, 0x00000000896ffff8, 0x0000000089700000| 99%| O|  |TAMS 0x0000000089600000| PB 0x0000000089600000| Untracked |  0
| 151|0x0000000089700000, 0x00000000897ffff8, 0x0000000089800000| 99%| O|  |TAMS 0x0000000089700000| PB 0x0000000089700000| Untracked |  0
| 152|0x0000000089800000, 0x00000000898ffff0, 0x0000000089900000| 99%| O|  |TAMS 0x0000000089800000| PB 0x0000000089800000| Untracked |  0
| 153|0x0000000089900000, 0x00000000899ffff8, 0x0000000089a00000| 99%| O|  |TAMS 0x0000000089900000| PB 0x0000000089900000| Untracked |  0
| 154|0x0000000089a00000, 0x0000000089b00000, 0x0000000089b00000|100%| O|  |TAMS 0x0000000089a00000| PB 0x0000000089a00000| Untracked |  0
| 155|0x0000000089b00000, 0x0000000089bffff0, 0x0000000089c00000| 99%| O|  |TAMS 0x0000000089b00000| PB 0x0000000089b00000| Untracked |  0
| 156|0x0000000089c00000, 0x0000000089cff8b8, 0x0000000089d00000| 99%| O|  |TAMS 0x0000000089c00000| PB 0x0000000089c00000| Untracked |  0
| 157|0x0000000089d00000, 0x0000000089e00000, 0x0000000089e00000|100%| O|  |TAMS 0x0000000089d00000| PB 0x0000000089d00000| Untracked |  0
| 158|0x0000000089e00000, 0x0000000089effff0, 0x0000000089f00000| 99%| O|  |TAMS 0x0000000089e00000| PB 0x0000000089e00000| Untracked |  0
| 159|0x0000000089f00000, 0x0000000089fffff0, 0x000000008a000000| 99%| O|  |TAMS 0x0000000089f00000| PB 0x0000000089f00000| Untracked |  0
| 160|0x000000008a000000, 0x000000008a0fffd0, 0x000000008a100000| 99%| O|  |TAMS 0x000000008a000000| PB 0x000000008a000000| Untracked |  0
| 161|0x000000008a100000, 0x000000008a1ffff8, 0x000000008a200000| 99%| O|  |TAMS 0x000000008a100000| PB 0x000000008a100000| Untracked |  0
| 162|0x000000008a200000, 0x000000008a300000, 0x000000008a300000|100%| O|  |TAMS 0x000000008a200000| PB 0x000000008a200000| Untracked |  0
| 163|0x000000008a300000, 0x000000008a400000, 0x000000008a400000|100%| O|  |TAMS 0x000000008a300000| PB 0x000000008a300000| Untracked |  0
| 164|0x000000008a400000, 0x000000008a500000, 0x000000008a500000|100%|HS|  |TAMS 0x000000008a400000| PB 0x000000008a400000| Untracked |  0
| 165|0x000000008a500000, 0x000000008a600000, 0x000000008a600000|100%|HS|  |TAMS 0x000000008a500000| PB 0x000000008a500000| Untracked |  0
| 166|0x000000008a600000, 0x000000008a700000, 0x000000008a700000|100%|HS|  |TAMS 0x000000008a600000| PB 0x000000008a600000| Complete |  0
| 167|0x000000008a700000, 0x000000008a800000, 0x000000008a800000|100%|HS|  |TAMS 0x000000008a700000| PB 0x000000008a700000| Untracked |  0
| 168|0x000000008a800000, 0x000000008a8fffe8, 0x000000008a900000| 99%| O|  |TAMS 0x000000008a800000| PB 0x000000008a800000| Untracked |  0
| 169|0x000000008a900000, 0x000000008a9fffe8, 0x000000008aa00000| 99%| O|  |TAMS 0x000000008a900000| PB 0x000000008a900000| Untracked |  0
| 170|0x000000008aa00000, 0x000000008ab00000, 0x000000008ab00000|100%| O|  |TAMS 0x000000008aa00000| PB 0x000000008aa00000| Untracked |  0
| 171|0x000000008ab00000, 0x000000008abfffc8, 0x000000008ac00000| 99%| O|  |TAMS 0x000000008ab00000| PB 0x000000008ab00000| Untracked |  0
| 172|0x000000008ac00000, 0x000000008ad00000, 0x000000008ad00000|100%| O|  |TAMS 0x000000008ac00000| PB 0x000000008ac00000| Untracked |  0
| 173|0x000000008ad00000, 0x000000008ae00000, 0x000000008ae00000|100%|HS|  |TAMS 0x000000008ad00000| PB 0x000000008ad00000| Untracked |  0
| 174|0x000000008ae00000, 0x000000008af00000, 0x000000008af00000|100%| O|  |TAMS 0x000000008ae00000| PB 0x000000008ae00000| Untracked |  0
| 175|0x000000008af00000, 0x000000008afffff8, 0x000000008b000000| 99%| O|  |TAMS 0x000000008af00000| PB 0x000000008af00000| Untracked |  0
| 176|0x000000008b000000, 0x000000008b0ffff8, 0x000000008b100000| 99%| O|  |TAMS 0x000000008b000000| PB 0x000000008b000000| Untracked |  0
| 177|0x000000008b100000, 0x000000008b200000, 0x000000008b200000|100%| O|  |TAMS 0x000000008b100000| PB 0x000000008b100000| Untracked |  0
| 178|0x000000008b200000, 0x000000008b2fffa0, 0x000000008b300000| 99%| O|  |TAMS 0x000000008b200000| PB 0x000000008b200000| Untracked |  0
| 179|0x000000008b300000, 0x000000008b3fffe8, 0x000000008b400000| 99%| O|  |TAMS 0x000000008b300000| PB 0x000000008b300000| Untracked |  0
| 180|0x000000008b400000, 0x000000008b4fffb0, 0x000000008b500000| 99%| O|  |TAMS 0x000000008b400000| PB 0x000000008b400000| Untracked |  0
| 181|0x000000008b500000, 0x000000008b5ffff8, 0x000000008b600000| 99%| O|  |TAMS 0x000000008b500000| PB 0x000000008b500000| Untracked |  0
| 182|0x000000008b600000, 0x000000008b6ffff0, 0x000000008b700000| 99%| O|  |TAMS 0x000000008b600000| PB 0x000000008b600000| Untracked |  0
| 183|0x000000008b700000, 0x000000008b7ffff0, 0x000000008b800000| 99%| O|  |TAMS 0x000000008b700000| PB 0x000000008b700000| Untracked |  0
| 184|0x000000008b800000, 0x000000008b8ffff8, 0x000000008b900000| 99%| O|  |TAMS 0x000000008b800000| PB 0x000000008b800000| Untracked |  0
| 185|0x000000008b900000, 0x000000008b9fffa0, 0x000000008ba00000| 99%| O|  |TAMS 0x000000008b900000| PB 0x000000008b900000| Untracked |  0
| 186|0x000000008ba00000, 0x000000008bafffe8, 0x000000008bb00000| 99%| O|  |TAMS 0x000000008ba00000| PB 0x000000008ba00000| Untracked |  0
| 187|0x000000008bb00000, 0x000000008bc00000, 0x000000008bc00000|100%| O|  |TAMS 0x000000008bb00000| PB 0x000000008bb00000| Untracked |  0
| 188|0x000000008bc00000, 0x000000008bcfffe8, 0x000000008bd00000| 99%| O|  |TAMS 0x000000008bc00000| PB 0x000000008bc00000| Untracked |  0
| 189|0x000000008bd00000, 0x000000008be00000, 0x000000008be00000|100%| O|  |TAMS 0x000000008bd00000| PB 0x000000008bd00000| Untracked |  0
| 190|0x000000008be00000, 0x000000008bf00000, 0x000000008bf00000|100%| O|  |TAMS 0x000000008be00000| PB 0x000000008be00000| Untracked |  0
| 191|0x000000008bf00000, 0x000000008bfffff0, 0x000000008c000000| 99%| O|  |TAMS 0x000000008bf00000| PB 0x000000008bf00000| Untracked |  0
| 192|0x000000008c000000, 0x000000008c0ffff8, 0x000000008c100000| 99%| O|  |TAMS 0x000000008c000000| PB 0x000000008c000000| Untracked |  0
| 193|0x000000008c100000, 0x000000008c1ffff0, 0x000000008c200000| 99%| O|  |TAMS 0x000000008c100000| PB 0x000000008c100000| Untracked |  0
| 194|0x000000008c200000, 0x000000008c2ffff8, 0x000000008c300000| 99%| O|  |TAMS 0x000000008c200000| PB 0x000000008c200000| Untracked |  0
| 195|0x000000008c300000, 0x000000008c400000, 0x000000008c400000|100%|HS|  |TAMS 0x000000008c300000| PB 0x000000008c300000| Untracked |  0
| 196|0x000000008c400000, 0x000000008c500000, 0x000000008c500000|100%| O|  |TAMS 0x000000008c400000| PB 0x000000008c400000| Untracked |  0
| 197|0x000000008c500000, 0x000000008c5fffd8, 0x000000008c600000| 99%| O|  |TAMS 0x000000008c500000| PB 0x000000008c500000| Untracked |  0
| 198|0x000000008c600000, 0x000000008c6fd5a8, 0x000000008c700000| 98%| O|  |TAMS 0x000000008c600000| PB 0x000000008c600000| Untracked |  0
| 199|0x000000008c700000, 0x000000008c7fff98, 0x000000008c800000| 99%| O|  |TAMS 0x000000008c700000| PB 0x000000008c700000| Untracked |  0
| 200|0x000000008c800000, 0x000000008c8fffd8, 0x000000008c900000| 99%| O|  |TAMS 0x000000008c800000| PB 0x000000008c800000| Untracked |  0
| 201|0x000000008c900000, 0x000000008ca00000, 0x000000008ca00000|100%| O|  |TAMS 0x000000008c900000| PB 0x000000008c900000| Untracked |  0
| 202|0x000000008ca00000, 0x000000008cafffe8, 0x000000008cb00000| 99%| O|  |TAMS 0x000000008ca00000| PB 0x000000008ca00000| Untracked |  0
| 203|0x000000008cb00000, 0x000000008cbffff8, 0x000000008cc00000| 99%| O|  |TAMS 0x000000008cb00000| PB 0x000000008cb00000| Untracked |  0
| 204|0x000000008cc00000, 0x000000008ccfffe8, 0x000000008cd00000| 99%| O|  |TAMS 0x000000008cc00000| PB 0x000000008cc00000| Untracked |  0
| 205|0x000000008cd00000, 0x000000008ce00000, 0x000000008ce00000|100%| O|  |TAMS 0x000000008cd00000| PB 0x000000008cd00000| Untracked |  0
| 206|0x000000008ce00000, 0x000000008ceffd50, 0x000000008cf00000| 99%| O|  |TAMS 0x000000008ce00000| PB 0x000000008ce00000| Untracked |  0
| 207|0x000000008cf00000, 0x000000008cfffff0, 0x000000008d000000| 99%| O|  |TAMS 0x000000008cf00000| PB 0x000000008cf00000| Untracked |  0
| 208|0x000000008d000000, 0x000000008d0ffff8, 0x000000008d100000| 99%| O|  |TAMS 0x000000008d000000| PB 0x000000008d000000| Untracked |  0
| 209|0x000000008d100000, 0x000000008d1ffff8, 0x000000008d200000| 99%| O|  |TAMS 0x000000008d100000| PB 0x000000008d100000| Untracked |  0
| 210|0x000000008d200000, 0x000000008d2fffe8, 0x000000008d300000| 99%| O|  |TAMS 0x000000008d200000| PB 0x000000008d200000| Untracked |  0
| 211|0x000000008d300000, 0x000000008d400000, 0x000000008d400000|100%| O|  |TAMS 0x000000008d300000| PB 0x000000008d300000| Untracked |  0
| 212|0x000000008d400000, 0x000000008d4fffe8, 0x000000008d500000| 99%| O|  |TAMS 0x000000008d400000| PB 0x000000008d400000| Untracked |  0
| 213|0x000000008d500000, 0x000000008d5fffd0, 0x000000008d600000| 99%| O|  |TAMS 0x000000008d500000| PB 0x000000008d500000| Untracked |  0
| 214|0x000000008d600000, 0x000000008d6fffe0, 0x000000008d700000| 99%| O|  |TAMS 0x000000008d600000| PB 0x000000008d600000| Untracked |  0
| 215|0x000000008d700000, 0x000000008d7fffd0, 0x000000008d800000| 99%| O|  |TAMS 0x000000008d700000| PB 0x000000008d700000| Untracked |  0
| 216|0x000000008d800000, 0x000000008d900000, 0x000000008d900000|100%| O|  |TAMS 0x000000008d800000| PB 0x000000008d800000| Untracked |  0
| 217|0x000000008d900000, 0x000000008d9ffff0, 0x000000008da00000| 99%| O|  |TAMS 0x000000008d900000| PB 0x000000008d900000| Untracked |  0
| 218|0x000000008da00000, 0x000000008dafffa0, 0x000000008db00000| 99%| O|  |TAMS 0x000000008da00000| PB 0x000000008da00000| Untracked |  0
| 219|0x000000008db00000, 0x000000008dbffff8, 0x000000008dc00000| 99%| O|  |TAMS 0x000000008db00000| PB 0x000000008db00000| Untracked |  0
| 220|0x000000008dc00000, 0x000000008dd00000, 0x000000008dd00000|100%| O|  |TAMS 0x000000008dc00000| PB 0x000000008dc00000| Untracked |  0
| 221|0x000000008dd00000, 0x000000008ddfc318, 0x000000008de00000| 98%| O|  |TAMS 0x000000008dd00000| PB 0x000000008dd00000| Untracked |  0
| 222|0x000000008de00000, 0x000000008df00000, 0x000000008df00000|100%| O|  |TAMS 0x000000008de00000| PB 0x000000008de00000| Untracked |  0
| 223|0x000000008df00000, 0x000000008dffffd8, 0x000000008e000000| 99%| O|  |TAMS 0x000000008df00000| PB 0x000000008df00000| Untracked |  0
| 224|0x000000008e000000, 0x000000008e0fffe8, 0x000000008e100000| 99%| O|  |TAMS 0x000000008e000000| PB 0x000000008e000000| Untracked |  0
| 225|0x000000008e100000, 0x000000008e1fff88, 0x000000008e200000| 99%| O|  |TAMS 0x000000008e100000| PB 0x000000008e100000| Untracked |  0
| 226|0x000000008e200000, 0x000000008e300000, 0x000000008e300000|100%| O|  |TAMS 0x000000008e200000| PB 0x000000008e200000| Untracked |  0
| 227|0x000000008e300000, 0x000000008e3ffff8, 0x000000008e400000| 99%| O|  |TAMS 0x000000008e300000| PB 0x000000008e300000| Untracked |  0
| 228|0x000000008e400000, 0x000000008e4fffd8, 0x000000008e500000| 99%| O|  |TAMS 0x000000008e400000| PB 0x000000008e400000| Untracked |  0
| 229|0x000000008e500000, 0x000000008e5ffff0, 0x000000008e600000| 99%| O|  |TAMS 0x000000008e500000| PB 0x000000008e500000| Untracked |  0
| 230|0x000000008e600000, 0x000000008e6ffff8, 0x000000008e700000| 99%| O|  |TAMS 0x000000008e600000| PB 0x000000008e600000| Untracked |  0
| 231|0x000000008e700000, 0x000000008e7ffff0, 0x000000008e800000| 99%| O|  |TAMS 0x000000008e700000| PB 0x000000008e700000| Untracked |  0
| 232|0x000000008e800000, 0x000000008e8ffff8, 0x000000008e900000| 99%| O|  |TAMS 0x000000008e800000| PB 0x000000008e800000| Untracked |  0
| 233|0x000000008e900000, 0x000000008e9fffe0, 0x000000008ea00000| 99%| O|  |TAMS 0x000000008e900000| PB 0x000000008e900000| Untracked |  0
| 234|0x000000008ea00000, 0x000000008eafffe8, 0x000000008eb00000| 99%| O|  |TAMS 0x000000008ea00000| PB 0x000000008ea00000| Untracked |  0
| 235|0x000000008eb00000, 0x000000008ebffff0, 0x000000008ec00000| 99%| O|  |TAMS 0x000000008eb00000| PB 0x000000008eb00000| Untracked |  0
| 236|0x000000008ec00000, 0x000000008ecfffe8, 0x000000008ed00000| 99%| O|  |TAMS 0x000000008ec00000| PB 0x000000008ec00000| Untracked |  0
| 237|0x000000008ed00000, 0x000000008ee00000, 0x000000008ee00000|100%|HS|  |TAMS 0x000000008ed00000| PB 0x000000008ed00000| Complete |  0
| 238|0x000000008ee00000, 0x000000008ef00000, 0x000000008ef00000|100%|HC|  |TAMS 0x000000008ee00000| PB 0x000000008ee00000| Complete |  0
| 239|0x000000008ef00000, 0x000000008effffa8, 0x000000008f000000| 99%| O|  |TAMS 0x000000008ef00000| PB 0x000000008ef00000| Untracked |  0
| 240|0x000000008f000000, 0x000000008f0ffff8, 0x000000008f100000| 99%| O|  |TAMS 0x000000008f000000| PB 0x000000008f000000| Untracked |  0
| 241|0x000000008f100000, 0x000000008f1ffff8, 0x000000008f200000| 99%| O|  |TAMS 0x000000008f100000| PB 0x000000008f100000| Untracked |  0
| 242|0x000000008f200000, 0x000000008f2ffff8, 0x000000008f300000| 99%| O|  |TAMS 0x000000008f200000| PB 0x000000008f200000| Untracked |  0
| 243|0x000000008f300000, 0x000000008f3fffa8, 0x000000008f400000| 99%| O|  |TAMS 0x000000008f300000| PB 0x000000008f300000| Untracked |  0
| 244|0x000000008f400000, 0x000000008f500000, 0x000000008f500000|100%|HS|  |TAMS 0x000000008f400000| PB 0x000000008f400000| Complete |  0
| 245|0x000000008f500000, 0x000000008f600000, 0x000000008f600000|100%|HC|  |TAMS 0x000000008f500000| PB 0x000000008f500000| Complete |  0
| 246|0x000000008f600000, 0x000000008f700000, 0x000000008f700000|100%|HS|  |TAMS 0x000000008f600000| PB 0x000000008f600000| Untracked |  0
| 247|0x000000008f700000, 0x000000008f7ffff8, 0x000000008f800000| 99%| O|  |TAMS 0x000000008f700000| PB 0x000000008f700000| Untracked |  0
| 248|0x000000008f800000, 0x000000008f8ffdb0, 0x000000008f900000| 99%| O|  |TAMS 0x000000008f800000| PB 0x000000008f800000| Untracked |  0
| 249|0x000000008f900000, 0x000000008f9ffff8, 0x000000008fa00000| 99%| O|  |TAMS 0x000000008f900000| PB 0x000000008f900000| Untracked |  0
| 250|0x000000008fa00000, 0x000000008faff8c0, 0x000000008fb00000| 99%| O|  |TAMS 0x000000008fa00000| PB 0x000000008fa00000| Untracked |  0
| 251|0x000000008fb00000, 0x000000008fc00000, 0x000000008fc00000|100%| O|  |TAMS 0x000000008fb00000| PB 0x000000008fb00000| Untracked |  0
| 252|0x000000008fc00000, 0x000000008fcffff0, 0x000000008fd00000| 99%| O|  |TAMS 0x000000008fc00000| PB 0x000000008fc00000| Untracked |  0
| 253|0x000000008fd00000, 0x000000008fe00000, 0x000000008fe00000|100%| O|  |TAMS 0x000000008fd00000| PB 0x000000008fd00000| Untracked |  0
| 254|0x000000008fe00000, 0x000000008fefff98, 0x000000008ff00000| 99%| O|  |TAMS 0x000000008fe00000| PB 0x000000008fe00000| Untracked |  0
| 255|0x000000008ff00000, 0x0000000090000000, 0x0000000090000000|100%| O|  |TAMS 0x000000008ff00000| PB 0x000000008ff00000| Untracked |  0
| 256|0x0000000090000000, 0x00000000900fffe8, 0x0000000090100000| 99%| O|  |TAMS 0x0000000090000000| PB 0x0000000090000000| Untracked |  0
| 257|0x0000000090100000, 0x00000000901ffff8, 0x0000000090200000| 99%| O|  |TAMS 0x0000000090100000| PB 0x0000000090100000| Untracked |  0
| 258|0x0000000090200000, 0x0000000090300000, 0x0000000090300000|100%| O|  |TAMS 0x0000000090200000| PB 0x0000000090200000| Untracked |  0
| 259|0x0000000090300000, 0x0000000090400000, 0x0000000090400000|100%| O|  |TAMS 0x0000000090300000| PB 0x0000000090300000| Untracked |  0
| 260|0x0000000090400000, 0x0000000090500000, 0x0000000090500000|100%| O|  |TAMS 0x0000000090400000| PB 0x0000000090400000| Untracked |  0
| 261|0x0000000090500000, 0x0000000090600000, 0x0000000090600000|100%| O|  |TAMS 0x0000000090500000| PB 0x0000000090500000| Untracked |  0
| 262|0x0000000090600000, 0x0000000090700000, 0x0000000090700000|100%| O|  |TAMS 0x0000000090600000| PB 0x0000000090600000| Untracked |  0
| 263|0x0000000090700000, 0x00000000907fffc0, 0x0000000090800000| 99%| O|  |TAMS 0x0000000090700000| PB 0x0000000090700000| Untracked |  0
| 264|0x0000000090800000, 0x00000000908fb540, 0x0000000090900000| 98%| O|  |TAMS 0x0000000090800000| PB 0x0000000090800000| Untracked |  0
| 265|0x0000000090900000, 0x00000000909ffe40, 0x0000000090a00000| 99%| O|  |TAMS 0x0000000090900000| PB 0x0000000090900000| Untracked |  0
| 266|0x0000000090a00000, 0x0000000090affff0, 0x0000000090b00000| 99%| O|  |TAMS 0x0000000090a00000| PB 0x0000000090a00000| Untracked |  0
| 267|0x0000000090b00000, 0x0000000090c00000, 0x0000000090c00000|100%| O|  |TAMS 0x0000000090b00000| PB 0x0000000090b00000| Untracked |  0
| 268|0x0000000090c00000, 0x0000000090cfffb0, 0x0000000090d00000| 99%| O|  |TAMS 0x0000000090c00000| PB 0x0000000090c00000| Untracked |  0
| 269|0x0000000090d00000, 0x0000000090dfdc88, 0x0000000090e00000| 99%| O|  |TAMS 0x0000000090d00000| PB 0x0000000090d00000| Untracked |  0
| 270|0x0000000090e00000, 0x0000000090f00000, 0x0000000090f00000|100%| O|  |TAMS 0x0000000090e00000| PB 0x0000000090e00000| Untracked |  0
| 271|0x0000000090f00000, 0x0000000090fffff8, 0x0000000091000000| 99%| O|  |TAMS 0x0000000090f00000| PB 0x0000000090f00000| Untracked |  0
| 272|0x0000000091000000, 0x00000000910ffff8, 0x0000000091100000| 99%| O|  |TAMS 0x0000000091000000| PB 0x0000000091000000| Untracked |  0
| 273|0x0000000091100000, 0x0000000091200000, 0x0000000091200000|100%| O|  |TAMS 0x0000000091100000| PB 0x0000000091100000| Untracked |  0
| 274|0x0000000091200000, 0x00000000912ffff0, 0x0000000091300000| 99%| O|  |TAMS 0x0000000091200000| PB 0x0000000091200000| Untracked |  0
| 275|0x0000000091300000, 0x00000000913fffe0, 0x0000000091400000| 99%| O|  |TAMS 0x0000000091300000| PB 0x0000000091300000| Untracked |  0
| 276|0x0000000091400000, 0x00000000914fffd8, 0x0000000091500000| 99%| O|  |TAMS 0x0000000091400000| PB 0x0000000091400000| Untracked |  0
| 277|0x0000000091500000, 0x00000000915fffe8, 0x0000000091600000| 99%| O|  |TAMS 0x0000000091500000| PB 0x0000000091500000| Untracked |  0
| 278|0x0000000091600000, 0x00000000916feae0, 0x0000000091700000| 99%| O|  |TAMS 0x0000000091600000| PB 0x0000000091600000| Untracked |  0
| 279|0x0000000091700000, 0x00000000917fffe8, 0x0000000091800000| 99%| O|  |TAMS 0x0000000091700000| PB 0x0000000091700000| Untracked |  0
| 280|0x0000000091800000, 0x00000000918ffff0, 0x0000000091900000| 99%| O|  |TAMS 0x0000000091800000| PB 0x0000000091800000| Untracked |  0
| 281|0x0000000091900000, 0x00000000919fe668, 0x0000000091a00000| 99%| O|  |TAMS 0x0000000091900000| PB 0x0000000091900000| Untracked |  0
| 282|0x0000000091a00000, 0x0000000091affff0, 0x0000000091b00000| 99%| O|  |TAMS 0x0000000091a00000| PB 0x0000000091a00000| Untracked |  0
| 283|0x0000000091b00000, 0x0000000091c00000, 0x0000000091c00000|100%|HS|  |TAMS 0x0000000091b00000| PB 0x0000000091b00000| Complete |  0
| 284|0x0000000091c00000, 0x0000000091d00000, 0x0000000091d00000|100%|HC|  |TAMS 0x0000000091c00000| PB 0x0000000091c00000| Complete |  0
| 285|0x0000000091d00000, 0x0000000091e00000, 0x0000000091e00000|100%|HC|  |TAMS 0x0000000091d00000| PB 0x0000000091d00000| Complete |  0
| 286|0x0000000091e00000, 0x0000000091f00000, 0x0000000091f00000|100%|HC|  |TAMS 0x0000000091e00000| PB 0x0000000091e00000| Complete |  0
| 287|0x0000000091f00000, 0x0000000092000000, 0x0000000092000000|100%|HC|  |TAMS 0x0000000091f00000| PB 0x0000000091f00000| Complete |  0
| 288|0x0000000092000000, 0x0000000092100000, 0x0000000092100000|100%|HC|  |TAMS 0x0000000092000000| PB 0x0000000092000000| Complete |  0
| 289|0x0000000092100000, 0x0000000092200000, 0x0000000092200000|100%|HC|  |TAMS 0x0000000092100000| PB 0x0000000092100000| Complete |  0
| 290|0x0000000092200000, 0x0000000092300000, 0x0000000092300000|100%|HC|  |TAMS 0x0000000092200000| PB 0x0000000092200000| Complete |  0
| 291|0x0000000092300000, 0x00000000923ffff0, 0x0000000092400000| 99%| O|  |TAMS 0x0000000092300000| PB 0x0000000092300000| Untracked |  0
| 292|0x0000000092400000, 0x00000000924ffff8, 0x0000000092500000| 99%| O|  |TAMS 0x0000000092400000| PB 0x0000000092400000| Untracked |  0
| 293|0x0000000092500000, 0x00000000925fffe8, 0x0000000092600000| 99%| O|  |TAMS 0x0000000092500000| PB 0x0000000092500000| Untracked |  0
| 294|0x0000000092600000, 0x0000000092700000, 0x0000000092700000|100%|HS|  |TAMS 0x0000000092600000| PB 0x0000000092600000| Complete |  0
| 295|0x0000000092700000, 0x00000000927ffff8, 0x0000000092800000| 99%| O|  |TAMS 0x0000000092700000| PB 0x0000000092700000| Untracked |  0
| 296|0x0000000092800000, 0x00000000928fffe8, 0x0000000092900000| 99%| O|  |TAMS 0x0000000092800000| PB 0x0000000092800000| Untracked |  0
| 297|0x0000000092900000, 0x0000000092a00000, 0x0000000092a00000|100%|HS|  |TAMS 0x0000000092900000| PB 0x0000000092900000| Untracked |  0
| 298|0x0000000092a00000, 0x0000000092b00000, 0x0000000092b00000|100%|HS|  |TAMS 0x0000000092a00000| PB 0x0000000092a00000| Untracked |  0
| 299|0x0000000092b00000, 0x0000000092bfffd0, 0x0000000092c00000| 99%| O|  |TAMS 0x0000000092b00000| PB 0x0000000092b00000| Untracked |  0
| 300|0x0000000092c00000, 0x0000000092cffff8, 0x0000000092d00000| 99%| O|  |TAMS 0x0000000092c00000| PB 0x0000000092c00000| Untracked |  0
| 301|0x0000000092d00000, 0x0000000092dfffe0, 0x0000000092e00000| 99%| O|  |TAMS 0x0000000092d00000| PB 0x0000000092d00000| Untracked |  0
| 302|0x0000000092e00000, 0x0000000092effff8, 0x0000000092f00000| 99%| O|  |TAMS 0x0000000092e00000| PB 0x0000000092e00000| Untracked |  0
| 303|0x0000000092f00000, 0x0000000092ff6608, 0x0000000093000000| 96%| O|  |TAMS 0x0000000092f00000| PB 0x0000000092f00000| Untracked |  0
| 304|0x0000000093000000, 0x0000000093100000, 0x0000000093100000|100%| O|  |TAMS 0x0000000093000000| PB 0x0000000093000000| Untracked |  0
| 305|0x0000000093100000, 0x00000000931ffff8, 0x0000000093200000| 99%| O|  |TAMS 0x0000000093100000| PB 0x0000000093100000| Untracked |  0
| 306|0x0000000093200000, 0x00000000932fffe8, 0x0000000093300000| 99%| O|  |TAMS 0x0000000093200000| PB 0x0000000093200000| Untracked |  0
| 307|0x0000000093300000, 0x00000000933fffe8, 0x0000000093400000| 99%| O|  |TAMS 0x0000000093300000| PB 0x0000000093300000| Untracked |  0
| 308|0x0000000093400000, 0x0000000093500000, 0x0000000093500000|100%| O|  |TAMS 0x0000000093400000| PB 0x0000000093400000| Untracked |  0
| 309|0x0000000093500000, 0x00000000935ffff8, 0x0000000093600000| 99%| O|  |TAMS 0x0000000093500000| PB 0x0000000093500000| Untracked |  0
| 310|0x0000000093600000, 0x00000000936fffc0, 0x0000000093700000| 99%| O|  |TAMS 0x0000000093600000| PB 0x0000000093600000| Untracked |  0
| 311|0x0000000093700000, 0x00000000937ffff0, 0x0000000093800000| 99%| O|  |TAMS 0x0000000093700000| PB 0x0000000093700000| Untracked |  0
| 312|0x0000000093800000, 0x0000000093900000, 0x0000000093900000|100%| O|  |TAMS 0x0000000093800000| PB 0x0000000093800000| Untracked |  0
| 313|0x0000000093900000, 0x00000000939ffff0, 0x0000000093a00000| 99%| O|  |TAMS 0x0000000093900000| PB 0x0000000093900000| Untracked |  0
| 314|0x0000000093a00000, 0x0000000093b00000, 0x0000000093b00000|100%|HS|  |TAMS 0x0000000093a00000| PB 0x0000000093a00000| Complete |  0
| 315|0x0000000093b00000, 0x0000000093c00000, 0x0000000093c00000|100%|HC|  |TAMS 0x0000000093b00000| PB 0x0000000093b00000| Complete |  0
| 316|0x0000000093c00000, 0x0000000093cfffe8, 0x0000000093d00000| 99%| O|  |TAMS 0x0000000093c00000| PB 0x0000000093c00000| Untracked |  0
| 317|0x0000000093d00000, 0x0000000093e00000, 0x0000000093e00000|100%| O|  |TAMS 0x0000000093d00000| PB 0x0000000093d00000| Untracked |  0
| 318|0x0000000093e00000, 0x0000000093effff8, 0x0000000093f00000| 99%| O|  |TAMS 0x0000000093e00000| PB 0x0000000093e00000| Untracked |  0
| 319|0x0000000093f00000, 0x0000000093fffff0, 0x0000000094000000| 99%| O|  |TAMS 0x0000000093f00000| PB 0x0000000093f00000| Untracked |  0
| 320|0x0000000094000000, 0x00000000940ff390, 0x0000000094100000| 99%| O|  |TAMS 0x0000000094000000| PB 0x0000000094000000| Untracked |  0
| 321|0x0000000094100000, 0x0000000094200000, 0x0000000094200000|100%| O|  |TAMS 0x0000000094100000| PB 0x0000000094100000| Untracked |  0
| 322|0x0000000094200000, 0x00000000942ffff8, 0x0000000094300000| 99%| O|  |TAMS 0x0000000094200000| PB 0x0000000094200000| Untracked |  0
| 323|0x0000000094300000, 0x00000000943fffa8, 0x0000000094400000| 99%| O|  |TAMS 0x0000000094300000| PB 0x0000000094300000| Untracked |  0
| 324|0x0000000094400000, 0x0000000094500000, 0x0000000094500000|100%| O|  |TAMS 0x0000000094400000| PB 0x0000000094400000| Untracked |  0
| 325|0x0000000094500000, 0x00000000945fffe0, 0x0000000094600000| 99%| O|  |TAMS 0x0000000094500000| PB 0x0000000094500000| Untracked |  0
| 326|0x0000000094600000, 0x0000000094700000, 0x0000000094700000|100%| O|  |TAMS 0x0000000094600000| PB 0x0000000094600000| Untracked |  0
| 327|0x0000000094700000, 0x00000000947fffd8, 0x0000000094800000| 99%| O|  |TAMS 0x0000000094700000| PB 0x0000000094700000| Untracked |  0
| 328|0x0000000094800000, 0x00000000948fffd8, 0x0000000094900000| 99%| O|  |TAMS 0x0000000094800000| PB 0x0000000094800000| Untracked |  0
| 329|0x0000000094900000, 0x0000000094a00000, 0x0000000094a00000|100%| O|  |TAMS 0x0000000094900000| PB 0x0000000094900000| Untracked |  0
| 330|0x0000000094a00000, 0x0000000094affff0, 0x0000000094b00000| 99%| O|  |TAMS 0x0000000094a00000| PB 0x0000000094a00000| Untracked |  0
| 331|0x0000000094b00000, 0x0000000094c00000, 0x0000000094c00000|100%| O|  |TAMS 0x0000000094b00000| PB 0x0000000094b00000| Untracked |  0
| 332|0x0000000094c00000, 0x0000000094cfffe8, 0x0000000094d00000| 99%| O|  |TAMS 0x0000000094c00000| PB 0x0000000094c00000| Untracked |  0
| 333|0x0000000094d00000, 0x0000000094e00000, 0x0000000094e00000|100%|HS|  |TAMS 0x0000000094d00000| PB 0x0000000094d00000| Complete |  0
| 334|0x0000000094e00000, 0x0000000094effff8, 0x0000000094f00000| 99%| O|  |TAMS 0x0000000094e00000| PB 0x0000000094e00000| Untracked |  0
| 335|0x0000000094f00000, 0x0000000095000000, 0x0000000095000000|100%| O|  |TAMS 0x0000000094f00000| PB 0x0000000094f00000| Untracked |  0
| 336|0x0000000095000000, 0x00000000950ff830, 0x0000000095100000| 99%| O|  |TAMS 0x0000000095000000| PB 0x0000000095000000| Untracked |  0
| 337|0x0000000095100000, 0x00000000951ffff0, 0x0000000095200000| 99%| O|  |TAMS 0x0000000095100000| PB 0x0000000095100000| Untracked |  0
| 338|0x0000000095200000, 0x0000000095300000, 0x0000000095300000|100%| O|  |TAMS 0x0000000095200000| PB 0x0000000095200000| Untracked |  0
| 339|0x0000000095300000, 0x0000000095400000, 0x0000000095400000|100%| O|  |TAMS 0x0000000095300000| PB 0x0000000095300000| Untracked |  0
| 340|0x0000000095400000, 0x0000000095500000, 0x0000000095500000|100%| O|  |TAMS 0x0000000095400000| PB 0x0000000095400000| Untracked |  0
| 341|0x0000000095500000, 0x00000000955ffff8, 0x0000000095600000| 99%| O|  |TAMS 0x0000000095500000| PB 0x0000000095500000| Untracked |  0
| 342|0x0000000095600000, 0x0000000095700000, 0x0000000095700000|100%| O|  |TAMS 0x0000000095600000| PB 0x0000000095600000| Untracked |  0
| 343|0x0000000095700000, 0x00000000957ffff0, 0x0000000095800000| 99%| O|  |TAMS 0x0000000095700000| PB 0x0000000095700000| Untracked |  0
| 344|0x0000000095800000, 0x00000000958ffff0, 0x0000000095900000| 99%| O|  |TAMS 0x0000000095800000| PB 0x0000000095800000| Untracked |  0
| 345|0x0000000095900000, 0x0000000095a00000, 0x0000000095a00000|100%| O|  |TAMS 0x0000000095900000| PB 0x0000000095900000| Untracked |  0
| 346|0x0000000095a00000, 0x0000000095affff8, 0x0000000095b00000| 99%| O|  |TAMS 0x0000000095a00000| PB 0x0000000095a00000| Untracked |  0
| 347|0x0000000095b00000, 0x0000000095bfffc0, 0x0000000095c00000| 99%| O|  |TAMS 0x0000000095b00000| PB 0x0000000095b00000| Untracked |  0
| 348|0x0000000095c00000, 0x0000000095d00000, 0x0000000095d00000|100%| O|  |TAMS 0x0000000095c00000| PB 0x0000000095c00000| Untracked |  0
| 349|0x0000000095d00000, 0x0000000095e00000, 0x0000000095e00000|100%| O|  |TAMS 0x0000000095d00000| PB 0x0000000095d00000| Untracked |  0
| 350|0x0000000095e00000, 0x0000000095effff0, 0x0000000095f00000| 99%| O|  |TAMS 0x0000000095e00000| PB 0x0000000095e00000| Untracked |  0
| 351|0x0000000095f00000, 0x0000000096000000, 0x0000000096000000|100%| O|  |TAMS 0x0000000095f00000| PB 0x0000000095f00000| Untracked |  0
| 352|0x0000000096000000, 0x0000000096100000, 0x0000000096100000|100%| O|  |TAMS 0x0000000096000000| PB 0x0000000096000000| Untracked |  0
| 353|0x0000000096100000, 0x00000000961ffff0, 0x0000000096200000| 99%| O|  |TAMS 0x0000000096100000| PB 0x0000000096100000| Untracked |  0
| 354|0x0000000096200000, 0x00000000962fffe0, 0x0000000096300000| 99%| O|  |TAMS 0x0000000096200000| PB 0x0000000096200000| Untracked |  0
| 355|0x0000000096300000, 0x00000000963fffe8, 0x0000000096400000| 99%| O|  |TAMS 0x0000000096300000| PB 0x0000000096300000| Untracked |  0
| 356|0x0000000096400000, 0x0000000096500000, 0x0000000096500000|100%| O|  |TAMS 0x0000000096400000| PB 0x0000000096400000| Untracked |  0
| 357|0x0000000096500000, 0x0000000096600000, 0x0000000096600000|100%|HS|  |TAMS 0x0000000096500000| PB 0x0000000096500000| Complete |  0
| 358|0x0000000096600000, 0x0000000096700000, 0x0000000096700000|100%|HC|  |TAMS 0x0000000096600000| PB 0x0000000096600000| Complete |  0
| 359|0x0000000096700000, 0x00000000967ffff8, 0x0000000096800000| 99%| O|  |TAMS 0x0000000096700000| PB 0x0000000096700000| Untracked |  0
| 360|0x0000000096800000, 0x00000000968ffff8, 0x0000000096900000| 99%| O|  |TAMS 0x0000000096800000| PB 0x0000000096800000| Untracked |  0
| 361|0x0000000096900000, 0x00000000969ffff0, 0x0000000096a00000| 99%| O|  |TAMS 0x0000000096900000| PB 0x0000000096900000| Untracked |  0
| 362|0x0000000096a00000, 0x0000000096afffe8, 0x0000000096b00000| 99%| O|  |TAMS 0x0000000096a00000| PB 0x0000000096a00000| Untracked |  0
| 363|0x0000000096b00000, 0x0000000096c00000, 0x0000000096c00000|100%| O|  |TAMS 0x0000000096b00000| PB 0x0000000096b00000| Untracked |  0
| 364|0x0000000096c00000, 0x0000000096cfffd0, 0x0000000096d00000| 99%| O|  |TAMS 0x0000000096c00000| PB 0x0000000096c00000| Untracked |  0
| 365|0x0000000096d00000, 0x0000000096e00000, 0x0000000096e00000|100%|HS|  |TAMS 0x0000000096d00000| PB 0x0000000096d00000| Untracked |  0
| 366|0x0000000096e00000, 0x0000000096effff0, 0x0000000096f00000| 99%| O|  |TAMS 0x0000000096e00000| PB 0x0000000096e00000| Untracked |  0
| 367|0x0000000096f00000, 0x0000000097000000, 0x0000000097000000|100%| O|  |TAMS 0x0000000096f00000| PB 0x0000000096f00000| Untracked |  0
| 368|0x0000000097000000, 0x00000000970fffe8, 0x0000000097100000| 99%| O|  |TAMS 0x0000000097000000| PB 0x0000000097000000| Untracked |  0
| 369|0x0000000097100000, 0x00000000971ffff0, 0x0000000097200000| 99%| O|  |TAMS 0x0000000097100000| PB 0x0000000097100000| Untracked |  0
| 370|0x0000000097200000, 0x00000000972fffe0, 0x0000000097300000| 99%| O|  |TAMS 0x0000000097200000| PB 0x0000000097200000| Untracked |  0
| 371|0x0000000097300000, 0x0000000097400000, 0x0000000097400000|100%| O|  |TAMS 0x0000000097300000| PB 0x0000000097300000| Untracked |  0
| 372|0x0000000097400000, 0x00000000974fffe8, 0x0000000097500000| 99%| O|  |TAMS 0x0000000097400000| PB 0x0000000097400000| Untracked |  0
| 373|0x0000000097500000, 0x0000000097600000, 0x0000000097600000|100%| O|  |TAMS 0x0000000097500000| PB 0x0000000097500000| Untracked |  0
| 374|0x0000000097600000, 0x00000000976ffff8, 0x0000000097700000| 99%| O|  |TAMS 0x0000000097600000| PB 0x0000000097600000| Untracked |  0
| 375|0x0000000097700000, 0x0000000097800000, 0x0000000097800000|100%| O|  |TAMS 0x0000000097700000| PB 0x0000000097700000| Untracked |  0
| 376|0x0000000097800000, 0x00000000978ffff0, 0x0000000097900000| 99%| O|  |TAMS 0x0000000097800000| PB 0x0000000097800000| Untracked |  0
| 377|0x0000000097900000, 0x0000000097a00000, 0x0000000097a00000|100%| O|  |TAMS 0x0000000097900000| PB 0x0000000097900000| Untracked |  0
| 378|0x0000000097a00000, 0x0000000097affff8, 0x0000000097b00000| 99%| O|  |TAMS 0x0000000097a00000| PB 0x0000000097a00000| Untracked |  0
| 379|0x0000000097b00000, 0x0000000097bffff8, 0x0000000097c00000| 99%| O|  |TAMS 0x0000000097b00000| PB 0x0000000097b00000| Untracked |  0
| 380|0x0000000097c00000, 0x0000000097cffff8, 0x0000000097d00000| 99%| O|  |TAMS 0x0000000097c00000| PB 0x0000000097c00000| Untracked |  0
| 381|0x0000000097d00000, 0x0000000097dffff8, 0x0000000097e00000| 99%| O|  |TAMS 0x0000000097d00000| PB 0x0000000097d00000| Untracked |  0
| 382|0x0000000097e00000, 0x0000000097ef7410, 0x0000000097f00000| 96%| O|  |TAMS 0x0000000097e00000| PB 0x0000000097e00000| Untracked |  0
| 383|0x0000000097f00000, 0x0000000097ffffe8, 0x0000000098000000| 99%| O|  |TAMS 0x0000000097f00000| PB 0x0000000097f00000| Untracked |  0
| 384|0x0000000098000000, 0x00000000980ffff0, 0x0000000098100000| 99%| O|  |TAMS 0x0000000098000000| PB 0x0000000098000000| Untracked |  0
| 385|0x0000000098100000, 0x0000000098200000, 0x0000000098200000|100%| O|  |TAMS 0x0000000098100000| PB 0x0000000098100000| Untracked |  0
| 386|0x0000000098200000, 0x0000000098300000, 0x0000000098300000|100%| O|  |TAMS 0x0000000098200000| PB 0x0000000098200000| Untracked |  0
| 387|0x0000000098300000, 0x00000000983ffff8, 0x0000000098400000| 99%| O|  |TAMS 0x0000000098300000| PB 0x0000000098300000| Untracked |  0
| 388|0x0000000098400000, 0x0000000098500000, 0x0000000098500000|100%|HS|  |TAMS 0x0000000098400000| PB 0x0000000098400000| Complete |  0
| 389|0x0000000098500000, 0x00000000985fff78, 0x0000000098600000| 99%| O|  |TAMS 0x0000000098500000| PB 0x0000000098500000| Untracked |  0
| 390|0x0000000098600000, 0x00000000986fadf8, 0x0000000098700000| 97%| O|  |TAMS 0x0000000098600000| PB 0x0000000098600000| Untracked |  0
| 391|0x0000000098700000, 0x00000000987fffd8, 0x0000000098800000| 99%| O|  |TAMS 0x0000000098700000| PB 0x0000000098700000| Untracked |  0
| 392|0x0000000098800000, 0x00000000988fffe0, 0x0000000098900000| 99%| O|  |TAMS 0x0000000098800000| PB 0x0000000098800000| Untracked |  0
| 393|0x0000000098900000, 0x00000000989fff68, 0x0000000098a00000| 99%| O|  |TAMS 0x0000000098900000| PB 0x0000000098900000| Untracked |  0
| 394|0x0000000098a00000, 0x0000000098b00000, 0x0000000098b00000|100%| O|  |TAMS 0x0000000098a00000| PB 0x0000000098a00000| Untracked |  0
| 395|0x0000000098b00000, 0x0000000098bfffe8, 0x0000000098c00000| 99%| O|  |TAMS 0x0000000098b00000| PB 0x0000000098b00000| Untracked |  0
| 396|0x0000000098c00000, 0x0000000098cffff8, 0x0000000098d00000| 99%| O|  |TAMS 0x0000000098c00000| PB 0x0000000098c00000| Untracked |  0
| 397|0x0000000098d00000, 0x0000000098dffff8, 0x0000000098e00000| 99%| O|  |TAMS 0x0000000098d00000| PB 0x0000000098d00000| Untracked |  0
| 398|0x0000000098e00000, 0x0000000098effff0, 0x0000000098f00000| 99%| O|  |TAMS 0x0000000098e00000| PB 0x0000000098e00000| Untracked |  0
| 399|0x0000000098f00000, 0x0000000099000000, 0x0000000099000000|100%| O|  |TAMS 0x0000000098f00000| PB 0x0000000098f00000| Untracked |  0
| 400|0x0000000099000000, 0x00000000990ffff8, 0x0000000099100000| 99%| O|  |TAMS 0x0000000099000000| PB 0x0000000099000000| Untracked |  0
| 401|0x0000000099100000, 0x00000000991ffff8, 0x0000000099200000| 99%| O|  |TAMS 0x0000000099100000| PB 0x0000000099100000| Untracked |  0
| 402|0x0000000099200000, 0x00000000992fffd8, 0x0000000099300000| 99%| O|  |TAMS 0x0000000099200000| PB 0x0000000099200000| Untracked |  0
| 403|0x0000000099300000, 0x0000000099400000, 0x0000000099400000|100%|HS|  |TAMS 0x0000000099300000| PB 0x0000000099300000| Untracked |  0
| 404|0x0000000099400000, 0x00000000994ffff0, 0x0000000099500000| 99%| O|  |TAMS 0x0000000099400000| PB 0x0000000099400000| Untracked |  0
| 405|0x0000000099500000, 0x0000000099600000, 0x0000000099600000|100%| O|  |TAMS 0x0000000099500000| PB 0x0000000099500000| Untracked |  0
| 406|0x0000000099600000, 0x0000000099700000, 0x0000000099700000|100%| O|  |TAMS 0x0000000099600000| PB 0x0000000099600000| Untracked |  0
| 407|0x0000000099700000, 0x00000000997f9cb8, 0x0000000099800000| 97%| O|  |TAMS 0x0000000099700000| PB 0x0000000099700000| Untracked |  0
| 408|0x0000000099800000, 0x0000000099900000, 0x0000000099900000|100%| O|  |TAMS 0x0000000099800000| PB 0x0000000099800000| Untracked |  0
| 409|0x0000000099900000, 0x00000000999ffff8, 0x0000000099a00000| 99%| O|  |TAMS 0x0000000099900000| PB 0x0000000099900000| Untracked |  0
| 410|0x0000000099a00000, 0x0000000099b00000, 0x0000000099b00000|100%| O|  |TAMS 0x0000000099a00000| PB 0x0000000099a00000| Untracked |  0
| 411|0x0000000099b00000, 0x0000000099bffff0, 0x0000000099c00000| 99%| O|  |TAMS 0x0000000099b00000| PB 0x0000000099b00000| Untracked |  0
| 412|0x0000000099c00000, 0x0000000099cfffe0, 0x0000000099d00000| 99%| O|  |TAMS 0x0000000099c00000| PB 0x0000000099c00000| Untracked |  0
| 413|0x0000000099d00000, 0x0000000099dfffe0, 0x0000000099e00000| 99%| O|  |TAMS 0x0000000099d00000| PB 0x0000000099d00000| Untracked |  0
| 414|0x0000000099e00000, 0x0000000099effff0, 0x0000000099f00000| 99%| O|  |TAMS 0x0000000099e00000| PB 0x0000000099e00000| Untracked |  0
| 415|0x0000000099f00000, 0x000000009a000000, 0x000000009a000000|100%| O|  |TAMS 0x0000000099f00000| PB 0x0000000099f00000| Untracked |  0
| 416|0x000000009a000000, 0x000000009a0ffff8, 0x000000009a100000| 99%| O|  |TAMS 0x000000009a000000| PB 0x000000009a000000| Untracked |  0
| 417|0x000000009a100000, 0x000000009a1fffb8, 0x000000009a200000| 99%| O|  |TAMS 0x000000009a100000| PB 0x000000009a100000| Untracked |  0
| 418|0x000000009a200000, 0x000000009a2ffff8, 0x000000009a300000| 99%| O|  |TAMS 0x000000009a200000| PB 0x000000009a200000| Untracked |  0
| 419|0x000000009a300000, 0x000000009a3ffff8, 0x000000009a400000| 99%| O|  |TAMS 0x000000009a300000| PB 0x000000009a300000| Untracked |  0
| 420|0x000000009a400000, 0x000000009a500000, 0x000000009a500000|100%|HS|  |TAMS 0x000000009a400000| PB 0x000000009a400000| Untracked |  0
| 421|0x000000009a500000, 0x000000009a5fffe8, 0x000000009a600000| 99%| O|  |TAMS 0x000000009a500000| PB 0x000000009a500000| Untracked |  0
| 422|0x000000009a600000, 0x000000009a6fffb8, 0x000000009a700000| 99%| O|  |TAMS 0x000000009a600000| PB 0x000000009a600000| Untracked |  0
| 423|0x000000009a700000, 0x000000009a7fffe8, 0x000000009a800000| 99%| O|  |TAMS 0x000000009a700000| PB 0x000000009a700000| Untracked |  0
| 424|0x000000009a800000, 0x000000009a900000, 0x000000009a900000|100%|HS|  |TAMS 0x000000009a800000| PB 0x000000009a800000| Complete |  0
| 425|0x000000009a900000, 0x000000009a9ffff0, 0x000000009aa00000| 99%| O|  |TAMS 0x000000009a900000| PB 0x000000009a900000| Untracked |  0
| 426|0x000000009aa00000, 0x000000009aafffe8, 0x000000009ab00000| 99%| O|  |TAMS 0x000000009aa00000| PB 0x000000009aa00000| Untracked |  0
| 427|0x000000009ab00000, 0x000000009abfe108, 0x000000009ac00000| 99%| O|  |TAMS 0x000000009ab00000| PB 0x000000009ab00000| Untracked |  0
| 428|0x000000009ac00000, 0x000000009acfffb8, 0x000000009ad00000| 99%| O|  |TAMS 0x000000009ac00000| PB 0x000000009ac00000| Untracked |  0
| 429|0x000000009ad00000, 0x000000009adffff8, 0x000000009ae00000| 99%| O|  |TAMS 0x000000009ad00000| PB 0x000000009ad00000| Untracked |  0
| 430|0x000000009ae00000, 0x000000009aeffff0, 0x000000009af00000| 99%| O|  |TAMS 0x000000009ae00000| PB 0x000000009ae00000| Untracked |  0
| 431|0x000000009af00000, 0x000000009affffe8, 0x000000009b000000| 99%| O|  |TAMS 0x000000009af00000| PB 0x000000009af00000| Untracked |  0
| 432|0x000000009b000000, 0x000000009b0ffff0, 0x000000009b100000| 99%| O|  |TAMS 0x000000009b000000| PB 0x000000009b000000| Untracked |  0
| 433|0x000000009b100000, 0x000000009b1ffff8, 0x000000009b200000| 99%| O|  |TAMS 0x000000009b100000| PB 0x000000009b100000| Untracked |  0
| 434|0x000000009b200000, 0x000000009b2fffd0, 0x000000009b300000| 99%| O|  |TAMS 0x000000009b200000| PB 0x000000009b200000| Untracked |  0
| 435|0x000000009b300000, 0x000000009b400000, 0x000000009b400000|100%| O|  |TAMS 0x000000009b300000| PB 0x000000009b300000| Untracked |  0
| 436|0x000000009b400000, 0x000000009b4fe640, 0x000000009b500000| 99%| O|  |TAMS 0x000000009b400000| PB 0x000000009b400000| Untracked |  0
| 437|0x000000009b500000, 0x000000009b5ffff8, 0x000000009b600000| 99%| O|  |TAMS 0x000000009b500000| PB 0x000000009b500000| Untracked |  0
| 438|0x000000009b600000, 0x000000009b700000, 0x000000009b700000|100%| O|  |TAMS 0x000000009b600000| PB 0x000000009b600000| Untracked |  0
| 439|0x000000009b700000, 0x000000009b7ffe98, 0x000000009b800000| 99%| O|  |TAMS 0x000000009b700000| PB 0x000000009b700000| Untracked |  0
| 440|0x000000009b800000, 0x000000009b900000, 0x000000009b900000|100%| O|  |TAMS 0x000000009b800000| PB 0x000000009b800000| Untracked |  0
| 441|0x000000009b900000, 0x000000009b9ffff8, 0x000000009ba00000| 99%| O|  |TAMS 0x000000009b900000| PB 0x000000009b900000| Untracked |  0
| 442|0x000000009ba00000, 0x000000009bb00000, 0x000000009bb00000|100%| O|  |TAMS 0x000000009ba00000| PB 0x000000009ba00000| Untracked |  0
| 443|0x000000009bb00000, 0x000000009bbfffe8, 0x000000009bc00000| 99%| O|  |TAMS 0x000000009bb00000| PB 0x000000009bb00000| Untracked |  0
| 444|0x000000009bc00000, 0x000000009bcffff8, 0x000000009bd00000| 99%| O|  |TAMS 0x000000009bc00000| PB 0x000000009bc00000| Untracked |  0
| 445|0x000000009bd00000, 0x000000009bdffff8, 0x000000009be00000| 99%| O|  |TAMS 0x000000009bd00000| PB 0x000000009bd00000| Untracked |  0
| 446|0x000000009be00000, 0x000000009befeb38, 0x000000009bf00000| 99%| O|  |TAMS 0x000000009be00000| PB 0x000000009be00000| Untracked |  0
| 447|0x000000009bf00000, 0x000000009c000000, 0x000000009c000000|100%| O|  |TAMS 0x000000009bf00000| PB 0x000000009bf00000| Untracked |  0
| 448|0x000000009c000000, 0x000000009c0fcde0, 0x000000009c100000| 98%| O|  |TAMS 0x000000009c000000| PB 0x000000009c000000| Untracked |  0
| 449|0x000000009c100000, 0x000000009c1fffc8, 0x000000009c200000| 99%| O|  |TAMS 0x000000009c100000| PB 0x000000009c100000| Untracked |  0
| 450|0x000000009c200000, 0x000000009c2ffff8, 0x000000009c300000| 99%| O|  |TAMS 0x000000009c200000| PB 0x000000009c200000| Untracked |  0
| 451|0x000000009c300000, 0x000000009c3fffe8, 0x000000009c400000| 99%| O|  |TAMS 0x000000009c300000| PB 0x000000009c300000| Untracked |  0
| 452|0x000000009c400000, 0x000000009c4fc1e0, 0x000000009c500000| 98%| O|  |TAMS 0x000000009c400000| PB 0x000000009c400000| Untracked |  0
| 453|0x000000009c500000, 0x000000009c600000, 0x000000009c600000|100%| O|  |TAMS 0x000000009c500000| PB 0x000000009c500000| Untracked |  0
| 454|0x000000009c600000, 0x000000009c700000, 0x000000009c700000|100%| O|  |TAMS 0x000000009c600000| PB 0x000000009c600000| Untracked |  0
| 455|0x000000009c700000, 0x000000009c7ffff0, 0x000000009c800000| 99%| O|  |TAMS 0x000000009c700000| PB 0x000000009c700000| Untracked |  0
| 456|0x000000009c800000, 0x000000009c8ffaa0, 0x000000009c900000| 99%| O|  |TAMS 0x000000009c800000| PB 0x000000009c800000| Untracked |  0
| 457|0x000000009c900000, 0x000000009c9fffe0, 0x000000009ca00000| 99%| O|  |TAMS 0x000000009c900000| PB 0x000000009c900000| Untracked |  0
| 458|0x000000009ca00000, 0x000000009cafffc8, 0x000000009cb00000| 99%| O|  |TAMS 0x000000009ca00000| PB 0x000000009ca00000| Untracked |  0
| 459|0x000000009cb00000, 0x000000009cbff0e8, 0x000000009cc00000| 99%| O|  |TAMS 0x000000009cb00000| PB 0x000000009cb00000| Untracked |  0
| 460|0x000000009cc00000, 0x000000009ccffff0, 0x000000009cd00000| 99%| O|  |TAMS 0x000000009cc00000| PB 0x000000009cc00000| Untracked |  0
| 461|0x000000009cd00000, 0x000000009cdffff0, 0x000000009ce00000| 99%| O|  |TAMS 0x000000009cd00000| PB 0x000000009cd00000| Untracked |  0
| 462|0x000000009ce00000, 0x000000009cefffe0, 0x000000009cf00000| 99%| O|  |TAMS 0x000000009ce00000| PB 0x000000009ce00000| Untracked |  0
| 463|0x000000009cf00000, 0x000000009d000000, 0x000000009d000000|100%| O|  |TAMS 0x000000009cf00000| PB 0x000000009cf00000| Untracked |  0
| 464|0x000000009d000000, 0x000000009d0ffff8, 0x000000009d100000| 99%| O|  |TAMS 0x000000009d000000| PB 0x000000009d000000| Untracked |  0
| 465|0x000000009d100000, 0x000000009d200000, 0x000000009d200000|100%| O|  |TAMS 0x000000009d100000| PB 0x000000009d100000| Untracked |  0
| 466|0x000000009d200000, 0x000000009d2ffff8, 0x000000009d300000| 99%| O|  |TAMS 0x000000009d200000| PB 0x000000009d200000| Untracked |  0
| 467|0x000000009d300000, 0x000000009d400000, 0x000000009d400000|100%| O|  |TAMS 0x000000009d300000| PB 0x000000009d300000| Untracked |  0
| 468|0x000000009d400000, 0x000000009d4fffd0, 0x000000009d500000| 99%| O|  |TAMS 0x000000009d400000| PB 0x000000009d400000| Untracked |  0
| 469|0x000000009d500000, 0x000000009d5fffc0, 0x000000009d600000| 99%| O|  |TAMS 0x000000009d500000| PB 0x000000009d500000| Untracked |  0
| 470|0x000000009d600000, 0x000000009d6ffff0, 0x000000009d700000| 99%| O|  |TAMS 0x000000009d600000| PB 0x000000009d600000| Untracked |  0
| 471|0x000000009d700000, 0x000000009d800000, 0x000000009d800000|100%| O|  |TAMS 0x000000009d700000| PB 0x000000009d700000| Untracked |  0
| 472|0x000000009d800000, 0x000000009d8fffe8, 0x000000009d900000| 99%| O|  |TAMS 0x000000009d800000| PB 0x000000009d800000| Untracked |  0
| 473|0x000000009d900000, 0x000000009d9ffff0, 0x000000009da00000| 99%| O|  |TAMS 0x000000009d900000| PB 0x000000009d900000| Untracked |  0
| 474|0x000000009da00000, 0x000000009daffe98, 0x000000009db00000| 99%| O|  |TAMS 0x000000009da00000| PB 0x000000009da00000| Untracked |  0
| 475|0x000000009db00000, 0x000000009dbfffe8, 0x000000009dc00000| 99%| O|  |TAMS 0x000000009db00000| PB 0x000000009db00000| Untracked |  0
| 476|0x000000009dc00000, 0x000000009dcfdb38, 0x000000009dd00000| 99%| O|  |TAMS 0x000000009dc00000| PB 0x000000009dc00000| Untracked |  0
| 477|0x000000009dd00000, 0x000000009ddffff8, 0x000000009de00000| 99%| O|  |TAMS 0x000000009dd00000| PB 0x000000009dd00000| Untracked |  0
| 478|0x000000009de00000, 0x000000009df00000, 0x000000009df00000|100%| O|  |TAMS 0x000000009de00000| PB 0x000000009de00000| Untracked |  0
| 479|0x000000009df00000, 0x000000009e000000, 0x000000009e000000|100%| O|  |TAMS 0x000000009df00000| PB 0x000000009df00000| Untracked |  0
| 480|0x000000009e000000, 0x000000009e0ffff0, 0x000000009e100000| 99%| O|  |TAMS 0x000000009e000000| PB 0x000000009e000000| Untracked |  0
| 481|0x000000009e100000, 0x000000009e1fc4b8, 0x000000009e200000| 98%| O|  |TAMS 0x000000009e100000| PB 0x000000009e100000| Untracked |  0
| 482|0x000000009e200000, 0x000000009e2ffe90, 0x000000009e300000| 99%| O|  |TAMS 0x000000009e200000| PB 0x000000009e200000| Untracked |  0
| 483|0x000000009e300000, 0x000000009e400000, 0x000000009e400000|100%| O|  |TAMS 0x000000009e300000| PB 0x000000009e300000| Untracked |  0
| 484|0x000000009e400000, 0x000000009e4fffe0, 0x000000009e500000| 99%| O|  |TAMS 0x000000009e400000| PB 0x000000009e400000| Untracked |  0
| 485|0x000000009e500000, 0x000000009e600000, 0x000000009e600000|100%| O|  |TAMS 0x000000009e500000| PB 0x000000009e500000| Untracked |  0
| 486|0x000000009e600000, 0x000000009e6ffff8, 0x000000009e700000| 99%| O|  |TAMS 0x000000009e600000| PB 0x000000009e600000| Untracked |  0
| 487|0x000000009e700000, 0x000000009e800000, 0x000000009e800000|100%| O|  |TAMS 0x000000009e700000| PB 0x000000009e700000| Untracked |  0
| 488|0x000000009e800000, 0x000000009e900000, 0x000000009e900000|100%| O|  |TAMS 0x000000009e800000| PB 0x000000009e800000| Untracked |  0
| 489|0x000000009e900000, 0x000000009ea00000, 0x000000009ea00000|100%| O|  |TAMS 0x000000009e900000| PB 0x000000009e900000| Untracked |  0
| 490|0x000000009ea00000, 0x000000009eb00000, 0x000000009eb00000|100%|HS|  |TAMS 0x000000009ea00000| PB 0x000000009ea00000| Untracked |  0
| 491|0x000000009eb00000, 0x000000009ebffff8, 0x000000009ec00000| 99%| O|  |TAMS 0x000000009eb00000| PB 0x000000009eb00000| Untracked |  0
| 492|0x000000009ec00000, 0x000000009ed00000, 0x000000009ed00000|100%| O|  |TAMS 0x000000009ec00000| PB 0x000000009ec00000| Untracked |  0
| 493|0x000000009ed00000, 0x000000009ee00000, 0x000000009ee00000|100%| O|  |TAMS 0x000000009ed00000| PB 0x000000009ed00000| Untracked |  0
| 494|0x000000009ee00000, 0x000000009ef00000, 0x000000009ef00000|100%| O|  |TAMS 0x000000009ee00000| PB 0x000000009ee00000| Untracked |  0
| 495|0x000000009ef00000, 0x000000009effffe8, 0x000000009f000000| 99%| O|  |TAMS 0x000000009ef00000| PB 0x000000009ef00000| Untracked |  0
| 496|0x000000009f000000, 0x000000009f0fffe8, 0x000000009f100000| 99%| O|  |TAMS 0x000000009f000000| PB 0x000000009f000000| Untracked |  0
| 497|0x000000009f100000, 0x000000009f1fff50, 0x000000009f200000| 99%| O|  |TAMS 0x000000009f100000| PB 0x000000009f100000| Untracked |  0
| 498|0x000000009f200000, 0x000000009f2ff440, 0x000000009f300000| 99%| O|  |TAMS 0x000000009f200000| PB 0x000000009f200000| Untracked |  0
| 499|0x000000009f300000, 0x000000009f3ff0f8, 0x000000009f400000| 99%| O|  |TAMS 0x000000009f300000| PB 0x000000009f300000| Untracked |  0
| 500|0x000000009f400000, 0x000000009f4fffc8, 0x000000009f500000| 99%| O|  |TAMS 0x000000009f400000| PB 0x000000009f400000| Untracked |  0
| 501|0x000000009f500000, 0x000000009f600000, 0x000000009f600000|100%| O|  |TAMS 0x000000009f500000| PB 0x000000009f500000| Untracked |  0
| 502|0x000000009f600000, 0x000000009f700000, 0x000000009f700000|100%| O|  |TAMS 0x000000009f600000| PB 0x000000009f600000| Untracked |  0
| 503|0x000000009f700000, 0x000000009f7ffff8, 0x000000009f800000| 99%| O|  |TAMS 0x000000009f700000| PB 0x000000009f700000| Untracked |  0
| 504|0x000000009f800000, 0x000000009f8fffe8, 0x000000009f900000| 99%| O|  |TAMS 0x000000009f800000| PB 0x000000009f800000| Untracked |  0
| 505|0x000000009f900000, 0x000000009fa00000, 0x000000009fa00000|100%| O|  |TAMS 0x000000009f900000| PB 0x000000009f900000| Untracked |  0
| 506|0x000000009fa00000, 0x000000009faffff0, 0x000000009fb00000| 99%| O|  |TAMS 0x000000009fa00000| PB 0x000000009fa00000| Untracked |  0
| 507|0x000000009fb00000, 0x000000009fbffff8, 0x000000009fc00000| 99%| O|  |TAMS 0x000000009fb00000| PB 0x000000009fb00000| Untracked |  0
| 508|0x000000009fc00000, 0x000000009fcffff0, 0x000000009fd00000| 99%| O|  |TAMS 0x000000009fc00000| PB 0x000000009fc00000| Untracked |  0
| 509|0x000000009fd00000, 0x000000009fe00000, 0x000000009fe00000|100%| O|  |TAMS 0x000000009fd00000| PB 0x000000009fd00000| Untracked |  0
| 510|0x000000009fe00000, 0x000000009fefffd8, 0x000000009ff00000| 99%| O|Cm|TAMS 0x000000009fe00000| PB 0x000000009fe00000| Complete |  0
| 511|0x000000009ff00000, 0x00000000a0000000, 0x00000000a0000000|100%| O|  |TAMS 0x000000009ff00000| PB 0x000000009ff00000| Untracked |  0
| 512|0x00000000a0000000, 0x00000000a00f6bd8, 0x00000000a0100000| 96%| O|  |TAMS 0x00000000a0000000| PB 0x00000000a0000000| Untracked |  0
| 513|0x00000000a0100000, 0x00000000a01f5098, 0x00000000a0200000| 95%| O|  |TAMS 0x00000000a0100000| PB 0x00000000a0100000| Untracked |  0
| 514|0x00000000a0200000, 0x00000000a0300000, 0x00000000a0300000|100%| O|  |TAMS 0x00000000a0200000| PB 0x00000000a0200000| Untracked |  0
| 515|0x00000000a0300000, 0x00000000a0400000, 0x00000000a0400000|100%| O|  |TAMS 0x00000000a0300000| PB 0x00000000a0300000| Untracked |  0
| 516|0x00000000a0400000, 0x00000000a04ffe90, 0x00000000a0500000| 99%| O|  |TAMS 0x00000000a0400000| PB 0x00000000a0400000| Untracked |  0
| 517|0x00000000a0500000, 0x00000000a05ffff0, 0x00000000a0600000| 99%| O|Cm|TAMS 0x00000000a0500000| PB 0x00000000a0500000| Complete |  0
| 518|0x00000000a0600000, 0x00000000a06ffff8, 0x00000000a0700000| 99%| O|  |TAMS 0x00000000a0600000| PB 0x00000000a0600000| Untracked |  0
| 519|0x00000000a0700000, 0x00000000a07fffc0, 0x00000000a0800000| 99%| O|  |TAMS 0x00000000a0700000| PB 0x00000000a0700000| Untracked |  0
| 520|0x00000000a0800000, 0x00000000a0900000, 0x00000000a0900000|100%|HS|  |TAMS 0x00000000a0800000| PB 0x00000000a0800000| Complete |  0
| 521|0x00000000a0900000, 0x00000000a0a00000, 0x00000000a0a00000|100%|HC|  |TAMS 0x00000000a0900000| PB 0x00000000a0900000| Complete |  0
| 522|0x00000000a0a00000, 0x00000000a0b00000, 0x00000000a0b00000|100%|HS|  |TAMS 0x00000000a0a00000| PB 0x00000000a0a00000| Untracked |  0
| 523|0x00000000a0b00000, 0x00000000a0b00000, 0x00000000a0c00000|  0%| F|  |TAMS 0x00000000a0b00000| PB 0x00000000a0b00000| Untracked |  0
| 524|0x00000000a0c00000, 0x00000000a0cffff0, 0x00000000a0d00000| 99%| O|  |TAMS 0x00000000a0c00000| PB 0x00000000a0c00000| Untracked |  0
| 525|0x00000000a0d00000, 0x00000000a0d00000, 0x00000000a0e00000|  0%| F|  |TAMS 0x00000000a0d00000| PB 0x00000000a0d00000| Untracked |  0
| 526|0x00000000a0e00000, 0x00000000a0efffd8, 0x00000000a0f00000| 99%| O|  |TAMS 0x00000000a0e00000| PB 0x00000000a0e00000| Untracked |  0
| 527|0x00000000a0f00000, 0x00000000a1000000, 0x00000000a1000000|100%|HS|  |TAMS 0x00000000a0f00000| PB 0x00000000a0f00000| Complete |  0
| 528|0x00000000a1000000, 0x00000000a10ffff8, 0x00000000a1100000| 99%| O|  |TAMS 0x00000000a1000000| PB 0x00000000a1000000| Untracked |  0
| 529|0x00000000a1100000, 0x00000000a11fffd8, 0x00000000a1200000| 99%| O|  |TAMS 0x00000000a1100000| PB 0x00000000a1100000| Untracked |  0
| 530|0x00000000a1200000, 0x00000000a1200000, 0x00000000a1300000|  0%| F|  |TAMS 0x00000000a1200000| PB 0x00000000a1200000| Untracked |  0
| 531|0x00000000a1300000, 0x00000000a1400000, 0x00000000a1400000|100%|HS|  |TAMS 0x00000000a1300000| PB 0x00000000a1300000| Complete |  0
| 532|0x00000000a1400000, 0x00000000a14ffff8, 0x00000000a1500000| 99%| O|Cm|TAMS 0x00000000a1400000| PB 0x00000000a1400000| Complete |  0
| 533|0x00000000a1500000, 0x00000000a15ffff8, 0x00000000a1600000| 99%| O|  |TAMS 0x00000000a1500000| PB 0x00000000a1500000| Untracked |  0
| 534|0x00000000a1600000, 0x00000000a16ffff0, 0x00000000a1700000| 99%| O|  |TAMS 0x00000000a1600000| PB 0x00000000a1600000| Untracked |  0
| 535|0x00000000a1700000, 0x00000000a17ffff8, 0x00000000a1800000| 99%| O|Cm|TAMS 0x00000000a1700000| PB 0x00000000a1700000| Complete |  0
| 536|0x00000000a1800000, 0x00000000a1900000, 0x00000000a1900000|100%| O|  |TAMS 0x00000000a1800000| PB 0x00000000a1800000| Untracked |  0
| 537|0x00000000a1900000, 0x00000000a19fddb8, 0x00000000a1a00000| 99%| O|  |TAMS 0x00000000a1900000| PB 0x00000000a1900000| Untracked |  0
| 538|0x00000000a1a00000, 0x00000000a1afffe8, 0x00000000a1b00000| 99%| O|  |TAMS 0x00000000a1a00000| PB 0x00000000a1a00000| Untracked |  0
| 539|0x00000000a1b00000, 0x00000000a1bffff0, 0x00000000a1c00000| 99%| O|  |TAMS 0x00000000a1b00000| PB 0x00000000a1b00000| Untracked |  0
| 540|0x00000000a1c00000, 0x00000000a1d00000, 0x00000000a1d00000|100%| O|  |TAMS 0x00000000a1c00000| PB 0x00000000a1c00000| Untracked |  0
| 541|0x00000000a1d00000, 0x00000000a1dfffd0, 0x00000000a1e00000| 99%| O|  |TAMS 0x00000000a1d00000| PB 0x00000000a1d00000| Untracked |  0
| 542|0x00000000a1e00000, 0x00000000a1f00000, 0x00000000a1f00000|100%| O|  |TAMS 0x00000000a1e00000| PB 0x00000000a1e00000| Untracked |  0
| 543|0x00000000a1f00000, 0x00000000a1ffffb0, 0x00000000a2000000| 99%| O|  |TAMS 0x00000000a1f00000| PB 0x00000000a1f00000| Untracked |  0
| 544|0x00000000a2000000, 0x00000000a20fffe8, 0x00000000a2100000| 99%| O|  |TAMS 0x00000000a2000000| PB 0x00000000a2000000| Untracked |  0
| 545|0x00000000a2100000, 0x00000000a21ffff0, 0x00000000a2200000| 99%| O|  |TAMS 0x00000000a2100000| PB 0x00000000a2100000| Untracked |  0
| 546|0x00000000a2200000, 0x00000000a22ffff0, 0x00000000a2300000| 99%| O|  |TAMS 0x00000000a2200000| PB 0x00000000a2200000| Untracked |  0
| 547|0x00000000a2300000, 0x00000000a23ffff8, 0x00000000a2400000| 99%| O|  |TAMS 0x00000000a2300000| PB 0x00000000a2300000| Untracked |  0
| 548|0x00000000a2400000, 0x00000000a24fffc0, 0x00000000a2500000| 99%| O|  |TAMS 0x00000000a2400000| PB 0x00000000a2400000| Untracked |  0
| 549|0x00000000a2500000, 0x00000000a25ffff8, 0x00000000a2600000| 99%| O|  |TAMS 0x00000000a2500000| PB 0x00000000a2500000| Untracked |  0
| 550|0x00000000a2600000, 0x00000000a268c310, 0x00000000a2700000| 54%| O|  |TAMS 0x00000000a2600000| PB 0x00000000a2600000| Untracked |  0
| 551|0x00000000a2700000, 0x00000000a2772018, 0x00000000a2800000| 44%| O|  |TAMS 0x00000000a2700000| PB 0x00000000a2700000| Untracked |  0
| 552|0x00000000a2800000, 0x00000000a28fffe8, 0x00000000a2900000| 99%| O|  |TAMS 0x00000000a2800000| PB 0x00000000a2800000| Untracked |  0
| 553|0x00000000a2900000, 0x00000000a2900000, 0x00000000a2a00000|  0%| F|  |TAMS 0x00000000a2900000| PB 0x00000000a2900000| Untracked |  0
| 554|0x00000000a2a00000, 0x00000000a2ab26d0, 0x00000000a2b00000| 69%| O|  |TAMS 0x00000000a2a00000| PB 0x00000000a2a00000| Untracked |  0
| 555|0x00000000a2b00000, 0x00000000a2be28c0, 0x00000000a2c00000| 88%| O|  |TAMS 0x00000000a2b00000| PB 0x00000000a2b00000| Untracked |  0
| 556|0x00000000a2c00000, 0x00000000a2d00000, 0x00000000a2d00000|100%|HS|  |TAMS 0x00000000a2c00000| PB 0x00000000a2c00000| Untracked |  0
| 557|0x00000000a2d00000, 0x00000000a2e00000, 0x00000000a2e00000|100%|HS|  |TAMS 0x00000000a2d00000| PB 0x00000000a2d00000| Complete |  0
| 558|0x00000000a2e00000, 0x00000000a2f00000, 0x00000000a2f00000|100%|HS|  |TAMS 0x00000000a2e00000| PB 0x00000000a2e00000| Complete |  0
| 559|0x00000000a2f00000, 0x00000000a3000000, 0x00000000a3000000|100%|HC|  |TAMS 0x00000000a2f00000| PB 0x00000000a2f00000| Complete |  0
| 560|0x00000000a3000000, 0x00000000a3100000, 0x00000000a3100000|100%|HC|  |TAMS 0x00000000a3000000| PB 0x00000000a3000000| Complete |  0
| 561|0x00000000a3100000, 0x00000000a3200000, 0x00000000a3200000|100%|HC|  |TAMS 0x00000000a3100000| PB 0x00000000a3100000| Complete |  0
| 562|0x00000000a3200000, 0x00000000a3285108, 0x00000000a3300000| 51%| O|  |TAMS 0x00000000a3200000| PB 0x00000000a3200000| Untracked |  0
| 563|0x00000000a3300000, 0x00000000a33a1490, 0x00000000a3400000| 63%| O|  |TAMS 0x00000000a3300000| PB 0x00000000a3300000| Untracked |  0
| 564|0x00000000a3400000, 0x00000000a3500000, 0x00000000a3500000|100%|HS|  |TAMS 0x00000000a3400000| PB 0x00000000a3400000| Complete |  0
| 565|0x00000000a3500000, 0x00000000a3600000, 0x00000000a3600000|100%|HC|  |TAMS 0x00000000a3500000| PB 0x00000000a3500000| Complete |  0
| 566|0x00000000a3600000, 0x00000000a3700000, 0x00000000a3700000|100%| O|  |TAMS 0x00000000a3600000| PB 0x00000000a3600000| Untracked |  0
| 567|0x00000000a3700000, 0x00000000a3800000, 0x00000000a3800000|100%| O|  |TAMS 0x00000000a3700000| PB 0x00000000a3700000| Untracked |  0
| 568|0x00000000a3800000, 0x00000000a3900000, 0x00000000a3900000|100%| O|  |TAMS 0x00000000a3800000| PB 0x00000000a3800000| Untracked |  0
| 569|0x00000000a3900000, 0x00000000a399e8d0, 0x00000000a3a00000| 61%| O|  |TAMS 0x00000000a3900000| PB 0x00000000a3900000| Untracked |  0
| 570|0x00000000a3a00000, 0x00000000a3b00000, 0x00000000a3b00000|100%| O|  |TAMS 0x00000000a3a00000| PB 0x00000000a3a00000| Untracked |  0
| 571|0x00000000a3b00000, 0x00000000a3b00000, 0x00000000a3c00000|  0%| F|  |TAMS 0x00000000a3b00000| PB 0x00000000a3b00000| Untracked |  0
| 572|0x00000000a3c00000, 0x00000000a3d00000, 0x00000000a3d00000|100%| O|  |TAMS 0x00000000a3c00000| PB 0x00000000a3c00000| Untracked |  0
| 573|0x00000000a3d00000, 0x00000000a3e00000, 0x00000000a3e00000|100%| O|  |TAMS 0x00000000a3d00000| PB 0x00000000a3d00000| Untracked |  0
| 574|0x00000000a3e00000, 0x00000000a3efa8e0, 0x00000000a3f00000| 97%| O|  |TAMS 0x00000000a3e00000| PB 0x00000000a3e00000| Untracked |  0
| 575|0x00000000a3f00000, 0x00000000a3fa0720, 0x00000000a4000000| 62%| O|  |TAMS 0x00000000a3f00000| PB 0x00000000a3f00000| Untracked |  0
| 576|0x00000000a4000000, 0x00000000a40b1a40, 0x00000000a4100000| 69%| O|  |TAMS 0x00000000a4000000| PB 0x00000000a4000000| Untracked |  0
| 577|0x00000000a4100000, 0x00000000a4200000, 0x00000000a4200000|100%|HS|  |TAMS 0x00000000a4100000| PB 0x00000000a4100000| Complete |  0
| 578|0x00000000a4200000, 0x00000000a4300000, 0x00000000a4300000|100%|HC|  |TAMS 0x00000000a4200000| PB 0x00000000a4200000| Complete |  0
| 579|0x00000000a4300000, 0x00000000a4400000, 0x00000000a4400000|100%|HS|  |TAMS 0x00000000a4300000| PB 0x00000000a4300000| Complete |  0
| 580|0x00000000a4400000, 0x00000000a4500000, 0x00000000a4500000|100%|HC|  |TAMS 0x00000000a4400000| PB 0x00000000a4400000| Complete |  0
| 581|0x00000000a4500000, 0x00000000a4600000, 0x00000000a4600000|100%|HS|  |TAMS 0x00000000a4500000| PB 0x00000000a4500000| Complete |  0
| 582|0x00000000a4600000, 0x00000000a4700000, 0x00000000a4700000|100%|HC|  |TAMS 0x00000000a4600000| PB 0x00000000a4600000| Complete |  0
| 583|0x00000000a4700000, 0x00000000a4800000, 0x00000000a4800000|100%|HS|  |TAMS 0x00000000a4700000| PB 0x00000000a4700000| Complete |  0
| 584|0x00000000a4800000, 0x00000000a4900000, 0x00000000a4900000|100%|HC|  |TAMS 0x00000000a4800000| PB 0x00000000a4800000| Complete |  0
| 585|0x00000000a4900000, 0x00000000a4a00000, 0x00000000a4a00000|100%|HS|  |TAMS 0x00000000a4900000| PB 0x00000000a4900000| Complete |  0
| 586|0x00000000a4a00000, 0x00000000a4b00000, 0x00000000a4b00000|100%|HC|  |TAMS 0x00000000a4a00000| PB 0x00000000a4a00000| Complete |  0
| 587|0x00000000a4b00000, 0x00000000a4c00000, 0x00000000a4c00000|100%|HS|  |TAMS 0x00000000a4b00000| PB 0x00000000a4b00000| Complete |  0
| 588|0x00000000a4c00000, 0x00000000a4d00000, 0x00000000a4d00000|100%|HC|  |TAMS 0x00000000a4c00000| PB 0x00000000a4c00000| Complete |  0
| 589|0x00000000a4d00000, 0x00000000a4e00000, 0x00000000a4e00000|100%|HS|  |TAMS 0x00000000a4d00000| PB 0x00000000a4d00000| Complete |  0
| 590|0x00000000a4e00000, 0x00000000a4f00000, 0x00000000a4f00000|100%|HC|  |TAMS 0x00000000a4e00000| PB 0x00000000a4e00000| Complete |  0
| 591|0x00000000a4f00000, 0x00000000a5000000, 0x00000000a5000000|100%|HS|  |TAMS 0x00000000a4f00000| PB 0x00000000a4f00000| Complete |  0
| 592|0x00000000a5000000, 0x00000000a5100000, 0x00000000a5100000|100%|HC|  |TAMS 0x00000000a5000000| PB 0x00000000a5000000| Complete |  0
| 593|0x00000000a5100000, 0x00000000a5100000, 0x00000000a5200000|  0%| F|  |TAMS 0x00000000a5100000| PB 0x00000000a5100000| Untracked |  0
| 594|0x00000000a5200000, 0x00000000a52ffff8, 0x00000000a5300000| 99%| O|  |TAMS 0x00000000a5200000| PB 0x00000000a5200000| Untracked |  0
| 595|0x00000000a5300000, 0x00000000a5400000, 0x00000000a5400000|100%|HS|  |TAMS 0x00000000a5300000| PB 0x00000000a5300000| Complete |  0
| 596|0x00000000a5400000, 0x00000000a5500000, 0x00000000a5500000|100%|HC|  |TAMS 0x00000000a5400000| PB 0x00000000a5400000| Complete |  0
| 597|0x00000000a5500000, 0x00000000a55ffff0, 0x00000000a5600000| 99%| O|  |TAMS 0x00000000a5500000| PB 0x00000000a5500000| Untracked |  0
| 598|0x00000000a5600000, 0x00000000a5700000, 0x00000000a5700000|100%|HS|  |TAMS 0x00000000a5600000| PB 0x00000000a5600000| Complete |  0
| 599|0x00000000a5700000, 0x00000000a5800000, 0x00000000a5800000|100%|HC|  |TAMS 0x00000000a5700000| PB 0x00000000a5700000| Complete |  0
| 600|0x00000000a5800000, 0x00000000a5900000, 0x00000000a5900000|100%|HS|  |TAMS 0x00000000a5800000| PB 0x00000000a5800000| Complete |  0
| 601|0x00000000a5900000, 0x00000000a5a00000, 0x00000000a5a00000|100%|HC|  |TAMS 0x00000000a5900000| PB 0x00000000a5900000| Complete |  0
| 602|0x00000000a5a00000, 0x00000000a5b00000, 0x00000000a5b00000|100%|HS|  |TAMS 0x00000000a5a00000| PB 0x00000000a5a00000| Complete |  0
| 603|0x00000000a5b00000, 0x00000000a5c00000, 0x00000000a5c00000|100%|HC|  |TAMS 0x00000000a5b00000| PB 0x00000000a5b00000| Complete |  0
| 604|0x00000000a5c00000, 0x00000000a5d00000, 0x00000000a5d00000|100%|HS|  |TAMS 0x00000000a5c00000| PB 0x00000000a5c00000| Complete |  0
| 605|0x00000000a5d00000, 0x00000000a5e00000, 0x00000000a5e00000|100%|HC|  |TAMS 0x00000000a5d00000| PB 0x00000000a5d00000| Complete |  0
| 606|0x00000000a5e00000, 0x00000000a5e00000, 0x00000000a5f00000|  0%| F|  |TAMS 0x00000000a5e00000| PB 0x00000000a5e00000| Untracked |  0
| 607|0x00000000a5f00000, 0x00000000a6000000, 0x00000000a6000000|100%|HS|  |TAMS 0x00000000a5f00000| PB 0x00000000a5f00000| Complete |  0
| 608|0x00000000a6000000, 0x00000000a6100000, 0x00000000a6100000|100%|HC|  |TAMS 0x00000000a6000000| PB 0x00000000a6000000| Complete |  0
| 609|0x00000000a6100000, 0x00000000a6200000, 0x00000000a6200000|100%|HC|  |TAMS 0x00000000a6100000| PB 0x00000000a6100000| Complete |  0
| 610|0x00000000a6200000, 0x00000000a6300000, 0x00000000a6300000|100%|HC|  |TAMS 0x00000000a6200000| PB 0x00000000a6200000| Complete |  0
| 611|0x00000000a6300000, 0x00000000a6400000, 0x00000000a6400000|100%|HC|  |TAMS 0x00000000a6300000| PB 0x00000000a6300000| Complete |  0
| 612|0x00000000a6400000, 0x00000000a6500000, 0x00000000a6500000|100%|HC|  |TAMS 0x00000000a6400000| PB 0x00000000a6400000| Complete |  0
| 613|0x00000000a6500000, 0x00000000a6500000, 0x00000000a6600000|  0%| F|  |TAMS 0x00000000a6500000| PB 0x00000000a6500000| Untracked |  0
| 614|0x00000000a6600000, 0x00000000a66ffff0, 0x00000000a6700000| 99%| O|  |TAMS 0x00000000a6600000| PB 0x00000000a6600000| Untracked |  0
| 615|0x00000000a6700000, 0x00000000a6800000, 0x00000000a6800000|100%|HS|  |TAMS 0x00000000a6700000| PB 0x00000000a6700000| Complete |  0
| 616|0x00000000a6800000, 0x00000000a6900000, 0x00000000a6900000|100%|HC|  |TAMS 0x00000000a6800000| PB 0x00000000a6800000| Complete |  0
| 617|0x00000000a6900000, 0x00000000a6a00000, 0x00000000a6a00000|100%|HS|  |TAMS 0x00000000a6900000| PB 0x00000000a6900000| Complete |  0
| 618|0x00000000a6a00000, 0x00000000a6b00000, 0x00000000a6b00000|100%|HC|  |TAMS 0x00000000a6a00000| PB 0x00000000a6a00000| Complete |  0
| 619|0x00000000a6b00000, 0x00000000a6c00000, 0x00000000a6c00000|100%|HS|  |TAMS 0x00000000a6b00000| PB 0x00000000a6b00000| Complete |  0
| 620|0x00000000a6c00000, 0x00000000a6d00000, 0x00000000a6d00000|100%|HC|  |TAMS 0x00000000a6c00000| PB 0x00000000a6c00000| Complete |  0
| 621|0x00000000a6d00000, 0x00000000a6e00000, 0x00000000a6e00000|100%|HS|  |TAMS 0x00000000a6d00000| PB 0x00000000a6d00000| Complete |  0
| 622|0x00000000a6e00000, 0x00000000a6f00000, 0x00000000a6f00000|100%|HC|  |TAMS 0x00000000a6e00000| PB 0x00000000a6e00000| Complete |  0
| 623|0x00000000a6f00000, 0x00000000a7000000, 0x00000000a7000000|100%|HS|  |TAMS 0x00000000a6f00000| PB 0x00000000a6f00000| Complete |  0
| 624|0x00000000a7000000, 0x00000000a7100000, 0x00000000a7100000|100%|HC|  |TAMS 0x00000000a7000000| PB 0x00000000a7000000| Complete |  0
| 625|0x00000000a7100000, 0x00000000a7200000, 0x00000000a7200000|100%|HS|  |TAMS 0x00000000a7100000| PB 0x00000000a7100000| Complete |  0
| 626|0x00000000a7200000, 0x00000000a7300000, 0x00000000a7300000|100%|HC|  |TAMS 0x00000000a7200000| PB 0x00000000a7200000| Complete |  0
| 627|0x00000000a7300000, 0x00000000a7300000, 0x00000000a7400000|  0%| F|  |TAMS 0x00000000a7300000| PB 0x00000000a7300000| Untracked |  0
| 628|0x00000000a7400000, 0x00000000a7400000, 0x00000000a7500000|  0%| F|  |TAMS 0x00000000a7400000| PB 0x00000000a7400000| Untracked |  0
| 629|0x00000000a7500000, 0x00000000a7500000, 0x00000000a7600000|  0%| F|  |TAMS 0x00000000a7500000| PB 0x00000000a7500000| Untracked |  0
| 630|0x00000000a7600000, 0x00000000a7600000, 0x00000000a7700000|  0%| F|  |TAMS 0x00000000a7600000| PB 0x00000000a7600000| Untracked |  0
| 631|0x00000000a7700000, 0x00000000a7700000, 0x00000000a7800000|  0%| F|  |TAMS 0x00000000a7700000| PB 0x00000000a7700000| Untracked |  0
| 632|0x00000000a7800000, 0x00000000a7800000, 0x00000000a7900000|  0%| F|  |TAMS 0x00000000a7800000| PB 0x00000000a7800000| Untracked |  0
| 633|0x00000000a7900000, 0x00000000a7900000, 0x00000000a7a00000|  0%| F|  |TAMS 0x00000000a7900000| PB 0x00000000a7900000| Untracked |  0
| 634|0x00000000a7a00000, 0x00000000a7a00000, 0x00000000a7b00000|  0%| F|  |TAMS 0x00000000a7a00000| PB 0x00000000a7a00000| Untracked |  0
| 635|0x00000000a7b00000, 0x00000000a7b00000, 0x00000000a7c00000|  0%| F|  |TAMS 0x00000000a7b00000| PB 0x00000000a7b00000| Untracked |  0
| 636|0x00000000a7c00000, 0x00000000a7c00000, 0x00000000a7d00000|  0%| F|  |TAMS 0x00000000a7c00000| PB 0x00000000a7c00000| Untracked |  0
| 637|0x00000000a7d00000, 0x00000000a7d00000, 0x00000000a7e00000|  0%| F|  |TAMS 0x00000000a7d00000| PB 0x00000000a7d00000| Untracked |  0
| 638|0x00000000a7e00000, 0x00000000a7e00000, 0x00000000a7f00000|  0%| F|  |TAMS 0x00000000a7e00000| PB 0x00000000a7e00000| Untracked |  0
| 639|0x00000000a7f00000, 0x00000000a7f00000, 0x00000000a8000000|  0%| F|  |TAMS 0x00000000a7f00000| PB 0x00000000a7f00000| Untracked |  0
| 640|0x00000000a8000000, 0x00000000a8000000, 0x00000000a8100000|  0%| F|  |TAMS 0x00000000a8000000| PB 0x00000000a8000000| Untracked |  0
| 641|0x00000000a8100000, 0x00000000a8100000, 0x00000000a8200000|  0%| F|  |TAMS 0x00000000a8100000| PB 0x00000000a8100000| Untracked |  0
| 642|0x00000000a8200000, 0x00000000a8200000, 0x00000000a8300000|  0%| F|  |TAMS 0x00000000a8200000| PB 0x00000000a8200000| Untracked |  0
| 643|0x00000000a8300000, 0x00000000a8300000, 0x00000000a8400000|  0%| F|  |TAMS 0x00000000a8300000| PB 0x00000000a8300000| Untracked |  0
| 644|0x00000000a8400000, 0x00000000a8400000, 0x00000000a8500000|  0%| F|  |TAMS 0x00000000a8400000| PB 0x00000000a8400000| Untracked |  0
| 645|0x00000000a8500000, 0x00000000a8500000, 0x00000000a8600000|  0%| F|  |TAMS 0x00000000a8500000| PB 0x00000000a8500000| Untracked |  0
| 646|0x00000000a8600000, 0x00000000a8600000, 0x00000000a8700000|  0%| F|  |TAMS 0x00000000a8600000| PB 0x00000000a8600000| Untracked |  0
| 647|0x00000000a8700000, 0x00000000a8700000, 0x00000000a8800000|  0%| F|  |TAMS 0x00000000a8700000| PB 0x00000000a8700000| Untracked |  0
| 648|0x00000000a8800000, 0x00000000a8800000, 0x00000000a8900000|  0%| F|  |TAMS 0x00000000a8800000| PB 0x00000000a8800000| Untracked |  0
| 649|0x00000000a8900000, 0x00000000a8900000, 0x00000000a8a00000|  0%| F|  |TAMS 0x00000000a8900000| PB 0x00000000a8900000| Untracked |  0
| 650|0x00000000a8a00000, 0x00000000a8a00000, 0x00000000a8b00000|  0%| F|  |TAMS 0x00000000a8a00000| PB 0x00000000a8a00000| Untracked |  0
| 651|0x00000000a8b00000, 0x00000000a8b00000, 0x00000000a8c00000|  0%| F|  |TAMS 0x00000000a8b00000| PB 0x00000000a8b00000| Untracked |  0
| 652|0x00000000a8c00000, 0x00000000a8c00000, 0x00000000a8d00000|  0%| F|  |TAMS 0x00000000a8c00000| PB 0x00000000a8c00000| Untracked |  0
| 653|0x00000000a8d00000, 0x00000000a8d00000, 0x00000000a8e00000|  0%| F|  |TAMS 0x00000000a8d00000| PB 0x00000000a8d00000| Untracked |  0
| 654|0x00000000a8e00000, 0x00000000a8e00000, 0x00000000a8f00000|  0%| F|  |TAMS 0x00000000a8e00000| PB 0x00000000a8e00000| Untracked |  0
| 655|0x00000000a8f00000, 0x00000000a8f00000, 0x00000000a9000000|  0%| F|  |TAMS 0x00000000a8f00000| PB 0x00000000a8f00000| Untracked |  0
| 656|0x00000000a9000000, 0x00000000a9000000, 0x00000000a9100000|  0%| F|  |TAMS 0x00000000a9000000| PB 0x00000000a9000000| Untracked |  0
| 657|0x00000000a9100000, 0x00000000a9100000, 0x00000000a9200000|  0%| F|  |TAMS 0x00000000a9100000| PB 0x00000000a9100000| Untracked |  0
| 658|0x00000000a9200000, 0x00000000a9200000, 0x00000000a9300000|  0%| F|  |TAMS 0x00000000a9200000| PB 0x00000000a9200000| Untracked |  0
| 659|0x00000000a9300000, 0x00000000a9300000, 0x00000000a9400000|  0%| F|  |TAMS 0x00000000a9300000| PB 0x00000000a9300000| Untracked |  0
| 660|0x00000000a9400000, 0x00000000a9400000, 0x00000000a9500000|  0%| F|  |TAMS 0x00000000a9400000| PB 0x00000000a9400000| Untracked |  0
| 661|0x00000000a9500000, 0x00000000a9500000, 0x00000000a9600000|  0%| F|  |TAMS 0x00000000a9500000| PB 0x00000000a9500000| Untracked |  0
| 662|0x00000000a9600000, 0x00000000a9700000, 0x00000000a9700000|100%|HS|  |TAMS 0x00000000a9600000| PB 0x00000000a9600000| Complete |  0
| 663|0x00000000a9700000, 0x00000000a9800000, 0x00000000a9800000|100%|HC|  |TAMS 0x00000000a9700000| PB 0x00000000a9700000| Complete |  0
| 664|0x00000000a9800000, 0x00000000a9800000, 0x00000000a9900000|  0%| F|  |TAMS 0x00000000a9800000| PB 0x00000000a9800000| Untracked |  0
| 665|0x00000000a9900000, 0x00000000a9900000, 0x00000000a9a00000|  0%| F|  |TAMS 0x00000000a9900000| PB 0x00000000a9900000| Untracked |  0
| 666|0x00000000a9a00000, 0x00000000a9a00000, 0x00000000a9b00000|  0%| F|  |TAMS 0x00000000a9a00000| PB 0x00000000a9a00000| Untracked |  0
| 667|0x00000000a9b00000, 0x00000000a9b00000, 0x00000000a9c00000|  0%| F|  |TAMS 0x00000000a9b00000| PB 0x00000000a9b00000| Untracked |  0
| 668|0x00000000a9c00000, 0x00000000a9c00000, 0x00000000a9d00000|  0%| F|  |TAMS 0x00000000a9c00000| PB 0x00000000a9c00000| Untracked |  0
| 669|0x00000000a9d00000, 0x00000000a9d00000, 0x00000000a9e00000|  0%| F|  |TAMS 0x00000000a9d00000| PB 0x00000000a9d00000| Untracked |  0
| 670|0x00000000a9e00000, 0x00000000a9e00000, 0x00000000a9f00000|  0%| F|  |TAMS 0x00000000a9e00000| PB 0x00000000a9e00000| Untracked |  0
| 671|0x00000000a9f00000, 0x00000000a9f00000, 0x00000000aa000000|  0%| F|  |TAMS 0x00000000a9f00000| PB 0x00000000a9f00000| Untracked |  0
| 672|0x00000000aa000000, 0x00000000aa000000, 0x00000000aa100000|  0%| F|  |TAMS 0x00000000aa000000| PB 0x00000000aa000000| Untracked |  0
| 673|0x00000000aa100000, 0x00000000aa100000, 0x00000000aa200000|  0%| F|  |TAMS 0x00000000aa100000| PB 0x00000000aa100000| Untracked |  0
| 674|0x00000000aa200000, 0x00000000aa200000, 0x00000000aa300000|  0%| F|  |TAMS 0x00000000aa200000| PB 0x00000000aa200000| Untracked |  0
| 675|0x00000000aa300000, 0x00000000aa300000, 0x00000000aa400000|  0%| F|  |TAMS 0x00000000aa300000| PB 0x00000000aa300000| Untracked |  0
| 676|0x00000000aa400000, 0x00000000aa400000, 0x00000000aa500000|  0%| F|  |TAMS 0x00000000aa400000| PB 0x00000000aa400000| Untracked |  0
| 677|0x00000000aa500000, 0x00000000aa500000, 0x00000000aa600000|  0%| F|  |TAMS 0x00000000aa500000| PB 0x00000000aa500000| Untracked |  0
| 678|0x00000000aa600000, 0x00000000aa600000, 0x00000000aa700000|  0%| F|  |TAMS 0x00000000aa600000| PB 0x00000000aa600000| Untracked |  0
| 679|0x00000000aa700000, 0x00000000aa700000, 0x00000000aa800000|  0%| F|  |TAMS 0x00000000aa700000| PB 0x00000000aa700000| Untracked |  0
| 680|0x00000000aa800000, 0x00000000aa800000, 0x00000000aa900000|  0%| F|  |TAMS 0x00000000aa800000| PB 0x00000000aa800000| Untracked |  0
| 681|0x00000000aa900000, 0x00000000aa900000, 0x00000000aaa00000|  0%| F|  |TAMS 0x00000000aa900000| PB 0x00000000aa900000| Untracked |  0
| 682|0x00000000aaa00000, 0x00000000aaa00000, 0x00000000aab00000|  0%| F|  |TAMS 0x00000000aaa00000| PB 0x00000000aaa00000| Untracked |  0
| 683|0x00000000aab00000, 0x00000000aab00000, 0x00000000aac00000|  0%| F|  |TAMS 0x00000000aab00000| PB 0x00000000aab00000| Untracked |  0
| 684|0x00000000aac00000, 0x00000000aac00000, 0x00000000aad00000|  0%| F|  |TAMS 0x00000000aac00000| PB 0x00000000aac00000| Untracked |  0
| 685|0x00000000aad00000, 0x00000000aad00000, 0x00000000aae00000|  0%| F|  |TAMS 0x00000000aad00000| PB 0x00000000aad00000| Untracked |  0
| 686|0x00000000aae00000, 0x00000000aae00000, 0x00000000aaf00000|  0%| F|  |TAMS 0x00000000aae00000| PB 0x00000000aae00000| Untracked |  0
| 687|0x00000000aaf00000, 0x00000000aaf00000, 0x00000000ab000000|  0%| F|  |TAMS 0x00000000aaf00000| PB 0x00000000aaf00000| Untracked |  0
| 688|0x00000000ab000000, 0x00000000ab000000, 0x00000000ab100000|  0%| F|  |TAMS 0x00000000ab000000| PB 0x00000000ab000000| Untracked |  0
| 689|0x00000000ab100000, 0x00000000ab100000, 0x00000000ab200000|  0%| F|  |TAMS 0x00000000ab100000| PB 0x00000000ab100000| Untracked |  0
| 690|0x00000000ab200000, 0x00000000ab200000, 0x00000000ab300000|  0%| F|  |TAMS 0x00000000ab200000| PB 0x00000000ab200000| Untracked |  0
| 691|0x00000000ab300000, 0x00000000ab300000, 0x00000000ab400000|  0%| F|  |TAMS 0x00000000ab300000| PB 0x00000000ab300000| Untracked |  0
| 692|0x00000000ab400000, 0x00000000ab400000, 0x00000000ab500000|  0%| F|  |TAMS 0x00000000ab400000| PB 0x00000000ab400000| Untracked |  0
| 693|0x00000000ab500000, 0x00000000ab500000, 0x00000000ab600000|  0%| F|  |TAMS 0x00000000ab500000| PB 0x00000000ab500000| Untracked |  0
| 694|0x00000000ab600000, 0x00000000ab600000, 0x00000000ab700000|  0%| F|  |TAMS 0x00000000ab600000| PB 0x00000000ab600000| Untracked |  0
| 695|0x00000000ab700000, 0x00000000ab700000, 0x00000000ab800000|  0%| F|  |TAMS 0x00000000ab700000| PB 0x00000000ab700000| Untracked |  0
| 696|0x00000000ab800000, 0x00000000ab800000, 0x00000000ab900000|  0%| F|  |TAMS 0x00000000ab800000| PB 0x00000000ab800000| Untracked |  0
| 697|0x00000000ab900000, 0x00000000ab900000, 0x00000000aba00000|  0%| F|  |TAMS 0x00000000ab900000| PB 0x00000000ab900000| Untracked |  0
| 698|0x00000000aba00000, 0x00000000aba00000, 0x00000000abb00000|  0%| F|  |TAMS 0x00000000aba00000| PB 0x00000000aba00000| Untracked |  0
| 699|0x00000000abb00000, 0x00000000abb00000, 0x00000000abc00000|  0%| F|  |TAMS 0x00000000abb00000| PB 0x00000000abb00000| Untracked |  0
| 700|0x00000000abc00000, 0x00000000abc00000, 0x00000000abd00000|  0%| F|  |TAMS 0x00000000abc00000| PB 0x00000000abc00000| Untracked |  0
| 701|0x00000000abd00000, 0x00000000abd00000, 0x00000000abe00000|  0%| F|  |TAMS 0x00000000abd00000| PB 0x00000000abd00000| Untracked |  0
| 702|0x00000000abe00000, 0x00000000abe00000, 0x00000000abf00000|  0%| F|  |TAMS 0x00000000abe00000| PB 0x00000000abe00000| Untracked |  0
| 703|0x00000000abf00000, 0x00000000abf00000, 0x00000000ac000000|  0%| F|  |TAMS 0x00000000abf00000| PB 0x00000000abf00000| Untracked |  0
| 704|0x00000000ac000000, 0x00000000ac000000, 0x00000000ac100000|  0%| F|  |TAMS 0x00000000ac000000| PB 0x00000000ac000000| Untracked |  0
| 705|0x00000000ac100000, 0x00000000ac100000, 0x00000000ac200000|  0%| F|  |TAMS 0x00000000ac100000| PB 0x00000000ac100000| Untracked |  0
| 706|0x00000000ac200000, 0x00000000ac200000, 0x00000000ac300000|  0%| F|  |TAMS 0x00000000ac200000| PB 0x00000000ac200000| Untracked |  0
| 707|0x00000000ac300000, 0x00000000ac300000, 0x00000000ac400000|  0%| F|  |TAMS 0x00000000ac300000| PB 0x00000000ac300000| Untracked |  0
| 708|0x00000000ac400000, 0x00000000ac400000, 0x00000000ac500000|  0%| F|  |TAMS 0x00000000ac400000| PB 0x00000000ac400000| Untracked |  0
| 709|0x00000000ac500000, 0x00000000ac500000, 0x00000000ac600000|  0%| F|  |TAMS 0x00000000ac500000| PB 0x00000000ac500000| Untracked |  0
| 710|0x00000000ac600000, 0x00000000ac600000, 0x00000000ac700000|  0%| F|  |TAMS 0x00000000ac600000| PB 0x00000000ac600000| Untracked |  0
| 711|0x00000000ac700000, 0x00000000ac700000, 0x00000000ac800000|  0%| F|  |TAMS 0x00000000ac700000| PB 0x00000000ac700000| Untracked |  0
| 712|0x00000000ac800000, 0x00000000ac800000, 0x00000000ac900000|  0%| F|  |TAMS 0x00000000ac800000| PB 0x00000000ac800000| Untracked |  0
| 713|0x00000000ac900000, 0x00000000ac900000, 0x00000000aca00000|  0%| F|  |TAMS 0x00000000ac900000| PB 0x00000000ac900000| Untracked |  0
| 714|0x00000000aca00000, 0x00000000aca00000, 0x00000000acb00000|  0%| F|  |TAMS 0x00000000aca00000| PB 0x00000000aca00000| Untracked |  0
| 715|0x00000000acb00000, 0x00000000acb00000, 0x00000000acc00000|  0%| F|  |TAMS 0x00000000acb00000| PB 0x00000000acb00000| Untracked |  0
| 716|0x00000000acc00000, 0x00000000acc00000, 0x00000000acd00000|  0%| F|  |TAMS 0x00000000acc00000| PB 0x00000000acc00000| Untracked |  0
| 717|0x00000000acd00000, 0x00000000acd00000, 0x00000000ace00000|  0%| F|  |TAMS 0x00000000acd00000| PB 0x00000000acd00000| Untracked |  0
| 718|0x00000000ace00000, 0x00000000ace00000, 0x00000000acf00000|  0%| F|  |TAMS 0x00000000ace00000| PB 0x00000000ace00000| Untracked |  0
| 719|0x00000000acf00000, 0x00000000acf00000, 0x00000000ad000000|  0%| F|  |TAMS 0x00000000acf00000| PB 0x00000000acf00000| Untracked |  0
| 720|0x00000000ad000000, 0x00000000ad000000, 0x00000000ad100000|  0%| F|  |TAMS 0x00000000ad000000| PB 0x00000000ad000000| Untracked |  0
| 721|0x00000000ad100000, 0x00000000ad100000, 0x00000000ad200000|  0%| F|  |TAMS 0x00000000ad100000| PB 0x00000000ad100000| Untracked |  0
| 722|0x00000000ad200000, 0x00000000ad200000, 0x00000000ad300000|  0%| F|  |TAMS 0x00000000ad200000| PB 0x00000000ad200000| Untracked |  0
| 723|0x00000000ad300000, 0x00000000ad300000, 0x00000000ad400000|  0%| F|  |TAMS 0x00000000ad300000| PB 0x00000000ad300000| Untracked |  0
| 724|0x00000000ad400000, 0x00000000ad400000, 0x00000000ad500000|  0%| F|  |TAMS 0x00000000ad400000| PB 0x00000000ad400000| Untracked |  0
| 725|0x00000000ad500000, 0x00000000ad500000, 0x00000000ad600000|  0%| F|  |TAMS 0x00000000ad500000| PB 0x00000000ad500000| Untracked |  0
| 726|0x00000000ad600000, 0x00000000ad600000, 0x00000000ad700000|  0%| F|  |TAMS 0x00000000ad600000| PB 0x00000000ad600000| Untracked |  0
| 727|0x00000000ad700000, 0x00000000ad700000, 0x00000000ad800000|  0%| F|  |TAMS 0x00000000ad700000| PB 0x00000000ad700000| Untracked |  0
| 728|0x00000000ad800000, 0x00000000ad800000, 0x00000000ad900000|  0%| F|  |TAMS 0x00000000ad800000| PB 0x00000000ad800000| Untracked |  0
| 729|0x00000000ad900000, 0x00000000ad900000, 0x00000000ada00000|  0%| F|  |TAMS 0x00000000ad900000| PB 0x00000000ad900000| Untracked |  0
| 730|0x00000000ada00000, 0x00000000ada00000, 0x00000000adb00000|  0%| F|  |TAMS 0x00000000ada00000| PB 0x00000000ada00000| Untracked |  0
| 731|0x00000000adb00000, 0x00000000adb00000, 0x00000000adc00000|  0%| F|  |TAMS 0x00000000adb00000| PB 0x00000000adb00000| Untracked |  0
| 732|0x00000000adc00000, 0x00000000adc00000, 0x00000000add00000|  0%| F|  |TAMS 0x00000000adc00000| PB 0x00000000adc00000| Untracked |  0
| 733|0x00000000add00000, 0x00000000add00000, 0x00000000ade00000|  0%| F|  |TAMS 0x00000000add00000| PB 0x00000000add00000| Untracked |  0
| 734|0x00000000ade00000, 0x00000000ade00000, 0x00000000adf00000|  0%| F|  |TAMS 0x00000000ade00000| PB 0x00000000ade00000| Untracked |  0
| 735|0x00000000adf00000, 0x00000000adf00000, 0x00000000ae000000|  0%| F|  |TAMS 0x00000000adf00000| PB 0x00000000adf00000| Untracked |  0
| 736|0x00000000ae000000, 0x00000000ae000000, 0x00000000ae100000|  0%| F|  |TAMS 0x00000000ae000000| PB 0x00000000ae000000| Untracked |  0
| 737|0x00000000ae100000, 0x00000000ae100000, 0x00000000ae200000|  0%| F|  |TAMS 0x00000000ae100000| PB 0x00000000ae100000| Untracked |  0
| 738|0x00000000ae200000, 0x00000000ae200000, 0x00000000ae300000|  0%| F|  |TAMS 0x00000000ae200000| PB 0x00000000ae200000| Untracked |  0
| 739|0x00000000ae300000, 0x00000000ae300000, 0x00000000ae400000|  0%| F|  |TAMS 0x00000000ae300000| PB 0x00000000ae300000| Untracked |  0
| 740|0x00000000ae400000, 0x00000000ae500000, 0x00000000ae500000|100%| O|  |TAMS 0x00000000ae400000| PB 0x00000000ae400000| Untracked |  0
| 741|0x00000000ae500000, 0x00000000ae600000, 0x00000000ae600000|100%| O|  |TAMS 0x00000000ae500000| PB 0x00000000ae500000| Untracked |  0
| 742|0x00000000ae600000, 0x00000000ae600000, 0x00000000ae700000|  0%| F|  |TAMS 0x00000000ae600000| PB 0x00000000ae600000| Untracked |  0
| 743|0x00000000ae700000, 0x00000000ae700000, 0x00000000ae800000|  0%| F|  |TAMS 0x00000000ae700000| PB 0x00000000ae700000| Untracked |  0
| 744|0x00000000ae800000, 0x00000000ae900000, 0x00000000ae900000|100%| O|  |TAMS 0x00000000ae800000| PB 0x00000000ae800000| Untracked |  0
| 745|0x00000000ae900000, 0x00000000aea00000, 0x00000000aea00000|100%| O|  |TAMS 0x00000000ae900000| PB 0x00000000ae900000| Untracked |  0
| 746|0x00000000aea00000, 0x00000000aeb00000, 0x00000000aeb00000|100%| O|  |TAMS 0x00000000aea00000| PB 0x00000000aea00000| Untracked |  0
| 747|0x00000000aeb00000, 0x00000000aec00000, 0x00000000aec00000|100%| O|  |TAMS 0x00000000aeb00000| PB 0x00000000aeb00000| Untracked |  0
| 748|0x00000000aec00000, 0x00000000aed00000, 0x00000000aed00000|100%| O|  |TAMS 0x00000000aec00000| PB 0x00000000aec00000| Untracked |  0
| 749|0x00000000aed00000, 0x00000000aed00000, 0x00000000aee00000|  0%| F|  |TAMS 0x00000000aed00000| PB 0x00000000aed00000| Untracked |  0
| 750|0x00000000aee00000, 0x00000000aee00000, 0x00000000aef00000|  0%| F|  |TAMS 0x00000000aee00000| PB 0x00000000aee00000| Untracked |  0
| 751|0x00000000aef00000, 0x00000000aef00000, 0x00000000af000000|  0%| F|  |TAMS 0x00000000aef00000| PB 0x00000000aef00000| Untracked |  0
| 752|0x00000000af000000, 0x00000000af000000, 0x00000000af100000|  0%| F|  |TAMS 0x00000000af000000| PB 0x00000000af000000| Untracked |  0
| 753|0x00000000af100000, 0x00000000af100000, 0x00000000af200000|  0%| F|  |TAMS 0x00000000af100000| PB 0x00000000af100000| Untracked |  0
| 754|0x00000000af200000, 0x00000000af200000, 0x00000000af300000|  0%| F|  |TAMS 0x00000000af200000| PB 0x00000000af200000| Untracked |  0
| 755|0x00000000af300000, 0x00000000af300000, 0x00000000af400000|  0%| F|  |TAMS 0x00000000af300000| PB 0x00000000af300000| Untracked |  0
| 756|0x00000000af400000, 0x00000000af400000, 0x00000000af500000|  0%| F|  |TAMS 0x00000000af400000| PB 0x00000000af400000| Untracked |  0
| 757|0x00000000af500000, 0x00000000af500000, 0x00000000af600000|  0%| F|  |TAMS 0x00000000af500000| PB 0x00000000af500000| Untracked |  0
| 758|0x00000000af600000, 0x00000000af600000, 0x00000000af700000|  0%| F|  |TAMS 0x00000000af600000| PB 0x00000000af600000| Untracked |  0
| 759|0x00000000af700000, 0x00000000af700000, 0x00000000af800000|  0%| F|  |TAMS 0x00000000af700000| PB 0x00000000af700000| Untracked |  0
| 760|0x00000000af800000, 0x00000000af800000, 0x00000000af900000|  0%| F|  |TAMS 0x00000000af800000| PB 0x00000000af800000| Untracked |  0
| 761|0x00000000af900000, 0x00000000af900000, 0x00000000afa00000|  0%| F|  |TAMS 0x00000000af900000| PB 0x00000000af900000| Untracked |  0
| 762|0x00000000afa00000, 0x00000000afa00000, 0x00000000afb00000|  0%| F|  |TAMS 0x00000000afa00000| PB 0x00000000afa00000| Untracked |  0
| 763|0x00000000afb00000, 0x00000000afb00000, 0x00000000afc00000|  0%| F|  |TAMS 0x00000000afb00000| PB 0x00000000afb00000| Untracked |  0
| 764|0x00000000afc00000, 0x00000000afc00000, 0x00000000afd00000|  0%| F|  |TAMS 0x00000000afc00000| PB 0x00000000afc00000| Untracked |  0
| 765|0x00000000afd00000, 0x00000000afd00000, 0x00000000afe00000|  0%| F|  |TAMS 0x00000000afd00000| PB 0x00000000afd00000| Untracked |  0
| 766|0x00000000afe00000, 0x00000000afe00000, 0x00000000aff00000|  0%| F|  |TAMS 0x00000000afe00000| PB 0x00000000afe00000| Untracked |  0
| 767|0x00000000aff00000, 0x00000000aff00000, 0x00000000b0000000|  0%| F|  |TAMS 0x00000000aff00000| PB 0x00000000aff00000| Untracked |  0
| 768|0x00000000b0000000, 0x00000000b0000000, 0x00000000b0100000|  0%| F|  |TAMS 0x00000000b0000000| PB 0x00000000b0000000| Untracked |  0
| 769|0x00000000b0100000, 0x00000000b0100000, 0x00000000b0200000|  0%| F|  |TAMS 0x00000000b0100000| PB 0x00000000b0100000| Untracked |  0
| 770|0x00000000b0200000, 0x00000000b0200000, 0x00000000b0300000|  0%| F|  |TAMS 0x00000000b0200000| PB 0x00000000b0200000| Untracked |  0
| 771|0x00000000b0300000, 0x00000000b0300000, 0x00000000b0400000|  0%| F|  |TAMS 0x00000000b0300000| PB 0x00000000b0300000| Untracked |  0
| 772|0x00000000b0400000, 0x00000000b0400000, 0x00000000b0500000|  0%| F|  |TAMS 0x00000000b0400000| PB 0x00000000b0400000| Untracked |  0
| 773|0x00000000b0500000, 0x00000000b0500000, 0x00000000b0600000|  0%| F|  |TAMS 0x00000000b0500000| PB 0x00000000b0500000| Untracked |  0
| 774|0x00000000b0600000, 0x00000000b0600000, 0x00000000b0700000|  0%| F|  |TAMS 0x00000000b0600000| PB 0x00000000b0600000| Untracked |  0
| 775|0x00000000b0700000, 0x00000000b0700000, 0x00000000b0800000|  0%| F|  |TAMS 0x00000000b0700000| PB 0x00000000b0700000| Untracked |  0
| 776|0x00000000b0800000, 0x00000000b0800000, 0x00000000b0900000|  0%| F|  |TAMS 0x00000000b0800000| PB 0x00000000b0800000| Untracked |  0
| 777|0x00000000b0900000, 0x00000000b0900000, 0x00000000b0a00000|  0%| F|  |TAMS 0x00000000b0900000| PB 0x00000000b0900000| Untracked |  0
| 778|0x00000000b0a00000, 0x00000000b0a00000, 0x00000000b0b00000|  0%| F|  |TAMS 0x00000000b0a00000| PB 0x00000000b0a00000| Untracked |  0
| 779|0x00000000b0b00000, 0x00000000b0b00000, 0x00000000b0c00000|  0%| F|  |TAMS 0x00000000b0b00000| PB 0x00000000b0b00000| Untracked |  0
| 780|0x00000000b0c00000, 0x00000000b0c00000, 0x00000000b0d00000|  0%| F|  |TAMS 0x00000000b0c00000| PB 0x00000000b0c00000| Untracked |  0
| 781|0x00000000b0d00000, 0x00000000b0d00000, 0x00000000b0e00000|  0%| F|  |TAMS 0x00000000b0d00000| PB 0x00000000b0d00000| Untracked |  0
| 782|0x00000000b0e00000, 0x00000000b0e00000, 0x00000000b0f00000|  0%| F|  |TAMS 0x00000000b0e00000| PB 0x00000000b0e00000| Untracked |  0
| 783|0x00000000b0f00000, 0x00000000b0f00000, 0x00000000b1000000|  0%| F|  |TAMS 0x00000000b0f00000| PB 0x00000000b0f00000| Untracked |  0
| 784|0x00000000b1000000, 0x00000000b1000000, 0x00000000b1100000|  0%| F|  |TAMS 0x00000000b1000000| PB 0x00000000b1000000| Untracked |  0
| 785|0x00000000b1100000, 0x00000000b1100000, 0x00000000b1200000|  0%| F|  |TAMS 0x00000000b1100000| PB 0x00000000b1100000| Untracked |  0
| 786|0x00000000b1200000, 0x00000000b1200000, 0x00000000b1300000|  0%| F|  |TAMS 0x00000000b1200000| PB 0x00000000b1200000| Untracked |  0
| 787|0x00000000b1300000, 0x00000000b1300000, 0x00000000b1400000|  0%| F|  |TAMS 0x00000000b1300000| PB 0x00000000b1300000| Untracked |  0
| 788|0x00000000b1400000, 0x00000000b1400000, 0x00000000b1500000|  0%| F|  |TAMS 0x00000000b1400000| PB 0x00000000b1400000| Untracked |  0
| 789|0x00000000b1500000, 0x00000000b1500000, 0x00000000b1600000|  0%| F|  |TAMS 0x00000000b1500000| PB 0x00000000b1500000| Untracked |  0
| 790|0x00000000b1600000, 0x00000000b1600000, 0x00000000b1700000|  0%| F|  |TAMS 0x00000000b1600000| PB 0x00000000b1600000| Untracked |  0
| 791|0x00000000b1700000, 0x00000000b1700000, 0x00000000b1800000|  0%| F|  |TAMS 0x00000000b1700000| PB 0x00000000b1700000| Untracked |  0
| 792|0x00000000b1800000, 0x00000000b1800000, 0x00000000b1900000|  0%| F|  |TAMS 0x00000000b1800000| PB 0x00000000b1800000| Untracked |  0
| 793|0x00000000b1900000, 0x00000000b1900000, 0x00000000b1a00000|  0%| F|  |TAMS 0x00000000b1900000| PB 0x00000000b1900000| Untracked |  0
| 794|0x00000000b1a00000, 0x00000000b1a00000, 0x00000000b1b00000|  0%| F|  |TAMS 0x00000000b1a00000| PB 0x00000000b1a00000| Untracked |  0
| 795|0x00000000b1b00000, 0x00000000b1b00000, 0x00000000b1c00000|  0%| F|  |TAMS 0x00000000b1b00000| PB 0x00000000b1b00000| Untracked |  0
| 796|0x00000000b1c00000, 0x00000000b1c00000, 0x00000000b1d00000|  0%| F|  |TAMS 0x00000000b1c00000| PB 0x00000000b1c00000| Untracked |  0
| 797|0x00000000b1d00000, 0x00000000b1d00000, 0x00000000b1e00000|  0%| F|  |TAMS 0x00000000b1d00000| PB 0x00000000b1d00000| Untracked |  0
| 798|0x00000000b1e00000, 0x00000000b1e00000, 0x00000000b1f00000|  0%| F|  |TAMS 0x00000000b1e00000| PB 0x00000000b1e00000| Untracked |  0
| 799|0x00000000b1f00000, 0x00000000b1f00000, 0x00000000b2000000|  0%| F|  |TAMS 0x00000000b1f00000| PB 0x00000000b1f00000| Untracked |  0
| 800|0x00000000b2000000, 0x00000000b2000000, 0x00000000b2100000|  0%| F|  |TAMS 0x00000000b2000000| PB 0x00000000b2000000| Untracked |  0
| 801|0x00000000b2100000, 0x00000000b2100000, 0x00000000b2200000|  0%| F|  |TAMS 0x00000000b2100000| PB 0x00000000b2100000| Untracked |  0
| 802|0x00000000b2200000, 0x00000000b2200000, 0x00000000b2300000|  0%| F|  |TAMS 0x00000000b2200000| PB 0x00000000b2200000| Untracked |  0
| 803|0x00000000b2300000, 0x00000000b2300000, 0x00000000b2400000|  0%| F|  |TAMS 0x00000000b2300000| PB 0x00000000b2300000| Untracked |  0
| 804|0x00000000b2400000, 0x00000000b2400000, 0x00000000b2500000|  0%| F|  |TAMS 0x00000000b2400000| PB 0x00000000b2400000| Untracked |  0
| 805|0x00000000b2500000, 0x00000000b2500000, 0x00000000b2600000|  0%| F|  |TAMS 0x00000000b2500000| PB 0x00000000b2500000| Untracked |  0
| 806|0x00000000b2600000, 0x00000000b2600000, 0x00000000b2700000|  0%| F|  |TAMS 0x00000000b2600000| PB 0x00000000b2600000| Untracked |  0
| 807|0x00000000b2700000, 0x00000000b2700000, 0x00000000b2800000|  0%| F|  |TAMS 0x00000000b2700000| PB 0x00000000b2700000| Untracked |  0
| 808|0x00000000b2800000, 0x00000000b2800000, 0x00000000b2900000|  0%| F|  |TAMS 0x00000000b2800000| PB 0x00000000b2800000| Untracked |  0
| 809|0x00000000b2900000, 0x00000000b2900000, 0x00000000b2a00000|  0%| F|  |TAMS 0x00000000b2900000| PB 0x00000000b2900000| Untracked |  0
| 810|0x00000000b2a00000, 0x00000000b2a00000, 0x00000000b2b00000|  0%| F|  |TAMS 0x00000000b2a00000| PB 0x00000000b2a00000| Untracked |  0
| 811|0x00000000b2b00000, 0x00000000b2b00000, 0x00000000b2c00000|  0%| F|  |TAMS 0x00000000b2b00000| PB 0x00000000b2b00000| Untracked |  0
| 812|0x00000000b2c00000, 0x00000000b2c00000, 0x00000000b2d00000|  0%| F|  |TAMS 0x00000000b2c00000| PB 0x00000000b2c00000| Untracked |  0
| 813|0x00000000b2d00000, 0x00000000b2d00000, 0x00000000b2e00000|  0%| F|  |TAMS 0x00000000b2d00000| PB 0x00000000b2d00000| Untracked |  0
| 814|0x00000000b2e00000, 0x00000000b2e00000, 0x00000000b2f00000|  0%| F|  |TAMS 0x00000000b2e00000| PB 0x00000000b2e00000| Untracked |  0
| 815|0x00000000b2f00000, 0x00000000b2f00000, 0x00000000b3000000|  0%| F|  |TAMS 0x00000000b2f00000| PB 0x00000000b2f00000| Untracked |  0
| 816|0x00000000b3000000, 0x00000000b3000000, 0x00000000b3100000|  0%| F|  |TAMS 0x00000000b3000000| PB 0x00000000b3000000| Untracked |  0
| 817|0x00000000b3100000, 0x00000000b3100000, 0x00000000b3200000|  0%| F|  |TAMS 0x00000000b3100000| PB 0x00000000b3100000| Untracked |  0
| 818|0x00000000b3200000, 0x00000000b3200000, 0x00000000b3300000|  0%| F|  |TAMS 0x00000000b3200000| PB 0x00000000b3200000| Untracked |  0
| 819|0x00000000b3300000, 0x00000000b3300000, 0x00000000b3400000|  0%| F|  |TAMS 0x00000000b3300000| PB 0x00000000b3300000| Untracked |  0
| 820|0x00000000b3400000, 0x00000000b3400000, 0x00000000b3500000|  0%| F|  |TAMS 0x00000000b3400000| PB 0x00000000b3400000| Untracked |  0
| 821|0x00000000b3500000, 0x00000000b3500000, 0x00000000b3600000|  0%| F|  |TAMS 0x00000000b3500000| PB 0x00000000b3500000| Untracked |  0
| 822|0x00000000b3600000, 0x00000000b3600000, 0x00000000b3700000|  0%| F|  |TAMS 0x00000000b3600000| PB 0x00000000b3600000| Untracked |  0
| 823|0x00000000b3700000, 0x00000000b3700000, 0x00000000b3800000|  0%| F|  |TAMS 0x00000000b3700000| PB 0x00000000b3700000| Untracked |  0
| 824|0x00000000b3800000, 0x00000000b3800000, 0x00000000b3900000|  0%| F|  |TAMS 0x00000000b3800000| PB 0x00000000b3800000| Untracked |  0
| 825|0x00000000b3900000, 0x00000000b3900000, 0x00000000b3a00000|  0%| F|  |TAMS 0x00000000b3900000| PB 0x00000000b3900000| Untracked |  0
| 826|0x00000000b3a00000, 0x00000000b3a00000, 0x00000000b3b00000|  0%| F|  |TAMS 0x00000000b3a00000| PB 0x00000000b3a00000| Untracked |  0
| 827|0x00000000b3b00000, 0x00000000b3b00000, 0x00000000b3c00000|  0%| F|  |TAMS 0x00000000b3b00000| PB 0x00000000b3b00000| Untracked |  0
| 828|0x00000000b3c00000, 0x00000000b3c00000, 0x00000000b3d00000|  0%| F|  |TAMS 0x00000000b3c00000| PB 0x00000000b3c00000| Untracked |  0
| 829|0x00000000b3d00000, 0x00000000b3d00000, 0x00000000b3e00000|  0%| F|  |TAMS 0x00000000b3d00000| PB 0x00000000b3d00000| Untracked |  0
| 830|0x00000000b3e00000, 0x00000000b3e00000, 0x00000000b3f00000|  0%| F|  |TAMS 0x00000000b3e00000| PB 0x00000000b3e00000| Untracked |  0
| 831|0x00000000b3f00000, 0x00000000b3f00000, 0x00000000b4000000|  0%| F|  |TAMS 0x00000000b3f00000| PB 0x00000000b3f00000| Untracked |  0
| 832|0x00000000b4000000, 0x00000000b4000000, 0x00000000b4100000|  0%| F|  |TAMS 0x00000000b4000000| PB 0x00000000b4000000| Untracked |  0
| 833|0x00000000b4100000, 0x00000000b4100000, 0x00000000b4200000|  0%| F|  |TAMS 0x00000000b4100000| PB 0x00000000b4100000| Untracked |  0
| 834|0x00000000b4200000, 0x00000000b4200000, 0x00000000b4300000|  0%| F|  |TAMS 0x00000000b4200000| PB 0x00000000b4200000| Untracked |  0
| 835|0x00000000b4300000, 0x00000000b4400000, 0x00000000b4400000|100%| O|  |TAMS 0x00000000b4300000| PB 0x00000000b4300000| Untracked |  0
| 836|0x00000000b4400000, 0x00000000b4400000, 0x00000000b4500000|  0%| F|  |TAMS 0x00000000b4400000| PB 0x00000000b4400000| Untracked |  0
| 837|0x00000000b4500000, 0x00000000b4500000, 0x00000000b4600000|  0%| F|  |TAMS 0x00000000b4500000| PB 0x00000000b4500000| Untracked |  0
| 838|0x00000000b4600000, 0x00000000b4700000, 0x00000000b4700000|100%| O|  |TAMS 0x00000000b4600000| PB 0x00000000b4600000| Untracked |  0
| 839|0x00000000b4700000, 0x00000000b4800000, 0x00000000b4800000|100%| O|  |TAMS 0x00000000b4700000| PB 0x00000000b4700000| Untracked |  0
| 840|0x00000000b4800000, 0x00000000b4900000, 0x00000000b4900000|100%| O|  |TAMS 0x00000000b4800000| PB 0x00000000b4800000| Untracked |  0
| 841|0x00000000b4900000, 0x00000000b4a00000, 0x00000000b4a00000|100%| O|  |TAMS 0x00000000b4900000| PB 0x00000000b4900000| Untracked |  0
| 842|0x00000000b4a00000, 0x00000000b4a00000, 0x00000000b4b00000|  0%| F|  |TAMS 0x00000000b4a00000| PB 0x00000000b4a00000| Untracked |  0
| 843|0x00000000b4b00000, 0x00000000b4b00000, 0x00000000b4c00000|  0%| F|  |TAMS 0x00000000b4b00000| PB 0x00000000b4b00000| Untracked |  0
| 844|0x00000000b4c00000, 0x00000000b4d00000, 0x00000000b4d00000|100%| O|  |TAMS 0x00000000b4c00000| PB 0x00000000b4c00000| Untracked |  0
| 845|0x00000000b4d00000, 0x00000000b4e00000, 0x00000000b4e00000|100%| O|  |TAMS 0x00000000b4d00000| PB 0x00000000b4d00000| Untracked |  0
| 846|0x00000000b4e00000, 0x00000000b4f00000, 0x00000000b4f00000|100%| O|  |TAMS 0x00000000b4e00000| PB 0x00000000b4e00000| Untracked |  0
| 847|0x00000000b4f00000, 0x00000000b5000000, 0x00000000b5000000|100%| O|  |TAMS 0x00000000b4f00000| PB 0x00000000b4f00000| Untracked |  0
| 848|0x00000000b5000000, 0x00000000b5000000, 0x00000000b5100000|  0%| F|  |TAMS 0x00000000b5000000| PB 0x00000000b5000000| Untracked |  0
| 849|0x00000000b5100000, 0x00000000b5100000, 0x00000000b5200000|  0%| F|  |TAMS 0x00000000b5100000| PB 0x00000000b5100000| Untracked |  0
| 850|0x00000000b5200000, 0x00000000b5200000, 0x00000000b5300000|  0%| F|  |TAMS 0x00000000b5200000| PB 0x00000000b5200000| Untracked |  0
| 851|0x00000000b5300000, 0x00000000b5400000, 0x00000000b5400000|100%| E|  |TAMS 0x00000000b5300000| PB 0x00000000b5300000| Complete |  0
| 852|0x00000000b5400000, 0x00000000b5500000, 0x00000000b5500000|100%| E|CS|TAMS 0x00000000b5400000| PB 0x00000000b5400000| Complete |  0
| 853|0x00000000b5500000, 0x00000000b5600000, 0x00000000b5600000|100%| E|CS|TAMS 0x00000000b5500000| PB 0x00000000b5500000| Complete |  0
| 854|0x00000000b5600000, 0x00000000b5700000, 0x00000000b5700000|100%| E|CS|TAMS 0x00000000b5600000| PB 0x00000000b5600000| Complete |  0
| 855|0x00000000b5700000, 0x00000000b5800000, 0x00000000b5800000|100%| E|CS|TAMS 0x00000000b5700000| PB 0x00000000b5700000| Complete |  0
| 856|0x00000000b5800000, 0x00000000b5900000, 0x00000000b5900000|100%| E|CS|TAMS 0x00000000b5800000| PB 0x00000000b5800000| Complete |  0
| 857|0x00000000b5900000, 0x00000000b5a00000, 0x00000000b5a00000|100%| E|CS|TAMS 0x00000000b5900000| PB 0x00000000b5900000| Complete |  0
| 858|0x00000000b5a00000, 0x00000000b5b00000, 0x00000000b5b00000|100%| E|CS|TAMS 0x00000000b5a00000| PB 0x00000000b5a00000| Complete |  0
| 859|0x00000000b5b00000, 0x00000000b5c00000, 0x00000000b5c00000|100%| E|CS|TAMS 0x00000000b5b00000| PB 0x00000000b5b00000| Complete |  0
| 860|0x00000000b5c00000, 0x00000000b5d00000, 0x00000000b5d00000|100%| E|CS|TAMS 0x00000000b5c00000| PB 0x00000000b5c00000| Complete |  0
| 861|0x00000000b5d00000, 0x00000000b5e00000, 0x00000000b5e00000|100%| E|CS|TAMS 0x00000000b5d00000| PB 0x00000000b5d00000| Complete |  0
| 862|0x00000000b5e00000, 0x00000000b5f00000, 0x00000000b5f00000|100%| E|CS|TAMS 0x00000000b5e00000| PB 0x00000000b5e00000| Complete |  0
| 863|0x00000000b5f00000, 0x00000000b6000000, 0x00000000b6000000|100%| E|CS|TAMS 0x00000000b5f00000| PB 0x00000000b5f00000| Complete |  0
| 864|0x00000000b6000000, 0x00000000b6100000, 0x00000000b6100000|100%| O|  |TAMS 0x00000000b6000000| PB 0x00000000b6000000| Untracked |  0
| 865|0x00000000b6100000, 0x00000000b6200000, 0x00000000b6200000|100%| E|CS|TAMS 0x00000000b6100000| PB 0x00000000b6100000| Complete |  0
| 866|0x00000000b6200000, 0x00000000b6300000, 0x00000000b6300000|100%| E|CS|TAMS 0x00000000b6200000| PB 0x00000000b6200000| Complete |  0
| 867|0x00000000b6300000, 0x00000000b6400000, 0x00000000b6400000|100%| O|  |TAMS 0x00000000b6300000| PB 0x00000000b6300000| Untracked |  0
| 868|0x00000000b6400000, 0x00000000b6500000, 0x00000000b6500000|100%| E|CS|TAMS 0x00000000b6400000| PB 0x00000000b6400000| Complete |  0
| 869|0x00000000b6500000, 0x00000000b6600000, 0x00000000b6600000|100%| O|  |TAMS 0x00000000b6500000| PB 0x00000000b6500000| Untracked |  0
| 870|0x00000000b6600000, 0x00000000b6700000, 0x00000000b6700000|100%| O|  |TAMS 0x00000000b6600000| PB 0x00000000b6600000| Untracked |  0
| 871|0x00000000b6700000, 0x00000000b6800000, 0x00000000b6800000|100%| O|  |TAMS 0x00000000b6700000| PB 0x00000000b6700000| Untracked |  0
| 872|0x00000000b6800000, 0x00000000b6900000, 0x00000000b6900000|100%| E|CS|TAMS 0x00000000b6800000| PB 0x00000000b6800000| Complete |  0
| 873|0x00000000b6900000, 0x00000000b6a00000, 0x00000000b6a00000|100%| E|CS|TAMS 0x00000000b6900000| PB 0x00000000b6900000| Complete |  0
| 874|0x00000000b6a00000, 0x00000000b6b00000, 0x00000000b6b00000|100%| E|CS|TAMS 0x00000000b6a00000| PB 0x00000000b6a00000| Complete |  0
| 875|0x00000000b6b00000, 0x00000000b6c00000, 0x00000000b6c00000|100%| E|CS|TAMS 0x00000000b6b00000| PB 0x00000000b6b00000| Complete |  0
| 876|0x00000000b6c00000, 0x00000000b6d00000, 0x00000000b6d00000|100%| E|CS|TAMS 0x00000000b6c00000| PB 0x00000000b6c00000| Complete |  0
| 877|0x00000000b6d00000, 0x00000000b6e00000, 0x00000000b6e00000|100%| O|  |TAMS 0x00000000b6d00000| PB 0x00000000b6d00000| Untracked |  0
| 878|0x00000000b6e00000, 0x00000000b6f00000, 0x00000000b6f00000|100%| E|CS|TAMS 0x00000000b6e00000| PB 0x00000000b6e00000| Complete |  0
| 879|0x00000000b6f00000, 0x00000000b7000000, 0x00000000b7000000|100%| E|CS|TAMS 0x00000000b6f00000| PB 0x00000000b6f00000| Complete |  0
| 880|0x00000000b7000000, 0x00000000b7100000, 0x00000000b7100000|100%| E|CS|TAMS 0x00000000b7000000| PB 0x00000000b7000000| Complete |  0
| 881|0x00000000b7100000, 0x00000000b7200000, 0x00000000b7200000|100%| E|CS|TAMS 0x00000000b7100000| PB 0x00000000b7100000| Complete |  0
| 882|0x00000000b7200000, 0x00000000b7300000, 0x00000000b7300000|100%| E|CS|TAMS 0x00000000b7200000| PB 0x00000000b7200000| Complete |  0
| 883|0x00000000b7300000, 0x00000000b7400000, 0x00000000b7400000|100%| E|CS|TAMS 0x00000000b7300000| PB 0x00000000b7300000| Complete |  0
| 884|0x00000000b7400000, 0x00000000b7500000, 0x00000000b7500000|100%| E|CS|TAMS 0x00000000b7400000| PB 0x00000000b7400000| Complete |  0
| 885|0x00000000b7500000, 0x00000000b7600000, 0x00000000b7600000|100%| E|CS|TAMS 0x00000000b7500000| PB 0x00000000b7500000| Complete |  0
| 886|0x00000000b7600000, 0x00000000b7700000, 0x00000000b7700000|100%| E|CS|TAMS 0x00000000b7600000| PB 0x00000000b7600000| Complete |  0
| 887|0x00000000b7700000, 0x00000000b7800000, 0x00000000b7800000|100%| E|CS|TAMS 0x00000000b7700000| PB 0x00000000b7700000| Complete |  0
| 888|0x00000000b7800000, 0x00000000b7900000, 0x00000000b7900000|100%| E|CS|TAMS 0x00000000b7800000| PB 0x00000000b7800000| Complete |  0
| 889|0x00000000b7900000, 0x00000000b7a00000, 0x00000000b7a00000|100%| E|CS|TAMS 0x00000000b7900000| PB 0x00000000b7900000| Complete |  0
| 890|0x00000000b7a00000, 0x00000000b7b00000, 0x00000000b7b00000|100%| E|CS|TAMS 0x00000000b7a00000| PB 0x00000000b7a00000| Complete |  0
| 891|0x00000000b7b00000, 0x00000000b7c00000, 0x00000000b7c00000|100%| E|CS|TAMS 0x00000000b7b00000| PB 0x00000000b7b00000| Complete |  0
| 892|0x00000000b7c00000, 0x00000000b7d00000, 0x00000000b7d00000|100%| E|CS|TAMS 0x00000000b7c00000| PB 0x00000000b7c00000| Complete |  0
| 893|0x00000000b7d00000, 0x00000000b7e00000, 0x00000000b7e00000|100%| E|CS|TAMS 0x00000000b7d00000| PB 0x00000000b7d00000| Complete |  0
| 894|0x00000000b7e00000, 0x00000000b7f00000, 0x00000000b7f00000|100%| E|CS|TAMS 0x00000000b7e00000| PB 0x00000000b7e00000| Complete |  0
| 895|0x00000000b7f00000, 0x00000000b8000000, 0x00000000b8000000|100%| E|CS|TAMS 0x00000000b7f00000| PB 0x00000000b7f00000| Complete |  0
| 896|0x00000000b8000000, 0x00000000b8100000, 0x00000000b8100000|100%| E|CS|TAMS 0x00000000b8000000| PB 0x00000000b8000000| Complete |  0
| 897|0x00000000b8100000, 0x00000000b8200000, 0x00000000b8200000|100%| E|  |TAMS 0x00000000b8100000| PB 0x00000000b8100000| Complete |  0
| 898|0x00000000b8200000, 0x00000000b8300000, 0x00000000b8300000|100%| E|CS|TAMS 0x00000000b8200000| PB 0x00000000b8200000| Complete |  0
| 899|0x00000000b8300000, 0x00000000b8400000, 0x00000000b8400000|100%| E|CS|TAMS 0x00000000b8300000| PB 0x00000000b8300000| Complete |  0
| 900|0x00000000b8400000, 0x00000000b8500000, 0x00000000b8500000|100%| E|CS|TAMS 0x00000000b8400000| PB 0x00000000b8400000| Complete |  0
| 901|0x00000000b8500000, 0x00000000b8600000, 0x00000000b8600000|100%| E|CS|TAMS 0x00000000b8500000| PB 0x00000000b8500000| Complete |  0
| 902|0x00000000b8600000, 0x00000000b8700000, 0x00000000b8700000|100%| E|CS|TAMS 0x00000000b8600000| PB 0x00000000b8600000| Complete |  0
| 903|0x00000000b8700000, 0x00000000b8800000, 0x00000000b8800000|100%| E|CS|TAMS 0x00000000b8700000| PB 0x00000000b8700000| Complete |  0
| 904|0x00000000b8800000, 0x00000000b8900000, 0x00000000b8900000|100%| E|CS|TAMS 0x00000000b8800000| PB 0x00000000b8800000| Complete |  0
| 905|0x00000000b8900000, 0x00000000b8a00000, 0x00000000b8a00000|100%| E|CS|TAMS 0x00000000b8900000| PB 0x00000000b8900000| Complete |  0
| 906|0x00000000b8a00000, 0x00000000b8b00000, 0x00000000b8b00000|100%| E|CS|TAMS 0x00000000b8a00000| PB 0x00000000b8a00000| Complete |  0
| 907|0x00000000b8b00000, 0x00000000b8c00000, 0x00000000b8c00000|100%| E|CS|TAMS 0x00000000b8b00000| PB 0x00000000b8b00000| Complete |  0
| 908|0x00000000b8c00000, 0x00000000b8d00000, 0x00000000b8d00000|100%| E|CS|TAMS 0x00000000b8c00000| PB 0x00000000b8c00000| Complete |  0
| 909|0x00000000b8d00000, 0x00000000b8e00000, 0x00000000b8e00000|100%| E|CS|TAMS 0x00000000b8d00000| PB 0x00000000b8d00000| Complete |  0
| 910|0x00000000b8e00000, 0x00000000b8f00000, 0x00000000b8f00000|100%| E|CS|TAMS 0x00000000b8e00000| PB 0x00000000b8e00000| Complete |  0
| 911|0x00000000b8f00000, 0x00000000b9000000, 0x00000000b9000000|100%| E|CS|TAMS 0x00000000b8f00000| PB 0x00000000b8f00000| Complete |  0
| 912|0x00000000b9000000, 0x00000000b9100000, 0x00000000b9100000|100%| E|CS|TAMS 0x00000000b9000000| PB 0x00000000b9000000| Complete |  0
| 913|0x00000000b9100000, 0x00000000b9200000, 0x00000000b9200000|100%| E|CS|TAMS 0x00000000b9100000| PB 0x00000000b9100000| Complete |  0
| 914|0x00000000b9200000, 0x00000000b9300000, 0x00000000b9300000|100%| E|CS|TAMS 0x00000000b9200000| PB 0x00000000b9200000| Complete |  0
| 915|0x00000000b9300000, 0x00000000b9400000, 0x00000000b9400000|100%| E|CS|TAMS 0x00000000b9300000| PB 0x00000000b9300000| Complete |  0
| 916|0x00000000b9400000, 0x00000000b9500000, 0x00000000b9500000|100%| E|CS|TAMS 0x00000000b9400000| PB 0x00000000b9400000| Complete |  0
| 917|0x00000000b9500000, 0x00000000b9600000, 0x00000000b9600000|100%| E|CS|TAMS 0x00000000b9500000| PB 0x00000000b9500000| Complete |  0
| 918|0x00000000b9600000, 0x00000000b9700000, 0x00000000b9700000|100%| E|CS|TAMS 0x00000000b9600000| PB 0x00000000b9600000| Complete |  0
| 919|0x00000000b9700000, 0x00000000b9800000, 0x00000000b9800000|100%| E|CS|TAMS 0x00000000b9700000| PB 0x00000000b9700000| Complete |  0
| 920|0x00000000b9800000, 0x00000000b9900000, 0x00000000b9900000|100%| E|CS|TAMS 0x00000000b9800000| PB 0x00000000b9800000| Complete |  0
| 921|0x00000000b9900000, 0x00000000b9a00000, 0x00000000b9a00000|100%| E|CS|TAMS 0x00000000b9900000| PB 0x00000000b9900000| Complete |  0
| 922|0x00000000b9a00000, 0x00000000b9b00000, 0x00000000b9b00000|100%| E|CS|TAMS 0x00000000b9a00000| PB 0x00000000b9a00000| Complete |  0
| 923|0x00000000b9b00000, 0x00000000b9c00000, 0x00000000b9c00000|100%| E|CS|TAMS 0x00000000b9b00000| PB 0x00000000b9b00000| Complete |  0
| 924|0x00000000b9c00000, 0x00000000b9d00000, 0x00000000b9d00000|100%| E|CS|TAMS 0x00000000b9c00000| PB 0x00000000b9c00000| Complete |  0
| 925|0x00000000b9d00000, 0x00000000b9e00000, 0x00000000b9e00000|100%| E|CS|TAMS 0x00000000b9d00000| PB 0x00000000b9d00000| Complete |  0
| 926|0x00000000b9e00000, 0x00000000b9f00000, 0x00000000b9f00000|100%| E|CS|TAMS 0x00000000b9e00000| PB 0x00000000b9e00000| Complete |  0
| 927|0x00000000b9f00000, 0x00000000ba000000, 0x00000000ba000000|100%| E|CS|TAMS 0x00000000b9f00000| PB 0x00000000b9f00000| Complete |  0
| 928|0x00000000ba000000, 0x00000000ba100000, 0x00000000ba100000|100%| E|CS|TAMS 0x00000000ba000000| PB 0x00000000ba000000| Complete |  0
| 929|0x00000000ba100000, 0x00000000ba200000, 0x00000000ba200000|100%| E|CS|TAMS 0x00000000ba100000| PB 0x00000000ba100000| Complete |  0
| 930|0x00000000ba200000, 0x00000000ba300000, 0x00000000ba300000|100%| E|CS|TAMS 0x00000000ba200000| PB 0x00000000ba200000| Complete |  0
| 931|0x00000000ba300000, 0x00000000ba400000, 0x00000000ba400000|100%| E|CS|TAMS 0x00000000ba300000| PB 0x00000000ba300000| Complete |  0
| 932|0x00000000ba400000, 0x00000000ba500000, 0x00000000ba500000|100%| E|CS|TAMS 0x00000000ba400000| PB 0x00000000ba400000| Complete |  0
| 933|0x00000000ba500000, 0x00000000ba600000, 0x00000000ba600000|100%| E|CS|TAMS 0x00000000ba500000| PB 0x00000000ba500000| Complete |  0
| 934|0x00000000ba600000, 0x00000000ba700000, 0x00000000ba700000|100%| E|CS|TAMS 0x00000000ba600000| PB 0x00000000ba600000| Complete |  0
| 935|0x00000000ba700000, 0x00000000ba800000, 0x00000000ba800000|100%| E|CS|TAMS 0x00000000ba700000| PB 0x00000000ba700000| Complete |  0
| 936|0x00000000ba800000, 0x00000000ba900000, 0x00000000ba900000|100%| E|CS|TAMS 0x00000000ba800000| PB 0x00000000ba800000| Complete |  0
| 937|0x00000000ba900000, 0x00000000baa00000, 0x00000000baa00000|100%| E|CS|TAMS 0x00000000ba900000| PB 0x00000000ba900000| Complete |  0
| 938|0x00000000baa00000, 0x00000000bab00000, 0x00000000bab00000|100%| E|CS|TAMS 0x00000000baa00000| PB 0x00000000baa00000| Complete |  0
| 939|0x00000000bab00000, 0x00000000bac00000, 0x00000000bac00000|100%| E|CS|TAMS 0x00000000bab00000| PB 0x00000000bab00000| Complete |  0
| 940|0x00000000bac00000, 0x00000000bad00000, 0x00000000bad00000|100%| E|CS|TAMS 0x00000000bac00000| PB 0x00000000bac00000| Complete |  0
| 941|0x00000000bad00000, 0x00000000bae00000, 0x00000000bae00000|100%| E|CS|TAMS 0x00000000bad00000| PB 0x00000000bad00000| Complete |  0
| 942|0x00000000bae00000, 0x00000000baf00000, 0x00000000baf00000|100%| E|CS|TAMS 0x00000000bae00000| PB 0x00000000bae00000| Complete |  0
| 943|0x00000000baf00000, 0x00000000bb000000, 0x00000000bb000000|100%| E|CS|TAMS 0x00000000baf00000| PB 0x00000000baf00000| Complete |  0
| 944|0x00000000bb000000, 0x00000000bb100000, 0x00000000bb100000|100%| E|CS|TAMS 0x00000000bb000000| PB 0x00000000bb000000| Complete |  0
| 945|0x00000000bb100000, 0x00000000bb200000, 0x00000000bb200000|100%| E|CS|TAMS 0x00000000bb100000| PB 0x00000000bb100000| Complete |  0
| 946|0x00000000bb200000, 0x00000000bb300000, 0x00000000bb300000|100%| E|CS|TAMS 0x00000000bb200000| PB 0x00000000bb200000| Complete |  0
| 947|0x00000000bb300000, 0x00000000bb400000, 0x00000000bb400000|100%| E|CS|TAMS 0x00000000bb300000| PB 0x00000000bb300000| Complete |  0
| 948|0x00000000bb400000, 0x00000000bb500000, 0x00000000bb500000|100%| E|CS|TAMS 0x00000000bb400000| PB 0x00000000bb400000| Complete |  0
| 949|0x00000000bb500000, 0x00000000bb600000, 0x00000000bb600000|100%| E|CS|TAMS 0x00000000bb500000| PB 0x00000000bb500000| Complete |  0
| 950|0x00000000bb600000, 0x00000000bb700000, 0x00000000bb700000|100%| E|CS|TAMS 0x00000000bb600000| PB 0x00000000bb600000| Complete |  0
| 951|0x00000000bb700000, 0x00000000bb800000, 0x00000000bb800000|100%| E|CS|TAMS 0x00000000bb700000| PB 0x00000000bb700000| Complete |  0
| 952|0x00000000bb800000, 0x00000000bb900000, 0x00000000bb900000|100%| E|CS|TAMS 0x00000000bb800000| PB 0x00000000bb800000| Complete |  0
| 953|0x00000000bb900000, 0x00000000bba00000, 0x00000000bba00000|100%| E|CS|TAMS 0x00000000bb900000| PB 0x00000000bb900000| Complete |  0
| 954|0x00000000bba00000, 0x00000000bbb00000, 0x00000000bbb00000|100%| E|CS|TAMS 0x00000000bba00000| PB 0x00000000bba00000| Complete |  0
| 955|0x00000000bbb00000, 0x00000000bbc00000, 0x00000000bbc00000|100%| E|CS|TAMS 0x00000000bbb00000| PB 0x00000000bbb00000| Complete |  0
| 956|0x00000000bbc00000, 0x00000000bbd00000, 0x00000000bbd00000|100%| E|CS|TAMS 0x00000000bbc00000| PB 0x00000000bbc00000| Complete |  0
| 957|0x00000000bbd00000, 0x00000000bbe00000, 0x00000000bbe00000|100%| E|CS|TAMS 0x00000000bbd00000| PB 0x00000000bbd00000| Complete |  0
| 958|0x00000000bbe00000, 0x00000000bbf00000, 0x00000000bbf00000|100%| E|CS|TAMS 0x00000000bbe00000| PB 0x00000000bbe00000| Complete |  0
| 959|0x00000000bbf00000, 0x00000000bc000000, 0x00000000bc000000|100%| E|CS|TAMS 0x00000000bbf00000| PB 0x00000000bbf00000| Complete |  0
| 960|0x00000000bc000000, 0x00000000bc100000, 0x00000000bc100000|100%| E|CS|TAMS 0x00000000bc000000| PB 0x00000000bc000000| Complete |  0
| 961|0x00000000bc100000, 0x00000000bc200000, 0x00000000bc200000|100%| E|CS|TAMS 0x00000000bc100000| PB 0x00000000bc100000| Complete |  0
| 962|0x00000000bc200000, 0x00000000bc300000, 0x00000000bc300000|100%| E|CS|TAMS 0x00000000bc200000| PB 0x00000000bc200000| Complete |  0
| 963|0x00000000bc300000, 0x00000000bc400000, 0x00000000bc400000|100%| E|CS|TAMS 0x00000000bc300000| PB 0x00000000bc300000| Complete |  0
| 964|0x00000000bc400000, 0x00000000bc500000, 0x00000000bc500000|100%| E|CS|TAMS 0x00000000bc400000| PB 0x00000000bc400000| Complete |  0
| 965|0x00000000bc500000, 0x00000000bc600000, 0x00000000bc600000|100%| E|CS|TAMS 0x00000000bc500000| PB 0x00000000bc500000| Complete |  0
| 966|0x00000000bc600000, 0x00000000bc700000, 0x00000000bc700000|100%| E|CS|TAMS 0x00000000bc600000| PB 0x00000000bc600000| Complete |  0
| 967|0x00000000bc700000, 0x00000000bc800000, 0x00000000bc800000|100%| E|CS|TAMS 0x00000000bc700000| PB 0x00000000bc700000| Complete |  0
| 968|0x00000000bc800000, 0x00000000bc900000, 0x00000000bc900000|100%| E|CS|TAMS 0x00000000bc800000| PB 0x00000000bc800000| Complete |  0
| 969|0x00000000bc900000, 0x00000000bca00000, 0x00000000bca00000|100%| E|CS|TAMS 0x00000000bc900000| PB 0x00000000bc900000| Complete |  0
| 970|0x00000000bca00000, 0x00000000bcb00000, 0x00000000bcb00000|100%| E|CS|TAMS 0x00000000bca00000| PB 0x00000000bca00000| Complete |  0
| 971|0x00000000bcb00000, 0x00000000bcc00000, 0x00000000bcc00000|100%| E|CS|TAMS 0x00000000bcb00000| PB 0x00000000bcb00000| Complete |  0
| 972|0x00000000bcc00000, 0x00000000bcd00000, 0x00000000bcd00000|100%| E|CS|TAMS 0x00000000bcc00000| PB 0x00000000bcc00000| Complete |  0
| 973|0x00000000bcd00000, 0x00000000bce00000, 0x00000000bce00000|100%| E|CS|TAMS 0x00000000bcd00000| PB 0x00000000bcd00000| Complete |  0
| 974|0x00000000bce00000, 0x00000000bcf00000, 0x00000000bcf00000|100%| E|CS|TAMS 0x00000000bce00000| PB 0x00000000bce00000| Complete |  0
| 975|0x00000000bcf00000, 0x00000000bd000000, 0x00000000bd000000|100%| E|CS|TAMS 0x00000000bcf00000| PB 0x00000000bcf00000| Complete |  0
| 976|0x00000000bd000000, 0x00000000bd100000, 0x00000000bd100000|100%| E|CS|TAMS 0x00000000bd000000| PB 0x00000000bd000000| Complete |  0
| 977|0x00000000bd100000, 0x00000000bd200000, 0x00000000bd200000|100%| E|CS|TAMS 0x00000000bd100000| PB 0x00000000bd100000| Complete |  0
| 978|0x00000000bd200000, 0x00000000bd300000, 0x00000000bd300000|100%| E|CS|TAMS 0x00000000bd200000| PB 0x00000000bd200000| Complete |  0
| 979|0x00000000bd300000, 0x00000000bd400000, 0x00000000bd400000|100%| E|CS|TAMS 0x00000000bd300000| PB 0x00000000bd300000| Complete |  0
| 980|0x00000000bd400000, 0x00000000bd500000, 0x00000000bd500000|100%| E|CS|TAMS 0x00000000bd400000| PB 0x00000000bd400000| Complete |  0
| 981|0x00000000bd500000, 0x00000000bd600000, 0x00000000bd600000|100%| E|CS|TAMS 0x00000000bd500000| PB 0x00000000bd500000| Complete |  0
| 982|0x00000000bd600000, 0x00000000bd700000, 0x00000000bd700000|100%| E|CS|TAMS 0x00000000bd600000| PB 0x00000000bd600000| Complete |  0
| 983|0x00000000bd700000, 0x00000000bd800000, 0x00000000bd800000|100%| E|CS|TAMS 0x00000000bd700000| PB 0x00000000bd700000| Complete |  0
| 984|0x00000000bd800000, 0x00000000bd900000, 0x00000000bd900000|100%| E|CS|TAMS 0x00000000bd800000| PB 0x00000000bd800000| Complete |  0
| 985|0x00000000bd900000, 0x00000000bda00000, 0x00000000bda00000|100%| E|CS|TAMS 0x00000000bd900000| PB 0x00000000bd900000| Complete |  0
| 986|0x00000000bda00000, 0x00000000bdb00000, 0x00000000bdb00000|100%| E|CS|TAMS 0x00000000bda00000| PB 0x00000000bda00000| Complete |  0
| 987|0x00000000bdb00000, 0x00000000bdc00000, 0x00000000bdc00000|100%| E|CS|TAMS 0x00000000bdb00000| PB 0x00000000bdb00000| Complete |  0
| 988|0x00000000bdc00000, 0x00000000bdd00000, 0x00000000bdd00000|100%| E|CS|TAMS 0x00000000bdc00000| PB 0x00000000bdc00000| Complete |  0
| 989|0x00000000bdd00000, 0x00000000bde00000, 0x00000000bde00000|100%| E|CS|TAMS 0x00000000bdd00000| PB 0x00000000bdd00000| Complete |  0
| 990|0x00000000bde00000, 0x00000000bdf00000, 0x00000000bdf00000|100%| E|CS|TAMS 0x00000000bde00000| PB 0x00000000bde00000| Complete |  0
| 991|0x00000000bdf00000, 0x00000000be000000, 0x00000000be000000|100%| E|CS|TAMS 0x00000000bdf00000| PB 0x00000000bdf00000| Complete |  0
| 992|0x00000000be000000, 0x00000000be100000, 0x00000000be100000|100%| E|CS|TAMS 0x00000000be000000| PB 0x00000000be000000| Complete |  0
| 993|0x00000000be100000, 0x00000000be200000, 0x00000000be200000|100%| E|CS|TAMS 0x00000000be100000| PB 0x00000000be100000| Complete |  0
| 994|0x00000000be200000, 0x00000000be300000, 0x00000000be300000|100%| E|CS|TAMS 0x00000000be200000| PB 0x00000000be200000| Complete |  0
| 995|0x00000000be300000, 0x00000000be400000, 0x00000000be400000|100%| E|CS|TAMS 0x00000000be300000| PB 0x00000000be300000| Complete |  0
| 996|0x00000000be400000, 0x00000000be500000, 0x00000000be500000|100%| E|CS|TAMS 0x00000000be400000| PB 0x00000000be400000| Complete |  0
| 997|0x00000000be500000, 0x00000000be600000, 0x00000000be600000|100%| E|CS|TAMS 0x00000000be500000| PB 0x00000000be500000| Complete |  0
| 998|0x00000000be600000, 0x00000000be700000, 0x00000000be700000|100%| E|CS|TAMS 0x00000000be600000| PB 0x00000000be600000| Complete |  0
| 999|0x00000000be700000, 0x00000000be800000, 0x00000000be800000|100%| E|CS|TAMS 0x00000000be700000| PB 0x00000000be700000| Complete |  0
|1000|0x00000000be800000, 0x00000000be900000, 0x00000000be900000|100%| E|CS|TAMS 0x00000000be800000| PB 0x00000000be800000| Complete |  0
|1001|0x00000000be900000, 0x00000000bea00000, 0x00000000bea00000|100%| E|CS|TAMS 0x00000000be900000| PB 0x00000000be900000| Complete |  0
|1002|0x00000000bea00000, 0x00000000beb00000, 0x00000000beb00000|100%| E|CS|TAMS 0x00000000bea00000| PB 0x00000000bea00000| Complete |  0
|1003|0x00000000beb00000, 0x00000000bec00000, 0x00000000bec00000|100%| E|CS|TAMS 0x00000000beb00000| PB 0x00000000beb00000| Complete |  0
|1004|0x00000000bec00000, 0x00000000bed00000, 0x00000000bed00000|100%| E|CS|TAMS 0x00000000bec00000| PB 0x00000000bec00000| Complete |  0
|1005|0x00000000bed00000, 0x00000000bee00000, 0x00000000bee00000|100%| E|CS|TAMS 0x00000000bed00000| PB 0x00000000bed00000| Complete |  0
|1006|0x00000000bee00000, 0x00000000bef00000, 0x00000000bef00000|100%| E|CS|TAMS 0x00000000bee00000| PB 0x00000000bee00000| Complete |  0
|1007|0x00000000bef00000, 0x00000000bf000000, 0x00000000bf000000|100%| E|CS|TAMS 0x00000000bef00000| PB 0x00000000bef00000| Complete |  0
|1008|0x00000000bf000000, 0x00000000bf100000, 0x00000000bf100000|100%| E|CS|TAMS 0x00000000bf000000| PB 0x00000000bf000000| Complete |  0
|1009|0x00000000bf100000, 0x00000000bf200000, 0x00000000bf200000|100%| E|CS|TAMS 0x00000000bf100000| PB 0x00000000bf100000| Complete |  0
|1010|0x00000000bf200000, 0x00000000bf300000, 0x00000000bf300000|100%| E|CS|TAMS 0x00000000bf200000| PB 0x00000000bf200000| Complete |  0
|1011|0x00000000bf300000, 0x00000000bf400000, 0x00000000bf400000|100%| E|CS|TAMS 0x00000000bf300000| PB 0x00000000bf300000| Complete |  0
|1012|0x00000000bf400000, 0x00000000bf500000, 0x00000000bf500000|100%| E|CS|TAMS 0x00000000bf400000| PB 0x00000000bf400000| Complete |  0
|1013|0x00000000bf500000, 0x00000000bf600000, 0x00000000bf600000|100%| E|CS|TAMS 0x00000000bf500000| PB 0x00000000bf500000| Complete |  0
|1014|0x00000000bf600000, 0x00000000bf700000, 0x00000000bf700000|100%| E|CS|TAMS 0x00000000bf600000| PB 0x00000000bf600000| Complete |  0
|1015|0x00000000bf700000, 0x00000000bf800000, 0x00000000bf800000|100%| E|CS|TAMS 0x00000000bf700000| PB 0x00000000bf700000| Complete |  0
|1016|0x00000000bf800000, 0x00000000bf900000, 0x00000000bf900000|100%| E|CS|TAMS 0x00000000bf800000| PB 0x00000000bf800000| Complete |  0
|1017|0x00000000bf900000, 0x00000000bfa00000, 0x00000000bfa00000|100%| E|CS|TAMS 0x00000000bf900000| PB 0x00000000bf900000| Complete |  0
|1018|0x00000000bfa00000, 0x00000000bfb00000, 0x00000000bfb00000|100%| E|CS|TAMS 0x00000000bfa00000| PB 0x00000000bfa00000| Complete |  0
|1019|0x00000000bfb00000, 0x00000000bfc00000, 0x00000000bfc00000|100%| E|CS|TAMS 0x00000000bfb00000| PB 0x00000000bfb00000| Complete |  0
|1020|0x00000000bfc00000, 0x00000000bfd00000, 0x00000000bfd00000|100%| E|CS|TAMS 0x00000000bfc00000| PB 0x00000000bfc00000| Complete |  0
|1021|0x00000000bfd00000, 0x00000000bfe00000, 0x00000000bfe00000|100%| E|CS|TAMS 0x00000000bfd00000| PB 0x00000000bfd00000| Complete |  0
|1022|0x00000000bfe00000, 0x00000000bff00000, 0x00000000bff00000|100%| E|CS|TAMS 0x00000000bfe00000| PB 0x00000000bfe00000| Complete |  0
|1023|0x00000000bff00000, 0x00000000c0000000, 0x00000000c0000000|100%| E|CS|TAMS 0x00000000bff00000| PB 0x00000000bff00000| Complete |  0
|1024|0x00000000c0000000, 0x00000000c0100000, 0x00000000c0100000|100%| E|CS|TAMS 0x00000000c0000000| PB 0x00000000c0000000| Complete |  0
|1025|0x00000000c0100000, 0x00000000c0200000, 0x00000000c0200000|100%| E|CS|TAMS 0x00000000c0100000| PB 0x00000000c0100000| Complete |  0
|1026|0x00000000c0200000, 0x00000000c0300000, 0x00000000c0300000|100%| E|CS|TAMS 0x00000000c0200000| PB 0x00000000c0200000| Complete |  0
|1027|0x00000000c0300000, 0x00000000c0400000, 0x00000000c0400000|100%| E|CS|TAMS 0x00000000c0300000| PB 0x00000000c0300000| Complete |  0
|1028|0x00000000c0400000, 0x00000000c0500000, 0x00000000c0500000|100%| E|CS|TAMS 0x00000000c0400000| PB 0x00000000c0400000| Complete |  0
|1029|0x00000000c0500000, 0x00000000c0600000, 0x00000000c0600000|100%| E|CS|TAMS 0x00000000c0500000| PB 0x00000000c0500000| Complete |  0
|1030|0x00000000c0600000, 0x00000000c0700000, 0x00000000c0700000|100%| E|CS|TAMS 0x00000000c0600000| PB 0x00000000c0600000| Complete |  0
|1031|0x00000000c0700000, 0x00000000c0800000, 0x00000000c0800000|100%| E|CS|TAMS 0x00000000c0700000| PB 0x00000000c0700000| Complete |  0
|1032|0x00000000c0800000, 0x00000000c0900000, 0x00000000c0900000|100%| E|CS|TAMS 0x00000000c0800000| PB 0x00000000c0800000| Complete |  0
|1033|0x00000000c0900000, 0x00000000c0a00000, 0x00000000c0a00000|100%| E|CS|TAMS 0x00000000c0900000| PB 0x00000000c0900000| Complete |  0
|1034|0x00000000c0a00000, 0x00000000c0b00000, 0x00000000c0b00000|100%| E|CS|TAMS 0x00000000c0a00000| PB 0x00000000c0a00000| Complete |  0
|1035|0x00000000c0b00000, 0x00000000c0c00000, 0x00000000c0c00000|100%| E|CS|TAMS 0x00000000c0b00000| PB 0x00000000c0b00000| Complete |  0
|1036|0x00000000c0c00000, 0x00000000c0d00000, 0x00000000c0d00000|100%| E|CS|TAMS 0x00000000c0c00000| PB 0x00000000c0c00000| Complete |  0
|1037|0x00000000c0d00000, 0x00000000c0e00000, 0x00000000c0e00000|100%| E|CS|TAMS 0x00000000c0d00000| PB 0x00000000c0d00000| Complete |  0
|1038|0x00000000c0e00000, 0x00000000c0f00000, 0x00000000c0f00000|100%| E|CS|TAMS 0x00000000c0e00000| PB 0x00000000c0e00000| Complete |  0
|1039|0x00000000c0f00000, 0x00000000c1000000, 0x00000000c1000000|100%| E|CS|TAMS 0x00000000c0f00000| PB 0x00000000c0f00000| Complete |  0
|1040|0x00000000c1000000, 0x00000000c1100000, 0x00000000c1100000|100%| E|CS|TAMS 0x00000000c1000000| PB 0x00000000c1000000| Complete |  0
|1041|0x00000000c1100000, 0x00000000c1200000, 0x00000000c1200000|100%| E|CS|TAMS 0x00000000c1100000| PB 0x00000000c1100000| Complete |  0
|1042|0x00000000c1200000, 0x00000000c1300000, 0x00000000c1300000|100%| E|CS|TAMS 0x00000000c1200000| PB 0x00000000c1200000| Complete |  0
|1043|0x00000000c1300000, 0x00000000c1400000, 0x00000000c1400000|100%| E|CS|TAMS 0x00000000c1300000| PB 0x00000000c1300000| Complete |  0
|1044|0x00000000c1400000, 0x00000000c1500000, 0x00000000c1500000|100%| E|CS|TAMS 0x00000000c1400000| PB 0x00000000c1400000| Complete |  0
|1045|0x00000000c1500000, 0x00000000c1600000, 0x00000000c1600000|100%| E|CS|TAMS 0x00000000c1500000| PB 0x00000000c1500000| Complete |  0
|1046|0x00000000c1600000, 0x00000000c1700000, 0x00000000c1700000|100%| E|CS|TAMS 0x00000000c1600000| PB 0x00000000c1600000| Complete |  0
|1047|0x00000000c1700000, 0x00000000c1800000, 0x00000000c1800000|100%| E|CS|TAMS 0x00000000c1700000| PB 0x00000000c1700000| Complete |  0
|1048|0x00000000c1800000, 0x00000000c1900000, 0x00000000c1900000|100%| E|CS|TAMS 0x00000000c1800000| PB 0x00000000c1800000| Complete |  0
|1049|0x00000000c1900000, 0x00000000c1a00000, 0x00000000c1a00000|100%| E|CS|TAMS 0x00000000c1900000| PB 0x00000000c1900000| Complete |  0
|1050|0x00000000c1a00000, 0x00000000c1b00000, 0x00000000c1b00000|100%| E|CS|TAMS 0x00000000c1a00000| PB 0x00000000c1a00000| Complete |  0
|1051|0x00000000c1b00000, 0x00000000c1c00000, 0x00000000c1c00000|100%| E|CS|TAMS 0x00000000c1b00000| PB 0x00000000c1b00000| Complete |  0
|1052|0x00000000c1c00000, 0x00000000c1d00000, 0x00000000c1d00000|100%| E|CS|TAMS 0x00000000c1c00000| PB 0x00000000c1c00000| Complete |  0
|1053|0x00000000c1d00000, 0x00000000c1e00000, 0x00000000c1e00000|100%| E|CS|TAMS 0x00000000c1d00000| PB 0x00000000c1d00000| Complete |  0
|1054|0x00000000c1e00000, 0x00000000c1f00000, 0x00000000c1f00000|100%| E|CS|TAMS 0x00000000c1e00000| PB 0x00000000c1e00000| Complete |  0
|1055|0x00000000c1f00000, 0x00000000c2000000, 0x00000000c2000000|100%| E|CS|TAMS 0x00000000c1f00000| PB 0x00000000c1f00000| Complete |  0
|1056|0x00000000c2000000, 0x00000000c2100000, 0x00000000c2100000|100%| E|CS|TAMS 0x00000000c2000000| PB 0x00000000c2000000| Complete |  0
|1057|0x00000000c2100000, 0x00000000c2200000, 0x00000000c2200000|100%| E|CS|TAMS 0x00000000c2100000| PB 0x00000000c2100000| Complete |  0
|1058|0x00000000c2200000, 0x00000000c2300000, 0x00000000c2300000|100%| E|CS|TAMS 0x00000000c2200000| PB 0x00000000c2200000| Complete |  0
|1059|0x00000000c2300000, 0x00000000c2400000, 0x00000000c2400000|100%| E|CS|TAMS 0x00000000c2300000| PB 0x00000000c2300000| Complete |  0
|1060|0x00000000c2400000, 0x00000000c2500000, 0x00000000c2500000|100%| E|CS|TAMS 0x00000000c2400000| PB 0x00000000c2400000| Complete |  0
|1061|0x00000000c2500000, 0x00000000c2600000, 0x00000000c2600000|100%| E|CS|TAMS 0x00000000c2500000| PB 0x00000000c2500000| Complete |  0
|1062|0x00000000c2600000, 0x00000000c2700000, 0x00000000c2700000|100%| E|CS|TAMS 0x00000000c2600000| PB 0x00000000c2600000| Complete |  0
|1063|0x00000000c2700000, 0x00000000c2800000, 0x00000000c2800000|100%| E|CS|TAMS 0x00000000c2700000| PB 0x00000000c2700000| Complete |  0
|1064|0x00000000c2800000, 0x00000000c2900000, 0x00000000c2900000|100%| E|CS|TAMS 0x00000000c2800000| PB 0x00000000c2800000| Complete |  0
|1065|0x00000000c2900000, 0x00000000c2a00000, 0x00000000c2a00000|100%| S|CS|TAMS 0x00000000c2900000| PB 0x00000000c2900000| Complete |  0
|1066|0x00000000c2a00000, 0x00000000c2b00000, 0x00000000c2b00000|100%| S|CS|TAMS 0x00000000c2a00000| PB 0x00000000c2a00000| Complete |  0
|1067|0x00000000c2b00000, 0x00000000c2c00000, 0x00000000c2c00000|100%| S|CS|TAMS 0x00000000c2b00000| PB 0x00000000c2b00000| Complete |  0
|1068|0x00000000c2c00000, 0x00000000c2d00000, 0x00000000c2d00000|100%| S|CS|TAMS 0x00000000c2c00000| PB 0x00000000c2c00000| Complete |  0
|1069|0x00000000c2d00000, 0x00000000c2e00000, 0x00000000c2e00000|100%| S|CS|TAMS 0x00000000c2d00000| PB 0x00000000c2d00000| Complete |  0
|1070|0x00000000c2e00000, 0x00000000c2f00000, 0x00000000c2f00000|100%| S|CS|TAMS 0x00000000c2e00000| PB 0x00000000c2e00000| Complete |  0
|1071|0x00000000c2f00000, 0x00000000c3000000, 0x00000000c3000000|100%| S|CS|TAMS 0x00000000c2f00000| PB 0x00000000c2f00000| Complete |  0
|1072|0x00000000c3000000, 0x00000000c3100000, 0x00000000c3100000|100%| S|CS|TAMS 0x00000000c3000000| PB 0x00000000c3000000| Complete |  0
|1073|0x00000000c3100000, 0x00000000c3200000, 0x00000000c3200000|100%| S|CS|TAMS 0x00000000c3100000| PB 0x00000000c3100000| Complete |  0
|1074|0x00000000c3200000, 0x00000000c3300000, 0x00000000c3300000|100%| S|CS|TAMS 0x00000000c3200000| PB 0x00000000c3200000| Complete |  0
|1075|0x00000000c3300000, 0x00000000c3400000, 0x00000000c3400000|100%| S|CS|TAMS 0x00000000c3300000| PB 0x00000000c3300000| Complete |  0
|1076|0x00000000c3400000, 0x00000000c3500000, 0x00000000c3500000|100%| S|CS|TAMS 0x00000000c3400000| PB 0x00000000c3400000| Complete |  0
|1077|0x00000000c3500000, 0x00000000c3600000, 0x00000000c3600000|100%| S|CS|TAMS 0x00000000c3500000| PB 0x00000000c3500000| Complete |  0
|1078|0x00000000c3600000, 0x00000000c3700000, 0x00000000c3700000|100%| S|CS|TAMS 0x00000000c3600000| PB 0x00000000c3600000| Complete |  0
|1079|0x00000000c3700000, 0x00000000c3800000, 0x00000000c3800000|100%| S|CS|TAMS 0x00000000c3700000| PB 0x00000000c3700000| Complete |  0
|1080|0x00000000c3800000, 0x00000000c38b2518, 0x00000000c3900000| 69%| S|CS|TAMS 0x00000000c3800000| PB 0x00000000c3800000| Complete |  0
|1899|0x00000000f6b00000, 0x00000000f6c00000, 0x00000000f6c00000|100%| O|  |TAMS 0x00000000f6b00000| PB 0x00000000f6b00000| Untracked |  0
|2043|0x00000000ffb00000, 0x00000000ffc00000, 0x00000000ffc00000|100%| O|Cm|TAMS 0x00000000ffb00000| PB 0x00000000ffb00000| Complete |  0
|2045|0x00000000ffd00000, 0x00000000ffe00000, 0x00000000ffe00000|100%| E|CS|TAMS 0x00000000ffd00000| PB 0x00000000ffd00000| Complete |  0

Card table byte_map: [0x000001b6286d0000,0x000001b628ad0000] _byte_map_base: 0x000001b6282d0000

Marking Bits: (CMBitMap*) 0x000001b6030ac010
 Bits: [0x000001b628ad0000, 0x000001b62aad0000)

Polling page: 0x000001b600e80000

Metaspace:
Metaspace        used 548201K, committed 558208K, reserved 1507328K
 class space     used 105184K, committed 109568K, reserved 1048576K

Usage:
  Non-class:    432.63 MB used.
      Class:    102.72 MB used.
       Both:    535.35 MB used.

Virtual space:
  Non-class space:      448.00 MB reserved,     438.12 MB ( 98%) committed,  7 nodes.
      Class space:        1.00 GB reserved,     107.00 MB ( 10%) committed,  1 nodes.
             Both:        1.44 GB reserved,     545.12 MB ( 37%) committed. 

Chunk freelists:
   Non-Class:  9.81 MB
       Class:  5.00 MB
        Both:  14.81 MB

MaxMetaspaceSize: unlimited
CompressedClassSpaceSize: 1.00 GB
Initial GC threshold: 21.00 MB
Current GC threshold: 908.25 MB
CDS: off
 - commit_granule_bytes: 65536.
 - commit_granule_words: 8192.
 - virtual_space_node_default_size: 8388608.
 - enlarge_chunks_in_place: 1.
UseCompressedClassPointers 1, UseCompactObjectHeaders 1
Narrow klass pointer bits 22, Max shift 10
Narrow klass base: 0x0000000039000000, Narrow klass shift: 9
Encoding Range: [0x0000000039000000 - 0x00000000b9000000), (2147483648 bytes)
Klass Range:    [0x0000000039000000 - 0x0000000079000000), (1073741824 bytes)
Klass ID Range:  [1 - 2097152) (2097151)
Protection zone: [0x0000000039000000 - 0x0000000039010000), (65536 bytes)


Internal statistics:

num_allocs_failed_limit: 26.
num_arena_births: 21276.
num_arena_deaths: 12300.
num_vsnodes_births: 8.
num_vsnodes_deaths: 0.
num_space_committed: 8799.
num_space_uncommitted: 48.
num_chunks_returned_to_freelist: 18181.
num_chunks_taken_from_freelist: 60183.
num_chunk_merges: 6645.
num_chunk_splits: 31109.
num_chunks_enlarged: 13245.
num_inconsistent_stats: 0.

CodeHeap 'non-profiled nmethods': size=259264Kb used=28521Kb max_used=30153Kb free=230742Kb
 bounds [0x000001b6174b0000, 0x000001b619240000, 0x000001b6271e0000]
CodeHeap 'profiled nmethods': size=259328Kb used=55797Kb max_used=69135Kb free=203531Kb
 bounds [0x000001b6071e0000, 0x000001b60b600000, 0x000001b616f20000]
CodeHeap 'non-nmethods': size=5696Kb used=3841Kb max_used=4015Kb free=1854Kb
 bounds [0x000001b616f20000, 0x000001b617340000, 0x000001b6174b0000]
CodeCache: size=524288Kb, used=88159Kb, max_used=103303Kb, free=436127Kb
 total_blobs=34942, nmethods=32100, adapters=2736, full_count=0
Compilation: enabled, stopped_count=0, restarted_count=0

Compilation events (20 events):
Event: 8758.626 Thread 0x000001b62dc7f760 nmethod 140022 0x000001b60986a188 code [0x000001b60986a280, 0x000001b60986a518]
Event: 8758.626 Thread 0x000001b62dc7f760 140023       2       com.intellij.execution.console.SubstringConsoleFolding::shouldFoldLine (24 bytes)
Event: 8758.626 Thread 0x000001b62dc7f760 nmethod 140023 0x000001b609171c88 code [0x000001b609171d80, 0x000001b609171fd0]
Event: 8758.626 Thread 0x000001b62dc7f760 140024       2       com.intellij.execution.console.ConsoleFoldingSettings::getSettings (14 bytes)
Event: 8758.626 Thread 0x000001b62dc7f760 nmethod 140024 0x000001b60968d508 code [0x000001b60968d600, 0x000001b60968d768]
Event: 8758.626 Thread 0x000001b62dc7f760 140025       2       com.intellij.execution.console.ConsoleFoldingSettings::shouldFoldLine (28 bytes)
Event: 8758.627 Thread 0x000001b62dc7f760 nmethod 140025 0x000001b609694308 code [0x000001b609694400, 0x000001b609694570]
Event: 8758.627 Thread 0x000001b62dc7f760 140026       2       com.intellij.execution.console.ConsoleFoldingSettings::containsAny (106 bytes)
Event: 8758.627 Thread 0x000001b62dc7f760 nmethod 140026 0x000001b608a4d108 code [0x000001b608a4d200, 0x000001b608a4d7d8]
Event: 8758.627 Thread 0x000001b62dc7f760 140027       2       com.intellij.execution.console.ConsoleFoldingSettings$$Lambda/0x000000003c9c7c00::<init> (10 bytes)
Event: 8758.627 Thread 0x000001b62dc7f760 nmethod 140027 0x000001b6096c5b08 code [0x000001b6096c5c00, 0x000001b6096c5d50]
Event: 8758.627 Thread 0x000001b62dc7f760 140028       2       com.intellij.execution.console.ConsoleFoldingSettings$$Lambda/0x000000003c9c7c00::value (12 bytes)
Event: 8758.627 Thread 0x000001b62dc7f760 nmethod 140028 0x000001b6096ddc08 code [0x000001b6096ddd00, 0x000001b6096dde60]
Event: 8758.627 Thread 0x000001b62dc7f760 140030       3       com.intellij.execution.impl.ConsoleViewImpl$updateFoldings$lambda$0$$inlined$sortedByDescending$1::<init> (5 bytes)
Event: 8758.627 Thread 0x000001b62dc7f760 nmethod 140030 0x000001b6096e4d88 code [0x000001b6096e4e80, 0x000001b6096e4fe0]
Event: 8758.631 Thread 0x000001b62dc7f760 140031       2       com.intellij.openapi.util.text.StringUtil::containsChar (16 bytes)
Event: 8759.451 Thread 0x000001b62dc7f760 nmethod 140031 0x000001b6096fed08 code [0x000001b6096fee00, 0x000001b6096fefa0]
Event: 8759.451 Thread 0x000001b62dc7f760 140040       2       com.intellij.execution.filters.PatternBasedFileHyperlinkRawDataFinder::findMatcher (76 bytes)
Event: 8759.452 Thread 0x000001b62dc7f760 nmethod 140040 0x000001b60897f688 code [0x000001b60897f780, 0x000001b60897fb90]
Event: 8759.452 Thread 0x000001b62dc7f760 140041   !   2       com.intellij.execution.filters.CompositeFilter::applyFilter (225 bytes)

GC Heap Usage History (20 events):
Event: 7677.612 {heap Before GC invocations=394 (full 13):
 garbage-first heap   total reserved 2097152K, committed 1080320K, used 645320K [0x0000000080000000, 0x0000000100000000)
  region size 1024K, 8 young (8192K), 0 survivors (0K)
}
Event: 7677.616 {heap After GC invocations=395 (full 13):
 garbage-first heap   total reserved 2097152K, committed 1080320K, used 642067K [0x0000000080000000, 0x0000000100000000)
  region size 1024K, 4 young (4096K), 4 survivors (4096K)
}
Event: 7739.849 {heap Before GC invocations=396 (full 13):
 garbage-first heap   total reserved 2097152K, committed 1085440K, used 904211K [0x0000000080000000, 0x0000000100000000)
  region size 1024K, 222 young (227328K), 4 survivors (4096K)
}
Event: 7740.074 {heap After GC invocations=397 (full 14):
 garbage-first heap   total reserved 2097152K, committed 1064960K, used 630730K [0x0000000080000000, 0x0000000100000000)
  region size 1024K, 0 young (0K), 0 survivors (0K)
}
Event: 7740.977 {heap Before GC invocations=397 (full 14):
 garbage-first heap   total reserved 2097152K, committed 1064960K, used 637898K [0x0000000080000000, 0x0000000100000000)
  region size 1024K, 8 young (8192K), 0 survivors (0K)
}
Event: 7740.982 {heap After GC invocations=398 (full 14):
 garbage-first heap   total reserved 2097152K, committed 1064960K, used 631828K [0x0000000080000000, 0x0000000100000000)
  region size 1024K, 2 young (2048K), 2 survivors (2048K)
}
Event: 7851.746 {heap Before GC invocations=399 (full 14):
 garbage-first heap   total reserved 2097152K, committed 1080320K, used 1016852K [0x0000000080000000, 0x0000000100000000)
  region size 1024K, 320 young (327680K), 2 survivors (2048K)
}
Event: 7851.751 {heap After GC invocations=400 (full 14):
 garbage-first heap   total reserved 2097152K, committed 1080320K, used 633524K [0x0000000080000000, 0x0000000100000000)
  region size 1024K, 4 young (4096K), 4 survivors (4096K)
}
Event: 8045.300 {heap Before GC invocations=400 (full 14):
 garbage-first heap   total reserved 2097152K, committed 1080320K, used 1038004K [0x0000000080000000, 0x0000000100000000)
  region size 1024K, 348 young (356352K), 4 survivors (4096K)
}
Event: 8045.306 {heap After GC invocations=401 (full 14):
 garbage-first heap   total reserved 2097152K, committed 1080320K, used 636732K [0x0000000080000000, 0x0000000100000000)
  region size 1024K, 7 young (7168K), 7 survivors (7168K)
}
Event: 8066.783 {heap Before GC invocations=401 (full 14):
 garbage-first heap   total reserved 2097152K, committed 1080320K, used 668476K [0x0000000080000000, 0x0000000100000000)
  region size 1024K, 39 young (39936K), 7 survivors (7168K)
}
Event: 8066.788 {heap After GC invocations=402 (full 14):
 garbage-first heap   total reserved 2097152K, committed 1080320K, used 631430K [0x0000000080000000, 0x0000000100000000)
  region size 1024K, 4 young (4096K), 4 survivors (4096K)
}
Event: 8309.949 {heap Before GC invocations=403 (full 14):
 garbage-first heap   total reserved 2097152K, committed 1080320K, used 1059462K [0x0000000080000000, 0x0000000100000000)
  region size 1024K, 375 young (384000K), 4 survivors (4096K)
}
Event: 8309.956 {heap After GC invocations=404 (full 14):
 garbage-first heap   total reserved 2097152K, committed 1080320K, used 632723K [0x0000000080000000, 0x0000000100000000)
  region size 1024K, 5 young (5120K), 5 survivors (5120K)
}
Event: 8454.988 {heap Before GC invocations=404 (full 14):
 garbage-first heap   total reserved 2097152K, committed 1080320K, used 1073043K [0x0000000080000000, 0x0000000100000000)
  region size 1024K, 347 young (355328K), 5 survivors (5120K)
}
Event: 8455.000 {heap After GC invocations=405 (full 14):
 garbage-first heap   total reserved 2097152K, committed 1093632K, used 636440K [0x0000000080000000, 0x0000000100000000)
  region size 1024K, 13 young (13312K), 13 survivors (13312K)
}
Event: 8475.101 {heap Before GC invocations=405 (full 14):
 garbage-first heap   total reserved 2097152K, committed 1093632K, used 658968K [0x0000000080000000, 0x0000000100000000)
  region size 1024K, 36 young (36864K), 13 survivors (13312K)
}
Event: 8475.117 {heap After GC invocations=406 (full 14):
 garbage-first heap   total reserved 2097152K, committed 1093632K, used 627457K [0x0000000080000000, 0x0000000100000000)
  region size 1024K, 4 young (4096K), 4 survivors (4096K)
}
Event: 8667.042 {heap Before GC invocations=407 (full 14):
 garbage-first heap   total reserved 2097152K, committed 1093632K, used 1088257K [0x0000000080000000, 0x0000000100000000)
  region size 1024K, 399 young (408576K), 4 survivors (4096K)
}
Event: 8667.059 {heap After GC invocations=408 (full 14):
 garbage-first heap   total reserved 2097152K, committed 1110016K, used 639821K [0x0000000080000000, 0x0000000100000000)
  region size 1024K, 16 young (16384K), 16 survivors (16384K)
}

Metaspace Usage History (20 events):
Event: 7677.612 {metaspace Before GC invocations=394 (full 13):
 Metaspace       used 547564K, committed 557696K, reserved 1507328K
  class space    used 105053K, committed 109568K, reserved 1048576K
}
Event: 7677.616 {metaspace After GC invocations=395 (full 13):
 Metaspace       used 547564K, committed 557696K, reserved 1507328K
  class space    used 105053K, committed 109568K, reserved 1048576K
}
Event: 7739.849 {metaspace Before GC invocations=396 (full 13):
 Metaspace       used 547785K, committed 557824K, reserved 1507328K
  class space    used 105099K, committed 109568K, reserved 1048576K
}
Event: 7740.074 {metaspace After GC invocations=397 (full 14):
 Metaspace       used 547755K, committed 557824K, reserved 1507328K
  class space    used 105091K, committed 109568K, reserved 1048576K
}
Event: 7740.977 {metaspace Before GC invocations=397 (full 14):
 Metaspace       used 547759K, committed 557824K, reserved 1507328K
  class space    used 105091K, committed 109568K, reserved 1048576K
}
Event: 7740.982 {metaspace After GC invocations=398 (full 14):
 Metaspace       used 547759K, committed 557824K, reserved 1507328K
  class space    used 105091K, committed 109568K, reserved 1048576K
}
Event: 7851.746 {metaspace Before GC invocations=399 (full 14):
 Metaspace       used 547728K, committed 557824K, reserved 1507328K
  class space    used 105078K, committed 109568K, reserved 1048576K
}
Event: 7851.751 {metaspace After GC invocations=400 (full 14):
 Metaspace       used 547728K, committed 557824K, reserved 1507328K
  class space    used 105078K, committed 109568K, reserved 1048576K
}
Event: 8045.300 {metaspace Before GC invocations=400 (full 14):
 Metaspace       used 547861K, committed 557888K, reserved 1507328K
  class space    used 105110K, committed 109568K, reserved 1048576K
}
Event: 8045.306 {metaspace After GC invocations=401 (full 14):
 Metaspace       used 547861K, committed 557888K, reserved 1507328K
  class space    used 105110K, committed 109568K, reserved 1048576K
}
Event: 8066.783 {metaspace Before GC invocations=401 (full 14):
 Metaspace       used 547890K, committed 557952K, reserved 1507328K
  class space    used 105118K, committed 109568K, reserved 1048576K
}
Event: 8066.788 {metaspace After GC invocations=402 (full 14):
 Metaspace       used 547890K, committed 557952K, reserved 1507328K
  class space    used 105118K, committed 109568K, reserved 1048576K
}
Event: 8309.949 {metaspace Before GC invocations=403 (full 14):
 Metaspace       used 547843K, committed 557952K, reserved 1507328K
  class space    used 105117K, committed 109568K, reserved 1048576K
}
Event: 8309.956 {metaspace After GC invocations=404 (full 14):
 Metaspace       used 547843K, committed 557952K, reserved 1507328K
  class space    used 105117K, committed 109568K, reserved 1048576K
}
Event: 8454.988 {metaspace Before GC invocations=404 (full 14):
 Metaspace       used 547961K, committed 557952K, reserved 1507328K
  class space    used 105138K, committed 109568K, reserved 1048576K
}
Event: 8455.000 {metaspace After GC invocations=405 (full 14):
 Metaspace       used 547961K, committed 557952K, reserved 1507328K
  class space    used 105138K, committed 109568K, reserved 1048576K
}
Event: 8475.101 {metaspace Before GC invocations=405 (full 14):
 Metaspace       used 547966K, committed 558016K, reserved 1507328K
  class space    used 105138K, committed 109568K, reserved 1048576K
}
Event: 8475.117 {metaspace After GC invocations=406 (full 14):
 Metaspace       used 547966K, committed 558016K, reserved 1507328K
  class space    used 105138K, committed 109568K, reserved 1048576K
}
Event: 8667.043 {metaspace Before GC invocations=407 (full 14):
 Metaspace       used 548146K, committed 558144K, reserved 1507328K
  class space    used 105174K, committed 109568K, reserved 1048576K
}
Event: 8667.059 {metaspace After GC invocations=408 (full 14):
 Metaspace       used 548146K, committed 558144K, reserved 1507328K
  class space    used 105174K, committed 109568K, reserved 1048576K
}

Dll operation events (3 events):
Event: 0.430 Loaded shared library D:\JetBrains Rider 2026.2.1\jbr\bin\java.dll
Event: 0.451 Loaded shared library D:\JetBrains Rider 2026.2.1\jbr\bin\zip.dll
Event: 8.612 Loaded shared library D:\JetBrains Rider 2026.2.1\jbr\bin\verify.dll

Deoptimization events (20 events):
Event: 7671.150 Thread 0x000001b76a60dca0 DEOPT PACKING pc=0x000001b61885ce8c sp=0x000000aa406ff190
Event: 7671.150 Thread 0x000001b76a60dca0 DEOPT UNPACKING pc=0x000001b61703cf82 sp=0x000000aa406ff0f8 mode 2
Event: 7869.772 Thread 0x000001b77f1262d0 DEOPT PACKING pc=0x000001b607a0da53 sp=0x000000aa413fdd90
Event: 7869.772 Thread 0x000001b77f1262d0 DEOPT UNPACKING pc=0x000001b616f71702 sp=0x000000aa413fd1c0 mode 0
Event: 7869.772 Thread 0x000001b77f1262d0 DEOPT PACKING pc=0x000001b607a0da53 sp=0x000000aa413fdd90
Event: 7869.772 Thread 0x000001b77f1262d0 DEOPT UNPACKING pc=0x000001b616f71702 sp=0x000000aa413fd1c0 mode 0
Event: 8147.600 Thread 0x000001b746526050 DEOPT PACKING pc=0x000001b607aa00b9 sp=0x000000aa3dffe620
Event: 8147.600 Thread 0x000001b746526050 DEOPT UNPACKING pc=0x000001b616f71702 sp=0x000000aa3dffdaa0 mode 0
Event: 8274.183 Thread 0x000001b65de83330 Uncommon trap: trap_request=0xffffffde fr.pc=0x000001b6187c62d8 relative=0x0000000000004ad8
Event: 8274.183 Thread 0x000001b65de83330 Uncommon trap: reason=class_check action=maybe_recompile pc=0x000001b6187c62d8 method=com.intellij.openapi.vfs.newvfs.NewVirtualFileSystem.findCachedFileByPath(Lcom/intellij/openapi/vfs/newvfs/NewVirtualFileSystem;Ljava/lang/String;)Lcom/intellij/openapi/
Event: 8274.183 Thread 0x000001b65de83330 DEOPT PACKING pc=0x000001b6187c62d8 sp=0x000000aa3a5ff100
Event: 8274.184 Thread 0x000001b65de83330 DEOPT UNPACKING pc=0x000001b61703cf82 sp=0x000000aa3a5fee88 mode 2
Event: 8289.252 Thread 0x000001b65d075da0 Uncommon trap: trap_request=0xffffffde fr.pc=0x000001b6187c62d8 relative=0x0000000000004ad8
Event: 8289.252 Thread 0x000001b65d075da0 Uncommon trap: reason=class_check action=maybe_recompile pc=0x000001b6187c62d8 method=com.intellij.openapi.vfs.newvfs.NewVirtualFileSystem.findCachedFileByPath(Lcom/intellij/openapi/vfs/newvfs/NewVirtualFileSystem;Ljava/lang/String;)Lcom/intellij/openapi/
Event: 8289.252 Thread 0x000001b65d075da0 DEOPT PACKING pc=0x000001b6187c62d8 sp=0x000000aa36bff400
Event: 8289.253 Thread 0x000001b65d075da0 DEOPT UNPACKING pc=0x000001b61703cf82 sp=0x000000aa36bff188 mode 2
Event: 8414.329 Thread 0x000001b75cf35a70 DEOPT PACKING pc=0x000001b60782ce56 sp=0x000000aa3cffe050
Event: 8414.330 Thread 0x000001b75cf35a70 DEOPT UNPACKING pc=0x000001b616f71702 sp=0x000000aa3cffd4d8 mode 0
Event: 8751.218 Thread 0x000001b76a617110 DEOPT PACKING pc=0x000001b607a67593 sp=0x000000aa40dff240
Event: 8751.218 Thread 0x000001b76a617110 DEOPT UNPACKING pc=0x000001b616f71702 sp=0x000000aa40dfe768 mode 0

Classes loaded (20 events):
Event: 8537.589 Loading class javax/annotation/Nullable
Event: 8537.589 Loading class javax/annotation/Nullable done
Event: 8597.589 Loading class javax/annotation/Nullable
Event: 8597.589 Loading class javax/annotation/Nullable done
Event: 8657.593 Loading class javax/annotation/Nullable
Event: 8657.593 Loading class javax/annotation/Nullable done
Event: 8717.588 Loading class javax/annotation/Nullable
Event: 8717.588 Loading class javax/annotation/Nullable done
Event: 8749.009 Loading class kotlin/String
Event: 8749.009 Loading class kotlin/String done
Event: 8749.009 Loading class kotlin/String
Event: 8749.009 Loading class kotlin/String done
Event: 8749.010 Loading class kotlin/Long
Event: 8749.010 Loading class kotlin/Long done
Event: 8749.010 Loading class kotlin/Long
Event: 8749.010 Loading class kotlin/Long done
Event: 8749.012 Loading class kotlin/Boolean
Event: 8749.012 Loading class kotlin/Boolean done
Event: 8749.012 Loading class kotlin/Boolean
Event: 8749.012 Loading class kotlin/Boolean done

Classes unloaded (20 events):
Event: 8067.010 Thread 0x000001b603231eb0 Unloading class 0x000000003f8c4800 'java/lang/invoke/LambdaForm$MH+0x000000003f8c4800'
Event: 8067.010 Thread 0x000001b603231eb0 Unloading class 0x000000003f8cc400 'java/lang/invoke/LambdaForm$MH+0x000000003f8cc400'
Event: 8067.010 Thread 0x000001b603231eb0 Unloading class 0x000000003f8ebc00 'java/lang/invoke/LambdaForm$MH+0x000000003f8ebc00'
Event: 8067.010 Thread 0x000001b603231eb0 Unloading class 0x000000003f748000 'java/lang/invoke/LambdaForm$MH+0x000000003f748000'
Event: 8067.010 Thread 0x000001b603231eb0 Unloading class 0x000000003f8cd400 'java/lang/invoke/LambdaForm$MH+0x000000003f8cd400'
Event: 8067.010 Thread 0x000001b603231eb0 Unloading class 0x000000003f89c400 'java/lang/invoke/LambdaForm$MH+0x000000003f89c400'
Event: 8067.010 Thread 0x000001b603231eb0 Unloading class 0x000000003f942c00 'java/lang/invoke/LambdaForm$MH+0x000000003f942c00'
Event: 8067.010 Thread 0x000001b603231eb0 Unloading class 0x000000003f944000 'java/lang/invoke/LambdaForm$MH+0x000000003f944000'
Event: 8067.010 Thread 0x000001b603231eb0 Unloading class 0x000000003f945400 'java/lang/invoke/LambdaForm$MH+0x000000003f945400'
Event: 8475.667 Thread 0x000001b603231eb0 Unloading class 0x000000003f8c2400 'java/lang/invoke/LambdaForm$MH+0x000000003f8c2400'
Event: 8475.667 Thread 0x000001b603231eb0 Unloading class 0x000000003f8c2000 'java/lang/invoke/LambdaForm$MH+0x000000003f8c2000'
Event: 8475.667 Thread 0x000001b603231eb0 Unloading class 0x000000003f8d0c00 'java/lang/invoke/LambdaForm$DMH+0x000000003f8d0c00'
Event: 8475.667 Thread 0x000001b603231eb0 Unloading class 0x000000003f8d0800 'java/lang/invoke/LambdaForm$DMH+0x000000003f8d0800'
Event: 8475.667 Thread 0x000001b603231eb0 Unloading class 0x000000003f5bcc00 'java/lang/invoke/LambdaForm$DMH+0x000000003f5bcc00'
Event: 8475.667 Thread 0x000001b603231eb0 Unloading class 0x000000003f5bc800 'java/lang/invoke/LambdaForm$DMH+0x000000003f5bc800'
Event: 8475.667 Thread 0x000001b603231eb0 Unloading class 0x000000003f91a800 'java/lang/invoke/LambdaForm$MH+0x000000003f91a800'
Event: 8475.667 Thread 0x000001b603231eb0 Unloading class 0x000000003f916400 'java/lang/invoke/LambdaForm$MH+0x000000003f916400'
Event: 8475.667 Thread 0x000001b603231eb0 Unloading class 0x000000003f898c00 'java/lang/invoke/LambdaForm$BMH+0x000000003f898c00'
Event: 8475.667 Thread 0x000001b603231eb0 Unloading class 0x000000003f8e8000 'java/lang/invoke/LambdaForm$DMH+0x000000003f8e8000'
Event: 8475.667 Thread 0x000001b603231eb0 Unloading class 0x000000003f89d000 'java/lang/invoke/LambdaForm$MH+0x000000003f89d000'

Classes redefined (4 events):
Event: 8.401 Thread 0x000001b603231eb0 redefined class name=java.math.BigInteger, count=1
Event: 8.406 Thread 0x000001b603231eb0 redefined class name=java.net.InetAddress, count=1
Event: 8.409 Thread 0x000001b603231eb0 redefined class name=sun.management.VMManagementImpl, count=1
Event: 8.417 Thread 0x000001b603231eb0 redefined class name=java.lang.Class, count=1

Internal exceptions (20 events):
Event: 8745.450 Thread 0x000001b65b4bdb20 Exception <a 'sun/nio/fs/WindowsException'{0x00000000b7ab5080}> (0x00000000b7ab5080) 
thrown [s\src\hotspot\share\prims\jni.cpp, line 535]
Event: 8745.450 Thread 0x000001b77181cd50 Exception <a 'sun/nio/fs/WindowsException'{0x00000000b7bbb718}> (0x00000000b7bbb718) 
thrown [s\src\hotspot\share\prims\jni.cpp, line 535]
Event: 8745.450 Thread 0x000001b771847cd0 Exception <a 'sun/nio/fs/WindowsException'{0x00000000b7a99208}> (0x00000000b7a99208) 
thrown [s\src\hotspot\share\prims\jni.cpp, line 535]
Event: 8745.450 Thread 0x000001b66daf6250 Exception <a 'java/net/ConnectException'{0x00000000b7dedf20}: Connection refused: connect> (0x00000000b7dedf20) 
thrown [s\src\hotspot\share\prims\jni.cpp, line 569]
Event: 8745.450 Thread 0x000001b719043530 Exception <a 'java/net/ConnectException'{0x00000000b64ae8f0}: Connection refused: connect> (0x00000000b64ae8f0) 
thrown [s\src\hotspot\share\prims\jni.cpp, line 569]
Event: 8745.450 Thread 0x000001b719043530 Exception <a 'java/net/ConnectException'{0x00000000b64af788}: Connection refused: connect> (0x00000000b64af788) 
thrown [s\src\hotspot\share\prims\jni.cpp, line 569]
Event: 8749.212 Thread 0x000001b771847cd0 Exception <a 'sun/nio/fs/WindowsException'{0x00000000b5c55e10}> (0x00000000b5c55e10) 
thrown [s\src\hotspot\share\prims\jni.cpp, line 535]
Event: 8750.451 Thread 0x000001b7745b9ae0 Exception <a 'sun/nio/fs/WindowsException'{0x00000000b5cef390}> (0x00000000b5cef390) 
thrown [s\src\hotspot\share\prims\jni.cpp, line 535]
Event: 8750.451 Thread 0x000001b77181dcf0 Exception <a 'sun/nio/fs/WindowsException'{0x00000000b5b59610}> (0x00000000b5b59610) 
thrown [s\src\hotspot\share\prims\jni.cpp, line 535]
Event: 8750.451 Thread 0x000001b74655ac10 Exception <a 'sun/nio/fs/WindowsException'{0x00000000b5e05e58}> (0x00000000b5e05e58) 
thrown [s\src\hotspot\share\prims\jni.cpp, line 535]
Event: 8750.451 Thread 0x000001b66daf6250 Exception <a 'java/net/ConnectException'{0x00000000b64b08c8}: Connection refused: connect> (0x00000000b64b08c8) 
thrown [s\src\hotspot\share\prims\jni.cpp, line 569]
Event: 8750.451 Thread 0x000001b719043530 Exception <a 'java/net/ConnectException'{0x00000000b64b2388}: Connection refused: connect> (0x00000000b64b2388) 
thrown [s\src\hotspot\share\prims\jni.cpp, line 569]
Event: 8750.452 Thread 0x000001b66daf6250 Exception <a 'java/net/ConnectException'{0x00000000b5a0f738}: Connection refused: connect> (0x00000000b5a0f738) 
thrown [s\src\hotspot\share\prims\jni.cpp, line 569]
Event: 8750.834 Thread 0x000001b76a61ee10 Exception <a 'sun/nio/fs/WindowsException'{0x00000000b5b20b00}> (0x00000000b5b20b00) 
thrown [s\src\hotspot\share\prims\jni.cpp, line 535]
Event: 8755.453 Thread 0x000001b65b4f1df0 Exception <a 'sun/nio/fs/WindowsException'{0x00000000b57dab50}> (0x00000000b57dab50) 
thrown [s\src\hotspot\share\prims\jni.cpp, line 535]
Event: 8755.453 Thread 0x000001b76a61b760 Exception <a 'sun/nio/fs/WindowsException'{0x00000000b5724c50}> (0x00000000b5724c50) 
thrown [s\src\hotspot\share\prims\jni.cpp, line 535]
Event: 8755.453 Thread 0x000001b76a6159a0 Exception <a 'sun/nio/fs/WindowsException'{0x00000000b5c7ba80}> (0x00000000b5c7ba80) 
thrown [s\src\hotspot\share\prims\jni.cpp, line 535]
Event: 8755.454 Thread 0x000001b66daf6250 Exception <a 'java/net/ConnectException'{0x00000000b5a10d60}: Connection refused: connect> (0x00000000b5a10d60) 
thrown [s\src\hotspot\share\prims\jni.cpp, line 569]
Event: 8755.454 Thread 0x000001b719043530 Exception <a 'java/net/ConnectException'{0x00000000b560e1c8}: Connection refused: connect> (0x00000000b560e1c8) 
thrown [s\src\hotspot\share\prims\jni.cpp, line 569]
Event: 8755.454 Thread 0x000001b719043530 Exception <a 'java/net/ConnectException'{0x00000000b560f060}: Connection refused: connect> (0x00000000b560f060) 
thrown [s\src\hotspot\share\prims\jni.cpp, line 569]

VM Operations (20 events):
Event: 8477.581 Executing safepoint VM operation: G1PauseCleanup
Event: 8477.584 Executing safepoint VM operation: G1PauseCleanup done
Event: 8534.791 Executing non-safepoint VM operation: HandshakeAllThreads (HandshakeForDeflation)
Event: 8534.791 Executing non-safepoint VM operation: HandshakeAllThreads (HandshakeForDeflation) done
Event: 8534.791 Executing non-safepoint VM operation: RendezvousGCThreads
Event: 8534.791 Executing non-safepoint VM operation: RendezvousGCThreads done
Event: 8594.876 Executing non-safepoint VM operation: HandshakeAllThreads (HandshakeForDeflation)
Event: 8594.876 Executing non-safepoint VM operation: HandshakeAllThreads (HandshakeForDeflation) done
Event: 8594.876 Executing non-safepoint VM operation: RendezvousGCThreads
Event: 8594.876 Executing non-safepoint VM operation: RendezvousGCThreads done
Event: 8654.966 Executing non-safepoint VM operation: HandshakeAllThreads (HandshakeForDeflation)
Event: 8654.966 Executing non-safepoint VM operation: HandshakeAllThreads (HandshakeForDeflation) done
Event: 8654.966 Executing non-safepoint VM operation: RendezvousGCThreads
Event: 8654.966 Executing non-safepoint VM operation: RendezvousGCThreads done
Event: 8667.042 Executing safepoint VM operation: G1CollectForAllocation (G1 Evacuation Pause)
Event: 8667.059 Executing safepoint VM operation: G1CollectForAllocation (G1 Evacuation Pause) done
Event: 8715.052 Executing non-safepoint VM operation: HandshakeAllThreads (HandshakeForDeflation)
Event: 8715.052 Executing non-safepoint VM operation: HandshakeAllThreads (HandshakeForDeflation) done
Event: 8715.052 Executing non-safepoint VM operation: RendezvousGCThreads
Event: 8715.052 Executing non-safepoint VM operation: RendezvousGCThreads done

Memory protections (0 events):
No events

Nmethod flushes (20 events):
Event: 8477.027 Thread 0x000001b603231eb0 flushing  nmethod 0x000001b60a55b108
Event: 8477.027 Thread 0x000001b603231eb0 flushing  nmethod 0x000001b60a55b988
Event: 8477.028 Thread 0x000001b603231eb0 flushing  nmethod 0x000001b60a55bd08
Event: 8477.028 Thread 0x000001b603231eb0 flushing  nmethod 0x000001b60a55c188
Event: 8477.028 Thread 0x000001b603231eb0 flushing  nmethod 0x000001b60a721908
Event: 8477.028 Thread 0x000001b603231eb0 flushing  nmethod 0x000001b60a722088
Event: 8477.028 Thread 0x000001b603231eb0 flushing  nmethod 0x000001b60a722a08
Event: 8477.028 Thread 0x000001b603231eb0 flushing  nmethod 0x000001b60a8fc988
Event: 8477.028 Thread 0x000001b603231eb0 flushing  nmethod 0x000001b60a907008
Event: 8477.028 Thread 0x000001b603231eb0 flushing  nmethod 0x000001b60a909588
Event: 8477.028 Thread 0x000001b603231eb0 flushing  nmethod 0x000001b60a9eb008
Event: 8477.028 Thread 0x000001b603231eb0 flushing  nmethod 0x000001b60a9ec808
Event: 8477.028 Thread 0x000001b603231eb0 flushing  nmethod 0x000001b60ac18808
Event: 8477.028 Thread 0x000001b603231eb0 flushing  nmethod 0x000001b60ad3b308
Event: 8477.028 Thread 0x000001b603231eb0 flushing  nmethod 0x000001b60ad3c088
Event: 8477.028 Thread 0x000001b603231eb0 flushing  nmethod 0x000001b60adff688
Event: 8477.029 Thread 0x000001b603231eb0 flushing  nmethod 0x000001b60ae0d288
Event: 8477.029 Thread 0x000001b603231eb0 flushing  nmethod 0x000001b60ae0dd08
Event: 8477.029 Thread 0x000001b603231eb0 flushing  nmethod 0x000001b60b0b4088
Event: 8477.029 Thread 0x000001b603231eb0 flushing  nmethod 0x000001b60b437488

Events (20 events):
Event: 8480.639 Thread 0x000001b76ab5c050 Thread exited: 0x000001b76ab5c050
Event: 8490.449 Thread 0x000001b767b6b6e0 Thread added: 0x000001b774587e00
Event: 8490.449 Thread 0x000001b7709594a0 Thread added: 0x000001b76a6030c0
Event: 8537.073 Thread 0x000001b65d075da0 Thread exited: 0x000001b65d075da0
Event: 8537.074 Thread 0x000001b65de83330 Thread exited: 0x000001b65de83330
Event: 8550.716 Thread 0x000001b65d07daa0 Thread exited: 0x000001b65d07daa0
Event: 8550.717 Thread 0x000001b65d07f210 Thread exited: 0x000001b65d07f210
Event: 8550.753 Thread 0x000001b65d07d2d0 Thread exited: 0x000001b65d07d2d0
Event: 8550.767 Thread 0x000001b76a6030c0 Thread exited: 0x000001b76a6030c0
Event: 8550.787 Thread 0x000001b767b6b6e0 Thread exited: 0x000001b767b6b6e0
Event: 8550.808 Thread 0x000001b774587e00 Thread exited: 0x000001b774587e00
Event: 8550.828 Thread 0x000001b7709594a0 Thread exited: 0x000001b7709594a0
Event: 8605.338 Thread 0x000001b787b81280 Thread exited: 0x000001b787b81280
Event: 8656.156 Thread 0x000001b767ba3180 Thread added: 0x000001b786b9bb70
Event: 8715.467 Thread 0x000001b786b9bb70 Thread added: 0x000001b767b67860
Event: 8715.467 Thread 0x000001b786b9bb70 Thread added: 0x000001b767b6b6e0
Event: 8715.468 Thread 0x000001b786b9bb70 Thread added: 0x000001b767b74b50
Event: 8715.479 Thread 0x000001b74652ae70 Thread added: 0x000001b774588da0
Event: 8715.479 Thread 0x000001b74652ae70 Thread added: 0x000001b7745929e0
Event: 8715.479 Thread 0x000001b74652ae70 Thread added: 0x000001b77458f330


Dynamic libraries:
0x00007ff70b9b0000 - 0x00007ff70bb39000 	D:\JetBrains Rider 2026.2.1\bin\rider64.exe
0x00007ffabe740000 - 0x00007ffabe9a8000 	C:\WINDOWS\SYSTEM32\ntdll.dll
0x00007ffabd970000 - 0x00007ffabda39000 	C:\WINDOWS\System32\KERNEL32.DLL
0x00007ffabbc20000 - 0x00007ffabc00d000 	C:\WINDOWS\System32\KERNELBASE.dll
0x00007ffabe470000 - 0x00007ffabe550000 	C:\WINDOWS\System32\oleaut32.dll
0x00007ffabc2b0000 - 0x00007ffabc353000 	C:\WINDOWS\System32\msvcp_win.dll
0x00007ffabc0d0000 - 0x00007ffabc21b000 	C:\WINDOWS\System32\ucrtbase.dll
0x00007ffabc570000 - 0x00007ffabc8f6000 	C:\WINDOWS\System32\combase.dll
0x00007ffabe030000 - 0x00007ffabe148000 	C:\WINDOWS\System32\RPCRT4.dll
0x00007ffabdce0000 - 0x00007ffabdeac000 	C:\WINDOWS\System32\user32.dll
0x00007ffabb890000 - 0x00007ffabb8b7000 	C:\WINDOWS\System32\win32u.dll
0x00007ffabd050000 - 0x00007ffabd07b000 	C:\WINDOWS\System32\GDI32.dll
0x00007ffabb960000 - 0x00007ffabba97000 	C:\WINDOWS\System32\gdi32full.dll
0x00007ffabc900000 - 0x00007ffabd04a000 	C:\WINDOWS\System32\shell32.dll
0x00007ffabbaa0000 - 0x00007ffabbc14000 	C:\WINDOWS\System32\wintypes.dll
0x00007ffabe320000 - 0x00007ffabe3d4000 	C:\WINDOWS\System32\advapi32.dll
0x00007ffabac60000 - 0x00007ffabac8b000 	C:\WINDOWS\SYSTEM32\userenv.dll
0x00007ffabe270000 - 0x00007ffabe319000 	C:\WINDOWS\System32\msvcrt.dll
0x00007ffabe650000 - 0x00007ffabe6f6000 	C:\WINDOWS\System32\sechost.dll
0x00007ffabb8c0000 - 0x00007ffabb959000 	C:\WINDOWS\System32\bcryptprimitives.dll
0x00007ffab8cc0000 - 0x00007ffab8f01000 	C:\WINDOWS\SYSTEM32\dbghelp.dll
0x00007ffab0240000 - 0x00007ffab0275000 	C:\WINDOWS\SYSTEM32\WINMM.dll
0x00007ffabd880000 - 0x00007ffabd8af000 	C:\WINDOWS\System32\IMM32.DLL
0x00007ffab9510000 - 0x00007ffab9d6b000 	C:\WINDOWS\SYSTEM32\windows.storage.dll
0x00007ffabd2f0000 - 0x00007ffabd3e5000 	C:\WINDOWS\System32\SHCORE.dll
0x00007ffabe5e0000 - 0x00007ffabe64a000 	C:\WINDOWS\System32\shlwapi.dll
0x00007ffabb770000 - 0x00007ffabb79f000 	C:\WINDOWS\SYSTEM32\profapi.dll
0x00007ffaba760000 - 0x00007ffaba796000 	C:\WINDOWS\SYSTEM32\ntmarta.dll
0x00007ffa4c7c0000 - 0x00007ffa4d715000 	D:\JetBrains Rider 2026.2.1\jbr\bin\server\jvm.dll
0x00007ffabd080000 - 0x00007ffabd0f4000 	C:\WINDOWS\System32\WS2_32.dll
0x00007ffabb700000 - 0x00007ffabb75e000 	C:\WINDOWS\SYSTEM32\POWRPROF.dll
0x00007ffab50c0000 - 0x00007ffab50cb000 	C:\WINDOWS\SYSTEM32\VERSION.dll
0x00007ffab3eb0000 - 0x00007ffab3ebc000 	D:\JetBrains Rider 2026.2.1\jbr\bin\VCRUNTIME140_1.dll
0x00007ffab3bb0000 - 0x00007ffab3bce000 	D:\JetBrains Rider 2026.2.1\jbr\bin\VCRUNTIME140.dll
0x00007ffabb6e0000 - 0x00007ffabb6f4000 	C:\WINDOWS\SYSTEM32\UMPDC.dll
0x00007ffab3ea0000 - 0x00007ffab3eaa000 	D:\JetBrains Rider 2026.2.1\jbr\bin\jimage.dll
0x00007ffaa2240000 - 0x00007ffaa2283000 	C:\WINDOWS\SYSTEM32\dbgcore.DLL
0x00007ffab3ba0000 - 0x00007ffab3bb0000 	D:\JetBrains Rider 2026.2.1\jbr\bin\instrument.dll
0x00007ffab38c0000 - 0x00007ffab38d7000 	D:\JetBrains Rider 2026.2.1\jbr\bin\jli.dll
0x00007ffa96af0000 - 0x00007ffa96ba4000 	C:\WINDOWS\WinSxS\amd64_microsoft.windows.common-controls_6595b64144ccf1df_5.82.26100.4484_none_87ef4f277a2c8b1a\COMCTL32.dll
0x00007ffaa9710000 - 0x00007ffaa972f000 	D:\JetBrains Rider 2026.2.1\jbr\bin\java.dll
0x00007ffabdad0000 - 0x00007ffabdc6e000 	C:\WINDOWS\System32\ole32.dll
0x00007ffa9c9d0000 - 0x00007ffa9c9e6000 	D:\JetBrains Rider 2026.2.1\jbr\bin\zip.dll
0x00007ffaba630000 - 0x00007ffaba64b000 	C:\WINDOWS\SYSTEM32\kernel.appcore.dll
0x00007ffa9c8b0000 - 0x00007ffa9c8c2000 	D:\JetBrains Rider 2026.2.1\jbr\bin\net.dll
0x00007ffababc0000 - 0x00007ffabac2a000 	C:\WINDOWS\system32\mswsock.dll
0x00007ffa991f0000 - 0x00007ffa99206000 	D:\JetBrains Rider 2026.2.1\jbr\bin\nio.dll
0x00007ffaa9700000 - 0x00007ffaa970a000 	D:\JetBrains Rider 2026.2.1\jbr\bin\management.dll
0x00007ffa9c970000 - 0x00007ffa9c97c000 	D:\JetBrains Rider 2026.2.1\jbr\bin\management_ext.dll
0x00007ffabe020000 - 0x00007ffabe028000 	C:\WINDOWS\System32\PSAPI.DLL
0x00007ffa8fbc0000 - 0x00007ffa8fbd8000 	C:\WINDOWS\system32\napinsp.dll
0x00007ffaba0f0000 - 0x00007ffaba216000 	C:\WINDOWS\SYSTEM32\DNSAPI.dll
0x00007ffaba060000 - 0x00007ffaba093000 	C:\WINDOWS\SYSTEM32\IPHLPAPI.DLL
0x00007ffabd100000 - 0x00007ffabd10a000 	C:\WINDOWS\System32\NSI.dll
0x00007ffa8fba0000 - 0x00007ffa8fbb2000 	C:\WINDOWS\System32\winrnr.dll
0x00007ffa8fb10000 - 0x00007ffa8fb40000 	C:\WINDOWS\system32\nlansp_c.dll
0x00007ffa8f840000 - 0x00007ffa8f860000 	C:\WINDOWS\system32\wshbth.dll
0x00007ffab4270000 - 0x00007ffab427b000 	C:\Windows\System32\rasadhlp.dll
0x00007ffab2f00000 - 0x00007ffab2f86000 	C:\WINDOWS\System32\fwpuclnt.dll
0x00007ffa9c960000 - 0x00007ffa9c970000 	D:\JetBrains Rider 2026.2.1\jbr\bin\verify.dll
0x00007ffa55b90000 - 0x00007ffa55d1e000 	D:\JetBrains Rider 2026.2.1\jbr\bin\awt.dll
0x00007ffab7d30000 - 0x00007ffab7d66000 	C:\WINDOWS\SYSTEM32\dwmapi.dll
0x00007ffa97730000 - 0x00007ffa977ad000 	C:\WINDOWS\SYSTEM32\OLEACC.dll
0x00007ffa9c8d0000 - 0x00007ffa9c959000 	D:\JetBrains Rider 2026.2.1\jbr\bin\MSVCP140.dll
0x00007ffa83290000 - 0x00007ffa832d4000 	D:\JetBrains Rider 2026.2.1\jbr\bin\nvdaControllerClient64.dll
0x00007ffab7990000 - 0x00007ffab7a2e000 	C:\WINDOWS\SYSTEM32\apphelp.dll
0x00007ffa99280000 - 0x00007ffa9928e000 	D:\JetBrains Rider 2026.2.1\jbr\bin\sunmscapi.dll
0x00007ffabc360000 - 0x00007ffabc4d7000 	C:\WINDOWS\System32\CRYPT32.dll
0x00007ffabb090000 - 0x00007ffabb0c0000 	C:\WINDOWS\SYSTEM32\ncrypt.dll
0x00007ffabb040000 - 0x00007ffabb07f000 	C:\WINDOWS\SYSTEM32\NTASN1.dll
0x00007ffa991e0000 - 0x00007ffa991e9000 	D:\JetBrains Rider 2026.2.1\jbr\bin\prefs.dll
0x00007ffa8e8f0000 - 0x00007ffa8e8f8000 	C:\WINDOWS\system32\wshunix.dll
0x00007ffab7bd0000 - 0x00007ffab7c7f000 	C:\WINDOWS\system32\uxtheme.dll
0x00007ffabdeb0000 - 0x00007ffabe010000 	C:\WINDOWS\System32\MSCTF.dll
0x00007ffa6ca40000 - 0x00007ffa6cacb000 	D:\JetBrains Rider 2026.2.1\jbr\bin\freetype.dll
0x00007ffabae70000 - 0x00007ffabae8b000 	C:\WINDOWS\SYSTEM32\CRYPTSP.dll
0x00007ffa6c520000 - 0x00007ffa6c619000 	D:\JetBrains Rider 2026.2.1\jbr\bin\fontmanager.dll
0x00007ffab7a40000 - 0x00007ffab7a56000 	C:\WINDOWS\system32\Wtsapi32.dll
0x00007ffaba590000 - 0x00007ffaba5cb000 	C:\WINDOWS\system32\rsaenh.dll
0x00007ffabb630000 - 0x00007ffabb697000 	C:\WINDOWS\SYSTEM32\WINSTA.dll
0x00007ffa32dd0000 - 0x00007ffa32ee8000 	C:\WINDOWS\system32\opengl32.dll
0x00007ffa33ff0000 - 0x00007ffa3401d000 	C:\WINDOWS\SYSTEM32\GLU32.dll
0x00007ffab81d0000 - 0x00007ffab821d000 	C:\WINDOWS\SYSTEM32\dxcore.dll
0x00007ffabb7b0000 - 0x00007ffabb7d6000 	C:\WINDOWS\SYSTEM32\bcrypt.dll
0x00007ffabae90000 - 0x00007ffabae9c000 	C:\WINDOWS\SYSTEM32\CRYPTBASE.dll
0x00007ffa98ec0000 - 0x00007ffa98ec9000 	D:\JetBrains Rider 2026.2.1\jbr\bin\extnet.dll
0x00007ffa6d220000 - 0x00007ffa6d269000 	D:\JetBrains Rider 2026.2.1\lib\jna\amd64\jnidispatch.dll
0x00007ffabafa0000 - 0x00007ffabafb3000 	C:\WINDOWS\SYSTEM32\MSASN1.dll
0x00007ffa0d9d0000 - 0x00007ffa0e745000 	D:\JetBrains Rider 2026.2.1\lib\skiko-awt-runtime-all\skiko-windows-x64.dll
0x00007ffab5fc0000 - 0x00007ffab60cd000 	C:\WINDOWS\SYSTEM32\PROPSYS.dll
0x00007ffabac30000 - 0x00007ffabac57000 	C:\WINDOWS\SYSTEM32\gpapi.dll
0x00007ffab3440000 - 0x00007ffab347b000 	C:\WINDOWS\SYSTEM32\cryptnet.dll
0x00007ffab7b60000 - 0x00007ffab7b6f000 	C:\WINDOWS\SYSTEM32\WINNSI.DLL
0x00007ffa916e0000 - 0x00007ffa916f2000 	C:\WINDOWS\System32\perfproc.dll
0x00007ffa97550000 - 0x00007ffa97727000 	C:\WINDOWS\WinSxS\amd64_microsoft.windows.gdiplus_6595b64144ccf1df_1.1.26100.4484_none_6ef960323dc16d81\gdiplus.dll
0x00007ffa8ec20000 - 0x00007ffa8ed70000 	C:\WINDOWS\SYSTEM32\textinputframework.dll
0x00007ffabd8c0000 - 0x00007ffabd968000 	C:\WINDOWS\System32\clbcatq.dll
0x00007ffa72440000 - 0x00007ffa7249e000 	C:\WINDOWS\system32\ApplicationTargetedFeatureDatabase.dll
0x00007ffab0300000 - 0x00007ffab0538000 	C:\Windows\System32\twinapi.appcore.dll
0x00007ffa05af0000 - 0x00007ffa05b01000 	C:\WINDOWS\SYSTEM32\wtdccm.dll
0x00007ffaa5a10000 - 0x00007ffaa5caa000 	C:\WINDOWS\WinSxS\amd64_microsoft.windows.common-controls_6595b64144ccf1df_6.0.26100.4484_none_3e0e6d4ce32ef3b3\comctl32.dll
0x00007ffab6ba0000 - 0x00007ffab6ddb000 	C:\WINDOWS\SYSTEM32\WindowsCodecs.dll
0x00007ffab3ae0000 - 0x00007ffab3b3a000 	C:\WINDOWS\system32\dataexchange.dll
0x00007ffabb480000 - 0x00007ffabb48a000 	C:\WINDOWS\SYSTEM32\DPAPI.dll
0x00007ffab0b70000 - 0x00007ffab0b82000 	C:\WINDOWS\system32\wbem\wbemprox.dll
0x00007ffaa6bb0000 - 0x00007ffaa6c2a000 	C:\WINDOWS\SYSTEM32\wbemcomn.dll
0x00007ffaa0e30000 - 0x00007ffaa0e45000 	C:\WINDOWS\system32\wbem\wbemsvc.dll
0x00007ffaa26b0000 - 0x00007ffaa27a0000 	C:\WINDOWS\system32\wbem\fastprox.dll
0x00007ffa9d850000 - 0x00007ffa9d86d000 	C:\WINDOWS\SYSTEM32\amsi.dll
0x00007ffa9d740000 - 0x00007ffa9d7e4000 	C:\ProgramData\Microsoft\Windows Defender\Platform\4.18.26080.4-0\MpOav.dll
0x00007ffab4280000 - 0x00007ffab429f000 	C:\WINDOWS\SYSTEM32\dhcpcsvc6.DLL
0x00007ffab3870000 - 0x00007ffab3895000 	C:\WINDOWS\SYSTEM32\dhcpcsvc.DLL
0x00007ffa3a9c0000 - 0x00007ffa3a9f8000 	D:\JetBrains Rider 2026.2.1\bin\WinShellIntegrationBridge.dll
0x00007ffa91f20000 - 0x00007ffa91fd5000 	C:\Windows\System32\appresolver.dll
0x00007ffaa7860000 - 0x00007ffaa78be000 	C:\Windows\System32\Bcp47Langs.dll
0x00007ffabe560000 - 0x00007ffabe5da000 	C:\WINDOWS\System32\coml2.dll
0x00007ffabb3d0000 - 0x00007ffabb427000 	C:\WINDOWS\SYSTEM32\CFGMGR32.dll
0x00007ffa8d900000 - 0x00007ffa8d9c2000 	C:\Windows\System32\Windows.FileExplorer.Common.dll
0x00007ffa870e0000 - 0x00007ffa870fb000 	C:\WINDOWS\system32\NetworkExplorer.dll
0x00007ffa98380000 - 0x00007ffa9838f000 	C:\WINDOWS\SYSTEM32\LINKINFO.dll
0x00007ffa88950000 - 0x00007ffa889fd000 	C:\WINDOWS\SYSTEM32\ntshrui.dll
0x00007ffaa6210000 - 0x00007ffaa6239000 	C:\WINDOWS\SYSTEM32\srvcli.dll
0x00007ffa91a00000 - 0x00007ffa91a13000 	C:\WINDOWS\SYSTEM32\cscapi.dll
0x00007ffab65a0000 - 0x00007ffab6662000 	C:\WINDOWS\SYSTEM32\policymanager.dll
0x00007ffab63a0000 - 0x00007ffab6431000 	C:\WINDOWS\SYSTEM32\msvcp110_win.dll
0x00007ffab75a0000 - 0x00007ffab76c5000 	C:\WINDOWS\SYSTEM32\CoreMessaging.dll
0x00007ffab43d0000 - 0x00007ffab46b3000 	C:\WINDOWS\SYSTEM32\CoreUIComponents.dll
0x00007ffa9d0f0000 - 0x00007ffa9d13e000 	C:\WINDOWS\SYSTEM32\pdh.dll

JVMTI agents:
D:\jetbra\jetbra\ja-netfilter.jar path:D:\JetBrains Rider 2026.2.1\jbr\bin\instrument.dll, loaded, initialized, instrumentlib options:jetbrains

dbghelp: loaded successfully - version: 4.0.5 - missing functions: none
symbol engine: initialized successfully - sym options: 0x614 - pdb path: .;D:\JetBrains Rider 2026.2.1\bin;C:\WINDOWS\SYSTEM32;D:\JetBrains Rider 2026.2.1\jbr\bin\server;D:\JetBrains Rider 2026.2.1\jbr\bin;C:\WINDOWS\WinSxS\amd64_microsoft.windows.common-controls_6595b64144ccf1df_5.82.26100.4484_none_87ef4f277a2c8b1a;D:\JetBrains Rider 2026.2.1\lib\jna\amd64;D:\JetBrains Rider 2026.2.1\lib\skiko-awt-runtime-all;C:\WINDOWS\WinSxS\amd64_microsoft.windows.gdiplus_6595b64144ccf1df_1.1.26100.4484_none_6ef960323dc16d81;C:\WINDOWS\WinSxS\amd64_microsoft.windows.common-controls_6595b64144ccf1df_6.0.26100.4484_none_3e0e6d4ce32ef3b3;C:\WINDOWS\system32\wbem;C:\ProgramData\Microsoft\Windows Defender\Platform\4.18.26080.4-0;D:\JetBrains Rider 2026.2.1\lib\pty4j\win\x86-64;D:\JetBrains Rider 2026.2.1\plugins\dotCommon\DotFiles\windows-x64;C:\Users\Kenwen\AppData\Local\JetBrains\Rider2026.2\tmp

VM Arguments:
jvm_args: abort vfprintf -XX:ErrorFile=C:\Users\Kenwen\java_error_in_rider_%p.log -XX:HeapDumpPath=C:\Users\Kenwen\java_error_in_rider.hprof -Xms128m -Xmx2048m -XX:JbrShrinkingGcMaxHeapFreeRatio=40 -XX:ReservedCodeCacheSize=512m -XX:+HeapDumpOnOutOfMemoryError -XX:-OmitStackTraceInFastThrow -XX:CICompilerCount=2 -XX:+IgnoreUnrecognizedVMOptions -XX:+UnlockDiagnosticVMOptions -XX:TieredOldPercentage=100000 -XX:+UseCompactObjectHeaders --sun-misc-unsafe-memory-access=allow -ea -Dsun.io.useCanonCaches=false -Dsun.java2d.metal=true -Djbr.catch.SIGABRT=true -Djdk.http.auth.tunneling.disabledSchemes="" -Djdk.attach.allowAttachSelf=true -Djdk.module.illegalAccess.silent=true -Djdk.nio.maxCachedBufferSize=2097152 -Djava.util.zip.use.nio.for.zip.file.access=true -Dkotlinx.coroutines.debug=off -Dskiko.rendering.useScreenMenuBar=false -Djava.nio.file.spi.DefaultFileSystemProvider=com.intellij.platform.core.nio.fs.MultiRoutingFileSystemProvider -Denable.non.commercial.ai.license=true -Xms128m -Xmx2048m -XX:ReservedCodeCacheSize=512m -XX:+IgnoreUnrecognizedVMOptions -XX:+UseG1GC -XX:SoftRefLRUPolicyMSPerMB=50 -XX:CICompilerCount=2 -XX:+HeapDumpOnOutOfMemoryError -XX:-OmitStackTraceInFastThrow -ea -Dsun.io.useCanonCaches=false -Djdk.http.auth.tunneling.disabledSchemes="" -Djdk.attach.allowAttachSelf=true -Djdk.module.illegalAccess.silent=true -Dkotlinx.coroutines.debug=off -XX:ErrorFile=$USER_HOME/java_error_in_idea_%p.log -XX:HeapDumpPath=$USER_HOME/java_error_in_idea.hprof --add-opens=java.base/jdk.internal.org.objectweb.asm=ALL-UNNAMED --add-opens=java.base/jdk.internal.org.objectweb.asm.tree=ALL-UNNAMED -javaagent:D:\jetbra\jetbra\ja-netfilter.jar=jetbrains -Djb.vmOptionsFile=D:\jetbra\jetbra\vmoptions\rider.vmoptions -Xbootclasspath/a:D:\JetBrains Rider 2026.2.1\lib\nio-fs.jar -Djava.system.class.loader=com.intellij.util.lang.PathClassLoader -Didea.vendor.name=JetBrains -Didea.paths.selector=Rider2026.2 -Djna.boot.library.path=D:\JetBrains Rider 2026.2.1/lib/jna/amd64 -Djna.nosys=true -Djna.noclasspath=true -Dpty4j.preferred.native.folder=D:\JetBrains Rider 2026.2.1/lib/pty4j -Dio.netty.allocator.type=pooled -Dskiko.library.path=D:\JetBrains Rider 2026.2.1/lib/skiko-awt-runtime-all -Dintellij.platform.runtime.repository.path=D:\JetBrains Rider 2026.2.1/modules/module-descriptors.dat -Didea.platform.prefix=Rider -Didea.class.before.app=com.jetbrains.rider.protocol.EarlyBackendStarter -Didea.show.customize.ide.wizard=true -DFilePageCache.THROW_ERROR_ON_DUPLICATE_STORAGE_REGISTRATION=false -Dsplash=true -Daether.connector.resumeDownloads=false -Dcompose.swing.render.on.graphics=true --enable-native-access=ALL-UNNAMED --add-opens=java.base/java.io=ALL-UNNAMED --add-opens=java.base/java.lang=ALL-UNNAMED --add-opens=java.base/java.lang.ref=ALL-UNNAMED --add-opens=java.base/java.lang.reflect=ALL-UNNAMED --add-opens=java.base/java.net=ALL-UNNAMED --add-opens=java.base/java.nio=ALL-UNNAMED --add-opens=java.base/java.nio.charset=ALL-UNNAMED --add-opens=java.base/java.text=ALL-UNNAMED --add-opens=java.base/java.time=ALL-UNNAMED --add-opens=java.base/java.util=ALL-UNNAMED --add-opens=java.base/java.util.concurrent=ALL-UNNAMED --add-opens=java.base/java.util.concurrent.atomic=ALL-UNNAMED --add-opens=java.base/java.util.concurrent.locks=ALL-UNNAMED --add-opens=java.base/jdk.internal.ref=ALL-UNNAMED --add-opens=java.base/jdk.internal.vm=ALL-UNNAMED --add-opens=java.base/sun.net.dns=ALL-UNNAMED --add-opens=java.base/sun.nio=ALL-UNNAMED --add-opens=java.base/sun.nio.ch=ALL-UNNAMED --add-opens=java.base/sun.nio.fs=ALL-UNNAMED --add-opens=java.base/sun.security.ssl=ALL-UNNAMED --add-opens=java.base/sun.security.util=ALL-UNNAMED --add-opens=java.desktop/com.sun.java.swing=ALL-UNNAMED --add-opens=java.desktop/java.awt=ALL-UNNAMED --add-opens=java.desktop/java.awt.dnd.peer=ALL-UNNAMED --add-opens=java.desktop/java.awt.event=ALL-UNNAMED --add-opens=java.desktop/java.awt.font=ALL-UNNAMED --add-opens=java.desktop/java.awt.image=ALL-UNNAMED --add-opens=java.desktop/java.awt.peer=ALL-UNNAMED --add-opens=java.desktop/javax.swing=ALL-UNNAMED --add-opens=java.desktop/javax.swing.plaf.basic=ALL-UNNAMED --add-opens=java.desktop/javax.swing.text=ALL-UNNAMED --add-opens=java.desktop/javax.swing.text.html=ALL-UNNAMED --add-opens=java.desktop/javax.swing.text.html.parser=ALL-UNNAMED --add-opens=java.desktop/sun.awt=ALL-UNNAMED --add-opens=java.desktop/sun.awt.datatransfer=ALL-UNNAMED --add-opens=java.desktop/sun.awt.image=ALL-UNNAMED --add-opens=java.desktop/sun.awt.windows=ALL-UNNAMED --add-opens=java.desktop/sun.font=ALL-UNNAMED --add-opens=java.desktop/sun.java2d=ALL-UNNAMED --add-opens=java.desktop/sun.swing=ALL-UNNAMED --add-opens=java.desktop/sun.swing.text=ALL-UNNAMED --add-opens=java.management/sun.management=ALL-UNNAMED --add-opens=jdk.attach/sun.tools.attach=ALL-UNNAMED --add-opens=jdk.compiler/com.sun.tools.javac.api=ALL-UNNAMED --add-opens=jdk.internal.jvmstat/sun.jvmstat.monitor=ALL-UNNAMED --add-opens=jdk.jdi/com.sun.tools.jdi=ALL-UNNAMED -Dide.native.launcher=true -Djcef.sandbox.ptr=000001B600F2AEB0 -Djcef.sandbox.cefVersion=122.1.9+gd14e051+chromium-122.0.6261.94 -Dsun.jnu.encoding.sys=windows-936 
java_command: com.intellij.idea.Main E:\Project\Git\Hodgepodge\Hodgepodge.uproject
java_class_path (initial): D:\JetBrains Rider 2026.2.1\lib\platform-loader.jar;D:\JetBrains Rider 2026.2.1\lib\util-8.jar;D:\JetBrains Rider 2026.2.1\lib\util.jar;D:\JetBrains Rider 2026.2.1\lib\product-backend.jar;D:\JetBrains Rider 2026.2.1\lib\annotations.jar;D:\JetBrains Rider 2026.2.1\lib\eclipse.lsp4j.debug.jar;D:\JetBrains Rider 2026.2.1\lib\eclipse.lsp4j.jar;D:\JetBrains Rider 2026.2.1\lib\eclipse.lsp4j.jsonrpc.debug.jar;D:\JetBrains Rider 2026.2.1\lib\eclipse.lsp4j.jsonrpc.jar;D:\JetBrains Rider 2026.2.1\lib\external-system-rt.jar;D:\JetBrains Rider 2026.2.1\lib\externalProcess-rt.jar;D:\JetBrains Rider 2026.2.1\lib\fleet.andel.jar;D:\JetBrains Rider 2026.2.1\lib\fleet.bifurcan.jar;D:\JetBrains Rider 2026.2.1\lib\fleet.fastutil.jar;D:\JetBrains Rider 2026.2.1\lib\fleet.kernel.jar;D:\JetBrains Rider 2026.2.1\lib\fleet.multiplatform.shims.jar;D:\JetBrains Rider 2026.2.1\lib\fleet.openmap.jar;D:\JetBrains Rider 2026.2.1\lib\fleet.radixTrie.jar;D:\JetBrains Rider 2026.2.1\lib\fleet.reporting.api.jar;D:\JetBrains Rider 2026.2.1\lib\fleet.reporting.shared.jar;D:\JetBrains Rider 2026.2.1\lib\fleet.rhizomedb.jar;D:\JetBrains Rider 2026.2.1\lib\fleet.rhizomedb.transactor.jar;D:\JetBrains Rider 2026.2.1\lib\fleet.rhizomedb.transactor.rebase.jar;D:\JetBrains Rider 2026.2.1\lib\fleet.rpc.jar;D:\JetBrains Rider 2026.2.1\lib\fleet.rpc.server.jar;D:\JetBrains Rider 2026.2.1\lib\fleet.util.codepoints.jar;D:\JetBrains Rider 2026.2.1\lib\fleet.util.core.jar;D:\JetBrains Rider 2026.2.1\lib\fleet.util.logging.api.jar;D:\JetBrains Rider 2026.2.1\lib\fleet.util.serialization.jar;D:\JetBrains Rider 2026.2.1\lib\forms_rt.jar;D:\JetBrains Rider 2026.2.1\lib\intellij.cidr.cocoaPlistEditor.jar;D:\JetBrains Rider 2026.2.1\lib\intellij.cidr.plist.jar;D:\JetBrains Rider 2026.2.1\lib\intellij.libraries.aalto.xml.jar;D:\JetBrains Rider 2026.2.1\lib\intellij.libraries.asm.jar;D:\JetBrains Rider 2026.2.1\lib\intellij.libraries.asm.tools.jar;D:\JetBrains Rider 2026.2.1\lib\intellij.libraries.automaton.jar;D:\JetBrains Rider 2026.2.1\lib\intellij.libraries.batik.jar;D:\JetBrains Rider 2026.2.1\lib\intellij.libraries.blockmap.jar;D:\JetBrains Rider 2026.2.1\lib\intellij.libraries.bouncy.castle.pgp.jar;D:\JetBrains Rider 2026.2.1\lib\intellij.libraries.bouncy.castle.provider.jar;D:\JetBrains Rider 2026.2.1\lib\intellij.libraries.caffeine.jar;D:\JetBrains Rider 2026.2.1\lib\intellij.libraries.cglib.jar;D:\JetBrains Rider 2026.2.1\lib\intellij.libraries.classgraph.jar;D:\JetBrains Rider 2026.2.1\lib\intellij.libraries.cli.parser.jar;D:\JetBrains Rider 2026.2.1\lib\intellij.libraries.commons.cli.jar;D:\JetBrains Rider 2026.2.1\lib\intellij.libraries.commons.codec.jar;D:\JetBrains Rider 2026.2.1\lib\intellij.libraries.commons.compress.jar;D:\JetBrains Rider 2026.2.1\lib\intellij.libraries.commons.imaging.jar;D:\JetBrains Rider 2026.2.1\lib\intellij.libraries.commons.io.jar;D:\JetBrains Rider 2026.2.1\lib\intellij.libraries.commons.lang3.jar;D:\JetBrains Rider 2026.2.1\lib\intellij.libraries.commons.logging.jar;D:\JetBrains Rider 2026.2.1\lib\intellij.libraries.download.pgp.verifier.jar;D:\JetBrains Rider 2026.2.1\lib\intellij.libraries.fastutil.jar;D:\JetBrains Rider 2026.2.1\lib\intellij.libraries.gson.jar;D:\JetBrains Rider 2026.2.1\lib\intellij.libraries.guava.jar;D:\JetBrains Rider 2026.2.1\lib\intellij.libraries.hash4j.jar;D:\JetBrains Rider 2026.2.1\lib\intellij.libraries.hdr.histogram.jar;D:\JetBrains Rider 2026.2.1\lib\intellij.libraries.http.client.jar;D:\JetBrains Rider 2026.2.1\lib\intellij.libraries.icu4j.jar;D:\JetBrains Rider 2026.2.1\lib\intellij.libraries.imgscalr.jar;D:\JetBrains Rider 2026.2.1\lib\intellij.libraries.ini4j.jar;D:\JetBrains Rider 2026.2.1\lib\intellij.libraries.ion.jar;D:\JetBrains Rider 2026.2.1\lib\intellij.libraries.jackson.annotations.jar;D:\JetBrains Rider 2026.2.1\lib\intellij.libraries.jackson.databind.jar;D:\JetBrains Rider 2026.2.1\lib\intellij.libraries.jackson.dataformat.yaml.jar;D:\JetBrains Rider 2026.2.1\lib\intellij.libraries.jackson.jar;D:\JetBrains Rider 2026.2.1\lib\intellij.libraries.jackson.jr.objects.jar;D:\JetBrains Rider 2026.2.1\lib\intellij.libraries.jackson.module.kotlin.jar;D:\JetBrains Rider 2026.2.1\lib\intellij.libraries.jackson3.databind.jar;D:\JetBrains Rider 2026.2.1\lib\intellij.libraries.jackson3.dataformat.yaml.jar;D:\JetBrains Rider 2026.2.1\lib\intellij.libraries.jackson3.jar;D:\JetBrains Rider 2026.2.1\lib\intellij.libraries.jackson3.jr.objects.jar;D:\JetBrains Rider 2026.2.1\lib\intellij.libraries.jackson3.module.kotlin.jar;D:\JetBrains Rider 2026.2.1\lib\intellij.libraries.java.compatibility.jar;D:\JetBrains Rider 2026.2.1\lib\intellij.libraries.java.websocket.jar;D:\JetBrains Rider 2026.2.1\lib\intellij.libraries.javax.annotation.jar;D:\JetBrains Rider 2026.2.1\lib\intellij.libraries.jaxen.jar;D:\JetBrains Rider 2026.2.1\lib\intellij.libraries.jbr.jar;D:\JetBrains Rider 2026.2.1\lib\intellij.libraries.jcip.jar;D:\JetBrains Rider 2026.2.1\lib\intellij.libraries.jediterm.core.jar;D:\JetBrains Rider 2026.2.1\lib\intellij.libraries.jediterm.ui.jar;D:\JetBrains Rider 2026.2.1\lib\intellij.libraries.jgoodies.binding.jar;D:\JetBrains Rider 2026.2.1\lib\intellij.libraries.jgoodies.common.jar;D:\JetBrains Rider 2026.2.1\lib\intellij.libraries.jgoodies.forms.jar;D:\JetBrains Rider 2026.2.1\lib\intellij.libraries.jsch.agent.proxy.jar;D:\JetBrains Rider 2026.2.1\lib\intellij.libraries.jsonpath.jar;D:\JetBrains Rider 2026.2.1\lib\intellij.libraries.jsoup.jar;D:\JetBrains Rider 2026.2.1\lib\intellij.libraries.jsvg.jar;D:\JetBrains Rider 2026.2.1\lib\intellij.libraries.jvm.native.trusted.roots.jar;D:\JetBrains Rider 2026.2.1\lib\intellij.libraries.jzlib.jar;D:\JetBrains Rider 2026.2.1\lib\intellij.libraries.kotlin.reflect.jar;D:\JetBrains Rider 2026.2.1\lib\intellij.libraries.kotlinx.collections.immutable.jar;D:\JetBrains Rider 2026.2.1\lib\intellij.libraries.kotlinx.coroutines.core.jar;D:\JetBrains Rider 2026.2.1\lib\intellij.libraries.kotlinx.coroutines.debug.jar;D:\JetBrains Rider 2026.2.1\lib\intellij.libraries.kotlinx.coroutines.slf4j.jar;D:\JetBrains Rider 2026.2.1\lib\intellij.libraries.kotlinx.datetime.jar;D:\JetBrains Rider 2026.2.1\lib\intellij.libraries.kotlinx.html.jar;D:\JetBrains Rider 2026.2.1\lib\intellij.libraries.kotlinx.io.jar;D:\JetBrains Rider 2026.2.1\lib\intellij.libraries.kotlinx.serialization.cbor.jar;D:\JetBrains Rider 2026.2.1\lib\intellij.libraries.kotlinx.serialization.core.jar;D:\JetBrains Rider 2026.2.1\lib\intellij.libraries.kotlinx.serialization.json.jar;D:\JetBrains Rider 2026.2.1\lib\intellij.libraries.kotlinx.serialization.protobuf.jar;D:\JetBrains Rider 2026.2.1\lib\intellij.libraries.kryo5.jar;D:\JetBrains Rider 2026.2.1\lib\intellij.libraries.ktor.client.cio.jar;D:\JetBrains Rider 2026.2.1\lib\intellij.libraries.ktor.client.jar;D:\JetBrains Rider 2026.2.1\lib\intellij.libraries.ktor.io.jar;D:\JetBrains Rider 2026.2.1\lib\intellij.libraries.ktor.network.tls.jar;D:\JetBrains Rider 2026.2.1\lib\intellij.libraries.ktor.server.cio.jar;D:\JetBrains Rider 2026.2.1\lib\intellij.libraries.ktor.utils.jar;D:\JetBrains Rider 2026.2.1\lib\intellij.libraries.lz4.jar;D:\JetBrains Rider 2026.2.1\lib\intellij.libraries.markdown.jar;D:\JetBrains Rider 2026.2.1\lib\intellij.libraries.miglayout.swing.jar;D:\JetBrains Rider 2026.2.1\lib\intellij.libraries.mvstore.jar;D:\JetBrains Rider 2026.2.1\lib\intellij.libraries.netty.buffer.jar;D:\JetBrains Rider 2026.2.1\lib\intellij.libraries.netty.codec.compression.jar;D:\JetBrains Rider 2026.2.1\lib\intellij.libraries.netty.codec.http.jar;D:\JetBrains Rider 2026.2.1\lib\intellij.libraries.netty.handler.proxy.jar;D:\JetBrains Rider 2026.2.1\lib\intellij.libraries.opentelemetry.exporter.otlp.common.jar;D:\JetBrains Rider 2026.2.1\lib\intellij.libraries.opentelemetry.exporter.sender.jdk.jar;D:\JetBrains Rider 2026.2.1\lib\intellij.libraries.opentelemetry.extension.kotlin.jar;D:\JetBrains Rider 2026.2.1\lib\intellij.libraries.opentelemetry.jar;D:\JetBrains Rider 2026.2.1\lib\intellij.libraries.opentelemetry.sdk.autoconfigure.spi.jar;D:\JetBrains Rider 2026.2.1\lib\intellij.libraries.opentelemetry.semconv.jar;D:\JetBrains Rider 2026.2.1\lib\intellij.libraries.oro.matcher.jar;D:\JetBrains Rider 2026.2.1\lib\intellij.libraries.protobuf.jar;D:\JetBrains Rider 2026.2.1\lib\intellij.libraries.proxy.vole.jar;D:\JetBrains Rider 2026.2.1\lib\intellij.libraries.pty4j.jar;D:\JetBrains Rider 2026.2.1\lib\intellij.libraries.rd.core.jar;D:\JetBrains Rider 2026.2.1\lib\intellij.libraries.rd.framework.jar;D:\JetBrains Rider 2026.2.1\lib\intellij.libraries.rd.swing.jar;D:\JetBrains Rider 2026.2.1\lib\intellij.libraries.rd.text.jar;D:\JetBrains Rider 2026.2.1\lib\intellij.libraries.rhino.jar;D:\JetBrains Rider 2026.2.1\lib\intellij.libraries.semver.jar;D:\JetBrains Rider 2026.2.1\lib\intellij.libraries.snakeyaml.engine.jar;D:\JetBrains Rider 2026.2.1\lib\intellij.libraries.snakeyaml.jar;D:\JetBrains Rider 2026.2.1\lib\intellij.libraries.sshj.jar;D:\JetBrains Rider 2026.2.1\lib\intellij.libraries.stream.jar;D:\JetBrains Rider 2026.2.1\lib\intellij.libraries.swingx.jar;D:\JetBrains Rider 2026.2.1\lib\intellij.libraries.teamcity.service.messages.jar;D:\JetBrains Rider 2026.2.1\lib\intellij.libraries.velocity.jar;D:\JetBrains Rider 2026.2.1\lib\intellij.libraries.winp.jar;D:\JetBrains Rider 2026.2.1\lib\intellij.libraries.xerces.jar;D:\JetBrains Rider 2026.2.1\lib\intellij.libraries.xtext.xbase.jar;D:\JetBrains Rider 2026.2.1\lib\intellij.libraries.xz.jar;D:\JetBrains Rider 2026.2.1\lib\intellij.platform.analysis.impl.jar;D:\JetBrains Rider 2026.2.1\lib\intellij.platform.analysis.jar;D:\JetBrains Rider 2026.2.1\lib\intellij.platform.bazel.runfiles.jar;D:\JetBrains Rider 2026.2.1\lib\intellij.platform.bootstrap.jar;D:\JetBrains Rider 2026.2.1\lib\intellij.platform.builtInServer.impl.jar;D:\JetBrains Rider 2026.2.1\lib\intellij.platform.builtInServer.jar;D:\JetBrains Rider 2026.2.1\lib\intellij.platform.codeStyle.jar;D:\JetBrains Rider 2026.2.1\lib\intellij.platform.commercial.jar;D:\JetBrains Rider 2026.2.1\lib\intellij.platform.configurationStore.impl.jar;D:\JetBrains Rider 2026.2.1\lib\intellij.platform.core.impl.jar;D:\JetBrains Rider 2026.2.1\lib\intellij.platform.core.jar;D:\JetBrains Rider 2026.2.1\lib\intellij.platform.core.ui.jar;D:\JetBrains Rider 2026.2.1\lib\intellij.platform.credentialStore.impl.jar;D:\JetBrains Rider 2026.2.1\lib\intellij.platform.credentialStore.jar;D:\JetBrains Rider 2026.2.1\lib\intellij.platform.credentialStore.ui.jar;D:\JetBrains Rider 2026.2.1\lib\intellij.platform.cs.jar;D:\JetBrains Rider 2026.2.1\lib\intellij.platform.debugger.impl.jar;D:\JetBrains Rider 2026.2.1\lib\intellij.platform.debugger.impl.rpc.jar;D:\JetBrains Rider 2026.2.1\lib\intellij.platform.debugger.impl.shared.jar;D:\JetBrains Rider 2026.2.1\lib\intellij.platform.debugger.impl.ui.jar;D:\JetBrains Rider 2026.2.1\lib\intellij.platform.debugger.jar;D:\JetBrains Rider 2026.2.1\lib\intellij.platform.debugger.modulesView.jar;D:\JetBrains Rider 2026.2.1\lib\intellij.platform.debugger.parallelStacks.jar;D:\JetBrains Rider 2026.2.1\lib\intellij.platform.diagnostic.telemetry.jar;D:\JetBrains Rider 2026.2.1\lib\intellij.platform.diff.impl.jar;D:\JetBrains Rider 2026.2.1\lib\intellij.platform.diff.jar;D:\JetBrains Rider 2026.2.1\lib\intellij.platform.discoverability.jar;D:\JetBrains Rider 2026.2.1\lib\intellij.platform.duplicates.analysis.jar;D:\JetBrains Rider 2026.2.1\lib\intellij.platform.editor.ex.jar;D:\JetBrains Rider 2026.2.1\lib\intellij.platform.editor.ui.jar;D:\JetBrains Rider 2026.2.1\lib\intellij.platform.eel.impl.jar;D:\JetBrains Rider 2026.2.1\lib\intellij.platform.eel.nioFs.impl.jar;D:\JetBrains Rider 2026.2.1\lib\intellij.platform.execution.impl.jar;D:\JetBrains Rider 2026.2.1\lib\intellij.platform.execution.jar;D:\JetBrains Rider 2026.2.1\lib\intellij.platform.experiment.jar;D:\JetBrains Rider 2026.2.1\lib\intellij.platform.externalProcessAuthHelper.jar;D:\JetBrains Rider 2026.2.1\lib\intellij.platform.externalSystem.dependencyUpdater.jar;D:\JetBrains Rider 2026.2.1\lib\intellij.platform.externalSystem.impl.jar;D:\JetBrains Rider 2026.2.1\lib\intellij.platform.externalSystem.jar;D:\JetBrains Rider 2026.2.1\lib\intellij.platform.feedback.jar;D:\JetBrains Rider 2026.2.1\lib\intellij.platform.graph.impl.jar;D:\JetBrains Rider 2026.2.1\lib\intellij.platform.graph.jar;D:\JetBrains Rider 2026.2.1\lib\intellij.platform.icons.impl.intellij.jar;D:\JetBrains Rider 2026.2.1\lib\intellij.platform.ide.concurrency.jar;D:\JetBrains Rider 2026.2.1\lib\intellij.platform.ide.core.jar;D:\JetBrains Rider 2026.2.1\lib\intellij.platform.ide.core.plugins.jar;D:\JetBrains Rider 2026.2.1\lib\intellij.platform.ide.designer.jar;D:\JetBrains Rider 2026.2.1\lib\intellij.platform.ide.favoritesTreeView.jar;D:\JetBrains Rider 2026.2.1\lib\intellij.platform.ide.impl.jar;D:\JetBrains Rider 2026.2.1\lib\intellij.platform.ide.initialConfigImport.jar;D:\JetBrains Rider 2026.2.1\lib\intellij.platform.ide.jar;D:\JetBrains Rider 2026.2.1\lib\intellij.platform.ide.remote.jar;D:\JetBrains Rider 2026.2.1\lib\intellij.platform.ide.ui.inspector.jar;D:\JetBrains Rider 2026.2.1\lib\intellij.platform.indexing.jar;D:\JetBrains Rider 2026.2.1\lib\intellij.platform.kernel.jar;D:\JetBrains Rider 2026.2.1\lib\intellij.platform.lang.core.jar;D:\JetBrains Rider 2026.2.1\lib\intellij.platform.lang.impl.jar;D:\JetBrains Rider 2026.2.1\lib\intellij.platform.lang.jar;D:\JetBrains Rider 2026.2.1\lib\intellij.platform.locking.impl.jar;D:\JetBrains Rider 2026.2.1\lib\intellij.platform.lsp.impl.jar;D:\JetBrains Rider 2026.2.1\lib\intellij.platform.lsp.jar;D:\JetBrains Rider 2026.2.1\lib\intellij.platform.lvcs.jar;D:\JetBrains Rider 2026.2.1\lib\intellij.platform.macro.jar;D:\JetBrains Rider 2026.2.1\lib\intellij.platform.markdown.utils.jar;D:\JetBrains Rider 2026.2.1\lib\intellij.platform.ml.jar;D:\JetBrains Rider 2026.2.1\lib\intellij.platform.polySymbols.backend.jar;D:\JetBrains Rider 2026.2.1\lib\intellij.platform.polySymbols.jar;D:\JetBrains Rider 2026.2.1\lib\intellij.platform.projectFrame.jar;D:\JetBrains Rider 2026.2.1\lib\intellij.platform.projectModel.impl.jar;D:\JetBrains Rider 2026.2.1\lib\intellij.platform.projectModel.jar;D:\JetBrains Rider 2026.2.1\lib\intellij.platform.rd.community.jar;D:\JetBrains Rider 2026.2.1\lib\intellij.platform.remote.core.jar;D:\JetBrains Rider 2026.2.1\lib\intellij.platform.remoteServers.agent.rt.jar;D:\JetBrains Rider 2026.2.1\lib\intellij.platform.remoteServers.impl.jar;D:\JetBrains Rider 2026.2.1\lib\intellij.platform.remoteServers.jar;D:\JetBrains Rider 2026.2.1\lib\intellij.platform.rpc.jar;D:\JetBrains Rider 2026.2.1\lib\intellij.platform.rpc.topics.jar;D:\JetBrains Rider 2026.2.1\lib\intellij.platform.runtime.product.jar;D:\JetBrains Rider 2026.2.1\lib\intellij.platform.scopes.jar;D:\JetBrains Rider 2026.2.1\lib\intellij.platform.split.protocol.jar;D:\JetBrains Rider 2026.2.1\lib\intellij.platform.statistics.config.jar;D:\JetBrains Rider 2026.2.1\lib\intellij.platform.statistics.jar;D:\JetBrains Rider 2026.2.1\lib\intellij.platform.statistics.uploader.jar;D:\JetBrains Rider 2026.2.1\lib\intellij.platform.testIntegration.jar;D:\JetBrains Rider 2026.2.1\lib\intellij.platform.testIntegration.ui.jar;D:\JetBrains Rider 2026.2.1\lib\intellij.platform.threadDumpParser.jar;D:\JetBrains Rider 2026.2.1\lib\intellij.platform.usageView.impl.jar;D:\JetBrains Rider 2026.2.1\lib\intellij.platform.usageView.jar;D:\JetBrains Rider 2026.2.1\lib\intellij.platform.util.coroutines.jar;D:\JetBrains Rider 2026.2.1\lib\intellij.platform.util.diff.jar;D:\JetBrains Rider 2026.2.1\lib\intellij.platform.util.ex.jar;D:\JetBrains Rider 2026.2.1\lib\intellij.platform.util.ui.jar;D:\JetBrains Rider 2026.2.1\lib\intellij.platform.vcs.core.jar;D:\JetBrains Rider 2026.2.1\lib\intellij.platform.vcs.jar;D:\JetBrains Rider 2026.2.1\lib\intellij.platform.vcs.shared.jar;D:\JetBrains Rider 2026.2.1\lib\intellij.platform.webide.impl.jar;D:\JetBrains Rider 2026.2.1\lib\intellij.platform.webide.jar;D:\JetBrains Rider 2026.2.1\lib\intellij.platform.welcomeScreen.impl.jar;D:\JetBrains Rider 2026.2.1\lib\intellij.platform.welcomeScreen.jar;D:\JetBrains Rider 2026.2.1\lib\intellij.rd.ide.model.generated.jar;D:\JetBrains Rider 2026.2.1\lib\intellij.rd.platform.jar;D:\JetBrains Rider 2026.2.1\lib\intellij.rd.ui.jar;D:\JetBrains Rider 2026.2.1\lib\intellij.regexp.jar;D:\JetBrains Rider 2026.2.1\lib\intellij.remoteDev.util.jar;D:\JetBrains Rider 2026.2.1\lib\intellij.resharper.model.generated.jar;D:\JetBrains Rider 2026.2.1\lib\intellij.rider.branding.jar;D:\JetBrains Rider 2026.2.1\lib\intellij.rider.icons.jar;D:\JetBrains Rider 2026.2.1\lib\intellij.rider.ide.jar;D:\JetBrains Rider 2026.2.1\lib\intellij.rider.model.generated.jar;D:\JetBrains Rider 2026.2.1\lib\intellij.rider.rdclient.dotnet.startup.jar;D:\JetBrains Rider 2026.2.1\lib\intellij.rider.rdclient.xml.jar;D:\JetBrains Rider 2026.2.1\lib\intellij.rider.shared.settings.jar;D:\JetBrains Rider 2026.2.1\lib\intellij.rml.dfa.jar;D:\JetBrains Rider 2026.2.1\lib\intellij.xml.analysis.impl.jar;D:\JetBrains Rider 2026.2.1\lib\intellij.xml.analysis.jar;D:\JetBrains Rider 2026.2.1\lib\intellij.xml.dom.impl.jar;D:\JetBrains Rider 2026.2.1\lib\intellij.xml.dom.jar;D:\JetBrains Rider 2026.2.1\lib\intellij.xml.impl.jar;D:\JetBrains Rider 2026.2.1\lib\intellij.xml.parser.jar;D:\JetBrains Rider 2026.2.1\lib\intellij.xml.psi.impl.jar;D:\JetBrains Rider 2026.2.1\lib\intellij.xml.psi.jar;D:\JetBrains Rider 2026.2.1\lib\intellij.xml.syntax.jar;D:\JetBrains Rider 2026.2.1\lib\intellij.xml.ui.common.jar;D:\JetBrains Rider 2026.2.1\lib\javax.activation.jar;D:\JetBrains Rider 2026.2.1\lib\javax.annotation-api.jar;D:\JetBrains Rider 2026.2.1\lib\jaxb-api.jar;D:\JetBrains Rider 2026.2.1\lib\jaxb-runtime.jar;D:\JetBrains Rider 2026.2.1\lib\jetbrains.intellij.deps.java.atk.wrapper.linux.jar;D:\JetBrains Rider 2026.2.1\lib\jps-model.jar;D:\JetBrains Rider 2026.2.1\lib\rd-gen.jar;D:\JetBrains Rider 2026.2.1\lib\swingx.jar;D:\JetBrains Rider 2026.2.1\lib\trove.jar;D:\JetBrains Rider 2026.2.1\lib\util_rt.jar
Launcher Type: generic

[Global flags]
     bool AOTInvokeDynamicLinking                  = false                                  {diagnostic} {ergonomic}
     bool AOTRecordTraining                        = false                                  {diagnostic} {ergonomic}
     bool AOTReplayTraining                        = false                                  {diagnostic} {ergonomic}
     intx CICompilerCount                          = 2                                         {product} {command line}
     uint ConcGCThreads                            = 4                                         {product} {ergonomic}
    ccstr ErrorFile                                = $USER_HOME/java_error_in_idea_%p.log            {product} {command line}
     uint G1ConcRefinementThreads                  = 15                                        {product} {ergonomic}
   size_t G1HeapRegionSize                         = 1048576                                   {product} {ergonomic}
     bool HeapDumpOnOutOfMemoryError               = true                                   {manageable} {command line}
    ccstr HeapDumpPath                             = $USER_HOME/java_error_in_idea.hprof         {manageable} {command line}
     bool IgnoreUnrecognizedVMOptions              = true                                      {product} {command line}
   size_t InitialHeapSize                          = 134217728                                 {product} {command line}
     bool IntelJccErratumMitigation                = false                             {ARCH diagnostic} {ergonomic}
    uintx JbrShrinkingGcMaxHeapFreeRatio           = 40                                     {manageable} {command line}
   size_t MarkStackSize                            = 4194304                                   {product} {ergonomic}
   size_t MarkStackSizeMax                         = 536870912                                 {product} {ergonomic}
   size_t MaxHeapSize                              = 2147483648                                {product} {command line}
   size_t MaxNewSize                               = 1287651328                                {product} {ergonomic}
   size_t MinHeapDeltaBytes                        = 1048576                                   {product} {ergonomic}
   size_t MinHeapSize                              = 134217728                                 {product} {command line}
    uintx NonNMethodCodeHeapSize                   = 5832704                                {pd product} {ergonomic}
    uintx NonProfiledCodeHeapSize                  = 265486336                              {pd product} {ergonomic}
     bool OmitStackTraceInFastThrow                = false                                     {product} {command line}
    uintx ProfiledCodeHeapSize                     = 265551872                              {pd product} {ergonomic}
    uintx ReservedCodeCacheSize                    = 536870912                              {pd product} {command line, ergonomic}
     bool SegmentedCodeCache                       = true                                      {product} {ergonomic}
   size_t SoftMaxHeapSize                          = 2147483648                             {manageable} {ergonomic}
     intx SoftRefLRUPolicyMSPerMB                  = 50                                        {product} {command line}
     intx TieredOldPercentage                      = 100000                                 {diagnostic} {command line}
     bool UnlockDiagnosticVMOptions                = true                                   {diagnostic} {command line}
     bool UseCompactObjectHeaders                  = true                           {product lp64_product} {command line}
     bool UseCompressedOops                        = true                           {product lp64_product} {ergonomic}
     bool UseG1GC                                  = true                                      {product} {command line}
     bool UseLargePagesIndividualAllocation        = false                                  {pd product} {ergonomic}
      int X86ICacheSync                            = 3                                 {ARCH diagnostic} {ergonomic}

Logging:
Log output configuration:
 #0: stdout all=warning uptime,level,tags foldmultilines=false
 #1: stderr all=off uptime,level,tags foldmultilines=false

Release file:
JAVA_VERSION="25.0.3" 
MODULES="java.base java.compiler java.datatransfer java.xml java.prefs java.desktop java.instrument java.logging java.management java.security.sasl java.naming java.rmi java.management.rmi java.net.http java.scripting java.security.jgss java.transaction.xa java.sql java.sql.rowset java.xml.crypto java.se java.smartcardio jdk.accessibility jdk.internal.jvmstat jdk.attach jdk.charsets jdk.internal.opt jdk.zipfs jdk.compiler jdk.crypto.cryptoki jdk.crypto.ec jdk.crypto.mscapi jdk.dynalink jdk.hotspot.agent jdk.httpserver jdk.internal.ed jdk.internal.le jdk.internal.md jdk.internal.vm.ci jdk.javadoc jdk.jcmd jdk.jdwp.agent jdk.jdi jdk.jfr jdk.localedata jdk.management jdk.management.agent jdk.management.jfr jdk.naming.dns jdk.naming.rmi jdk.net jdk.sctp jdk.security.auth jdk.security.jgss jdk.unsupported jdk.unsupported.desktop jdk.xml.dom" 
IMPLEMENTOR="JetBrains s.r.o." 
IMPLEMENTOR_VERSION="JBR-25.0.3+9-508.16-nomod" 
JAVA_RUNTIME_VERSION="25.0.3+9-b508.16" 
LIBC="default" 
OS_ARCH="x86_64" 
OS_NAME="Windows" 
SOURCE=".:git:c624f1bd9587+" 

Environment Variables:
JAVA_HOME=E:\Java\jdk-21_windows-x64_bin\jdk-21.0.1
PATH=C:\Program Files\Microsoft MPI\Bin\;E:\Java\jdk-21_windows-x64_bin\jdk-21.0.1\bin;C:\Program Files\Microsoft\jdk-11.0.16.101-hotspot\bin;C:\WINDOWS\system32;C:\WINDOWS;C:\WINDOWS\System32\Wbem;C:\WINDOWS\System32\WindowsPowerShell\v1.0\;C:\WINDOWS\System32\OpenSSH\;C:\Users\Administrator\AppData\Local\Microsoft\WindowsApps;C:\Recovery\OEM\Backup\;C:\Program Files (x86)\NVIDIA Corporation\PhysX\Common;C:\Windows\system32;C:\Windows;C:\Windows\System32\Wbem;C:\Windows\System32\WindowsPowerShell\v1.0\;C:\Windows\System32\OpenSSH\;C:\Program Files\Microsoft SQL Server\150\Tools\Binn\;C:\Program Files\dotnet\;E:\Git\Git\cmd;C:\Program Files\Microsoft SQL Server\Client SDK\ODBC\170\Tools\Binn\;C:\Program Files (x86)\Microsoft SQL Server\160\Tools\Binn\;C:\Program Files\Microsoft SQL Server\160\Tools\Binn\;C:\Program Files\Microsoft SQL Server\160\DTS\Binn\;C:\Program Files (x86)\Microsoft SQL Server\160\DTS\Binn\;C:\Program Files\NVIDIA Corporation\NVIDIA NvDLISR;C:\WINDOWS\system32;C:\WINDOWS;C:\WINDOWS\System32\Wbem;C:\WINDOWS\System32\WindowsPowerShell\v1.0\;C:\WINDOWS\System32\OpenSSH\;C:\Program Files\nodejs\;D:\vivo办公套件\pcsuite\;D:\vivo\pcsuite\;E:\Python\Scripts\;E:\Python\;C:\Users\Kenwen\AppData\Local\Microsoft\WindowsApps;E:\IDEA\IntelliJ IDEA Community Edition 2023.2.4\bin;;E:\Microsoft VS Code\bin;C:\Users\Kenwen\AppData\Local\Programs\Ollama;C:\Users\Kenwen\AppData\Roaming\npm;C:\Users\Kenwen\.dotnet\tools;C:\Users\Kenwen\AppData\Local\GitHubDesktop\bin;E:\cursor\resources\app\bin;D:\CodeBuddy CN\bin;D:\JetBrains Rider 2026.2.1\bin
USERNAME=Kenwen
OS=Windows_NT
PROCESSOR_IDENTIFIER=Intel64 Family 6 Model 154 Stepping 3, GenuineIntel
TMP=C:\Users\Kenwen\AppData\Local\Temp
TEMP=C:\Users\Kenwen\AppData\Local\Temp




Compilation memory statistics disabled.

Periodic native trim disabled

JNI global refs:
JNI global refs: 203, weak refs: 186

JNI global refs memory usage: 2731, weak refs: 13801

Process memory usage:
Resident Set Size: 1623644K (9% of 16474616K total physical memory with 862056K free physical memory)

OOME stack traces (most recent first):
Classloader memory used:
Loader com.intellij.util.lang.PathClassLoader                                          : 264 M
Loader com.intellij.ide.plugins.cl.PluginClassLoader                                   : 201 M
Loader bootstrap                                                                       : 67481 K
Loader jdk.internal.loader.ClassLoaders$PlatformClassLoader                            : 3140 K
Loader jdk.internal.loader.ClassLoaders$AppClassLoader                                 : 506 K
Loader com.intellij.util.lang.UrlClassLoader                                           : 482 K
Loader sun.reflect.misc.MethodUtil                                                     : 4072 B

Classes loaded by more than one classloader:
Class kotlin.jvm.internal.Intrinsics                                                  : loaded 4 times (x 73B)
Class kotlin.UninitializedPropertyAccessException                                     : loaded 4 times (x 84B)
Class kotlin.KotlinNullPointerException                                               : loaded 4 times (x 84B)
Class com.fasterxml.jackson.core.json.JsonGeneratorImpl                               : loaded 3 times (x 231B)
Class com.fasterxml.jackson.annotation.JsonView                                       : loaded 3 times (x 72B)
Class com.fasterxml.jackson.databind.Module$SetupContext                              : loaded 3 times (x 72B)
Class com.fasterxml.jackson.databind.introspect.AnnotatedParameter                    : loaded 3 times (x 93B)
Class com.fasterxml.jackson.databind.KeyDeserializer                                  : loaded 3 times (x 74B)
Class com.fasterxml.jackson.databind.ser.std.TokenBufferSerializer                    : loaded 3 times (x 117B)
Class com.fasterxml.jackson.databind.cfg.CoercionInputShape                           : loaded 3 times (x 81B)
Class kotlin.collections.CollectionsKt__ReversedViewsKt                               : loaded 3 times (x 73B)
Class com.fasterxml.jackson.databind.deser.std.ThrowableDeserializer                  : loaded 3 times (x 230B)
Class com.fasterxml.jackson.databind.ser.std.NullSerializer                           : loaded 3 times (x 116B)
Class com.fasterxml.jackson.databind.BeanDescription                                  : loaded 3 times (x 107B)
Class com.fasterxml.jackson.databind.introspect.DefaultAccessorNamingStrategy         : loaded 3 times (x 82B)
Class com.fasterxml.jackson.databind.cfg.BaseSettings                                 : loaded 3 times (x 74B)
Class com.fasterxml.jackson.databind.deser.Deserializers                              : loaded 3 times (x 72B)
Class com.fasterxml.jackson.databind.ser.std.NumberSerializers$FloatSerializer        : loaded 3 times (x 120B)
Class com.fasterxml.jackson.annotation.ObjectIdGenerator                              : loaded 3 times (x 81B)
Class com.fasterxml.jackson.core.util.Instantiatable                                  : loaded 3 times (x 72B)
Class com.fasterxml.jackson.core.io.JsonStringEncoder                                 : loaded 3 times (x 73B)
Class com.fasterxml.jackson.databind.type.IterationType                               : loaded 3 times (x 150B)
Class com.fasterxml.jackson.databind.ext.Java7SupportImpl                             : loaded 3 times (x 77B)
Class com.fasterxml.jackson.databind.ser.VirtualBeanPropertyWriter                    : loaded 3 times (x 145B)
Class com.fasterxml.jackson.databind.node.NullNode                                    : loaded 3 times (x 209B)
Class com.fasterxml.jackson.core.util.DefaultPrettyPrinter$Indenter                   : loaded 3 times (x 72B)
Class com.fasterxml.jackson.databind.util.Named                                       : loaded 3 times (x 72B)
Class com.fasterxml.jackson.databind.introspect.AnnotationCollector$EmptyCollector    : loaded 3 times (x 79B)
Class com.fasterxml.jackson.databind.ser.std.StdJdkSerializers$AtomicIntegerSerializer: loaded 3 times (x 117B)
Class kotlin.collections.CollectionsKt                                                : loaded 3 times (x 73B)
Class com.fasterxml.jackson.databind.deser.std.ReferenceTypeDeserializer              : loaded 3 times (x 171B)
Class [Lcom.fasterxml.jackson.databind.cfg.CoercionAction;                            : loaded 3 times (x 71B)
Class com.fasterxml.jackson.databind.util.internal.PrivateMaxEntriesMap$DrainStatus   : loaded 3 times (x 82B)
Class com.fasterxml.jackson.databind.jsontype.PolymorphicTypeValidator                : loaded 3 times (x 76B)
Class com.fasterxml.jackson.databind.ser.SerializerFactory                            : loaded 3 times (x 80B)
Class com.fasterxml.jackson.core.util.ByteArrayBuilder                                : loaded 3 times (x 91B)
Class com.fasterxml.jackson.databind.util.internal.LinkedDeque                        : loaded 3 times (x 203B)
Class com.fasterxml.jackson.databind.node.DoubleNode                                  : loaded 3 times (x 209B)
Class com.fasterxml.jackson.databind.node.BaseJsonNode                                : loaded 3 times (x 208B)
Class [Lcom.fasterxml.jackson.core.type.ResolvedType;                                 : loaded 3 times (x 71B)
Class com.fasterxml.jackson.databind.ser.std.InetSocketAddressSerializer              : loaded 3 times (x 118B)
Class com.fasterxml.jackson.databind.ser.std.EnumSerializer                           : loaded 3 times (x 121B)
Class com.fasterxml.jackson.databind.deser.std.StdKeyDeserializer$StringFactoryKeyDeserializer: loaded 3 times (x 81B)
Class com.fasterxml.jackson.databind.deser.impl.SetterlessProperty                    : loaded 3 times (x 145B)
Class com.fasterxml.jackson.databind.node.FloatNode                                   : loaded 3 times (x 209B)
Class com.fasterxml.jackson.databind.node.BooleanNode                                 : loaded 3 times (x 209B)
Class com.fasterxml.jackson.databind.SerializationFeature                             : loaded 3 times (x 86B)
Class com.fasterxml.jackson.annotation.Nulls                                          : loaded 3 times (x 81B)
Class com.fasterxml.jackson.core.JsonFactory$Feature                                  : loaded 3 times (x 86B)
Class [Lcom.fasterxml.jackson.databind.util.internal.PrivateMaxEntriesMap$DrainStatus;: loaded 3 times (x 71B)
Class com.fasterxml.jackson.databind.DatabindException                                : loaded 3 times (x 91B)
Class com.fasterxml.jackson.databind.ser.std.NumberSerializers$DoubleSerializer       : loaded 3 times (x 120B)
Class com.fasterxml.jackson.databind.introspect.ClassIntrospector                     : loaded 3 times (x 80B)
Class com.fasterxml.jackson.core.json.WriterBasedJsonGenerator                        : loaded 3 times (x 240B)
Class com.fasterxml.jackson.databind.ser.ResolvableSerializer                         : loaded 3 times (x 72B)
Class com.fasterxml.jackson.databind.JsonDeserializer                                 : loaded 3 times (x 99B)
Class com.fasterxml.jackson.databind.deser.std.MapEntryDeserializer                   : loaded 3 times (x 175B)
Class com.fasterxml.jackson.databind.introspect.VisibilityChecker                     : loaded 3 times (x 72B)
Class com.fasterxml.jackson.databind.deser.std.UntypedObjectDeserializer              : loaded 3 times (x 180B)
Class com.fasterxml.jackson.annotation.JsonInclude$Value                              : loaded 3 times (x 88B)
Class [Lcom.fasterxml.jackson.core.util.JacksonFeature;                               : loaded 3 times (x 71B)
Class com.fasterxml.jackson.databind.ext.Java7Support                                 : loaded 3 times (x 76B)
Class [Lcom.fasterxml.jackson.core.Base64Variant$PaddingReadBehaviour;                : loaded 3 times (x 71B)
Class [Lcom.fasterxml.jackson.annotation.Nulls;                                       : loaded 3 times (x 71B)
Class com.fasterxml.jackson.databind.cfg.DatatypeFeature                              : loaded 3 times (x 72B)
Class com.fasterxml.jackson.databind.cfg.ContextAttributes                            : loaded 3 times (x 78B)
Class com.fasterxml.jackson.databind.ser.std.ToStringSerializerBase                   : loaded 3 times (x 117B)
Class com.fasterxml.jackson.databind.deser.std.StdKeyDeserializer$DelegatingKD        : loaded 3 times (x 75B)
Class [Lcom.fasterxml.jackson.databind.AbstractTypeResolver;                          : loaded 3 times (x 71B)
Class com.fasterxml.jackson.databind.deser.std.StringCollectionDeserializer           : loaded 3 times (x 171B)
Class com.fasterxml.jackson.databind.introspect.TypeResolutionContext                 : loaded 3 times (x 72B)
Class com.fasterxml.jackson.databind.exc.MismatchedInputException                     : loaded 3 times (x 103B)
Class com.fasterxml.jackson.databind.JsonSerializer                                   : loaded 3 times (x 90B)
Class com.fasterxml.jackson.databind.JsonMappingException                             : loaded 3 times (x 99B)
Class kotlin.text.StringsKt__AppendableKt                                             : loaded 3 times (x 73B)
Class com.fasterxml.jackson.databind.type.CollectionLikeType                          : loaded 3 times (x 147B)
Class com.fasterxml.jackson.databind.node.IntNode                                     : loaded 3 times (x 209B)
Class com.fasterxml.jackson.databind.introspect.BasicClassIntrospector                : loaded 3 times (x 94B)
Class com.fasterxml.jackson.core.util.JsonRecyclerPools$ThreadLocalPool               : loaded 3 times (x 87B)
Class com.fasterxml.jackson.databind.node.TextNode                                    : loaded 3 times (x 210B)
Class com.fasterxml.jackson.databind.node.BinaryNode                                  : loaded 3 times (x 209B)
Class com.fasterxml.jackson.databind.ser.impl.PropertyBasedObjectIdGenerator          : loaded 3 times (x 82B)
Class com.fasterxml.jackson.databind.introspect.AnnotationIntrospectorPair            : loaded 3 times (x 165B)
Class com.fasterxml.jackson.databind.annotation.JsonDeserialize                       : loaded 3 times (x 72B)
Class com.fasterxml.jackson.databind.deser.CreatorProperty                            : loaded 3 times (x 146B)
Class com.fasterxml.jackson.databind.deser.std.StdKeyDeserializer$StringCtorKeyDeserializer: loaded 3 times (x 81B)
Class com.fasterxml.jackson.databind.ser.std.JsonValueSerializer                      : loaded 3 times (x 124B)
Class com.fasterxml.jackson.databind.jsontype.impl.StdSubtypeResolver                 : loaded 3 times (x 87B)
Class com.fasterxml.jackson.databind.DeserializationConfig                            : loaded 3 times (x 135B)
Class kotlin.text.StringsKt__StringNumberConversionsJVMKt                             : loaded 3 times (x 73B)
Class com.fasterxml.jackson.databind.exc.InvalidDefinitionException                   : loaded 3 times (x 102B)
Class com.fasterxml.jackson.databind.ser.std.ToStringSerializer                       : loaded 3 times (x 117B)
Class com.fasterxml.jackson.databind.cfg.DatatypeFeatures                             : loaded 3 times (x 82B)
Class com.fasterxml.jackson.databind.type.TypeParser                                  : loaded 3 times (x 80B)
Class com.fasterxml.jackson.databind.ser.std.DateTimeSerializerBase                   : loaded 3 times (x 125B)
Class com.fasterxml.jackson.databind.ser.std.AsArraySerializerBase                    : loaded 3 times (x 128B)
Class [Lcom.fasterxml.jackson.databind.ser.Serializers;                               : loaded 3 times (x 71B)
Class com.fasterxml.jackson.core.base.ParserMinimalBase                               : loaded 3 times (x 224B)
Class com.fasterxml.jackson.databind.node.MissingNode                                 : loaded 3 times (x 208B)
Class com.fasterxml.jackson.annotation.JsonSetter$Value                               : loaded 3 times (x 87B)
Class com.fasterxml.jackson.core.async.ByteArrayFeeder                                : loaded 3 times (x 72B)
Class com.fasterxml.jackson.annotation.JsonTypeInfo                                   : loaded 3 times (x 72B)
Class com.fasterxml.jackson.core.PrettyPrinter                                        : loaded 3 times (x 72B)
Class com.fasterxml.jackson.databind.AbstractTypeResolver                             : loaded 3 times (x 76B)
Class kotlin.NoWhenBranchMatchedException                                             : loaded 3 times (x 84B)
Class com.fasterxml.jackson.databind.introspect.BasicBeanDescription                  : loaded 3 times (x 115B)
Class com.fasterxml.jackson.databind.ser.std.NumberSerializers$IntLikeSerializer      : loaded 3 times (x 120B)
Class com.fasterxml.jackson.databind.ser.impl.TypeWrappedSerializer                   : loaded 3 times (x 94B)
Class com.fasterxml.jackson.databind.annotation.JsonSerialize                         : loaded 3 times (x 72B)
Class [Lcom.fasterxml.jackson.databind.MapperFeature;                                 : loaded 3 times (x 71B)
Class [Lcom.fasterxml.jackson.databind.deser.Deserializers;                           : loaded 3 times (x 71B)
Class com.fasterxml.jackson.databind.deser.BeanDeserializerModifier                   : loaded 3 times (x 84B)
Class com.fasterxml.jackson.databind.ser.impl.UnsupportedTypeSerializer               : loaded 3 times (x 116B)
Class com.fasterxml.jackson.databind.ser.std.NumberSerializers$IntegerSerializer      : loaded 3 times (x 120B)
Class kotlin.text.StringsKt__StringBuilderKt                                          : loaded 3 times (x 73B)
Class com.fasterxml.jackson.databind.util.LookupCache                                 : loaded 3 times (x 72B)
Class com.fasterxml.jackson.databind.ser.std.UUIDSerializer                           : loaded 3 times (x 123B)
Class com.fasterxml.jackson.databind.deser.NullValueProvider                          : loaded 3 times (x 72B)
Class com.fasterxml.jackson.core.util.DefaultIndenter                                 : loaded 3 times (x 84B)
Class com.fasterxml.jackson.databind.cfg.CoercionAction                               : loaded 3 times (x 81B)
Class [Lcom.fasterxml.jackson.core.sym.CharsToNameCanonicalizer$Bucket;               : loaded 3 times (x 71B)
Class com.fasterxml.jackson.core.sym.CharsToNameCanonicalizer$Bucket                  : loaded 3 times (x 74B)
Class com.fasterxml.jackson.core.StreamReadConstraints                                : loaded 3 times (x 92B)
Class com.fasterxml.jackson.databind.util.ClassUtil                                   : loaded 3 times (x 73B)
Class com.fasterxml.jackson.annotation.JsonUnwrapped                                  : loaded 3 times (x 72B)
Class com.fasterxml.jackson.databind.DatabindContext                                  : loaded 3 times (x 103B)
Class com.fasterxml.jackson.core.Base64Variant$PaddingReadBehaviour                   : loaded 3 times (x 81B)
Class com.fasterxml.jackson.databind.ser.impl.UnknownSerializer                       : loaded 3 times (x 117B)
Class com.fasterxml.jackson.databind.deser.std.EnumSetDeserializer                    : loaded 3 times (x 172B)
Class com.fasterxml.jackson.databind.ser.std.NumberSerializer                         : loaded 3 times (x 121B)
Class com.fasterxml.jackson.databind.ser.std.ReferenceTypeSerializer                  : loaded 3 times (x 127B)
Class kotlin.text.StringsKt__RegexExtensionsJVMKt                                     : loaded 3 times (x 73B)
Class com.fasterxml.jackson.databind.ser.std.StdJdkSerializers                        : loaded 3 times (x 73B)
Class kotlin.collections.CollectionsKt__CollectionsKt                                 : loaded 3 times (x 73B)
Class com.fasterxml.jackson.databind.AnnotationIntrospector                           : loaded 3 times (x 162B)
Class com.fasterxml.jackson.databind.node.ObjectNode                                  : loaded 3 times (x 297B)
Class com.fasterxml.jackson.databind.type.PlaceholderForType                          : loaded 3 times (x 143B)
Class [Lcom.fasterxml.jackson.databind.JavaType;                                      : loaded 3 times (x 71B)
Class com.fasterxml.jackson.databind.cfg.ConfigOverride                               : loaded 3 times (x 82B)
Class com.fasterxml.jackson.databind.util.Annotations                                 : loaded 3 times (x 72B)
Class [Lcom.fasterxml.jackson.databind.cfg.DatatypeFeature;                           : loaded 3 times (x 71B)
Class com.fasterxml.jackson.databind.node.ShortNode                                   : loaded 3 times (x 209B)
Class com.fasterxml.jackson.databind.ser.std.BooleanSerializer$AsNumber               : loaded 3 times (x 119B)
Class com.fasterxml.jackson.databind.type.MapLikeType                                 : loaded 3 times (x 150B)
Class com.fasterxml.jackson.databind.util.internal.PrivateMaxEntriesMap$Builder       : loaded 3 times (x 73B)
Class com.fasterxml.jackson.databind.DeserializationContext                           : loaded 3 times (x 171B)
Class com.fasterxml.jackson.databind.JavaType                                         : loaded 3 times (x 133B)
Class com.fasterxml.jackson.core.json.UTF8JsonGenerator                               : loaded 3 times (x 231B)
Class com.fasterxml.jackson.databind.cfg.ConfigOverrides                              : loaded 3 times (x 89B)
Class com.fasterxml.jackson.databind.introspect.AnnotatedConstructor                  : loaded 3 times (x 101B)
Class com.fasterxml.jackson.databind.type.ReferenceType                               : loaded 3 times (x 152B)
Class com.fasterxml.jackson.annotation.JsonFormat$Shape                               : loaded 3 times (x 81B)
Class [Lcom.fasterxml.jackson.databind.cfg.JsonNodeFeature;                           : loaded 3 times (x 71B)
Class com.fasterxml.jackson.databind.node.JsonNodeFactory                             : loaded 3 times (x 138B)
Class kotlin.collections.CollectionsKt__IteratorsJVMKt                                : loaded 3 times (x 73B)
Class com.fasterxml.jackson.databind.deser.std.StdScalarDeserializer                  : loaded 3 times (x 163B)
Class com.fasterxml.jackson.databind.ser.std.StdSerializer                            : loaded 3 times (x 116B)
Class com.fasterxml.jackson.databind.cfg.MutableCoercionConfig                        : loaded 3 times (x 79B)
Class com.fasterxml.jackson.databind.introspect.AnnotatedClass$Creators               : loaded 3 times (x 74B)
Class com.fasterxml.jackson.databind.type.SimpleType                                  : loaded 3 times (x 145B)
Class com.fasterxml.jackson.databind.deser.std.TokenBufferDeserializer                : loaded 3 times (x 164B)
Class com.fasterxml.jackson.databind.deser.impl.FieldProperty                         : loaded 3 times (x 145B)
Class [Lcom.fasterxml.jackson.databind.ser.BeanSerializerModifier;                    : loaded 3 times (x 71B)
Class com.fasterxml.jackson.databind.ser.std.FileSerializer                           : loaded 3 times (x 117B)
Class com.fasterxml.jackson.databind.node.ContainerNode                               : loaded 3 times (x 250B)
Class com.fasterxml.jackson.databind.node.DecimalNode                                 : loaded 3 times (x 210B)
Class com.fasterxml.jackson.databind.DeserializationFeature                           : loaded 3 times (x 86B)
Class com.fasterxml.jackson.databind.introspect.AnnotationCollector                   : loaded 3 times (x 79B)
Class com.fasterxml.jackson.core.json.async.NonBlockingUtf8JsonParserBase             : loaded 3 times (x 305B)
Class com.fasterxml.jackson.databind.deser.std.MapDeserializer                        : loaded 3 times (x 186B)
Class com.fasterxml.jackson.databind.deser.std.StdKeyDeserializer$EnumKD              : loaded 3 times (x 81B)
Class com.fasterxml.jackson.databind.ser.std.StdJdkSerializers$AtomicBooleanSerializer: loaded 3 times (x 117B)
Class com.fasterxml.jackson.databind.ser.std.NumberSerializer$BigDecimalAsStringSerializer: loaded 3 times (x 117B)
Class com.fasterxml.jackson.databind.ser.std.StaticListSerializerBase                 : loaded 3 times (x 125B)
Class com.fasterxml.jackson.databind.ser.std.EnumSetSerializer                        : loaded 3 times (x 134B)
Class com.fasterxml.jackson.databind.cfg.JsonNodeFeature                              : loaded 3 times (x 89B)
Class com.fasterxml.jackson.databind.type.TypeFactory                                 : loaded 3 times (x 137B)
Class com.fasterxml.jackson.core.TreeNode                                             : loaded 3 times (x 72B)
Class kotlin.collections.MapsKt                                                       : loaded 3 times (x 73B)
Class kotlin.collections.CollectionsKt__IterablesKt                                   : loaded 3 times (x 73B)
Class com.fasterxml.jackson.annotation.JsonAutoDetect$Visibility                      : loaded 3 times (x 81B)
Class com.fasterxml.jackson.databind.ser.impl.IteratorSerializer                      : loaded 3 times (x 133B)
Class com.fasterxml.jackson.databind.ser.impl.MapEntrySerializer                      : loaded 3 times (x 133B)
Class kotlin.text.StringsKt__StringsKt                                                : loaded 3 times (x 73B)
Class com.fasterxml.jackson.databind.introspect.DefaultAccessorNamingStrategy$RecordNaming: loaded 3 times (x 82B)
Class kotlin.collections.CollectionsKt__MutableCollectionsKt                          : loaded 3 times (x 73B)
Class [Lcom.fasterxml.jackson.core.JsonGenerator$Feature;                             : loaded 3 times (x 71B)
Class com.fasterxml.jackson.databind.introspect.VisibilityChecker$Std                 : loaded 3 times (x 124B)
Class com.fasterxml.jackson.databind.introspect.AnnotatedClassResolver                : loaded 3 times (x 76B)
Class com.fasterxml.jackson.core.sym.ByteQuadsCanonicalizer                           : loaded 3 times (x 74B)
Class com.fasterxml.jackson.core.json.async.NonBlockingByteBufferJsonParser           : loaded 3 times (x 314B)
Class com.fasterxml.jackson.core.ObjectCodec                                          : loaded 3 times (x 94B)
Class [Lcom.fasterxml.jackson.databind.deser.BeanDeserializerModifier;                : loaded 3 times (x 71B)
Class com.fasterxml.jackson.databind.ser.std.CalendarSerializer                       : loaded 3 times (x 128B)
Class com.fasterxml.jackson.databind.ser.std.DateSerializer                           : loaded 3 times (x 128B)
Class com.fasterxml.jackson.databind.type.IdentityEqualityType                        : loaded 3 times (x 141B)
Class com.fasterxml.jackson.core.json.JsonParserBase                                  : loaded 3 times (x 267B)
Class com.fasterxml.jackson.databind.SerializationConfig                              : loaded 3 times (x 135B)
Class [Lcom.fasterxml.jackson.databind.cfg.ConfigFeature;                             : loaded 3 times (x 71B)
Class com.fasterxml.jackson.databind.cfg.DatatypeFeatures$DefaultHolder               : loaded 3 times (x 73B)
Class com.fasterxml.jackson.databind.ser.SerializerCache                              : loaded 3 times (x 74B)
Class com.fasterxml.jackson.databind.deser.std.ArrayBlockingQueueDeserializer         : loaded 3 times (x 184B)
Class com.fasterxml.jackson.databind.deser.UnresolvedForwardReference                 : loaded 3 times (x 105B)
Class com.fasterxml.jackson.databind.node.JsonNodeCreator                             : loaded 3 times (x 72B)
Class [Lcom.fasterxml.jackson.core.JsonFactory$Feature;                               : loaded 3 times (x 71B)
Class kotlin.collections.CollectionsKt__MutableCollectionsJVMKt                       : loaded 3 times (x 73B)
Class kotlin.text.StringsKt___StringsKt                                               : loaded 3 times (x 73B)
Class com.fasterxml.jackson.databind.deser.std.StringArrayDeserializer                : loaded 3 times (x 166B)
Class com.fasterxml.jackson.databind.ser.std.StdJdkSerializers$AtomicLongSerializer   : loaded 3 times (x 117B)
Class kotlin.collections.MapsKt__MapWithDefaultKt                                     : loaded 3 times (x 73B)
Class com.fasterxml.jackson.databind.ser.impl.StringCollectionSerializer              : loaded 3 times (x 126B)
Class com.fasterxml.jackson.databind.ser.ContainerSerializer                          : loaded 3 times (x 122B)
Class com.fasterxml.jackson.core.JsonGenerator$Feature                                : loaded 3 times (x 81B)
Class com.fasterxml.jackson.databind.introspect.BeanPropertyDefinition                : loaded 3 times (x 111B)
Class com.fasterxml.jackson.databind.jsontype.TypeResolverBuilder                     : loaded 3 times (x 72B)
Class com.fasterxml.jackson.databind.SerializerProvider                               : loaded 3 times (x 152B)
Class com.fasterxml.jackson.databind.jsontype.impl.LaissezFaireSubTypeValidator       : loaded 3 times (x 76B)
Class com.fasterxml.jackson.databind.introspect.VirtualAnnotatedMember                : loaded 3 times (x 95B)
Class com.fasterxml.jackson.databind.type.TypeBindings                                : loaded 3 times (x 87B)
Class kotlin.collections.MapsKt___MapsKt                                              : loaded 3 times (x 73B)
Class com.fasterxml.jackson.core.json.async.NonBlockingJsonParser                     : loaded 3 times (x 315B)
Class com.fasterxml.jackson.databind.node.POJONode                                    : loaded 3 times (x 211B)
Class com.fasterxml.jackson.databind.cfg.DefaultCacheProvider                         : loaded 3 times (x 82B)
Class com.fasterxml.jackson.databind.MappingJsonFactory                               : loaded 3 times (x 176B)
Class com.fasterxml.jackson.core.JsonFactory                                          : loaded 3 times (x 176B)
Class com.fasterxml.jackson.databind.util.RootNameLookup                              : loaded 3 times (x 77B)
Class com.fasterxml.jackson.databind.cfg.ConfigOverride$Empty                         : loaded 3 times (x 82B)
Class com.fasterxml.jackson.databind.cfg.EnumFeature                                  : loaded 3 times (x 89B)
Class com.fasterxml.jackson.databind.ser.std.ArraySerializerBase                      : loaded 3 times (x 128B)
Class kotlin.annotation.Retention                                                     : loaded 3 times (x 72B)
Class kotlin.text.StringsKt___StringsJvmKt                                            : loaded 3 times (x 73B)
Class com.fasterxml.jackson.databind.ser.impl.AttributePropertyWriter                 : loaded 3 times (x 146B)
Class com.fasterxml.jackson.databind.ser.ContextualSerializer                         : loaded 3 times (x 72B)
Class com.fasterxml.jackson.databind.util.internal.PrivateMaxEntriesMap$DrainStatus$1 : loaded 3 times (x 82B)
Class com.fasterxml.jackson.core.SerializableString                                   : loaded 3 times (x 72B)
Class com.fasterxml.jackson.databind.jsonschema.SchemaAware                           : loaded 3 times (x 72B)
Class com.fasterxml.jackson.databind.ser.std.StdDelegatingSerializer                  : loaded 3 times (x 129B)
Class com.fasterxml.jackson.databind.deser.ValueInstantiator$Gettable                 : loaded 3 times (x 72B)
Class kotlin.collections.MapsKt__MapsJVMKt                                            : loaded 3 times (x 73B)
Class com.fasterxml.jackson.databind.ser.std.NumberSerializers$Base                   : loaded 3 times (x 120B)
Class com.fasterxml.jackson.databind.node.BigIntegerNode                              : loaded 3 times (x 210B)
Class com.fasterxml.jackson.databind.util.internal.PrivateMaxEntriesMap$DrainStatus$2 : loaded 3 times (x 82B)
Class com.fasterxml.jackson.core.JsonProcessingException                              : loaded 3 times (x 89B)
Class com.fasterxml.jackson.databind.deser.std.StdDelegatingDeserializer              : loaded 3 times (x 176B)
Class kotlin.annotation.Target                                                        : loaded 3 times (x 72B)
Class kotlin.collections.CollectionsKt___CollectionsKt                                : loaded 3 times (x 73B)
Class com.fasterxml.jackson.annotation.JsonFormat                                     : loaded 3 times (x 72B)
Class com.fasterxml.jackson.core.io.CharTypes                                         : loaded 3 times (x 73B)
Class com.fasterxml.jackson.core.io.SerializedString                                  : loaded 3 times (x 98B)
Class com.fasterxml.jackson.core.base.GeneratorBase                                   : loaded 3 times (x 228B)
Class com.fasterxml.jackson.databind.util.internal.PrivateMaxEntriesMap$DrainStatus$3 : loaded 3 times (x 82B)
Class com.fasterxml.jackson.databind.cfg.CoercionConfigs                              : loaded 3 times (x 81B)
Class com.fasterxml.jackson.databind.MapperFeature                                    : loaded 3 times (x 86B)
Class com.fasterxml.jackson.databind.deser.std.CollectionDeserializer                 : loaded 3 times (x 183B)
Class com.fasterxml.jackson.databind.ser.std.InetAddressSerializer                    : loaded 3 times (x 122B)
Class kotlin.collections.MapsKt___MapsJvmKt                                           : loaded 3 times (x 73B)
Class com.fasterxml.jackson.databind.deser.BeanDeserializerFactory                    : loaded 3 times (x 142B)
Class com.fasterxml.jackson.databind.introspect.AccessorNamingStrategy$Provider       : loaded 3 times (x 76B)
Class com.fasterxml.jackson.annotation.JsonInclude$Include                            : loaded 3 times (x 81B)
Class com.fasterxml.jackson.databind.deser.DeserializerCache                          : loaded 3 times (x 74B)
Class com.fasterxml.jackson.databind.deser.KeyDeserializers                           : loaded 3 times (x 72B)
Class com.fasterxml.jackson.databind.introspect.AccessorNamingStrategy                : loaded 3 times (x 77B)
Class [Lcom.fasterxml.jackson.core.JsonParser$Feature;                                : loaded 3 times (x 71B)
Class com.fasterxml.jackson.core.util.RecyclerPool                                    : loaded 3 times (x 72B)
Class com.fasterxml.jackson.databind.deser.ResolvableDeserializer                     : loaded 3 times (x 72B)
Class com.fasterxml.jackson.databind.deser.std.ObjectArrayDeserializer                : loaded 3 times (x 180B)
Class com.fasterxml.jackson.databind.introspect.AnnotatedField                        : loaded 3 times (x 93B)
Class com.fasterxml.jackson.databind.ser.std.NumberSerializers                        : loaded 3 times (x 73B)
Class com.fasterxml.jackson.databind.deser.std.StdKeyDeserializer                     : loaded 3 times (x 81B)
Class com.fasterxml.jackson.databind.exc.InvalidTypeIdException                       : loaded 3 times (x 105B)
Class com.fasterxml.jackson.core.JsonFactoryBuilder                                   : loaded 3 times (x 134B)
Class com.fasterxml.jackson.databind.util.TokenBuffer                                 : loaded 3 times (x 233B)
Class com.fasterxml.jackson.annotation.JsonFormat$Features                            : loaded 3 times (x 77B)
Class com.fasterxml.jackson.databind.deser.impl.ErrorThrowingDeserializer             : loaded 3 times (x 100B)
Class com.fasterxml.jackson.databind.introspect.AnnotatedClass                        : loaded 3 times (x 88B)
Class com.fasterxml.jackson.databind.deser.std.AtomicReferenceDeserializer            : loaded 3 times (x 176B)
Class com.fasterxml.jackson.databind.ser.std.ByteBufferSerializer                     : loaded 3 times (x 117B)
Class com.fasterxml.jackson.databind.ser.std.MapSerializer                            : loaded 3 times (x 149B)
Class com.fasterxml.jackson.core.TreeCodec                                            : loaded 3 times (x 80B)
Class com.fasterxml.jackson.databind.ser.impl.StringArraySerializer                   : loaded 3 times (x 131B)
Class com.fasterxml.jackson.databind.ser.impl.IndexedStringListSerializer             : loaded 3 times (x 125B)
Class com.fasterxml.jackson.annotation.JsonBackReference                              : loaded 3 times (x 72B)
Class com.fasterxml.jackson.databind.introspect.ConcreteBeanPropertyBase              : loaded 3 times (x 108B)
Class com.fasterxml.jackson.databind.introspect.NopAnnotationIntrospector             : loaded 3 times (x 162B)
Class com.fasterxml.jackson.databind.jsontype.DefaultBaseTypeLimitingValidator        : loaded 3 times (x 78B)
Class kotlin.collections.CollectionsKt___CollectionsJvmKt                             : loaded 3 times (x 73B)
Class com.fasterxml.jackson.databind.deser.AbstractDeserializer                       : loaded 3 times (x 106B)
Class com.fasterxml.jackson.databind.deser.BeanDeserializerBase                       : loaded 3 times (x 218B)
Class com.fasterxml.jackson.databind.deser.impl.UnsupportedTypeDeserializer           : loaded 3 times (x 163B)
Class com.fasterxml.jackson.databind.node.ValueNode                                   : loaded 3 times (x 208B)
Class com.fasterxml.jackson.core.util.Separators$Spacing                              : loaded 3 times (x 81B)
Class com.fasterxml.jackson.databind.exc.ValueInstantiationException                  : loaded 3 times (x 100B)
Class com.fasterxml.jackson.databind.ser.std.BooleanSerializer                        : loaded 3 times (x 119B)
Class com.fasterxml.jackson.databind.introspect.ClassIntrospector$MixInResolver       : loaded 3 times (x 72B)
Class [Lcom.fasterxml.jackson.databind.deser.KeyDeserializers;                        : loaded 3 times (x 71B)
Class com.fasterxml.jackson.databind.deser.SettableBeanProperty                       : loaded 3 times (x 144B)
Class com.fasterxml.jackson.databind.cfg.ContextAttributes$Impl                       : loaded 3 times (x 80B)
Class com.fasterxml.jackson.databind.introspect.SimpleMixInResolver                   : loaded 3 times (x 87B)
Class com.fasterxml.jackson.databind.introspect.AnnotatedMethod                       : loaded 3 times (x 101B)
Class com.fasterxml.jackson.databind.ser.std.StdScalarSerializer                      : loaded 3 times (x 116B)
Class com.fasterxml.jackson.core.JsonGenerator                                        : loaded 3 times (x 219B)
Class com.fasterxml.jackson.databind.BeanProperty                                     : loaded 3 times (x 72B)
Class com.fasterxml.jackson.core.async.NonBlockingInputFeeder                         : loaded 3 times (x 72B)
Class com.fasterxml.jackson.core.sym.ByteQuadsCanonicalizer$TableInfo                 : loaded 3 times (x 74B)
Class com.fasterxml.jackson.annotation.JsonRawValue                                   : loaded 3 times (x 72B)
Class com.fasterxml.jackson.databind.introspect.AnnotatedMember                       : loaded 3 times (x 93B)
Class com.fasterxml.jackson.databind.introspect.JacksonAnnotationIntrospector         : loaded 3 times (x 176B)
Class com.fasterxml.jackson.databind.util.ClassUtil$Ctor                              : loaded 3 times (x 74B)
Class com.fasterxml.jackson.databind.type.ResolvedRecursiveType                       : loaded 3 times (x 143B)
Class [Lcom.fasterxml.jackson.databind.SerializationFeature;                          : loaded 3 times (x 71B)
Class com.fasterxml.jackson.databind.ser.std.ToEmptyObjectSerializer                  : loaded 3 times (x 116B)
Class com.fasterxml.jackson.databind.deser.BeanDeserializer                           : loaded 3 times (x 230B)
Class com.fasterxml.jackson.core.json.async.NonBlockingJsonParserBase                 : loaded 3 times (x 272B)
Class kotlin.text.StringsKt__StringBuilderJVMKt                                       : loaded 3 times (x 73B)
Class com.fasterxml.jackson.databind.JsonSerializable                                 : loaded 3 times (x 72B)
Class com.fasterxml.jackson.databind.cfg.CacheProvider                                : loaded 3 times (x 72B)
Class com.fasterxml.jackson.databind.type.LogicalType                                 : loaded 3 times (x 81B)
Class com.fasterxml.jackson.databind.node.NumericNode                                 : loaded 3 times (x 209B)
Class com.intellij.rider.plugins.dotTrace.dotMemory.core.dotTrace.c                   : loaded 3 times (x 73B)
Class com.fasterxml.jackson.databind.util.LRUMap                                      : loaded 3 times (x 91B)
Class com.fasterxml.jackson.databind.type.ArrayType                                   : loaded 3 times (x 141B)
Class com.fasterxml.jackson.databind.jsontype.PolymorphicTypeValidator$Base           : loaded 3 times (x 76B)
Class com.fasterxml.jackson.databind.deser.impl.TypeWrappedDeserializer               : loaded 3 times (x 100B)
Class com.fasterxml.jackson.databind.deser.ContextualDeserializer                     : loaded 3 times (x 72B)
Class kotlin.text.StringsKt__StringsJVMKt                                             : loaded 3 times (x 73B)
Class com.fasterxml.jackson.databind.node.LongNode                                    : loaded 3 times (x 209B)
Class com.fasterxml.jackson.databind.cfg.ConfigFeature                                : loaded 3 times (x 72B)
Class com.fasterxml.jackson.annotation.JsonFormat$Value                               : loaded 3 times (x 102B)
Class com.fasterxml.jackson.databind.util.SimpleBeanPropertyDefinition                : loaded 3 times (x 114B)
Class com.fasterxml.jackson.databind.ser.BasicSerializerFactory                       : loaded 3 times (x 108B)
Class com.fasterxml.jackson.databind.deser.ValueInstantiators                         : loaded 3 times (x 72B)
Class com.fasterxml.jackson.databind.ser.std.NumberSerializers$ShortSerializer        : loaded 3 times (x 120B)
Class com.fasterxml.jackson.core.io.SegmentedStringWriter                             : loaded 3 times (x 104B)
Class com.fasterxml.jackson.databind.type.MapType                                     : loaded 3 times (x 150B)
Class com.fasterxml.jackson.core.ErrorReportConfiguration                             : loaded 3 times (x 76B)
Class kotlin.text.StringsKt__RegexExtensionsKt                                        : loaded 3 times (x 73B)
Class com.fasterxml.jackson.core.util.BufferRecycler$Gettable                         : loaded 3 times (x 72B)
Class kotlin.text.StringsKt__IndentKt                                                 : loaded 3 times (x 73B)
Class com.fasterxml.jackson.core.JsonParser$Feature                                   : loaded 3 times (x 81B)
Class com.fasterxml.jackson.databind.ser.std.CollectionSerializer                     : loaded 3 times (x 133B)
Class com.fasterxml.jackson.core.util.DefaultPrettyPrinter$NopIndenter                : loaded 3 times (x 79B)
Class com.fasterxml.jackson.databind.cfg.DeserializerFactoryConfig                    : loaded 3 times (x 89B)
Class com.fasterxml.jackson.annotation.JsonManagedReference                           : loaded 3 times (x 72B)
Class [Lcom.fasterxml.jackson.databind.util.ClassUtil$Ctor;                           : loaded 3 times (x 71B)
Class com.fasterxml.jackson.core.Base64Variant                                        : loaded 3 times (x 74B)
Class com.fasterxml.jackson.core.TSFBuilder                                           : loaded 3 times (x 115B)
Class com.fasterxml.jackson.annotation.JsonMerge                                      : loaded 3 times (x 72B)
Class com.fasterxml.jackson.databind.introspect.AnnotationCollector$NoAnnotations     : loaded 3 times (x 83B)
Class com.fasterxml.jackson.databind.ser.BeanSerializer                               : loaded 3 times (x 135B)
Class com.fasterxml.jackson.annotation.JacksonAnnotationValue                         : loaded 3 times (x 72B)
Class kotlin.collections.MapsKt__MapsKt                                               : loaded 3 times (x 73B)
Class com.fasterxml.jackson.databind.exc.InvalidFormatException                       : loaded 3 times (x 104B)
Class [Lcom.fasterxml.jackson.databind.cfg.CoercionInputShape;                        : loaded 3 times (x 71B)
Class com.fasterxml.jackson.core.StreamWriteConstraints                               : loaded 3 times (x 78B)
Class [Lcom.fasterxml.jackson.databind.cfg.EnumFeature;                               : loaded 3 times (x 71B)
Class com.fasterxml.jackson.databind.ser.std.ClassSerializer                          : loaded 3 times (x 117B)
Class com.fasterxml.jackson.databind.util.internal.PrivateMaxEntriesMap               : loaded 3 times (x 149B)
Class com.fasterxml.jackson.databind.ser.std.BeanSerializerBase                       : loaded 3 times (x 135B)
Class com.fasterxml.jackson.databind.ser.std.TimeZoneSerializer                       : loaded 3 times (x 118B)
Class com.fasterxml.jackson.databind.deser.DefaultDeserializationContext              : loaded 3 times (x 180B)
Class com.fasterxml.jackson.databind.deser.BasicDeserializerFactory                   : loaded 3 times (x 122B)
Class com.fasterxml.jackson.core.sym.CharsToNameCanonicalizer                         : loaded 3 times (x 74B)
Class com.fasterxml.jackson.databind.cfg.MapperConfigBase                             : loaded 3 times (x 135B)
Class com.fasterxml.jackson.databind.deser.std.EnumMapDeserializer                    : loaded 3 times (x 182B)
Class com.fasterxml.jackson.databind.deser.std.StringDeserializer                     : loaded 3 times (x 165B)
Class kotlin.Metadata                                                                 : loaded 3 times (x 72B)
Class kotlin.NotImplementedError                                                      : loaded 3 times (x 84B)
Class com.fasterxml.jackson.core.json.ReaderBasedJsonParser                           : loaded 3 times (x 283B)
Class com.fasterxml.jackson.databind.exc.PropertyBindingException                     : loaded 3 times (x 106B)
Class com.fasterxml.jackson.databind.deser.std.ContainerDeserializerBase              : loaded 3 times (x 167B)
Class com.fasterxml.jackson.annotation.ObjectIdGenerators$Base                        : loaded 3 times (x 82B)
Class com.fasterxml.jackson.databind.ser.impl.IndexedListSerializer                   : loaded 3 times (x 128B)
Class com.fasterxml.jackson.databind.ser.DefaultSerializerProvider                    : loaded 3 times (x 165B)
Class com.fasterxml.jackson.core.JacksonException                                     : loaded 3 times (x 87B)
Class com.fasterxml.jackson.core.type.ResolvedType                                    : loaded 3 times (x 96B)
Class [Lcom.fasterxml.jackson.core.JsonParser$NumberType;                             : loaded 3 times (x 71B)
Class [Lcom.fasterxml.jackson.annotation.JsonAutoDetect$Visibility;                   : loaded 3 times (x 71B)
Class com.fasterxml.jackson.core.io.UTF8Writer                                        : loaded 3 times (x 101B)
Class com.fasterxml.jackson.databind.JsonNode                                         : loaded 3 times (x 199B)
Class com.fasterxml.jackson.databind.deser.DeserializerFactory                        : loaded 3 times (x 93B)
Class com.fasterxml.jackson.core.json.UTF8DataInputJsonParser                         : loaded 3 times (x 281B)
Class com.fasterxml.jackson.core.util.DefaultPrettyPrinter$FixedSpaceIndenter         : loaded 3 times (x 79B)
Class com.fasterxml.jackson.databind.jsonFormatVisitors.JsonFormatVisitable           : loaded 3 times (x 72B)
Class com.fasterxml.jackson.annotation.ObjectIdGenerators$PropertyGenerator           : loaded 3 times (x 82B)
Class com.fasterxml.jackson.core.util.RecyclerPool$WithPool                           : loaded 3 times (x 72B)
Class com.fasterxml.jackson.databind.introspect.AnnotatedWithParams                   : loaded 3 times (x 101B)
Class com.fasterxml.jackson.core.io.DataOutputAsStream                                : loaded 3 times (x 88B)
Class com.fasterxml.jackson.core.exc.StreamConstraintsException                       : loaded 3 times (x 89B)
Class [Lcom.fasterxml.jackson.databind.DeserializationFeature;                        : loaded 3 times (x 71B)
Class [Lcom.fasterxml.jackson.databind.deser.ValueInstantiators;                      : loaded 3 times (x 71B)
Class com.fasterxml.jackson.databind.type.CollectionType                              : loaded 3 times (x 147B)
Class com.fasterxml.jackson.core.util.Separators                                      : loaded 3 times (x 92B)
Class com.fasterxml.jackson.core.util.JsonRecyclerPools                               : loaded 3 times (x 73B)
Class com.fasterxml.jackson.databind.JsonSerializable$Base                            : loaded 3 times (x 80B)
Class com.fasterxml.jackson.databind.ser.BeanSerializerFactory                        : loaded 3 times (x 130B)
Class com.fasterxml.jackson.databind.ser.PropertyWriter                               : loaded 3 times (x 114B)
Class com.fasterxml.jackson.databind.ser.BeanPropertyWriter                           : loaded 3 times (x 143B)
Class com.fasterxml.jackson.databind.util.internal.Linked                             : loaded 3 times (x 72B)
Class com.fasterxml.jackson.core.sym.CharsToNameCanonicalizer$TableInfo               : loaded 3 times (x 74B)
Class [Lcom.fasterxml.jackson.annotation.JsonFormat$Shape;                            : loaded 3 times (x 71B)
Class com.fasterxml.jackson.databind.deser.std.EnumDeserializer                       : loaded 3 times (x 176B)
Class com.fasterxml.jackson.core.Versioned                                            : loaded 3 times (x 72B)
Class com.fasterxml.jackson.core.Base64Variants                                       : loaded 3 times (x 73B)
Class com.fasterxml.jackson.core.util.DefaultPrettyPrinter                            : loaded 3 times (x 111B)
Class com.fasterxml.jackson.databind.ser.Serializers                                  : loaded 3 times (x 72B)
Class com.fasterxml.jackson.databind.jsontype.SubtypeResolver                         : loaded 3 times (x 83B)
Class com.fasterxml.jackson.databind.ser.std.ObjectArraySerializer                    : loaded 3 times (x 134B)
Class [Lcom.fasterxml.jackson.core.util.Separators$Spacing;                           : loaded 3 times (x 71B)
Class com.fasterxml.jackson.core.async.ByteBufferFeeder                               : loaded 3 times (x 72B)
Class com.fasterxml.jackson.databind.type.TypeBase                                    : loaded 3 times (x 141B)
Class com.fasterxml.jackson.core.TokenStreamFactory                                   : loaded 3 times (x 121B)
Class com.fasterxml.jackson.databind.deser.impl.PropertyBasedObjectIdGenerator        : loaded 3 times (x 82B)
Class com.fasterxml.jackson.databind.ser.std.StringSerializer                         : loaded 3 times (x 116B)
Class com.fasterxml.jackson.core.base.ParserBase                                      : loaded 3 times (x 266B)
Class [Lcom.fasterxml.jackson.databind.type.LogicalType;                              : loaded 3 times (x 71B)
Class com.fasterxml.jackson.databind.deser.impl.MethodProperty                        : loaded 3 times (x 145B)
Class com.fasterxml.jackson.databind.ser.BeanSerializerModifier                       : loaded 3 times (x 84B)
Class com.fasterxml.jackson.databind.deser.DefaultDeserializationContext$Impl         : loaded 3 times (x 180B)
Class kotlin.collections.CollectionsKt__CollectionsJVMKt                              : loaded 3 times (x 73B)
Class com.fasterxml.jackson.databind.node.TreeTraversingParser                        : loaded 3 times (x 227B)
Class com.fasterxml.jackson.databind.cfg.SerializerFactoryConfig                      : loaded 3 times (x 74B)
Class com.fasterxml.jackson.core.JsonParser$NumberType                                : loaded 3 times (x 81B)
Class com.fasterxml.jackson.databind.ser.std.SerializableSerializer                   : loaded 3 times (x 118B)
Class com.fasterxml.jackson.databind.ser.impl.FailingSerializer                       : loaded 3 times (x 116B)
Class com.fasterxml.jackson.databind.cfg.CoercionConfig                               : loaded 3 times (x 76B)
Class [Lcom.fasterxml.jackson.annotation.JsonInclude$Include;                         : loaded 3 times (x 71B)
Class com.fasterxml.jackson.databind.ser.DefaultSerializerProvider$Impl               : loaded 3 times (x 165B)
Class com.fasterxml.jackson.databind.deser.std.StdDeserializer                        : loaded 3 times (x 163B)
Class kotlin.text.StringsKt__StringNumberConversionsKt                                : loaded 3 times (x 73B)
Class com.fasterxml.jackson.databind.introspect.DefaultAccessorNamingStrategy$Provider: loaded 3 times (x 83B)
Class com.fasterxml.jackson.core.util.JacksonFeature                                  : loaded 3 times (x 72B)
Class kotlin.collections.CollectionsKt__IteratorsKt                                   : loaded 3 times (x 73B)
Class com.fasterxml.jackson.databind.ser.std.NumberSerializers$LongSerializer         : loaded 3 times (x 120B)
Class com.fasterxml.jackson.databind.exc.UnrecognizedPropertyException                : loaded 3 times (x 106B)
Class com.fasterxml.jackson.core.util.RecyclerPool$ThreadLocalPoolBase                : loaded 3 times (x 85B)
Class com.fasterxml.jackson.databind.introspect.Annotated                             : loaded 3 times (x 84B)
Class com.fasterxml.jackson.core.JsonParser                                           : loaded 3 times (x 201B)
Class com.fasterxml.jackson.databind.cfg.MapperConfig                                 : loaded 3 times (x 121B)
Class com.fasterxml.jackson.databind.ser.std.IterableSerializer                       : loaded 3 times (x 132B)
Class com.fasterxml.jackson.databind.ObjectMapper                                     : loaded 3 times (x 341B)
Class com.fasterxml.jackson.databind.util.StdDateFormat                               : loaded 3 times (x 111B)
Class com.fasterxml.jackson.databind.deser.std.StdKeyDeserializers                    : loaded 3 times (x 77B)
Class kotlin.text.StringsKt                                                           : loaded 3 times (x 73B)
Class io.netty.util.internal.shaded.org.jctools.queues.QueueProgressIndicators        : loaded 2 times (x 72B)
Class io.netty.util.internal.PlatformDependent0$5                                     : loaded 2 times (x 77B)
Class io.netty.util.AsciiString                                                       : loaded 2 times (x 90B)
Class com.google.common.cache.ReferenceEntry                                          : loaded 2 times (x 72B)
Class com.google.common.base.Converter                                                : loaded 2 times (x 92B)
Class com.google.common.collect.Iterators$9                                           : loaded 2 times (x 83B)
Class com.google.common.collect.ImmutableAsList                                       : loaded 2 times (x 211B)
Class com.google.common.util.concurrent.AbstractFuture                                : loaded 2 times (x 108B)
Class com.google.common.collect.AbstractMapBasedMultimap                              : loaded 2 times (x 140B)
Class com.google.common.base.FunctionalEquivalence                                    : loaded 2 times (x 85B)
Class com.fasterxml.jackson.databind.annotation.JsonValueInstantiator                 : loaded 2 times (x 72B)
Class io.netty.util.internal.PlatformDependent0$6                                     : loaded 2 times (x 77B)
Class com.google.common.util.concurrent.ListenableFuture                              : loaded 2 times (x 72B)
Class com.google.common.collect.ImmutableSet$CachingAsList                            : loaded 2 times (x 150B)
Class io.netty.util.internal.PlatformDependent0$4                                     : loaded 2 times (x 77B)
Class io.netty.handler.codec.CodecException                                           : loaded 2 times (x 84B)
Class com.fasterxml.jackson.core.StreamWriteCapability                                : loaded 2 times (x 86B)
Class com.google.common.cache.CacheLoader$SupplierToCacheLoader                       : loaded 2 times (x 77B)
Class com.github.benmanes.caffeine.cache.LoadingCache                                 : loaded 2 times (x 72B)
Class com.fasterxml.jackson.databind.annotation.JsonTypeResolver                      : loaded 2 times (x 72B)
Class com.fasterxml.jackson.core.exc.StreamReadException                              : loaded 2 times (x 94B)
Class kotlin.LazyKt__LazyJVMKt                                                        : loaded 2 times (x 73B)
Class io.netty.buffer.WrappedUnpooledUnsafeDirectByteBuf                              : loaded 2 times (x 318B)
Class com.google.common.collect.ImmutableCollection                                   : loaded 2 times (x 127B)
Class com.fasterxml.jackson.module.kotlin.KotlinInstantiators                         : loaded 2 times (x 77B)
Class io.ktor.server.plugins.contentnegotiation.ContentNegotiationConfig              : loaded 2 times (x 77B)
Class io.netty.util.internal.logging.InternalLogLevel                                 : loaded 2 times (x 81B)
Class com.fasterxml.jackson.databind.util.internal.PrivateMaxEntriesMap$Node          : loaded 2 times (x 80B)
Class io.netty.util.internal.logging.InternalLoggerFactory                            : loaded 2 times (x 74B)
Class kotlin.coroutines.intrinsics.IntrinsicsKt__IntrinsicsKt                         : loaded 2 times (x 73B)
Class io.netty.util.internal.PlatformDependent0$3                                     : loaded 2 times (x 77B)
Class com.fasterxml.jackson.core.exc.InputCoercionException                           : loaded 2 times (x 98B)
Class com.github.benmanes.caffeine.cache.Ticker                                       : loaded 2 times (x 72B)
Class [Lcom.google.common.cache.LocalCache$EntryFactory;                              : loaded 2 times (x 71B)
Class io.netty.handler.codec.http.HttpHeadersFactory                                  : loaded 2 times (x 72B)
Class io.netty.buffer.UnpooledUnsafeDirectByteBuf                                     : loaded 2 times (x 318B)
Class io.netty.channel.ChannelInitializer                                             : loaded 2 times (x 104B)
Class io.netty.util.internal.PlatformDependent0$9                                     : loaded 2 times (x 76B)
Class com.google.common.cache.LocalCache$LocalManualCache$1                           : loaded 2 times (x 77B)
Class com.fasterxml.jackson.core.FormatFeature                                        : loaded 2 times (x 72B)
Class org.apache.commons.io.output.NullWriter                                         : loaded 2 times (x 101B)
Class com.fasterxml.jackson.annotation.JsonFilter                                     : loaded 2 times (x 72B)
Class com.google.common.cache.LocalCache$LocalManualCache                             : loaded 2 times (x 101B)
Class io.netty.handler.codec.http.CombinedHttpHeaders                                 : loaded 2 times (x 125B)
Class io.netty.handler.codec.EncoderException                                         : loaded 2 times (x 84B)
Class io.netty.util.internal.LongCounter                                              : loaded 2 times (x 72B)
Class org.apache.commons.io.CloseableURLConnection                                    : loaded 2 times (x 118B)
Class com.fasterxml.jackson.module.kotlin.InternalCommonsKt$defaultConstructorMarker$2: loaded 2 times (x 80B)
Class io.netty.util.internal.logging.AbstractInternalLogger                           : loaded 2 times (x 163B)
Class io.netty.util.internal.PlatformDependent0$2                                     : loaded 2 times (x 77B)
Class io.netty.handler.codec.MessageToMessageEncoder                                  : loaded 2 times (x 104B)
Class [Lio.netty.handler.logging.ByteBufFormat;                                       : loaded 2 times (x 71B)
Class org.eclipse.lsp4j.SymbolKind                                                    : loaded 2 times (x 81B)
Class [Lcom.fasterxml.jackson.annotation.JsonFormat$Feature;                          : loaded 2 times (x 71B)
Class com.google.common.math.IntMath                                                  : loaded 2 times (x 73B)
Class io.netty.buffer.AbstractByteBufAllocator                                        : loaded 2 times (x 118B)
Class io.netty.buffer.WrappedByteBuf                                                  : loaded 2 times (x 286B)
Class oshi.jna.Struct$CloseablePerformanceInformation                                 : loaded 2 times (x 129B)
Class com.fasterxml.jackson.databind.introspect.NopAnnotationIntrospector$1           : loaded 2 times (x 162B)
Class io.netty.buffer.ReadOnlyByteBuf                                                 : loaded 2 times (x 315B)
Class io.netty.buffer.UnpooledUnsafeHeapByteBuf                                       : loaded 2 times (x 311B)
Class com.github.benmanes.caffeine.cache.AsyncCacheLoader                             : loaded 2 times (x 72B)
Class com.github.benmanes.caffeine.cache.CacheLoader                                  : loaded 2 times (x 72B)
Class com.google.common.util.concurrent.internal.InternalFutureFailureAccess          : loaded 2 times (x 74B)
Class com.google.common.collect.Iterators$5                                           : loaded 2 times (x 84B)
Class io.netty.util.internal.PlatformDependent0$1                                     : loaded 2 times (x 76B)
Class ai.grazie.model.cloud.exceptions.HTTPStatusException                            : loaded 2 times (x 85B)
Class com.github.benmanes.caffeine.cache.UnboundedLocalCache                          : loaded 2 times (x 174B)
Class com.github.benmanes.caffeine.cache.stats.ConcurrentStatsCounter                 : loaded 2 times (x 84B)
Class io.netty.handler.codec.DecoderResult                                            : loaded 2 times (x 78B)
Class io.netty.handler.codec.DefaultHeaders$NameValidator$1                           : loaded 2 times (x 76B)
Class com.fasterxml.jackson.databind.deser.impl.NullsConstantProvider                 : loaded 2 times (x 82B)
Class io.netty.handler.codec.http.LastHttpContent                                     : loaded 2 times (x 72B)
Class io.netty.channel.ChannelOutboundHandlerAdapter                                  : loaded 2 times (x 101B)
Class io.netty.channel.ChannelInboundHandler                                          : loaded 2 times (x 72B)
Class [Lorg.apache.commons.lang3.tuple.ImmutableTriple;                               : loaded 2 times (x 71B)
Class oshi.util.ParseUtil                                                             : loaded 2 times (x 73B)
Class com.fasterxml.jackson.module.kotlin.KotlinFeature$Companion                     : loaded 2 times (x 73B)
Class io.netty.util.internal.ReflectionUtil                                           : loaded 2 times (x 73B)
Class io.netty.buffer.ByteBufAllocator                                                : loaded 2 times (x 72B)
Class com.google.common.cache.CacheLoader                                             : loaded 2 times (x 76B)
Class com.google.common.collect.Iterators$4                                           : loaded 2 times (x 84B)
Class com.google.common.base.Equivalence                                              : loaded 2 times (x 84B)
Class com.google.common.base.Function                                                 : loaded 2 times (x 72B)
Class com.github.benmanes.caffeine.cache.stats.StatsCounter                           : loaded 2 times (x 72B)
Class io.netty.channel.ChannelDuplexHandler                                           : loaded 2 times (x 120B)
Class oshi.util.Memoizer                                                              : loaded 2 times (x 73B)
Class com.fasterxml.jackson.databind.type.ClassStack                                  : loaded 2 times (x 74B)
Class io.netty.util.ResourceLeak                                                      : loaded 2 times (x 72B)
Class com.google.common.cache.LocalCache$Segment                                      : loaded 2 times (x 155B)
Class com.google.common.collect.AbstractMapBasedMultimap$AsMap$AsMapEntries           : loaded 2 times (x 140B)
Class com.fasterxml.jackson.databind.ser.Serializers$Base                             : loaded 2 times (x 89B)
Class io.netty.buffer.ReadOnlyUnsafeDirectByteBuf                                     : loaded 2 times (x 311B)
Class [Lcom.github.benmanes.caffeine.cache.DisabledTicker;                            : loaded 2 times (x 71B)
Class com.google.common.collect.RegularImmutableList                                  : loaded 2 times (x 215B)
Class com.google.common.cache.CacheBuilder$OneWeigher                                 : loaded 2 times (x 84B)
Class io.netty.handler.codec.ValueConverter                                           : loaded 2 times (x 72B)
Class io.netty.handler.codec.http.EmptyHttpHeaders                                    : loaded 2 times (x 123B)
Class io.netty.buffer.WrappedCompositeByteBuf                                         : loaded 2 times (x 406B)
Class org.apache.commons.io.output.AbstractByteArrayOutputStream                      : loaded 2 times (x 104B)
Class com.fasterxml.jackson.databind.util.ArrayBuilders                               : loaded 2 times (x 74B)
Class com.google.common.cache.LocalCache$ComputingValueReference                      : loaded 2 times (x 98B)
Class com.google.common.collect.ImmutableMap$IteratorBasedImmutableMap                : loaded 2 times (x 128B)
Class com.google.common.collect.SingletonImmutableSet                                 : loaded 2 times (x 148B)
Class com.intellij.ultimate.PluginVerifier                                            : loaded 2 times (x 73B)
Class io.netty.handler.codec.http.EmptyHttpHeaders$InstanceInitializer                : loaded 2 times (x 73B)
Class com.fasterxml.jackson.module.kotlin.InternalCommonsKt                           : loaded 2 times (x 73B)
Class io.ktor.server.plugins.contentnegotiation.ResponseConverterKt$convertResponseBody$1: loaded 2 times (x 97B)
Class com.fasterxml.jackson.annotation.JacksonAnnotation                              : loaded 2 times (x 72B)
Class com.google.common.base.Suppliers$SupplierOfInstance                             : loaded 2 times (x 81B)
Class com.google.common.collect.Iterators$1                                           : loaded 2 times (x 83B)
Class io.netty.channel.ChannelOutboundHandler                                         : loaded 2 times (x 72B)
Class com.google.common.util.concurrent.Uninterruptibles                              : loaded 2 times (x 73B)
Class io.netty.resolver.AddressResolverGroup                                          : loaded 2 times (x 83B)
Class ai.grazie.model.cloud.exceptions.HTTPStatusException$NotFound                   : loaded 2 times (x 85B)
Class io.netty.handler.logging.LoggingHandler                                         : loaded 2 times (x 126B)
Class io.netty.buffer.ByteBufAllocatorMetric                                          : loaded 2 times (x 72B)
Class io.netty.util.internal.Cleaner                                                  : loaded 2 times (x 72B)
Class com.google.common.util.concurrent.LazyLogger                                    : loaded 2 times (x 74B)
Class com.google.common.collect.Maps                                                  : loaded 2 times (x 73B)
Class io.netty.handler.codec.DefaultHeaders$HeaderEntry                               : loaded 2 times (x 82B)
Class com.fasterxml.jackson.core.json.JsonReadContext                                 : loaded 2 times (x 86B)
Class io.netty.util.internal.UnpaddedInternalThreadLocalMap                           : loaded 2 times (x 73B)
Class com.fasterxml.jackson.databind.module.SimpleAbstractTypeResolver                : loaded 2 times (x 78B)
Class io.netty.util.internal.shaded.org.jctools.queues.IndexedQueueSizeUtil$IndexedQueue: loaded 2 times (x 72B)
Class com.google.common.collect.ImmutableList$ReverseImmutableList                    : loaded 2 times (x 211B)
Class com.fasterxml.jackson.core.Version                                              : loaded 2 times (x 88B)
Class oshi.util.Util                                                                  : loaded 2 times (x 73B)
Class com.fasterxml.jackson.databind.annotation.JacksonStdImpl                        : loaded 2 times (x 72B)
Class com.google.common.cache.CacheBuilder                                            : loaded 2 times (x 74B)
Class io.netty.buffer.UnpooledByteBufAllocator$InstrumentedUnpooledUnsafeNoCleanerDirectByteBuf: loaded 2 times (x 319B)
Class io.netty.buffer.AbstractByteBuf                                                 : loaded 2 times (x 306B)
Class io.netty.handler.codec.http.HttpScheme                                          : loaded 2 times (x 74B)
Class org.apache.commons.io.file.PathFilter                                           : loaded 2 times (x 72B)
Class com.intellij.llmInstaller.common.LLMIcons$Previous                              : loaded 2 times (x 73B)
Class com.fasterxml.jackson.module.kotlin.KotlinModule$Companion                      : loaded 2 times (x 73B)
Class com.google.common.collect.SingletonImmutableList                                : loaded 2 times (x 209B)
Class com.fasterxml.jackson.module.kotlin.ReflectionCache$Companion                   : loaded 2 times (x 73B)
Class oshi.hardware.HardwareAbstractionLayer                                          : loaded 2 times (x 72B)
Class com.google.common.cache.LocalCache$LoadingValueReference                        : loaded 2 times (x 98B)
Class io.netty.channel.Channel                                                        : loaded 2 times (x 72B)
Class com.fasterxml.jackson.core.JsonStreamContext                                    : loaded 2 times (x 85B)
Class org.apache.commons.io.IOUtils                                                   : loaded 2 times (x 73B)
Class io.netty.util.internal.logging.Slf4JLoggerFactory                               : loaded 2 times (x 74B)
Class io.netty.handler.codec.DecoderException                                         : loaded 2 times (x 84B)
Class io.netty.util.concurrent.GenericFutureListener                                  : loaded 2 times (x 72B)
Class com.google.common.collect.AbstractMapBasedMultimap$AsMap                        : loaded 2 times (x 130B)
Class com.fasterxml.jackson.databind.type.TypeBindings$TypeParamStash                 : loaded 2 times (x 73B)
Class kotlin.SynchronizedLazyImpl                                                     : loaded 2 times (x 78B)
Class com.github.benmanes.caffeine.cache.LocalManualCache                             : loaded 2 times (x 72B)
Class com.google.common.base.ExtraObjectsMethodsForWeb                                : loaded 2 times (x 73B)
Class [Lcom.github.benmanes.caffeine.cache.stats.StatsCounter;                        : loaded 2 times (x 71B)
Class com.google.common.collect.Multimap                                              : loaded 2 times (x 72B)
Class io.netty.util.internal.logging.InternalLogger                                   : loaded 2 times (x 72B)
Class io.netty.channel.ChannelOption                                                  : loaded 2 times (x 83B)
Class com.fasterxml.jackson.databind.deser.impl.JDKValueInstantiators                 : loaded 2 times (x 73B)
Class com.google.common.cache.RemovalListener                                         : loaded 2 times (x 72B)
Class com.google.common.collect.Maps$8                                                : loaded 2 times (x 84B)
Class com.fasterxml.jackson.core.util.JacksonFeatureSet                               : loaded 2 times (x 73B)
Class io.netty.channel.ChannelOption$1                                                : loaded 2 times (x 79B)
Class com.google.common.collect.AbstractMapBasedMultimap$AsMap$AsMapIterator          : loaded 2 times (x 85B)
Class com.fasterxml.jackson.core.util.VersionUtil                                     : loaded 2 times (x 74B)
Class org.apache.commons.io.filefilter.IOFileFilter                                   : loaded 2 times (x 72B)
Class io.netty.util.Constant                                                          : loaded 2 times (x 72B)
Class com.google.common.util.concurrent.AbstractFuture$Cancellation                   : loaded 2 times (x 74B)
Class com.google.common.cache.LocalCache$StrongValueReference                         : loaded 2 times (x 92B)
Class com.google.common.collect.Sets$SetView                                          : loaded 2 times (x 140B)
Class com.fasterxml.jackson.databind.introspect.AnnotationCollector$OneCollector      : loaded 2 times (x 79B)
Class [Lorg.apache.commons.lang3.tuple.Triple;                                        : loaded 2 times (x 71B)
Class kotlin.LazyKt__LazyKt                                                           : loaded 2 times (x 73B)
Class org.apache.commons.io.Charsets                                                  : loaded 2 times (x 73B)
Class com.fasterxml.jackson.core.util.InternCache                                     : loaded 2 times (x 189B)
Class com.google.common.cache.Cache                                                   : loaded 2 times (x 72B)
Class com.google.common.cache.LocalCache$Strength                                     : loaded 2 times (x 83B)
Class kotlin.UNINITIALIZED_VALUE                                                      : loaded 2 times (x 73B)
Class io.ktor.server.plugins.contentnegotiation.ContentNegotiationKt$ContentNegotiation$1: loaded 2 times (x 131B)
Class com.google.common.base.Stopwatch                                                : loaded 2 times (x 74B)
Class io.netty.handler.codec.http.HttpObjectAggregator                                : loaded 2 times (x 127B)
Class com.fasterxml.jackson.core.util.TextBuffer                                      : loaded 2 times (x 112B)
Class com.google.common.math.IntMath$1                                                : loaded 2 times (x 73B)
Class [Lcom.google.common.cache.CacheBuilder$NullListener;                            : loaded 2 times (x 71B)
Class com.github.benmanes.caffeine.cache.Expiry                                       : loaded 2 times (x 72B)
Class org.apache.commons.io.FileUtils                                                 : loaded 2 times (x 73B)
Class io.netty.buffer.Unpooled                                                        : loaded 2 times (x 73B)
Class [Lio.netty.handler.codec.DefaultHeaders$HeaderEntry;                            : loaded 2 times (x 71B)
Class com.google.common.cache.Weigher                                                 : loaded 2 times (x 72B)
Class kotlin.text.CharsKt__CharJVMKt                                                  : loaded 2 times (x 73B)
Class com.fasterxml.jackson.databind.type.TypeBindings$AsKey                          : loaded 2 times (x 74B)
Class com.fasterxml.jackson.module.kotlin.KotlinFeature                               : loaded 2 times (x 81B)
Class com.google.common.collect.ImmutableSet                                          : loaded 2 times (x 147B)
Class com.fasterxml.jackson.databind.util.Converter                                   : loaded 2 times (x 72B)
Class io.netty.util.AsciiString$1                                                     : loaded 2 times (x 77B)
Class io.netty.util.internal.PlatformDependent                                        : loaded 2 times (x 73B)
Class org.apache.commons.lang3.CharSequenceUtils                                      : loaded 2 times (x 73B)
Class org.apache.commons.io.output.NullOutputStream                                   : loaded 2 times (x 87B)
Class com.fasterxml.jackson.annotation.JsonIncludeProperties$Value                    : loaded 2 times (x 80B)
Class com.google.common.cache.CacheStats                                              : loaded 2 times (x 73B)
Class io.netty.buffer.EmptyByteBuf                                                    : loaded 2 times (x 286B)
Class io.netty.util.internal.TypeParameterMatcher                                     : loaded 2 times (x 74B)
Class io.netty.util.AsciiString$2                                                     : loaded 2 times (x 77B)
Class io.netty.handler.codec.http.HttpHeaderValues                                    : loaded 2 times (x 73B)
Class io.netty.buffer.AbstractReferenceCountedByteBuf                                 : loaded 2 times (x 308B)
Class com.google.common.util.concurrent.AbstractFuture$Listener                       : loaded 2 times (x 74B)
Class io.netty.buffer.UnpooledUnsafeNoCleanerDirectByteBuf                            : loaded 2 times (x 319B)
Class com.fasterxml.jackson.databind.deser.impl.JDKValueInstantiators$TreeMapInstantiator: loaded 2 times (x 110B)
Class kotlin.TuplesKt                                                                 : loaded 2 times (x 73B)
Class io.netty.util.internal.StringUtil                                               : loaded 2 times (x 73B)
Class io.netty.handler.codec.DefaultHeaders$ValueValidator                            : loaded 2 times (x 72B)
Class com.google.common.collect.Multiset                                              : loaded 2 times (x 72B)
Class com.google.common.collect.AbstractIndexedListIterator                           : loaded 2 times (x 98B)
Class com.google.common.base.Supplier                                                 : loaded 2 times (x 72B)
Class io.netty.handler.codec.Headers                                                  : loaded 2 times (x 72B)
Class [Lio.netty.util.AsciiString;                                                    : loaded 2 times (x 71B)
Class io.netty.util.internal.EmptyArrays                                              : loaded 2 times (x 73B)
Class io.netty.channel.ChannelInboundHandlerAdapter                                   : loaded 2 times (x 102B)
Class kotlin.collections.ArraysUtilJVM                                                : loaded 2 times (x 73B)
Class com.fasterxml.jackson.module.kotlin.KotlinModule$Builder$Companion              : loaded 2 times (x 73B)
Class com.google.common.collect.ObjectArrays                                          : loaded 2 times (x 73B)
Class com.google.common.math.MathPreconditions                                        : loaded 2 times (x 73B)
Class com.fasterxml.jackson.databind.util.internal.PrivateMaxEntriesMap$WeightedValue : loaded 2 times (x 74B)
Class kotlin.collections.ArraysKt__ArraysKt                                           : loaded 2 times (x 73B)
Class kotlin.ResultKt                                                                 : loaded 2 times (x 73B)
Class io.netty.handler.codec.http.HttpContent                                         : loaded 2 times (x 72B)
Class io.netty.handler.codec.http.DefaultHttpHeadersFactory                           : loaded 2 times (x 78B)
Class com.github.benmanes.caffeine.cache.LocalLoadingCache                            : loaded 2 times (x 72B)
Class com.google.common.collect.AbstractIterator                                      : loaded 2 times (x 84B)
Class ai.grazie.model.cloud.exceptions.HttpExceptionBase                              : loaded 2 times (x 84B)
Class com.google.common.collect.Sets                                                  : loaded 2 times (x 73B)
Class com.google.common.base.Ticker                                                   : loaded 2 times (x 74B)
Class io.netty.util.ConstantPool                                                      : loaded 2 times (x 79B)
Class com.fasterxml.jackson.module.kotlin.KotlinAnnotationIntrospector                : loaded 2 times (x 163B)
Class io.netty.handler.codec.http.FullHttpMessage                                     : loaded 2 times (x 72B)
Class com.fasterxml.jackson.core.JsonToken                                            : loaded 2 times (x 81B)
Class io.netty.buffer.FixedCompositeByteBuf                                           : loaded 2 times (x 309B)
Class com.google.common.collect.ImmutableMap                                          : loaded 2 times (x 122B)
Class [Lcom.google.common.cache.LocalCache$Segment;                                   : loaded 2 times (x 71B)
Class com.google.common.base.Predicate                                                : loaded 2 times (x 72B)
Class [Lcom.google.common.cache.LocalCache$Strength;                                  : loaded 2 times (x 71B)
Class com.google.common.cache.CacheBuilder$1                                          : loaded 2 times (x 87B)
Class com.fasterxml.jackson.annotation.JsonIgnoreProperties$Value                     : loaded 2 times (x 98B)
Class io.netty.handler.codec.http.HttpMessage                                         : loaded 2 times (x 72B)
Class io.netty.buffer.UnpooledByteBufAllocator$InstrumentedUnpooledDirectByteBuf      : loaded 2 times (x 315B)
Class io.netty.handler.codec.http.DefaultHttpHeadersFactory$3                         : loaded 2 times (x 76B)
Class com.google.common.collect.BiMap                                                 : loaded 2 times (x 72B)
Class com.google.common.base.Objects                                                  : loaded 2 times (x 73B)
Class [Lcom.fasterxml.jackson.core.StreamWriteCapability;                             : loaded 2 times (x 71B)
Class com.fasterxml.jackson.databind.deser.impl.JDKValueInstantiators$JDKValueInstantiator: loaded 2 times (x 110B)
Class com.google.common.cache.LocalCache                                              : loaded 2 times (x 188B)
Class com.google.common.cache.CacheBuilder$2                                          : loaded 2 times (x 81B)
Class com.github.benmanes.caffeine.cache.RemovalListener                              : loaded 2 times (x 72B)
Class io.netty.util.AbstractConstant                                                  : loaded 2 times (x 82B)
Class io.netty.channel.ChannelHandler                                                 : loaded 2 times (x 72B)
Class io.netty.handler.codec.DefaultHeadersImpl                                       : loaded 2 times (x 279B)
Class io.netty.handler.codec.http.DefaultHttpHeadersFactory$2                         : loaded 2 times (x 76B)
Class com.google.common.cache.CacheLoader$UnsupportedLoadingOperationException        : loaded 2 times (x 84B)
Class com.fasterxml.jackson.core.io.IOContext                                         : loaded 2 times (x 107B)
Class com.fasterxml.jackson.databind.deser.impl.JDKValueInstantiators$LinkedHashMapInstantiator: loaded 2 times (x 110B)
Class com.fasterxml.jackson.core.JsonLocation                                         : loaded 2 times (x 83B)
Class io.netty.handler.codec.http.DefaultHttpHeadersFactory$1                         : loaded 2 times (x 76B)
Class io.netty.util.internal.shaded.org.jctools.queues.MessagePassingQueue            : loaded 2 times (x 72B)
Class com.google.common.cache.CacheBuilder$3                                          : loaded 2 times (x 74B)
Class io.netty.buffer.ByteBufAllocatorMetricProvider                                  : loaded 2 times (x 72B)
Class io.netty.handler.codec.http.DefaultHttpHeaders                                  : loaded 2 times (x 125B)
Class com.fasterxml.jackson.databind.deser.impl.JDKValueInstantiators$HashSetInstantiator: loaded 2 times (x 110B)
Class com.fasterxml.jackson.databind.util.AccessPattern                               : loaded 2 times (x 81B)
Class io.netty.buffer.SimpleLeakAwareCompositeByteBuf                                 : loaded 2 times (x 407B)
Class com.github.benmanes.caffeine.cache.Weigher                                      : loaded 2 times (x 72B)
Class com.google.common.util.concurrent.UncheckedExecutionException                   : loaded 2 times (x 84B)
Class com.fasterxml.jackson.module.kotlin.KotlinNamesAnnotationIntrospector           : loaded 2 times (x 163B)
Class com.google.common.collect.CollectPreconditions                                  : loaded 2 times (x 73B)
Class com.fasterxml.jackson.databind.deser.impl.JDKValueInstantiators$LinkedListInstantiator: loaded 2 times (x 110B)
Class com.fasterxml.jackson.core.util.BufferRecycler                                  : loaded 2 times (x 90B)
Class io.netty.util.AsciiString$CharEqualityComparator                                : loaded 2 times (x 72B)
Class org.apache.commons.io.StandardLineSeparator                                     : loaded 2 times (x 81B)
Class io.ktor.server.plugins.contentnegotiation.RequestConverterKt                    : loaded 2 times (x 73B)
Class kotlin.collections.ArraysKt___ArraysKt                                          : loaded 2 times (x 73B)
Class com.google.common.util.concurrent.AbstractFuture$Trusted                        : loaded 2 times (x 72B)
Class com.fasterxml.jackson.module.kotlin.KotlinSerializers                           : loaded 2 times (x 90B)
Class com.google.common.collect.Iterators                                             : loaded 2 times (x 73B)
Class [Lcom.fasterxml.jackson.core.FormatFeature;                                     : loaded 2 times (x 71B)
Class kotlin.text.CharsKt                                                             : loaded 2 times (x 73B)
Class com.google.common.collect.SortedMapDifference                                   : loaded 2 times (x 72B)
Class io.netty.buffer.UnpooledHeapByteBuf                                             : loaded 2 times (x 311B)
Class io.ktor.server.plugins.contentnegotiation.ContentNegotiationConfigKt            : loaded 2 times (x 73B)
Class io.ktor.server.plugins.contentnegotiation.RequestConverterKt$convertRequestBody$1: loaded 2 times (x 97B)
Class oshi.util.tuples.Triplet                                                        : loaded 2 times (x 74B)
Class io.netty.handler.codec.http.HttpObject                                          : loaded 2 times (x 72B)
Class com.google.common.cache.LocalCache$EntryFactory                                 : loaded 2 times (x 85B)
Class io.netty.handler.codec.CharSequenceValueConverter                               : loaded 2 times (x 132B)
Class io.netty.resolver.DefaultAddressResolverGroup                                   : loaded 2 times (x 83B)
Class io.netty.handler.codec.http.DefaultHttpHeaders$HeaderValueConverter             : loaded 2 times (x 132B)
Class com.google.common.collect.RegularImmutableAsList                                : loaded 2 times (x 219B)
Class com.fasterxml.jackson.module.kotlin.ClosedRangeMixin                            : loaded 2 times (x 81B)
Class com.fasterxml.jackson.module.kotlin.KotlinAnnotationIntrospector$Companion      : loaded 2 times (x 73B)
Class com.intellij.llmInstaller.common.branding.LLMInstallerAIAssistantBrandingIcons  : loaded 2 times (x 73B)
Class org.apache.commons.io.function.IOSupplier                                       : loaded 2 times (x 72B)
Class io.netty.handler.codec.http.HttpHeaders                                         : loaded 2 times (x 123B)
Class com.fasterxml.jackson.databind.deser.ValueInstantiator$Base                     : loaded 2 times (x 110B)
Class io.netty.handler.codec.DefaultHeaders$NameValidator                             : loaded 2 times (x 72B)
Class com.github.benmanes.caffeine.cache.Cache                                        : loaded 2 times (x 72B)
Class com.google.common.cache.LocalCache$2                                            : loaded 2 times (x 144B)
Class io.netty.util.ResourceLeakDetector                                              : loaded 2 times (x 81B)
Class io.netty.handler.logging.ByteBufFormat                                          : loaded 2 times (x 81B)
Class com.google.common.collect.AbstractMultimap                                      : loaded 2 times (x 125B)
Class com.google.common.collect.AbstractSetMultimap                                   : loaded 2 times (x 175B)
Class com.google.common.collect.Sets$ImprovedAbstractSet                              : loaded 2 times (x 137B)
Class com.fasterxml.jackson.module.kotlin.KotlinModule                                : loaded 2 times (x 103B)
Class org.apache.commons.io.FileExistsException                                       : loaded 2 times (x 84B)
Class com.google.common.collect.ImmutableSet$RegularSetBuilderImpl                    : loaded 2 times (x 78B)
Class com.google.common.cache.CacheLoader$InvalidCacheLoadException                   : loaded 2 times (x 84B)
Class com.github.benmanes.caffeine.cache.DisabledTicker                               : loaded 2 times (x 84B)
Class io.netty.buffer.UnpooledByteBufAllocator$InstrumentedUnpooledUnsafeDirectByteBuf: loaded 2 times (x 318B)
Class com.fasterxml.jackson.annotation.JsonIncludeProperties                          : loaded 2 times (x 72B)
Class com.fasterxml.jackson.databind.deser.std.JsonLocationInstantiator               : loaded 2 times (x 110B)
Class io.netty.channel.EventLoopGroup                                                 : loaded 2 times (x 72B)
Class kotlin.collections.EmptyMap                                                     : loaded 2 times (x 111B)
Class io.netty.util.AttributeKey                                                      : loaded 2 times (x 82B)
Class com.fasterxml.jackson.module.kotlin.KotlinKeyDeserializers                      : loaded 2 times (x 78B)
Class com.fasterxml.jackson.core.JsonParseException                                   : loaded 2 times (x 96B)
Class io.netty.util.ResourceLeakDetector$Level                                        : loaded 2 times (x 81B)
Class com.google.common.cache.LocalCache$1                                            : loaded 2 times (x 91B)
Class com.google.common.util.concurrent.AbstractFuture$TrustedFuture                  : loaded 2 times (x 116B)
Class com.google.common.cache.LoadingCache                                            : loaded 2 times (x 72B)
Class io.netty.util.internal.TypeParameterMatcher$1                                   : loaded 2 times (x 74B)
Class io.netty.util.internal.PlatformDependent0                                       : loaded 2 times (x 73B)
Class org.apache.commons.lang3.ArrayUtils                                             : loaded 2 times (x 73B)
Class kotlin.coroutines.intrinsics.IntrinsicsKt                                       : loaded 2 times (x 73B)
Class com.google.common.collect.Iterators$SingletonIterator                           : loaded 2 times (x 83B)
Class com.google.common.collect.AbstractMapEntry                                      : loaded 2 times (x 83B)
Class com.fasterxml.jackson.databind.deser.Deserializers$Base                         : loaded 2 times (x 95B)
Class com.intellij.llmInstaller.common.LLMIcons                                       : loaded 2 times (x 73B)
Class io.netty.handler.codec.http.HttpClientUpgradeHandler$SourceCodec                : loaded 2 times (x 72B)
Class io.netty.buffer.AbstractDerivedByteBuf                                          : loaded 2 times (x 314B)
Class [Lorg.eclipse.lsp4j.SymbolKind;                                                 : loaded 2 times (x 71B)
Class [Lcom.google.common.cache.Weigher;                                              : loaded 2 times (x 71B)
Class io.netty.util.internal.OutOfDirectMemoryError                                   : loaded 2 times (x 84B)
Class com.google.common.collect.UnmodifiableIterator                                  : loaded 2 times (x 82B)
Class com.fasterxml.jackson.databind.Module                                           : loaded 2 times (x 81B)
Class com.fasterxml.jackson.module.kotlin.KotlinModule$Builder                        : loaded 2 times (x 74B)
Class org.apache.commons.io.output.ByteArrayOutputStream                              : loaded 2 times (x 104B)
Class com.google.common.base.MoreObjects                                              : loaded 2 times (x 73B)
Class com.google.common.cache.CacheLoader$FunctionToCacheLoader                       : loaded 2 times (x 77B)
Class com.google.common.collect.ImmutableCollection$Builder                           : loaded 2 times (x 78B)
Class com.google.common.collect.Iterators$ArrayItr                                    : loaded 2 times (x 99B)
Class com.fasterxml.jackson.module.kotlin.ExtensionsKt                                : loaded 2 times (x 73B)
Class io.ktor.server.plugins.contentnegotiation.ContentNegotiationKt                  : loaded 2 times (x 73B)
Class oshi.util.Memoizer$1                                                            : loaded 2 times (x 78B)
Class com.fasterxml.jackson.core.json.JsonWriteContext                                : loaded 2 times (x 97B)
Class [Lio.netty.util.internal.logging.InternalLogLevel;                              : loaded 2 times (x 71B)
Class com.fasterxml.jackson.core.util.BufferRecyclers                                 : loaded 2 times (x 73B)
Class io.netty.util.ReferenceCounted                                                  : loaded 2 times (x 72B)
Class io.netty.util.internal.CleanerJava9$1                                           : loaded 2 times (x 77B)
Class org.apache.commons.lang3.StringUtils                                            : loaded 2 times (x 73B)
Class io.netty.util.internal.MathUtil                                                 : loaded 2 times (x 73B)
Class com.google.common.cache.LocalCache$ValueReference                               : loaded 2 times (x 72B)
Class kotlin.collections.ArraysKt                                                     : loaded 2 times (x 73B)
Class [Lcom.fasterxml.jackson.core.StreamReadCapability;                              : loaded 2 times (x 71B)
Class [Lio.netty.util.ResourceLeakDetector$Level;                                     : loaded 2 times (x 71B)
Class com.google.common.cache.CacheBuilder$NullListener                               : loaded 2 times (x 84B)
Class io.netty.buffer.UnpooledByteBufAllocator$UnpooledByteBufAllocatorMetric         : loaded 2 times (x 78B)
Class com.google.common.cache.LocalCache$Strength$3                                   : loaded 2 times (x 83B)
Class kotlin.text.CharsKt__CharKt                                                     : loaded 2 times (x 73B)
Class com.google.common.util.concurrent.AbstractFuture$Failure                        : loaded 2 times (x 74B)
Class com.google.common.collect.Hashing                                               : loaded 2 times (x 73B)
Class com.google.common.base.Equivalence$Equals                                       : loaded 2 times (x 84B)
Class com.google.common.base.Preconditions                                            : loaded 2 times (x 73B)
Class io.netty.handler.codec.DefaultHeaders                                           : loaded 2 times (x 279B)
Class [Lio.netty.handler.logging.LogLevel;                                            : loaded 2 times (x 71B)
Class com.fasterxml.jackson.module.kotlin.ExtensionsKt$kotlinModule$1                 : loaded 2 times (x 80B)
Class com.google.common.collect.MapDifference                                         : loaded 2 times (x 72B)
Class com.fasterxml.jackson.module.kotlin.KotlinAnnotationIntrospector$Companion$UNIT_TYPE$2: loaded 2 times (x 80B)
Class com.google.common.collect.PeekingIterator                                       : loaded 2 times (x 72B)
Class io.netty.buffer.UnpooledByteBufAllocator                                        : loaded 2 times (x 121B)
Class kotlin.LazyKt                                                                   : loaded 2 times (x 73B)
Class oshi.SystemInfo$1                                                               : loaded 2 times (x 73B)
Class kotlin.collections.ArraysKt__ArraysJVMKt                                        : loaded 2 times (x 73B)
Class com.intellij.llmInstaller.common.LLMIcons$Rebranding                            : loaded 2 times (x 73B)
Class kotlin.collections.ArraysKt___ArraysJvmKt                                       : loaded 2 times (x 73B)
Class io.ktor.server.plugins.contentnegotiation.ConverterRegistration                 : loaded 2 times (x 74B)
Class org.apache.commons.io.output.QueueOutputStream                                  : loaded 2 times (x 89B)
Class com.google.common.cache.LocalCache$Strength$2                                   : loaded 2 times (x 83B)
Class com.google.common.util.concurrent.SettableFuture                                : loaded 2 times (x 116B)
Class com.fasterxml.jackson.core.exc.StreamWriteException                             : loaded 2 times (x 91B)
Class com.fasterxml.jackson.module.kotlin.PackageVersion                              : loaded 2 times (x 76B)
Class com.google.common.cache.LocalCache$EntryFactory$1                               : loaded 2 times (x 85B)
Class [Lcom.google.common.cache.RemovalListener;                                      : loaded 2 times (x 71B)
Class com.github.benmanes.caffeine.cache.Caffeine                                     : loaded 2 times (x 74B)
Class com.fasterxml.jackson.databind.util.internal.PrivateMaxEntriesMap$AddTask       : loaded 2 times (x 77B)
Class io.netty.util.internal.TypeParameterMatcher$ReflectiveMatcher                   : loaded 2 times (x 75B)
Class com.fasterxml.jackson.databind.PropertyName                                     : loaded 2 times (x 85B)
Class io.netty.util.internal.logging.Slf4JLoggerFactory$NopInstanceHolder             : loaded 2 times (x 73B)
Class io.netty.handler.codec.MessageAggregator                                        : loaded 2 times (x 117B)
Class com.fasterxml.jackson.databind.type.ClassKey                                    : loaded 2 times (x 77B)
Class com.fasterxml.jackson.module.kotlin.ReflectionCache                             : loaded 2 times (x 74B)
Class com.fasterxml.jackson.core.io.JsonEOFException                                  : loaded 2 times (x 97B)
Class io.netty.buffer.ByteBufConvertible                                              : loaded 2 times (x 72B)
Class io.netty.handler.codec.http.HttpUtil                                            : loaded 2 times (x 73B)
Class com.google.common.cache.LocalCache$Strength$1                                   : loaded 2 times (x 83B)
Class com.google.common.collect.Sets$4                                                : loaded 2 times (x 141B)
Class oshi.software.os.OperatingSystem                                                : loaded 2 times (x 72B)
Class com.google.common.cache.LocalCache$EntryFactory$2                               : loaded 2 times (x 85B)
Class com.fasterxml.jackson.databind.deser.impl.JDKValueInstantiators$ConstantValueInstantiator: loaded 2 times (x 110B)
Class [Lcom.fasterxml.jackson.core.JsonToken;                                         : loaded 2 times (x 71B)
Class oshi.PlatformEnum                                                               : loaded 2 times (x 81B)
Class io.ktor.server.plugins.contentnegotiation.ResponseConverterKt                   : loaded 2 times (x 73B)
Class io.netty.buffer.ReadOnlyByteBufferBuf                                           : loaded 2 times (x 311B)
Class com.intellij.llmInstaller.common.branding.LLMInstallerAIAssistantBranding       : loaded 2 times (x 73B)
Class com.google.common.cache.LocalCache$LocalLoadingCache                            : loaded 2 times (x 136B)
Class com.google.common.collect.Sets$3                                                : loaded 2 times (x 141B)
Class io.netty.util.internal.CleanerJava9                                             : loaded 2 times (x 76B)
Class com.google.common.collect.Maps$BiMapConverter                                   : loaded 2 times (x 92B)
Class com.google.common.cache.LocalCache$EntryFactory$3                               : loaded 2 times (x 85B)
Class com.google.common.base.Ticker$1                                                 : loaded 2 times (x 74B)
Class com.fasterxml.jackson.databind.deser.impl.JDKValueInstantiators$HashMapInstantiator: loaded 2 times (x 110B)
Class [Lcom.fasterxml.jackson.module.kotlin.KotlinFeature;                            : loaded 2 times (x 71B)
Class com.google.common.collect.Sets$2                                                : loaded 2 times (x 141B)
Class com.google.common.collect.Maps$ViewCachingAbstractMap                           : loaded 2 times (x 127B)
Class com.fasterxml.jackson.annotation.JsonDeserializeAs                              : loaded 2 times (x 72B)
Class com.fasterxml.jackson.module.kotlin.KotlinKeySerializers                        : loaded 2 times (x 90B)
Class io.netty.buffer.ByteBufHolder                                                   : loaded 2 times (x 72B)
Class com.fasterxml.jackson.core.StreamReadCapability                                 : loaded 2 times (x 86B)
Class com.google.common.collect.SetMultimap                                           : loaded 2 times (x 72B)
Class com.google.common.cache.LocalCache$EntryFactory$4                               : loaded 2 times (x 85B)
Class [Lcom.github.benmanes.caffeine.cache.stats.DisabledStatsCounter;                : loaded 2 times (x 71B)
Class io.netty.buffer.CompositeByteBuf                                                : loaded 2 times (x 406B)
Class io.netty.util.concurrent.Future                                                 : loaded 2 times (x 72B)
Class io.netty.handler.codec.DecoderResultProvider                                    : loaded 2 times (x 72B)
Class com.google.common.collect.Sets$1                                                : loaded 2 times (x 141B)
Class io.ktor.server.plugins.contentnegotiation.DefaultIgnoredTypesJvmKt              : loaded 2 times (x 73B)
Class org.apache.commons.io.output.StringBuilderWriter                                : loaded 2 times (x 102B)
Class [Lorg.apache.commons.io.StandardLineSeparator;                                  : loaded 2 times (x 71B)
Class com.google.common.cache.LocalCache$EntryFactory$5                               : loaded 2 times (x 85B)
Class io.netty.buffer.UnpooledByteBufAllocator$InstrumentedUnpooledHeapByteBuf        : loaded 2 times (x 311B)
Class io.netty.handler.logging.LogLevel                                               : loaded 2 times (x 81B)
Class io.netty.util.internal.SystemPropertyUtil                                       : loaded 2 times (x 73B)
Class kotlin.jvm.internal.markers.KMappedMarker                                       : loaded 2 times (x 72B)
Class io.netty.util.AttributeKey$1                                                    : loaded 2 times (x 79B)
Class io.netty.util.AttributeMap                                                      : loaded 2 times (x 72B)
Class com.github.benmanes.caffeine.cache.Policy                                       : loaded 2 times (x 72B)
Class com.google.common.collect.ImmutableEnumMap                                      : loaded 2 times (x 128B)
Class com.fasterxml.jackson.core.JsonGenerationException                              : loaded 2 times (x 92B)
Class com.fasterxml.jackson.module.kotlin.KotlinDeserializers                         : loaded 2 times (x 96B)
Class com.fasterxml.jackson.databind.deser.ContextualKeyDeserializer                  : loaded 2 times (x 72B)
Class com.fasterxml.jackson.annotation.JsonFormat$Feature                             : loaded 2 times (x 81B)
Class com.google.common.collect.HashMultimap                                          : loaded 2 times (x 175B)
Class com.google.common.cache.LocalCache$EntryFactory$6                               : loaded 2 times (x 85B)
Class [Lcom.github.benmanes.caffeine.cache.Ticker;                                    : loaded 2 times (x 71B)
Class io.netty.buffer.SimpleLeakAwareByteBuf                                          : loaded 2 times (x 287B)
Class com.fasterxml.jackson.databind.util.IgnorePropertiesUtil                        : loaded 2 times (x 73B)
Class io.netty.util.concurrent.Promise                                                : loaded 2 times (x 72B)
Class io.netty.util.internal.PlatformDependent$1                                      : loaded 2 times (x 76B)
Class org.apache.commons.io.output.AppendableWriter                                   : loaded 2 times (x 102B)
Class io.netty.buffer.AdvancedLeakAwareCompositeByteBuf                               : loaded 2 times (x 407B)
Class io.netty.util.internal.ObjectUtil                                               : loaded 2 times (x 73B)
Class io.netty.util.internal.BoundedInputStream                                       : loaded 2 times (x 94B)
Class com.github.benmanes.caffeine.cache.UnboundedLocalCache$UnboundedLocalManualCache: loaded 2 times (x 126B)
Class com.github.benmanes.caffeine.cache.stats.DisabledStatsCounter                   : loaded 2 times (x 93B)
Class com.fasterxml.jackson.databind.RuntimeJsonMappingException                      : loaded 2 times (x 84B)
Class com.google.common.collect.ImmutableList                                         : loaded 2 times (x 208B)
Class com.google.common.cache.LocalCache$EntryFactory$7                               : loaded 2 times (x 85B)
Class com.github.benmanes.caffeine.cache.LocalCache                                   : loaded 2 times (x 72B)
Class io.netty.buffer.UnpooledByteBufAllocator$InstrumentedUnpooledUnsafeHeapByteBuf  : loaded 2 times (x 311B)
Class kotlin.coroutines.jvm.internal.SpillingKt                                       : loaded 2 times (x 73B)
Class io.netty.buffer.ByteBuf                                                         : loaded 2 times (x 285B)
Class com.fasterxml.jackson.databind.deser.ValueInstantiator                          : loaded 2 times (x 109B)
Class [Lcom.fasterxml.jackson.databind.util.AccessPattern;                            : loaded 2 times (x 71B)
Class com.google.common.base.Suppliers                                                : loaded 2 times (x 73B)
Class [Lcom.google.common.cache.CacheBuilder$OneWeigher;                              : loaded 2 times (x 71B)
Class com.google.common.collect.Maps$EntrySet                                         : loaded 2 times (x 138B)
Class com.google.common.collect.ImmutableSet$SetBuilderImpl                           : loaded 2 times (x 78B)
Class com.google.common.cache.LocalCache$EntryFactory$8                               : loaded 2 times (x 85B)
Class com.fasterxml.jackson.databind.deser.impl.JDKValueInstantiators$ArrayListInstantiator: loaded 2 times (x 110B)
Class io.netty.channel.ChannelOutboundInvoker                                         : loaded 2 times (x 72B)
Class com.fasterxml.jackson.annotation.JsonInclude                                    : loaded 2 times (x 72B)
Class com.fasterxml.jackson.databind.ser.impl.MapEntryAsPOJOSerializer                : loaded 2 times (x 117B)
Class io.netty.buffer.AdvancedLeakAwareByteBuf                                        : loaded 2 times (x 287B)
Class com.github.benmanes.caffeine.cache.AsyncCache                                   : loaded 2 times (x 72B)
Class com.google.common.collect.UnmodifiableListIterator                              : loaded 2 times (x 97B)
Class oshi.util.GlobalConfig                                                          : loaded 2 times (x 73B)
Class com.fasterxml.jackson.annotation.JsonSerializeAs                                : loaded 2 times (x 72B)
Class io.netty.util.HashingStrategy                                                   : loaded 2 times (x 72B)
Class com.google.common.collect.ImmutableList$SubList                                 : loaded 2 times (x 211B)
Class com.google.common.cache.CacheLoader$1                                           : loaded 2 times (x 77B)
Class com.fasterxml.jackson.core.io.ContentReference                                  : loaded 2 times (x 88B)
Class kotlin.coroutines.intrinsics.IntrinsicsKt__IntrinsicsJvmKt                      : loaded 2 times (x 73B)
Class oshi.jna.Struct                                                                 : loaded 2 times (x 72B)
Class com.fasterxml.jackson.databind.ObjectMapper$1                                   : loaded 2 times (x 132B)
Class io.netty.util.internal.logging.LocationAwareSlf4JLogger                         : loaded 2 times (x 163B)
Class com.google.common.util.concurrent.ExecutionError                                : loaded 2 times (x 84B)
Class com.google.common.collect.ImmutableEnumSet                                      : loaded 2 times (x 148B)
Class com.google.common.cache.AbstractCache$StatsCounter                              : loaded 2 times (x 72B)
Class io.netty.buffer.UnreleasableByteBuf                                             : loaded 2 times (x 286B)
Class com.fasterxml.jackson.databind.util.LinkedNode                                  : loaded 2 times (x 74B)
Class com.fasterxml.jackson.annotation.JsonIgnoreProperties                           : loaded 2 times (x 72B)
Class com.fasterxml.jackson.core.util.ReadConstrainedTextBuffer                       : loaded 2 times (x 112B)
Class oshi.util.FileUtil                                                              : loaded 2 times (x 73B)
Class com.google.common.collect.ImmutableList$1                                       : loaded 2 times (x 99B)
Class com.google.common.collect.Iterators$MergingIterator                             : loaded 2 times (x 83B)
Class com.google.common.collect.RegularImmutableSet                                   : loaded 2 times (x 150B)
Class io.netty.handler.codec.DefaultHeaders$ValueValidator$1                          : loaded 2 times (x 76B)
Class io.netty.util.internal.InternalThreadLocalMap                                   : loaded 2 times (x 74B)
Class io.netty.util.concurrent.EventExecutorGroup                                     : loaded 2 times (x 72B)
Class org.apache.commons.lang3.tuple.Triple                                           : loaded 2 times (x 82B)
Class oshi.SystemInfo                                                                 : loaded 2 times (x 76B)
Class org.apache.commons.lang3.tuple.ImmutableTriple                                  : loaded 2 times (x 83B)
Class io.netty.channel.ChannelHandlerAdapter                                          : loaded 2 times (x 83B)
Class com.fasterxml.jackson.databind.module.SimpleModule                              : loaded 2 times (x 103B)
Class io.netty.util.concurrent.FastThreadLocalThread                                  : loaded 2 times (x 116B)
Class com.google.common.collect.Iterables                                             : loaded 2 times (x 73B)
Class com.fasterxml.jackson.databind.deser.std.StdKeyDeserializer$StringKD            : loaded 2 times (x 81B)
Class com.fasterxml.jackson.databind.deser.impl.JDKValueInstantiators$ConcurrentHashMapInstantiator: loaded 2 times (x 110B)
Class com.fasterxml.jackson.databind.util.ArrayIterator                               : loaded 2 times (x 92B)
Class [Loshi.PlatformEnum;                                                            : loaded 2 times (x 71B)
Class io.netty.buffer.UnpooledDirectByteBuf                                           : loaded 2 times (x 315B)
Class com.github.benmanes.caffeine.cache.AsyncLoadingCache                            : loaded 2 times (x 72B)
Class com.google.common.base.Equivalence$Identity                                     : loaded 2 times (x 84B)
Class com.google.common.base.PairwiseEquivalence                                      : loaded 2 times (x 85B)
Class io.netty.util.ResourceLeakTracker                                               : loaded 2 times (x 72B)
Class com.fasterxml.jackson.databind.deser.impl.JDKValueInstantiators$TreeSetInstantiator: loaded 2 times (x 110B)
Class io.netty.handler.codec.MessageToMessageDecoder                                  : loaded 2 times (x 105B)
Class org.apache.commons.lang3.Validate                                               : loaded 2 times (x 73B)

---------------  S Y S T E M  ---------------

OS:
 Windows 11 , 64 bit Build 26100 (10.0.26100.4484)
OS uptime: 5 days 7:35 hours

CPU: total 20 (initial active 20) (10 cores per cpu, 2 threads per core) family 6 model 154 stepping 3 microcode 0x416, cx8, cmov, fxsr, ht, mmx, 3dnowpref, sse, sse2, sse3, ssse3, sse4.1, sse4.2, popcnt, lzcnt, tsc, tscinvbit, avx, avx2, aes, erms, clmul, bmi1, bmi2, adx, sha, fma, vzeroupper, clflush, clflushopt, clwb, serialize, rdtscp, rdpid, fsrm, gfni, f16c, pku, cet_ibt, cet_ss
Processor Information for processor 0
  Max Mhz: 2300, Current Mhz: 2300, Mhz Limit: 2300
Processor Information for processor 1
  Max Mhz: 2300, Current Mhz: 1506, Mhz Limit: 2300
Processor Information for processor 2
  Max Mhz: 2300, Current Mhz: 2300, Mhz Limit: 2300
Processor Information for processor 3
  Max Mhz: 2300, Current Mhz: 2300, Mhz Limit: 2300
Processor Information for processor 4
  Max Mhz: 2300, Current Mhz: 2300, Mhz Limit: 2300
Processor Information for processor 5
  Max Mhz: 2300, Current Mhz: 2300, Mhz Limit: 2300
Processor Information for processor 6
  Max Mhz: 2300, Current Mhz: 1506, Mhz Limit: 2300
Processor Information for processor 7
  Max Mhz: 2300, Current Mhz: 2300, Mhz Limit: 2300
Processor Information for processor 8
  Max Mhz: 2300, Current Mhz: 1506, Mhz Limit: 2300
Processor Information for processor 9
  Max Mhz: 2300, Current Mhz: 2300, Mhz Limit: 2300
Processor Information for processor 10
  Max Mhz: 2300, Current Mhz: 2300, Mhz Limit: 2300
Processor Information for processor 11
  Max Mhz: 2300, Current Mhz: 2300, Mhz Limit: 2300
Processor Information for processor 12
  Max Mhz: 2300, Current Mhz: 1700, Mhz Limit: 1679
Processor Information for processor 13
  Max Mhz: 2300, Current Mhz: 1700, Mhz Limit: 1679
Processor Information for processor 14
  Max Mhz: 2300, Current Mhz: 1700, Mhz Limit: 1679
Processor Information for processor 15
  Max Mhz: 2300, Current Mhz: 1700, Mhz Limit: 1679
Processor Information for processor 16
  Max Mhz: 2300, Current Mhz: 1700, Mhz Limit: 1679
Processor Information for processor 17
  Max Mhz: 2300, Current Mhz: 1700, Mhz Limit: 1679
Processor Information for processor 18
  Max Mhz: 2300, Current Mhz: 1700, Mhz Limit: 1679
Processor Information for processor 19
  Max Mhz: 2300, Current Mhz: 1700, Mhz Limit: 1679

Memory: 4k page, system-wide physical 16088M (789M free)
TotalPageFile size 48588M (AvailPageFile size 11M)
current process WorkingSet (physical memory assigned to process): 1631M, peak: 3861M
current process commit charge ("private bytes"): 2930M, peak: 4002M

vm_info: OpenJDK 64-Bit Server VM (25.0.3+9-b508.16) for windows-amd64 JRE (25.0.3+9-b508.16), built on 2026-06-22 with MS VC++ 17.14 (VS2022)

END.
