#
# There is insufficient memory for the Java Runtime Environment to continue.
# Native memory allocation (malloc) failed to allocate 3580120 bytes. Error detail: Chunk::new
# Possible reasons:
#   The system is out of physical RAM or swap space
#   This process is running with CompressedOops enabled, and the Java Heap may be blocking the growth of the native heap
# Possible solutions:
#   Reduce memory load on the system
#   Increase physical memory or swap space
#   Check if swap backing store is full
#   Decrease Java heap size (-Xmx/-Xms)
#   Decrease number of Java threads
#   Decrease Java thread stack sizes (-Xss)
#   Set larger code cache with -XX:ReservedCodeCacheSize=
#     to set the Java Heap base and to place the Java Heap above 4GB virtual address.
# This output file may be truncated or incomplete.
#
#  Out of Memory Error (arena.cpp:186), pid=29772, tid=27896
#
# JRE version: OpenJDK Runtime Environment JBR-25.0.3+9-508.16-nomod (25.0.3+9) (build 25.0.3+9-b508.16)
# Java VM: OpenJDK 64-Bit Server VM JBR-25.0.3+9-508.16-nomod (25.0.3+9-b508.16, mixed mode, tiered, compressed oops, compact obj headers, g1 gc, windows-amd64)
# No core dump will be written. Minidumps are not enabled by default on client versions of Windows
#

---------------  S U M M A R Y ------------

Command Line: abort vfprintf -XX:ErrorFile=C:\Users\Kenwen\java_error_in_rider_%p.log -XX:HeapDumpPath=C:\Users\Kenwen\java_error_in_rider.hprof -Xms128m -Xmx2048m -XX:JbrShrinkingGcMaxHeapFreeRatio=40 -XX:ReservedCodeCacheSize=512m -XX:+HeapDumpOnOutOfMemoryError -XX:-OmitStackTraceInFastThrow -XX:CICompilerCount=2 -XX:+IgnoreUnrecognizedVMOptions -XX:+UnlockDiagnosticVMOptions -XX:TieredOldPercentage=100000 -XX:+UseCompactObjectHeaders --sun-misc-unsafe-memory-access=allow -ea -Dsun.io.useCanonCaches=false -Dsun.java2d.metal=true -Djbr.catch.SIGABRT=true -Djdk.http.auth.tunneling.disabledSchemes="" -Djdk.attach.allowAttachSelf=true -Djdk.module.illegalAccess.silent=true -Djdk.nio.maxCachedBufferSize=2097152 -Djava.util.zip.use.nio.for.zip.file.access=true -Dkotlinx.coroutines.debug=off -Dskiko.rendering.useScreenMenuBar=false -Djava.nio.file.spi.DefaultFileSystemProvider=com.intellij.platform.core.nio.fs.MultiRoutingFileSystemProvider -Denable.non.commercial.ai.license=true -Xms128m -Xmx2048m -XX:ReservedCodeCacheSize=512m -XX:+IgnoreUnrecognizedVMOptions -XX:+UseG1GC -XX:SoftRefLRUPolicyMSPerMB=50 -XX:CICompilerCount=2 -XX:+HeapDumpOnOutOfMemoryError -XX:-OmitStackTraceInFastThrow -ea -Dsun.io.useCanonCaches=false -Djdk.http.auth.tunneling.disabledSchemes="" -Djdk.attach.allowAttachSelf=true -Djdk.module.illegalAccess.silent=true -Dkotlinx.coroutines.debug=off -XX:ErrorFile=$USER_HOME/java_error_in_idea_%p.log -XX:HeapDumpPath=$USER_HOME/java_error_in_idea.hprof --add-opens=java.base/jdk.internal.org.objectweb.asm=ALL-UNNAMED --add-opens=java.base/jdk.internal.org.objectweb.asm.tree=ALL-UNNAMED -javaagent:D:\jetbra\jetbra\ja-netfilter.jar=jetbrains -Djb.vmOptionsFile=D:\jetbra\jetbra\vmoptions\rider.vmoptions -Xbootclasspath/a:D:\JetBrains Rider 2026.2.1\lib\nio-fs.jar -Djava.system.class.loader=com.intellij.util.lang.PathClassLoader -Didea.vendor.name=JetBrains -Didea.paths.selector=Rider2026.2 -Djna.boot.library.path=D:\JetBrains Rider 2026.2.1/lib/jna/amd64 -Djna.nosys=true -Djna.noclasspath=true -Dpty4j.preferred.native.folder=D:\JetBrains Rider 2026.2.1/lib/pty4j -Dio.netty.allocator.type=pooled -Dskiko.library.path=D:\JetBrains Rider 2026.2.1/lib/skiko-awt-runtime-all -Dintellij.platform.runtime.repository.path=D:\JetBrains Rider 2026.2.1/modules/module-descriptors.dat -Didea.platform.prefix=Rider -Didea.class.before.app=com.jetbrains.rider.protocol.EarlyBackendStarter -Didea.show.customize.ide.wizard=true -DFilePageCache.THROW_ERROR_ON_DUPLICATE_STORAGE_REGISTRATION=false -Dsplash=true -Daether.connector.resumeDownloads=false -Dcompose.swing.render.on.graphics=true --enable-native-access=ALL-UNNAMED --add-opens=java.base/java.io=ALL-UNNAMED --add-opens=java.base/java.lang=ALL-UNNAMED --add-opens=java.base/java.lang.ref=ALL-UNNAMED --add-opens=java.base/java.lang.reflect=ALL-UNNAMED --add-opens=java.base/java.net=ALL-UNNAMED --add-opens=java.base/java.nio=ALL-UNNAMED --add-opens=java.base/java.nio.charset=ALL-UNNAMED --add-opens=java.base/java.text=ALL-UNNAMED --add-opens=java.base/java.time=ALL-UNNAMED --add-opens=java.base/java.util=ALL-UNNAMED --add-opens=java.base/java.util.concurrent=ALL-UNNAMED --add-opens=java.base/java.util.concurrent.atomic=ALL-UNNAMED --add-opens=java.base/java.util.concurrent.locks=ALL-UNNAMED --add-opens=java.base/jdk.internal.ref=ALL-UNNAMED --add-opens=java.base/jdk.internal.vm=ALL-UNNAMED --add-opens=java.base/sun.net.dns=ALL-UNNAMED --add-opens=java.base/sun.nio=ALL-UNNAMED --add-opens=java.base/sun.nio.ch=ALL-UNNAMED --add-opens=java.base/sun.nio.fs=ALL-UNNAMED --add-opens=java.base/sun.security.ssl=ALL-UNNAMED --add-opens=java.base/sun.security.util=ALL-UNNAMED --add-opens=java.desktop/com.sun.java.swing=ALL-UNNAMED --add-opens=java.desktop/java.awt=ALL-UNNAMED --add-opens=java.desktop/java.awt.dnd.peer=ALL-UNNAMED --add-opens=java.desktop/java.awt.event=ALL-UNNAMED --add-opens=java.desktop/java.awt.font=ALL-UNNAMED --add-opens=java.desktop/java.awt.image=ALL-UNNAMED --add-opens=java.desktop/java.awt.peer=ALL-UNNAMED --add-opens=java.desktop/javax.swing=ALL-UNNAMED --add-opens=java.desktop/javax.swing.plaf.basic=ALL-UNNAMED --add-opens=java.desktop/javax.swing.text=ALL-UNNAMED --add-opens=java.desktop/javax.swing.text.html=ALL-UNNAMED --add-opens=java.desktop/javax.swing.text.html.parser=ALL-UNNAMED --add-opens=java.desktop/sun.awt=ALL-UNNAMED --add-opens=java.desktop/sun.awt.datatransfer=ALL-UNNAMED --add-opens=java.desktop/sun.awt.image=ALL-UNNAMED --add-opens=java.desktop/sun.awt.windows=ALL-UNNAMED --add-opens=java.desktop/sun.font=ALL-UNNAMED --add-opens=java.desktop/sun.java2d=ALL-UNNAMED --add-opens=java.desktop/sun.swing=ALL-UNNAMED --add-opens=java.desktop/sun.swing.text=ALL-UNNAMED --add-opens=java.management/sun.management=ALL-UNNAMED --add-opens=jdk.attach/sun.tools.attach=ALL-UNNAMED --add-opens=jdk.compiler/com.sun.tools.javac.api=ALL-UNNAMED --add-opens=jdk.internal.jvmstat/sun.jvmstat.monitor=ALL-UNNAMED --add-opens=jdk.jdi/com.sun.tools.jdi=ALL-UNNAMED -Dide.native.launcher=true -Djcef.sandbox.ptr=000001FF463E1D80 -Djcef.sandbox.cefVersion=122.1.9+gd14e051+chromium-122.0.6261.94 -Dsun.jnu.encoding.sys=windows-936 com.intellij.idea.Main E:\Project\Git\Hodgepodge\Hodgepodge.uproject

Host: 12th Gen Intel(R) Core(TM) i7-12700H, 20 cores, 15G,  Windows 11 , 64 bit Build 26100 (10.0.26100.4484)
Time: Wed Sep 30 15:08:21 2026 elapsed time: 19389.545708 seconds (0d 5h 23m 9s)

---------------  T H R E A D  ---------------

Current thread (0x000001ff48516570):  JavaThread "C2 CompilerThread0" daemon [_thread_in_native, id=27896, stack(0x000000efd3400000,0x000000efd3500000) (1024K)]


Current CompileTask:
C2:19389545 173087   !   4       java.lang.invoke.InnerClassLambdaMetafactory::buildCallSite (144 bytes)

Stack: [0x000000efd3400000,0x000000efd3500000]
Native frames: (J=compiled Java code, j=interpreted, Vv=VM code, C=native code)
V  [jvm.dll+0x7c2949]  (no source info available)
V  [jvm.dll+0x78c01d]  (no source info available)
V  [jvm.dll+0xa105b3]  (no source info available)
V  [jvm.dll+0xa12dac]  (no source info available)
V  [jvm.dll+0xa134a3]  (no source info available)
V  [jvm.dll+0x308106]  (no source info available)
V  [jvm.dll+0x1149e6]  (no source info available)
V  [jvm.dll+0x114d16]  (no source info available)
V  [jvm.dll+0x1a9484]  (no source info available)
V  [jvm.dll+0x3c1b32]  (no source info available)
V  [jvm.dll+0x7c82b8]  (no source info available)
V  [jvm.dll+0x2ca127]  (no source info available)
V  [jvm.dll+0x2c909b]  (no source info available)
V  [jvm.dll+0x2408d0]  (no source info available)
V  [jvm.dll+0x2d9124]  (no source info available)
V  [jvm.dll+0x2d734b]  (no source info available)
V  [jvm.dll+0x49e865]  (no source info available)
V  [jvm.dll+0x9b047d]  (no source info available)
V  [jvm.dll+0x7c0e65]  (no source info available)
C  [ucrtbase.dll+0x37b0]  (no source info available)
C  [KERNEL32.DLL+0x2e8d7]  (no source info available)
C  [ntdll.dll+0x3c34c]  (no source info available)

Lock stack of current Java thread (top to bottom):


---------------  P R O C E S S  ---------------

Threads class SMR info:
_java_thread_list=0x0000020080bd6d70, length=199, elements={
0x000001ff48411670, 0x000001ff72fa8850, 0x000001ff4860aaf0, 0x000001ff4860c260,
0x000001ff72fd03a0, 0x000001ff72fb9fe0, 0x000001ff72fbb340, 0x000001ff72fbc6a0,
0x000001ff48516570, 0x000001ff48517da0, 0x000001ff20509810, 0x000001ff208af340,
0x000001ff21687b40, 0x000001ff2168a250, 0x000001ff21688310, 0x000001ff2168c190,
0x000001ff216892b0, 0x000001ff2168e8a0, 0x000001ff2201dcf0, 0x000001ff220213a0,
0x000001ff22022340, 0x000001ff22020400, 0x000001ff22ce9a30, 0x000001ff22db7950,
0x000001ff22d47c60, 0x000001ff22d44d80, 0x000001ff22d4b310, 0x000001ff738f6e70,
0x000001ff738fc460, 0x000001ff739029f0, 0x000001ffad9194f0, 0x000001ffad917d80,
0x000001ffad9175b0, 0x000001ffad91a490, 0x000001ffad922960, 0x000001ffad91f2b0,
0x000001ffda19c090, 0x000001ffda1ad9d0, 0x000001ffda1af140, 0x000001fffe0db9d0,
0x000001fffe0e4e40, 0x000001fffe0eac00, 0x0000020011ce6650, 0x0000020011cf6820,
0x000002001f15dd60, 0x000002001f1715e0, 0x00000200433c8060, 0x00000200433cde20,
0x00000200433cbee0, 0x00000200433d2c40, 0x00000200433d62f0, 0x000002005f825c40,
0x000002005f8273b0, 0x000002005f826be0, 0x000002005f825470, 0x0000020068ab7f60,
0x0000020068abbde0, 0x0000020068abfc60, 0x0000020068ac13d0, 0x0000020068ac69c0,
0x0000020068ac98a0, 0x0000020068ac8900, 0x000002006ad3f0b0, 0x000002006ad3f880,
0x000002006ad42f30, 0x000002006ad40ff0, 0x000002006ad494c0, 0x0000020072cd6a90,
0x0000020072ce2de0, 0x0000020072cddfc0, 0x0000020077a90ce0, 0x0000020077a93bc0,
0x0000020077aa2620, 0x0000020077a9ff10, 0x0000020077a95330, 0x0000020077aaa320,
0x0000020077ac1a20, 0x0000020068ad5bf0, 0x000001ff24a320c0, 0x000001ff24a30950,
0x0000020080619460, 0x0000020077ab08b0, 0x0000020080619c30, 0x00000200805f7180,
0x00000200433f2fe0, 0x0000020072cbe3f0, 0x000002002e6c7820, 0x000002002e6c87c0,
0x00000200433d5350, 0x0000020072cb95d0, 0x0000020072cc9f70, 0x0000020072cd33e0,
0x000001ff208b02e0, 0x0000020077ab9550, 0x00000200805e8ef0, 0x0000020080605410,
0x000001ff24a51c90, 0x000001ff24a2f1e0, 0x000001ff24a34fa0, 0x000001ffda1a2df0,
0x000001ffda1a9380, 0x000001ff73900ab0, 0x000001fffe0da260, 0x0000020080611760,
0x000001ff24a255a0, 0x000001ff24a32890, 0x00000200433eca50, 0x0000020043826c30,
0x00000200438254c0, 0x000002004467dc60, 0x000002004395bd30, 0x00000200426c5b60,
0x000001fffe0f38a0, 0x0000020072ce4d20, 0x000002004467c4f0, 0x0000020042604690,
0x0000020044325ba0, 0x000002003f116c00, 0x000002004440ac70, 0x000002003f6de7a0,
0x0000020041f27350, 0x0000020041f27b20, 0x0000020041f25be0, 0x0000020041f29a60,
0x0000020041f263b0, 0x0000020042521720, 0x000002005c4d3dd0, 0x000002003f6dd030,
0x000002003f6dd800, 0x0000020046107b50, 0x0000020046106bb0, 0x0000020046107380,
0x00000200462b5c30, 0x000002005c5e26a0, 0x000001ff22d464f0, 0x000001ff22ce4c10,
0x0000020040a50bf0, 0x00000200837b5150, 0x0000020045aab020, 0x0000020045aac790,
0x0000020045a0b770, 0x0000020045b34d20, 0x0000020045b35cc0, 0x0000020042603ec0,
0x0000020067a63830, 0x00000200473952d0, 0x0000020041f25410, 0x0000020042602750,
0x000001ff24a38650, 0x0000020046438690, 0x0000020067a62890, 0x000002003f6dc090,
0x000002006ab71890, 0x000001ff22ce7320, 0x000002003f6ddfd0, 0x000002003d2ed8b0,
0x0000020041f26b80, 0x0000020041f2aa00, 0x00000200480d3900, 0x00000200480d40d0,
0x000001ff7398eb80, 0x000002004233e000, 0x0000020040a4f480, 0x00000200423ee330,
0x0000020040a4dd10, 0x0000020041fce6d0, 0x000001ff22ceb970, 0x0000020083e11550,
0x000001fffd789910, 0x0000020046110360, 0x0000020044604920, 0x000001ff24a3b530,
0x000002005c5e3e10, 0x0000020081764440, 0x0000020081760d90, 0x0000020083e0f610,
0x0000020081761560, 0x0000020083e0e670, 0x0000020045aab7f0, 0x0000020045aabfc0,
0x000002003fa3d000, 0x0000020083e0fde0, 0x000001ff242a17c0, 0x0000020045a5f5e0,
0x0000020045a5fdb0, 0x000001ff7398fb20, 0x00000200444054f0, 0x0000020045f5c440,
0x0000020045f5d3e0, 0x000002001f165290, 0x0000020044406c60, 0x000002005c5e0f30,
0x0000020042539ed0, 0x000002004251f7e0, 0x000002003f0e48a0, 0x0000020083e10d80,
0x000001fffd789140, 0x0000020040a50420, 0x00000200442bc480
}
_to_delete_list=0x00000200420dd3b0, length=196, elements={
0x000001ff48411670, 0x000001ff72fa8850, 0x000001ff4860aaf0, 0x000001ff4860c260,
0x000001ff72fd03a0, 0x000001ff72fb9fe0, 0x000001ff72fbb340, 0x000001ff72fbc6a0,
0x000001ff48516570, 0x000001ff48517da0, 0x000001ff20509810, 0x000001ff208af340,
0x000001ff21687b40, 0x000001ff2168a250, 0x000001ff21688310, 0x000001ff2168c190,
0x000001ff216892b0, 0x000001ff2168e8a0, 0x000001ff2201dcf0, 0x000001ff220213a0,
0x000001ff22022340, 0x000001ff22020400, 0x000001ff22ce9a30, 0x000001ff22db7950,
0x000001ff22d47c60, 0x000001ff22d44d80, 0x000001ff22d4b310, 0x000001ff738f6e70,
0x000001ff738fc460, 0x000001ff739029f0, 0x000001ffad9194f0, 0x000001ffad917d80,
0x000001ffad9175b0, 0x000001ffad91a490, 0x000001ffad922960, 0x000001ffad91f2b0,
0x000001ffda19c090, 0x000001ffda1ad9d0, 0x000001ffda1af140, 0x000001fffe0db9d0,
0x000001fffe0e4e40, 0x000001fffe0eac00, 0x0000020011ce6650, 0x0000020011cf6820,
0x000002001f15dd60, 0x000002001f1715e0, 0x00000200433c8060, 0x00000200433cde20,
0x00000200433cbee0, 0x00000200433d2c40, 0x00000200433d62f0, 0x000002005f825c40,
0x000002005f8273b0, 0x000002005f826be0, 0x000002005f825470, 0x0000020068ab7f60,
0x0000020068abbde0, 0x0000020068abfc60, 0x0000020068ac13d0, 0x0000020068ac69c0,
0x0000020068ac98a0, 0x0000020068ac8900, 0x000002006ad3f0b0, 0x000002006ad3f880,
0x000002006ad42f30, 0x000002006ad40ff0, 0x000002006ad494c0, 0x0000020072cd6a90,
0x0000020072ce2de0, 0x0000020072cddfc0, 0x0000020077a90ce0, 0x0000020077a93bc0,
0x0000020077aa2620, 0x0000020077a9ff10, 0x0000020077a95330, 0x0000020077aaa320,
0x0000020077ac1a20, 0x0000020068ad5bf0, 0x000001ff24a320c0, 0x000001ff24a30950,
0x0000020080619460, 0x0000020077ab08b0, 0x0000020080619c30, 0x00000200805f7180,
0x00000200433f2fe0, 0x0000020072cbe3f0, 0x000002002e6c7820, 0x000002002e6c87c0,
0x00000200433d5350, 0x0000020072cb95d0, 0x0000020072cc9f70, 0x0000020072cd33e0,
0x000001ff208b02e0, 0x0000020077ab9550, 0x00000200805e8ef0, 0x0000020080605410,
0x000001ff24a51c90, 0x000001ff24a2f1e0, 0x000001ff24a34fa0, 0x000001ffda1a2df0,
0x000001ffda1a9380, 0x000001ff73900ab0, 0x000001fffe0da260, 0x0000020080611760,
0x000001ff24a255a0, 0x000001ff24a32890, 0x00000200433eca50, 0x0000020043826c30,
0x00000200438254c0, 0x000002004467dc60, 0x000002004395bd30, 0x00000200426c5b60,
0x000001fffe0f38a0, 0x0000020072ce4d20, 0x000002004467c4f0, 0x0000020042604690,
0x0000020044325ba0, 0x000002003f116c00, 0x000002004440ac70, 0x000002003f6de7a0,
0x0000020041f27350, 0x0000020041f27b20, 0x0000020041f25be0, 0x0000020041f29a60,
0x0000020041f263b0, 0x0000020042521720, 0x000002005c4d3dd0, 0x000002003f6dd030,
0x000002003f6dd800, 0x0000020046107b50, 0x0000020046106bb0, 0x0000020046107380,
0x00000200462b5c30, 0x000002005c5e26a0, 0x000001ff22d464f0, 0x000001ff22ce4c10,
0x0000020040a50bf0, 0x00000200837b5150, 0x0000020045aab020, 0x0000020045aac790,
0x0000020045a0b770, 0x0000020045b34d20, 0x0000020045b35cc0, 0x0000020042603ec0,
0x0000020067a63830, 0x00000200473952d0, 0x0000020041f25410, 0x0000020042602750,
0x000001ff24a38650, 0x0000020046438690, 0x0000020067a62890, 0x000002003f6dc090,
0x000002006ab71890, 0x000001ff22ce7320, 0x000002003f6ddfd0, 0x000002003d2ed8b0,
0x0000020041f26b80, 0x0000020041f2aa00, 0x00000200480d3900, 0x00000200480d40d0,
0x000001ff7398eb80, 0x000002004233e000, 0x0000020040a4f480, 0x00000200423ee330,
0x0000020040a4dd10, 0x0000020041fce6d0, 0x000001ff22ceb970, 0x0000020083e11550,
0x000001fffd789910, 0x0000020046110360, 0x0000020044604920, 0x000001ff24a3b530,
0x000002005c5e3e10, 0x0000020081764440, 0x0000020081760d90, 0x0000020083e0f610,
0x0000020081761560, 0x0000020083e0e670, 0x0000020045aab7f0, 0x0000020045aabfc0,
0x000002003fa3d000, 0x0000020083e0fde0, 0x000001ff242a17c0, 0x0000020045a5f5e0,
0x0000020045a5fdb0, 0x000001ff7398fb20, 0x00000200444054f0, 0x0000020045f5c440,
0x0000020045f5d3e0, 0x000002001f165290, 0x0000020044406c60, 0x000002005c5e0f30,
0x0000020042539ed0, 0x000002004251f7e0, 0x000002003f0e48a0, 0x0000020083e10d80
}

Java Threads: ( => current thread )
  0x000001ff48411670 JavaThread "main"                              [_thread_blocked, id=10260, stack(0x000000efd2400000,0x000000efd2600000) (2048K)]
  0x000001ff72fa8850 JavaThread "Common-Cleaner"             daemon [_thread_blocked, id=20408, stack(0x000000efd2d00000,0x000000efd2e00000) (1024K)]
  0x000001ff4860aaf0 JavaThread "Reference Handler"          daemon [_thread_blocked, id=22944, stack(0x000000efd2e00000,0x000000efd2f00000) (1024K)]
  0x000001ff4860c260 JavaThread "Finalizer"                  daemon [_thread_blocked, id=36400, stack(0x000000efd2f00000,0x000000efd3000000) (1024K)]
  0x000001ff72fd03a0 JavaThread "Signal Dispatcher"          daemon [_thread_blocked, id=31960, stack(0x000000efd3000000,0x000000efd3100000) (1024K)]
  0x000001ff72fb9fe0 JavaThread "Attach Listener"            daemon [_thread_blocked, id=26008, stack(0x000000efd3100000,0x000000efd3200000) (1024K)]
  0x000001ff72fbb340 JavaThread "Service Thread"             daemon [_thread_blocked, id=11052, stack(0x000000efd3200000,0x000000efd3300000) (1024K)]
  0x000001ff72fbc6a0 JavaThread "Monitor Deflation Thread"   daemon [_thread_blocked, id=23888, stack(0x000000efd3300000,0x000000efd3400000) (1024K)]
=>0x000001ff48516570 JavaThread "C2 CompilerThread0"         daemon [_thread_in_native, id=27896, stack(0x000000efd3400000,0x000000efd3500000) (1024K)]
  0x000001ff48517da0 JavaThread "C1 CompilerThread0"         daemon [_thread_blocked, id=32932, stack(0x000000efd3500000,0x000000efd3600000) (1024K)]
  0x000001ff20509810 JavaThread "Notification Thread"        daemon [_thread_blocked, id=1572, stack(0x000000efd3600000,0x000000efd3700000) (1024K)]
  0x000001ff208af340 JavaThread "DefaultDispatcher-worker-13" daemon [_thread_blocked, id=26352, stack(0x000000efd4b00000,0x000000efd4c00000) (1024K)]
  0x000001ff21687b40 JavaThread "Kernel event loop thread mnht9agnqpcb1rab8c2u" daemon [_thread_blocked, id=19884, stack(0x000000efd5a00000,0x000000efd5b00000) (1024K)]
  0x000001ff2168a250 JavaThread "Java2D Disposer"            daemon [_thread_blocked, id=20916, stack(0x000000efd5b00000,0x000000efd5c00000) (1024K)]
  0x000001ff21688310 JavaThread "AWT-Shutdown"                      [_thread_blocked, id=25768, stack(0x000000efd5c00000,0x000000efd5d00000) (1024K)]
  0x000001ff2168c190 JavaThread "AWT-Windows"                daemon [_thread_in_native, id=31200, stack(0x000000efd5d00000,0x000000efd5e00000) (1024K)]
  0x000001ff216892b0 JavaThread "AWT-EventQueue-0"                  [_thread_in_native, id=24692, stack(0x000000efd5e00000,0x000000efd5f00000) (1024K)]
  0x000001ff2168e8a0 JavaThread "External Command Listener"  daemon [_thread_in_native, id=13428, stack(0x000000efd5f00000,0x000000efd6000000) (1024K)]
  0x000001ff2201dcf0 JavaThread "kotlinx.coroutines.DefaultExecutor" daemon [_thread_blocked, id=28756, stack(0x000000efd6000000,0x000000efd6100000) (1024K)]
  0x000001ff220213a0 JavaThread "EarlyStartServerWire/Sender" daemon [_thread_blocked, id=26664, stack(0x000000efd6100000,0x000000efd6200000) (1024K)]
  0x000001ff22022340 JavaThread "EarlyStartServerWire"       daemon [_thread_in_native, id=9612, stack(0x000000efd6200000,0x000000efd6300000) (1024K)]
  0x000001ff22020400 JavaThread "SerializersBackgroundRegistrar" daemon [_thread_blocked, id=24244, stack(0x000000efd6300000,0x000000efd6400000) (1024K)]
  0x000001ff22ce9a30 JavaThread "DefaultDispatcher-worker-14" daemon [_thread_blocked, id=25560, stack(0x000000efd7200000,0x000000efd7300000) (1024K)]
  0x000001ff22db7950 JavaThread "DefaultDispatcher-worker-4" daemon [_thread_blocked, id=21836, stack(0x000000efd8400000,0x000000efd8500000) (1024K)]
  0x000001ff22d47c60 JavaThread "Program"                           [_thread_in_native, id=35632, stack(0x000000efd8700000,0x000000efd8800000) (1024K)]
  0x000001ff22d44d80 JavaThread "BaseDataReader: output stream of Program"        [_thread_in_native, id=3288, stack(0x000000efd8800000,0x000000efd8900000) (1024K)]
  0x000001ff22d4b310 JavaThread "BaseDataReader: error stream of Program"        [_thread_in_native, id=2000, stack(0x000000efd8900000,0x000000efd8a00000) (1024K)]
  0x000001ff738f6e70 JavaThread "PeriodicMetricReader"       daemon [_thread_blocked, id=36640, stack(0x000000efd8a00000,0x000000efd8b00000) (1024K)]
  0x000001ff738fc460 JavaThread "Coroutines Debugger Cleaner" daemon [_thread_blocked, id=13952, stack(0x000000efd8b00000,0x000000efd8c00000) (1024K)]
  0x000001ff739029f0 JavaThread "Periodic tasks thread"      daemon [_thread_blocked, id=5532, stack(0x000000efd8c00000,0x000000efd8d00000) (1024K)]
  0x000001ffad9194f0 JavaThread "fsnotifier.exe"                    [_thread_in_native, id=38848, stack(0x000000efd8e00000,0x000000efd8f00000) (1024K)]
  0x000001ffad917d80 JavaThread "BaseDataReader: output stream of fsnotifier.exe"        [_thread_in_native, id=27908, stack(0x000000efd8f00000,0x000000efd9000000) (1024K)]
  0x000001ffad9175b0 JavaThread "BaseDataReader: error stream of fsnotifier.exe"        [_thread_in_native, id=24684, stack(0x000000efd9000000,0x000000efd9100000) (1024K)]
  0x000001ffad91a490 JavaThread "pool-4-thread-1"                   [_thread_blocked, id=30928, stack(0x000000efd9100000,0x000000efd9200000) (1024K)]
  0x000001ffad922960 JavaThread "Netty Station Client 1-1"   daemon [_thread_in_native, id=30192, stack(0x000000efd9200000,0x000000efd9300000) (1024K)]
  0x000001ffad91f2b0 JavaThread "Netty Station Server 1-1"   daemon [_thread_in_native, id=21852, stack(0x000000efd9300000,0x000000efd9400000) (1024K)]
  0x000001ffda19c090 JavaThread "JNA Cleaner"                daemon [_thread_blocked, id=36500, stack(0x000000efd9500000,0x000000efd9600000) (1024K)]
  0x000001ffda1ad9d0 JavaThread "Netty Builtin Server 1"     daemon [_thread_in_native, id=23484, stack(0x000000efd9800000,0x000000efd9900000) (1024K)]
  0x000001ffda1af140 JavaThread "Reference Cleaner"          daemon [_thread_blocked, id=14240, stack(0x000000efd9900000,0x000000efd9a00000) (1024K)]
  0x000001fffe0db9d0 JavaThread "process reaper (pid 25072)" daemon [_thread_in_native, id=5908, stack(0x000000efd1d80000,0x000000efd1da0000) (128K)]
  0x000001fffe0e4e40 JavaThread "Cleaner-0"                  daemon [_thread_blocked, id=23572, stack(0x000000efd9d00000,0x000000efd9e00000) (1024K)]
  0x000001fffe0eac00 JavaThread "BackgroundScheduler"        daemon [_thread_blocked, id=27836, stack(0x000000efd9e00000,0x000000efd9f00000) (1024K)]
  0x0000020011ce6650 JavaThread "embeddings-server"                 [_thread_in_native, id=28388, stack(0x000000efda200000,0x000000efda300000) (1024K)]
  0x0000020011cf6820 JavaThread "TimerQueue"                 daemon [_thread_blocked, id=32268, stack(0x000000efda600000,0x000000efda700000) (1024K)]
  0x000002001f15dd60 JavaThread "Netty Station Client 1-2"   daemon [_thread_in_native, id=20700, stack(0x000000efda800000,0x000000efda900000) (1024K)]
  0x000002001f1715e0 JavaThread "WriteAheadLogFlusher"       daemon [_thread_blocked, id=35820, stack(0x000000efda900000,0x000000efdaa00000) (1024K)]
  0x00000200433c8060 JavaThread "worker1"                           [_thread_blocked, id=1856, stack(0x000000efdb600000,0x000000efdb700000) (1024K)]
  0x00000200433cde20 JavaThread "worker2"                           [_thread_blocked, id=36388, stack(0x000000efdb700000,0x000000efdb800000) (1024K)]
  0x00000200433cbee0 JavaThread "worker3"                           [_thread_blocked, id=6116, stack(0x000000efdb800000,0x000000efdb900000) (1024K)]
  0x00000200433d2c40 JavaThread "BaseDataReader: output stream of embeddings-server"        [_thread_in_native, id=8804, stack(0x000000efdba00000,0x000000efdbb00000) (1024K)]
  0x00000200433d62f0 JavaThread "Timer-0"                           [_thread_blocked, id=29276, stack(0x000000efdbd00000,0x000000efdbe00000) (1024K)]
  0x000002005f825c40 JavaThread "JetBrains.DPA.Protocol.Backend_Server/Sender" daemon [_thread_blocked, id=5668, stack(0x000000efdac00000,0x000000efdad00000) (1024K)]
  0x000002005f8273b0 JavaThread "JetBrains.DPA.Protocol.Backend_Server" daemon [_thread_in_native, id=29208, stack(0x000000efdbe00000,0x000000efdbf00000) (1024K)]
  0x000002005f826be0 JavaThread "JetBrains.DPA.Protocol.Backend_Render_Server/Sender" daemon [_thread_blocked, id=31208, stack(0x000000efdbf00000,0x000000efdc000000) (1024K)]
  0x000002005f825470 JavaThread "JetBrains.DPA.Protocol.Backend_Render_Server" daemon [_thread_in_native, id=37956, stack(0x000000efdc000000,0x000000efdc100000) (1024K)]
  0x0000020068ab7f60 JavaThread "FrontendToClrStackWorker/Sender" daemon [_thread_blocked, id=27716, stack(0x000000efd2200000,0x000000efd2300000) (1024K)]
  0x0000020068abbde0 JavaThread "FrontendToClrStackWorker"   daemon [_thread_in_native, id=5808, stack(0x000000efd2300000,0x000000efd2400000) (1024K)]
  0x0000020068abfc60 JavaThread "Thread-70"                         [_thread_in_native, id=12244, stack(0x000000efdc200000,0x000000efdc300000) (1024K)]
  0x0000020068ac13d0 JavaThread "pool-42-thread-1"                  [_thread_blocked, id=6904, stack(0x000000efdc300000,0x000000efdc400000) (1024K)]
  0x0000020068ac69c0 JavaThread "pool-46-thread-1"                  [_thread_in_native, id=29608, stack(0x000000efdc400000,0x000000efdc500000) (1024K)]
  0x0000020068ac98a0 JavaThread "Cosy-Heartbeat-Hodgepodge"         [_thread_blocked, id=4296, stack(0x000000efdc500000,0x000000efdc600000) (1024K)]
  0x0000020068ac8900 JavaThread "Cosy-AuthStatus-Refresher"  daemon [_thread_blocked, id=9468, stack(0x000000efdc600000,0x000000efdc700000) (1024K)]
  0x000002006ad3f0b0 JavaThread "worker4"                           [_thread_blocked, id=36360, stack(0x000000efdc700000,0x000000efdc800000) (1024K)]
  0x000002006ad3f880 JavaThread "worker5"                           [_thread_blocked, id=19560, stack(0x000000efdc800000,0x000000efdc900000) (1024K)]
  0x000002006ad42f30 JavaThread "worker6"                           [_thread_blocked, id=33736, stack(0x000000efdc900000,0x000000efdca00000) (1024K)]
  0x000002006ad40ff0 JavaThread "worker7"                           [_thread_blocked, id=16624, stack(0x000000efdca00000,0x000000efdcb00000) (1024K)]
  0x000002006ad494c0 JavaThread "DefaultDispatcher-worker-17" daemon [_thread_blocked, id=19788, stack(0x000000efdcd00000,0x000000efdce00000) (1024K)]
  0x0000020072cd6a90 JavaThread "BaseDataReader: error stream of embeddings-server"        [_thread_in_native, id=29132, stack(0x000000efdf800000,0x000000efdf900000) (1024K)]
  0x0000020072ce2de0 JavaThread "worker8"                    daemon [_thread_blocked, id=10228, stack(0x000000efdfe00000,0x000000efdff00000) (1024K)]
  0x0000020072cddfc0 JavaThread "JVMResponsivenessMonitor"   daemon [_thread_blocked, id=22932, stack(0x000000efe0100000,0x000000efe0200000) (1024K)]
  0x0000020077a90ce0 JavaThread "ActiveTransmissionLoader-worker-0" daemon [_thread_blocked, id=30440, stack(0x000000efe0000000,0x000000efe0100000) (1024K)]
  0x0000020077a93bc0 JavaThread "HeartBeatProvider_heartBeatSenderService-0" daemon [_thread_blocked, id=38148, stack(0x000000efe0300000,0x000000efe0400000) (1024K)]
  0x0000020077aa2620 JavaThread "Windows Shell integration"  daemon [_thread_blocked, id=9512, stack(0x000000efe0400000,0x000000efe0500000) (1024K)]
  0x0000020077a9ff10 JavaThread "Jndi-Dns-address-change-listener" daemon [_thread_in_native, id=2372, stack(0x000000efe0600000,0x000000efe0700000) (1024K)]
  0x0000020077a95330 JavaThread "index_thread1"                     [_thread_blocked, id=2920, stack(0x000000efe0800000,0x000000efe0900000) (1024K)]
  0x0000020077aaa320 JavaThread "index_thread2"                     [_thread_blocked, id=13648, stack(0x000000efe0900000,0x000000efe0a00000) (1024K)]
  0x0000020077ac1a20 JavaThread "grpc-nio-worker-ELG-1-1"    daemon [_thread_in_native, id=23364, stack(0x000000efe1a00000,0x000000efe1b00000) (1024K)]
  0x0000020068ad5bf0 JavaThread "grpc-nio-worker-ELG-1-2"    daemon [_thread_in_native, id=20164, stack(0x000000efe1c00000,0x000000efe1d00000) (1024K)]
  0x000001ff24a320c0 JavaThread "pool-39-thread-1"                  [_thread_blocked, id=14428, stack(0x000000efda500000,0x000000efda600000) (1024K)]
  0x000001ff24a30950 JavaThread "pool-40-thread-1"                  [_thread_blocked, id=37620, stack(0x000000efda400000,0x000000efda500000) (1024K)]
  0x0000020080619460 JavaThread "worker9"                           [_thread_blocked, id=18512, stack(0x000000efe0c00000,0x000000efe0d00000) (1024K)]
  0x0000020077ab08b0 JavaThread "DefaultDispatcher-worker-29" daemon [_thread_blocked, id=6880, stack(0x000000efda300000,0x000000efda400000) (1024K)]
  0x0000020080619c30 JavaThread "DefaultDispatcher-worker-1" daemon [_thread_blocked, id=12292, stack(0x000000efd7a00000,0x000000efd7b00000) (1024K)]
  0x00000200805f7180 JavaThread "DefaultDispatcher-worker-8" daemon [_thread_blocked, id=33068, stack(0x000000efdd100000,0x000000efdd200000) (1024K)]
  0x00000200433f2fe0 JavaThread "InlineEditActionProcessor-Thread"        [_thread_blocked, id=30568, stack(0x000000efd4400000,0x000000efd4500000) (1024K)]
  0x0000020072cbe3f0 JavaThread "rd throttler"               daemon [_thread_blocked, id=23544, stack(0x000000efd4700000,0x000000efd4800000) (1024K)]
  0x000002002e6c7820 JavaThread "pool-71-thread-1"                  [_thread_blocked, id=28524, stack(0x000000efd4000000,0x000000efd4100000) (1024K)]
  0x000002002e6c87c0 JavaThread "pool-70-thread-1"                  [_thread_blocked, id=32004, stack(0x000000efd9f00000,0x000000efda000000) (1024K)]
  0x00000200433d5350 JavaThread "Thread-172"                        [_thread_blocked, id=30188, stack(0x000000efdb000000,0x000000efdb100000) (1024K)]
  0x0000020072cb95d0 JavaThread "DefaultDispatcher-worker-33" daemon [_thread_blocked, id=28044, stack(0x000000efdb100000,0x000000efdb200000) (1024K)]
  0x0000020072cc9f70 JavaThread "grpc-nio-worker-ELG-1-3"    daemon [_thread_in_native, id=14592, stack(0x000000efd3f00000,0x000000efd4000000) (1024K)]
  0x0000020072cd33e0 JavaThread "grpc-nio-worker-ELG-1-4"    daemon [_thread_in_native, id=17568, stack(0x000000efdb300000,0x000000efdb400000) (1024K)]
  0x000001ff208b02e0 JavaThread "DefaultDispatcher-worker-18" daemon [_thread_in_native, id=37396, stack(0x000000efd4900000,0x000000efd4a00000) (1024K)]
  0x0000020077ab9550 JavaThread "DefaultDispatcher-worker-37" daemon [_thread_in_native, id=18204, stack(0x000000efd6e00000,0x000000efd6f00000) (1024K)]
  0x00000200805e8ef0 JavaThread "DefaultDispatcher-worker-19" daemon [_thread_blocked, id=15288, stack(0x000000efdae00000,0x000000efdaf00000) (1024K)]
  0x0000020080605410 JavaThread "pool-86-thread-1"                  [_thread_blocked, id=11408, stack(0x000000efdb500000,0x000000efdb600000) (1024K)]
  0x000001ff24a51c90 JavaThread "idle-timeout-task"          daemon [_thread_blocked, id=8324, stack(0x000000efdbb00000,0x000000efdbc00000) (1024K)]
  0x000001ff24a2f1e0 JavaThread "HTTP-Dispatcher"                   [_thread_in_native, id=30668, stack(0x000000efdbc00000,0x000000efdbd00000) (1024K)]
  0x000001ff24a34fa0 JavaThread "idle-timeout-task"          daemon [_thread_blocked, id=8764, stack(0x000000efdcc00000,0x000000efdcd00000) (1024K)]
  0x000001ffda1a2df0 JavaThread "HttpClient-130-SelectorManager" daemon [_thread_in_native, id=6496, stack(0x000000efdce00000,0x000000efdcf00000) (1024K)]
  0x000001ffda1a9380 JavaThread "HTTP-Dispatcher"                   [_thread_in_native, id=34980, stack(0x000000efdcf00000,0x000000efdd000000) (1024K)]
  0x000001ff73900ab0 JavaThread "BaseDataReader: error stream of LLDBFrontend.exe"        [_thread_in_native, id=22128, stack(0x000000efd4500000,0x000000efd4600000) (1024K)]
  0x000001fffe0da260 JavaThread "LLDBFrontend.exe"                  [_thread_in_native, id=18300, stack(0x000000efd9c00000,0x000000efd9d00000) (1024K)]
  0x0000020080611760 JavaThread "BaseDataReader: output stream of LLDBFrontend.exe"        [_thread_in_native, id=14408, stack(0x000000efdde00000,0x000000efddf00000) (1024K)]
  0x000001ff24a255a0 JavaThread "worker10"                          [_thread_blocked, id=1860, stack(0x000000efde400000,0x000000efde500000) (1024K)]
  0x000001ff24a32890 JavaThread "worker11"                          [_thread_blocked, id=35780, stack(0x000000efde500000,0x000000efde600000) (1024K)]
  0x00000200433eca50 JavaThread "worker12"                          [_thread_blocked, id=35332, stack(0x000000efde600000,0x000000efde700000) (1024K)]
  0x0000020043826c30 JavaThread "FileSystemWatchService"     daemon [_thread_in_native, id=11988, stack(0x000000efde800000,0x000000efde900000) (1024K)]
  0x00000200438254c0 JavaThread "MRFS-drain-local"           daemon [_thread_blocked, id=30396, stack(0x000000efde900000,0x000000efdea00000) (1024K)]
  0x000002004467dc60 JavaThread "DefaultDispatcher-worker-22" daemon [_thread_blocked, id=10496, stack(0x000000efdf200000,0x000000efdf300000) (1024K)]
  0x000002004395bd30 JavaThread "worker13"                          [_thread_blocked, id=6772, stack(0x000000efe0b00000,0x000000efe0c00000) (1024K)]
  0x00000200426c5b60 JavaThread "worker14"                          [_thread_blocked, id=34164, stack(0x000000efe0d00000,0x000000efe0e00000) (1024K)]
  0x000001fffe0f38a0 JavaThread "worker15"                          [_thread_blocked, id=18056, stack(0x000000efe0e00000,0x000000efe0f00000) (1024K)]
  0x0000020072ce4d20 JavaThread "worker16"                          [_thread_blocked, id=25900, stack(0x000000efe0f00000,0x000000efe1000000) (1024K)]
  0x000002004467c4f0 JavaThread "worker17"                   daemon [_thread_blocked, id=6184, stack(0x000000efe1500000,0x000000efe1600000) (1024K)]
  0x0000020042604690 JavaThread "DefaultDispatcher-worker-3" daemon [_thread_in_Java, id=34264, stack(0x000000efe2300000,0x000000efe2400000) (1024K)]
  0x0000020044325ba0 JavaThread "DefaultDispatcher-worker-16" daemon [_thread_in_native, id=30420, stack(0x000000efd8100000,0x000000efd8200000) (1024K)]
  0x000002003f116c00 JavaThread "DefaultDispatcher-worker-31" daemon [_thread_blocked, id=24836, stack(0x000000efd9600000,0x000000efd9700000) (1024K)]
  0x000002004440ac70 JavaThread "DefaultDispatcher-worker-23" daemon [_thread_blocked, id=28632, stack(0x000000efdad00000,0x000000efdae00000) (1024K)]
  0x000002003f6de7a0 JavaThread "DefaultDispatcher-worker-26" daemon [_thread_blocked, id=13848, stack(0x000000efdd200000,0x000000efdd300000) (1024K)]
  0x0000020041f27350 JavaThread "idle-timeout-task"          daemon [_thread_blocked, id=35192, stack(0x000000efe3100000,0x000000efe3200000) (1024K)]
  0x0000020041f27b20 JavaThread "HTTP-Dispatcher"                   [_thread_in_native, id=35184, stack(0x000000efe3200000,0x000000efe3300000) (1024K)]
  0x0000020041f25be0 JavaThread "idle-timeout-task"          daemon [_thread_blocked, id=26220, stack(0x000000efe3300000,0x000000efe3400000) (1024K)]
  0x0000020041f29a60 JavaThread "HttpClient-132-SelectorManager" daemon [_thread_in_native, id=32796, stack(0x000000efe3400000,0x000000efe3500000) (1024K)]
  0x0000020041f263b0 JavaThread "HTTP-Dispatcher"                   [_thread_in_native, id=28260, stack(0x000000efe3500000,0x000000efe3600000) (1024K)]
  0x0000020042521720 JavaThread "DefaultDispatcher-worker-21" daemon [_thread_blocked, id=11520, stack(0x000000efd5000000,0x000000efd5100000) (1024K)]
  0x000002005c4d3dd0 JavaThread "DefaultDispatcher-worker-5" daemon [_thread_in_native, id=15664, stack(0x000000efd6700000,0x000000efd6800000) (1024K)]
  0x000002003f6dd030 JavaThread "idle-timeout-task"          daemon [_thread_blocked, id=22536, stack(0x000000efdd800000,0x000000efdd900000) (1024K)]
  0x000002003f6dd800 JavaThread "HTTP-Dispatcher"                   [_thread_in_native, id=33980, stack(0x000000efdda00000,0x000000efddb00000) (1024K)]
  0x0000020046107b50 JavaThread "idle-timeout-task"          daemon [_thread_blocked, id=1256, stack(0x000000efddf00000,0x000000efde000000) (1024K)]
  0x0000020046106bb0 JavaThread "HttpClient-175-SelectorManager" daemon [_thread_in_native, id=35508, stack(0x000000efde200000,0x000000efde300000) (1024K)]
  0x0000020046107380 JavaThread "HTTP-Dispatcher"                   [_thread_in_native, id=36252, stack(0x000000efde300000,0x000000efde400000) (1024K)]
  0x00000200462b5c30 JavaThread "BaseDataReader: UnrealEditor.exe"        [_thread_in_native, id=19848, stack(0x000000efd4e00000,0x000000efd4f00000) (1024K)]
  0x000002005c5e26a0 JavaThread "BaseDataReader: UnrealEditor.exe"        [_thread_in_native, id=33368, stack(0x000000efd4100000,0x000000efd4200000) (1024K)]
  0x000001ff22d464f0 JavaThread "ApplicationImpl pooled thread 80"        [_thread_in_native, id=29444, stack(0x000000efdee00000,0x000000efdef00000) (1024K)]
  0x000001ff22ce4c10 JavaThread "DefaultDispatcher-worker-28" daemon [_thread_in_native, id=1640, stack(0x000000efd7600000,0x000000efd7700000) (1024K)]
  0x0000020040a50bf0 JavaThread "DefaultDispatcher-worker-30" daemon [_thread_blocked, id=16768, stack(0x000000efdfc00000,0x000000efdfd00000) (1024K)]
  0x00000200837b5150 JavaThread "DefaultDispatcher-worker-6" daemon [_thread_blocked, id=28520, stack(0x000000efe1800000,0x000000efe1900000) (1024K)]
  0x0000020045aab020 JavaThread "idle-timeout-task"          daemon [_thread_blocked, id=1632, stack(0x000000efd7800000,0x000000efd7900000) (1024K)]
  0x0000020045aac790 JavaThread "HTTP-Dispatcher"                   [_thread_in_native, id=25732, stack(0x000000efd8600000,0x000000efd8700000) (1024K)]
  0x0000020045a0b770 JavaThread "idle-timeout-task"          daemon [_thread_blocked, id=37156, stack(0x000000efda000000,0x000000efda100000) (1024K)]
  0x0000020045b34d20 JavaThread "HttpClient-177-SelectorManager" daemon [_thread_in_native, id=37832, stack(0x000000efdab00000,0x000000efdac00000) (1024K)]
  0x0000020045b35cc0 JavaThread "HTTP-Dispatcher"                   [_thread_in_native, id=28336, stack(0x000000efde000000,0x000000efde100000) (1024K)]
  0x0000020042603ec0 JavaThread "DefaultDispatcher-worker-11" daemon [_thread_blocked, id=21632, stack(0x000000efd4300000,0x000000efd4400000) (1024K)]
  0x0000020067a63830 JavaThread "DefaultDispatcher-worker-2" daemon [_thread_blocked, id=36320, stack(0x000000efd4600000,0x000000efd4700000) (1024K)]
  0x00000200473952d0 JavaThread "DefaultDispatcher-worker-25" daemon [_thread_blocked, id=17076, stack(0x000000efd4d00000,0x000000efd4e00000) (1024K)]
  0x0000020041f25410 JavaThread "DefaultDispatcher-worker-12" daemon [_thread_blocked, id=17804, stack(0x000000efd6b00000,0x000000efd6c00000) (1024K)]
  0x0000020042602750 JavaThread "DefaultDispatcher-worker-38" daemon [_thread_blocked, id=28084, stack(0x000000efd6c00000,0x000000efd6d00000) (1024K)]
  0x000001ff24a38650 JavaThread "DefaultDispatcher-worker-15" daemon [_thread_blocked, id=5280, stack(0x000000efd6d00000,0x000000efd6e00000) (1024K)]
  0x0000020046438690 JavaThread "DefaultDispatcher-worker-9" daemon [_thread_in_native, id=7460, stack(0x000000efd7000000,0x000000efd7100000) (1024K)]
  0x0000020067a62890 JavaThread "DefaultDispatcher-worker-20" daemon [_thread_blocked, id=17652, stack(0x000000efd7100000,0x000000efd7200000) (1024K)]
  0x000002003f6dc090 JavaThread "DefaultDispatcher-worker-32" daemon [_thread_in_native, id=24420, stack(0x000000efd7400000,0x000000efd7500000) (1024K)]
  0x000002006ab71890 JavaThread "DefaultDispatcher-worker-36" daemon [_thread_blocked, id=25084, stack(0x000000efd7500000,0x000000efd7600000) (1024K)]
  0x000001ff22ce7320 JavaThread "DefaultDispatcher-worker-39" daemon [_thread_blocked, id=10904, stack(0x000000efd7e00000,0x000000efd7f00000) (1024K)]
  0x000002003f6ddfd0 JavaThread "DefaultDispatcher-worker-40" daemon [_thread_blocked, id=21080, stack(0x000000efd7f00000,0x000000efd8000000) (1024K)]
  0x000002003d2ed8b0 JavaThread "DefaultDispatcher-worker-41" daemon [_thread_blocked, id=18532, stack(0x000000efd8000000,0x000000efd8100000) (1024K)]
  0x0000020041f26b80 JavaThread "DefaultDispatcher-worker-42" daemon [_thread_in_native, id=3348, stack(0x000000efd8200000,0x000000efd8300000) (1024K)]
  0x0000020041f2aa00 JavaThread "DefaultDispatcher-worker-43" daemon [_thread_blocked, id=24640, stack(0x000000efd8300000,0x000000efd8400000) (1024K)]
  0x00000200480d3900 JavaThread "DefaultDispatcher-worker-44" daemon [_thread_blocked, id=37680, stack(0x000000efd8500000,0x000000efd8600000) (1024K)]
  0x00000200480d40d0 JavaThread "DefaultDispatcher-worker-45" daemon [_thread_blocked, id=16928, stack(0x000000efd8d00000,0x000000efd8e00000) (1024K)]
  0x000001ff7398eb80 JavaThread "DefaultDispatcher-worker-24" daemon [_thread_blocked, id=38840, stack(0x000000efd9b00000,0x000000efd9c00000) (1024K)]
  0x000002004233e000 JavaThread "DefaultDispatcher-worker-7" daemon [_thread_in_native, id=9028, stack(0x000000efda100000,0x000000efda200000) (1024K)]
  0x0000020040a4f480 JavaThread "DefaultDispatcher-worker-10" daemon [_thread_blocked, id=10884, stack(0x000000efdaa00000,0x000000efdab00000) (1024K)]
  0x00000200423ee330 JavaThread "DefaultDispatcher-worker-46" daemon [_thread_blocked, id=31824, stack(0x000000efdb200000,0x000000efdb300000) (1024K)]
  0x0000020040a4dd10 JavaThread "DefaultDispatcher-worker-35" daemon [_thread_blocked, id=24812, stack(0x000000efdb400000,0x000000efdb500000) (1024K)]
  0x0000020041fce6d0 JavaThread "DefaultDispatcher-worker-27" daemon [_thread_in_native, id=32180, stack(0x000000efdd300000,0x000000efdd400000) (1024K)]
  0x000001ff22ceb970 JavaThread "DefaultDispatcher-worker-34" daemon [_thread_blocked, id=5988, stack(0x000000efdd400000,0x000000efdd500000) (1024K)]
  0x0000020083e11550 JavaThread "ApplicationImpl pooled thread 107"        [_thread_blocked, id=4116, stack(0x000000efd7b00000,0x000000efd7c00000) (1024K)]
  0x000001fffd789910 JavaThread "DefaultDispatcher-worker-47" daemon [_thread_blocked, id=24568, stack(0x000000efd4f00000,0x000000efd5000000) (1024K)]
  0x0000020046110360 JavaThread "DefaultDispatcher-worker-48" daemon [_thread_in_native, id=36836, stack(0x000000efd5100000,0x000000efd5200000) (1024K)]
  0x0000020044604920 JavaThread "DefaultDispatcher-worker-49" daemon [_thread_blocked, id=27960, stack(0x000000efd5200000,0x000000efd5300000) (1024K)]
  0x000001ff24a3b530 JavaThread "DefaultDispatcher-worker-50" daemon [_thread_blocked, id=34712, stack(0x000000efd6600000,0x000000efd6700000) (1024K)]
  0x000002005c5e3e10 JavaThread "JobScheduler FJ pool 0/19"  daemon [_thread_blocked, id=21748, stack(0x000000efd4200000,0x000000efd4300000) (1024K)]
  0x0000020081764440 JavaThread "JobScheduler FJ pool 1/19"  daemon [_thread_blocked, id=11248, stack(0x000000efd4a00000,0x000000efd4b00000) (1024K)]
  0x0000020081760d90 JavaThread "JobScheduler FJ pool 2/19"  daemon [_thread_blocked, id=9688, stack(0x000000efd4c00000,0x000000efd4d00000) (1024K)]
  0x0000020083e0f610 JavaThread "JobScheduler FJ pool 3/19"  daemon [_thread_blocked, id=27072, stack(0x000000efd6800000,0x000000efd6900000) (1024K)]
  0x0000020081761560 JavaThread "JobScheduler FJ pool 4/19"  daemon [_thread_blocked, id=25492, stack(0x000000efd6900000,0x000000efd6a00000) (1024K)]
  0x0000020083e0e670 JavaThread "JobScheduler FJ pool 5/19"  daemon [_thread_blocked, id=19192, stack(0x000000efd6a00000,0x000000efd6b00000) (1024K)]
  0x0000020045aab7f0 JavaThread "JobScheduler FJ pool 6/19"  daemon [_thread_blocked, id=18964, stack(0x000000efd6f00000,0x000000efd7000000) (1024K)]
  0x0000020045aabfc0 JavaThread "JobScheduler FJ pool 7/19"  daemon [_thread_blocked, id=14288, stack(0x000000efd7300000,0x000000efd7400000) (1024K)]
  0x000002003fa3d000 JavaThread "JobScheduler FJ pool 8/19"  daemon [_thread_blocked, id=16680, stack(0x000000efd7700000,0x000000efd7800000) (1024K)]
  0x0000020083e0fde0 JavaThread "JobScheduler FJ pool 9/19"  daemon [_thread_blocked, id=16196, stack(0x000000efd7900000,0x000000efd7a00000) (1024K)]
  0x000001ff242a17c0 JavaThread "JobScheduler FJ pool 10/19" daemon [_thread_blocked, id=13332, stack(0x000000efd7c00000,0x000000efd7d00000) (1024K)]
  0x0000020045a5f5e0 JavaThread "git.exe"                           [_thread_in_native, id=19072, stack(0x000000efd7d00000,0x000000efd7e00000) (1024K)]
  0x0000020045a5fdb0 JavaThread "BaseDataReader: git.exe"           [_thread_in_native, id=13232, stack(0x000000efd9a00000,0x000000efd9b00000) (1024K)]
  0x000001ff7398fb20 JavaThread "BaseDataReader: git.exe"           [_thread_in_native, id=33152, stack(0x000000efdaf00000,0x000000efdb000000) (1024K)]
  0x00000200444054f0 JavaThread "ApplicationImpl pooled thread 110"        [_thread_blocked, id=21772, stack(0x000000efdd000000,0x000000efdd100000) (1024K)]
  0x0000020045f5c440 JavaThread "JobScheduler FJ pool 11/19" daemon [_thread_blocked, id=11416, stack(0x000000efdd500000,0x000000efdd600000) (1024K)]
  0x0000020045f5d3e0 JavaThread "JobScheduler FJ pool 12/19" daemon [_thread_blocked, id=8020, stack(0x000000efdd600000,0x000000efdd700000) (1024K)]
  0x000002001f165290 JavaThread "JobScheduler FJ pool 13/19" daemon [_thread_blocked, id=16824, stack(0x000000efdd700000,0x000000efdd800000) (1024K)]
  0x0000020044406c60 JavaThread "JobScheduler FJ pool 14/19" daemon [_thread_blocked, id=31384, stack(0x000000efdd900000,0x000000efdda00000) (1024K)]
  0x000002005c5e0f30 JavaThread "JobScheduler FJ pool 15/19" daemon [_thread_blocked, id=37424, stack(0x000000efddb00000,0x000000efddc00000) (1024K)]
  0x0000020042539ed0 JavaThread "JobScheduler FJ pool 16/19" daemon [_thread_blocked, id=16312, stack(0x000000efddc00000,0x000000efddd00000) (1024K)]
  0x000002004251f7e0 JavaThread "JobScheduler FJ pool 17/19" daemon [_thread_blocked, id=26332, stack(0x000000efdec00000,0x000000efded00000) (1024K)]
  0x000002003f0e48a0 JavaThread "JobScheduler FJ pool 18/19" daemon [_thread_blocked, id=34080, stack(0x000000efded00000,0x000000efdee00000) (1024K)]
  0x0000020083e10d80 JavaThread "ApplicationImpl pooled thread 111"        [_thread_blocked, id=14324, stack(0x000000efdef00000,0x000000efdf000000) (1024K)]
  0x000001fffd789140 JavaThread "ApplicationImpl pooled thread 112"        [_thread_blocked, id=28924, stack(0x000000efd4800000,0x000000efd4900000) (1024K)]
  0x0000020040a50420 JavaThread "ApplicationImpl pooled thread 113"        [_thread_blocked, id=18796, stack(0x000000efdb900000,0x000000efdba00000) (1024K)]
  0x00000200442bc480 JavaThread "ApplicationImpl pooled thread 114"        [_thread_blocked, id=14476, stack(0x000000efdcb00000,0x000000efdcc00000) (1024K)]
Total: 199

Other Threads:
  0x000001ff485e0ca0 VMThread "VM Thread"                           [id=36516, stack(0x000000efd2c00000,0x000000efd2d00000) (1024K)]
  0x000001ff72f909d0 WatcherThread "VM Periodic Task Thread"        [id=27740, stack(0x000000efd2b00000,0x000000efd2c00000) (1024K)]
  0x000001ff48467880 WorkerThread "GC Thread#0"                     [id=8052, stack(0x000000efd2600000,0x000000efd2700000) (1024K)]
  0x000001ff20621070 WorkerThread "GC Thread#1"                     [id=38160, stack(0x000000efd3700000,0x000000efd3800000) (1024K)]
  0x000001ff20629780 WorkerThread "GC Thread#2"                     [id=15908, stack(0x000000efd3800000,0x000000efd3900000) (1024K)]
  0x000001ff2089c5b0 WorkerThread "GC Thread#3"                     [id=38884, stack(0x000000efd3900000,0x000000efd3a00000) (1024K)]
  0x000001ff2089c9e0 WorkerThread "GC Thread#4"                     [id=33884, stack(0x000000efd3a00000,0x000000efd3b00000) (1024K)]
  0x000001ff2089f980 WorkerThread "GC Thread#5"                     [id=13124, stack(0x000000efd3b00000,0x000000efd3c00000) (1024K)]
  0x000001ff2089d700 WorkerThread "GC Thread#6"                     [id=15212, stack(0x000000efd3c00000,0x000000efd3d00000) (1024K)]
  0x000001ff2089d2b0 WorkerThread "GC Thread#7"                     [id=11220, stack(0x000000efd3d00000,0x000000efd3e00000) (1024K)]
  0x000001ff2089f0e0 WorkerThread "GC Thread#8"                     [id=25228, stack(0x000000efd3e00000,0x000000efd3f00000) (1024K)]
  0x000001ff20ff0d60 WorkerThread "GC Thread#9"                     [id=26900, stack(0x000000efd5300000,0x000000efd5400000) (1024K)]
  0x000001ff20ff2fe0 WorkerThread "GC Thread#10"                    [id=37560, stack(0x000000efd5400000,0x000000efd5500000) (1024K)]
  0x000001ff20ff2b90 WorkerThread "GC Thread#11"                    [id=29492, stack(0x000000efd5500000,0x000000efd5600000) (1024K)]
  0x000001ff20ff0910 WorkerThread "GC Thread#12"                    [id=12856, stack(0x000000efd5600000,0x000000efd5700000) (1024K)]
  0x000001ff21e41300 WorkerThread "GC Thread#13"                    [id=496, stack(0x000000efd6400000,0x000000efd6500000) (1024K)]
  0x000001ff21e41ff0 WorkerThread "GC Thread#14"                    [id=26224, stack(0x000000efd6500000,0x000000efd6600000) (1024K)]
  0x000001ff48b4d890 ConcurrentGCThread "G1 Main Marker"            [id=12936, stack(0x000000efd2700000,0x000000efd2800000) (1024K)]
  0x000001ff48485850 WorkerThread "G1 Conc#0"                       [id=32688, stack(0x000000efd2800000,0x000000efd2900000) (1024K)]
  0x000001ff20ff3cd0 WorkerThread "G1 Conc#1"                       [id=11812, stack(0x000000efd5700000,0x000000efd5800000) (1024K)]
  0x000001ff20ff3880 WorkerThread "G1 Conc#2"                       [id=34296, stack(0x000000efd5800000,0x000000efd5900000) (1024K)]
  0x000001ff20ff49c0 WorkerThread "G1 Conc#3"                       [id=38340, stack(0x000000efd5900000,0x000000efd5a00000) (1024K)]
  0x000001ff48502970 ConcurrentGCThread "G1 Refine#0"               [id=17916, stack(0x000000efd2900000,0x000000efd2a00000) (1024K)]
  0x000001ff252d58e0 ConcurrentGCThread "G1 Refine#1"               [id=11788, stack(0x000000efd2100000,0x000000efd2200000) (1024K)]
  0x000001ff252d8430 ConcurrentGCThread "G1 Refine#2"               [id=23284, stack(0x000000efdc100000,0x000000efdc200000) (1024K)]
  0x000001ff252d4a70 ConcurrentGCThread "G1 Refine#3"               [id=27404, stack(0x000000efdff00000,0x000000efe0000000) (1024K)]
  0x000001ff252d8900 ConcurrentGCThread "G1 Refine#4"               [id=34144, stack(0x000000efe0700000,0x000000efe0800000) (1024K)]
  0x000001ff252d7a90 ConcurrentGCThread "G1 Refine#5"               [id=1828, stack(0x000000efe1d00000,0x000000efe1e00000) (1024K)]
  0x000001ff252d4f40 ConcurrentGCThread "G1 Refine#6"               [id=27924, stack(0x000000efe1e00000,0x000000efe1f00000) (1024K)]
  0x000001ff48505390 ConcurrentGCThread "G1 Service"                [id=27108, stack(0x000000efd2a00000,0x000000efd2b00000) (1024K)]
Total: 30

Threads with active compile tasks:
C2 CompilerThread0  19389730 173087   !   4       java.lang.invoke.InnerClassLambdaMetafactory::buildCallSite (144 bytes)
Total: 1

VM state: not at safepoint (normal execution)

VM Mutex/Monitor currently owned by a thread: None

Heap address: 0x0000000080000000, size: 2048 MB, Compressed Oops mode: 32-bit

CDS archive(s) not mapped
Compressed class space mapped at: 0x0000000011000000-0x0000000051000000, reserved size: 1073741824
UseCompressedClassPointers 1, UseCompactObjectHeaders 1
Narrow klass pointer bits 22, Max shift 10
Narrow klass base: 0x0000000011000000, Narrow klass shift: 9
Encoding Range: [0x0000000011000000 - 0x0000000091000000), (2147483648 bytes)
Klass Range:    [0x0000000011000000 - 0x0000000051000000), (1073741824 bytes)
Klass ID Range:  [1 - 2097152) (2097151)
Protection zone: [0x0000000011000000 - 0x0000000011010000), (65536 bytes)

GC Precious Log:
 CardTable entry size: 512
 Card Set container configuration: InlinePtr #cards 5 size 8 Array Of Cards #cards 10 size 36 Howl #buckets 4 coarsen threshold 1843 Howl Bitmap #cards 512 size 80 coarsen threshold 460 Card regions per heap region 1 cards per card region 2048
 CPUs: 20 total, 20 available
 Memory: 16088M
 Large Page Support: Disabled
 NUMA Support: Disabled
 Compressed Oops: Enabled (32-bit)
 Heap Region Size: 1M
 Heap Min Capacity: 128M
 Heap Initial Capacity: 128M
 Heap Max Capacity: 2G
 Pre-touch: Disabled
 Parallel Workers: 15
 Concurrent Workers: 4
 Concurrent Refinement Workers: 15
 Periodic GC: Disabled

Heap:
 garbage-first heap   total reserved 2097152K, committed 1367040K, used 1082043K [0x0000000080000000, 0x0000000100000000)
  region size 1024K, 234 young (239616K), 20 survivors (20480K)

Heap Regions: E=young(eden), S=young(survivor), O=old, HS=humongous(starts), HC=humongous(continues), CS=collection set, F=free, TAMS=top-at-mark-start, PB=parsable bottom
|   0|0x0000000080000000, 0x00000000800fffe8, 0x0000000080100000| 99%| O|  |TAMS 0x0000000080000000| PB 0x0000000080000000| Untracked |  0
|   1|0x0000000080100000, 0x0000000080200000, 0x0000000080200000|100%| O|  |TAMS 0x0000000080100000| PB 0x0000000080100000| Untracked |  0
|   2|0x0000000080200000, 0x00000000802ffff8, 0x0000000080300000| 99%| O|  |TAMS 0x0000000080200000| PB 0x0000000080200000| Untracked |  0
|   3|0x0000000080300000, 0x0000000080400000, 0x0000000080400000|100%| O|  |TAMS 0x0000000080300000| PB 0x0000000080300000| Untracked |  0
|   4|0x0000000080400000, 0x00000000804fff98, 0x0000000080500000| 99%| O|  |TAMS 0x0000000080400000| PB 0x0000000080400000| Untracked |  0
|   5|0x0000000080500000, 0x00000000805ffff0, 0x0000000080600000| 99%| O|  |TAMS 0x0000000080500000| PB 0x0000000080500000| Untracked |  0
|   6|0x0000000080600000, 0x0000000080700000, 0x0000000080700000|100%| O|  |TAMS 0x0000000080600000| PB 0x0000000080600000| Untracked |  0
|   7|0x0000000080700000, 0x00000000807fffb8, 0x0000000080800000| 99%| O|  |TAMS 0x0000000080700000| PB 0x0000000080700000| Untracked |  0
|   8|0x0000000080800000, 0x00000000808ffa50, 0x0000000080900000| 99%| O|  |TAMS 0x0000000080800000| PB 0x0000000080800000| Untracked |  0
|   9|0x0000000080900000, 0x0000000080a00000, 0x0000000080a00000|100%| O|  |TAMS 0x0000000080900000| PB 0x0000000080900000| Untracked |  0
|  10|0x0000000080a00000, 0x0000000080affff8, 0x0000000080b00000| 99%| O|  |TAMS 0x0000000080a00000| PB 0x0000000080a00000| Untracked |  0
|  11|0x0000000080b00000, 0x0000000080bffff0, 0x0000000080c00000| 99%| O|  |TAMS 0x0000000080b00000| PB 0x0000000080b00000| Untracked |  0
|  12|0x0000000080c00000, 0x0000000080cffff8, 0x0000000080d00000| 99%| O|  |TAMS 0x0000000080c00000| PB 0x0000000080c00000| Untracked |  0
|  13|0x0000000080d00000, 0x0000000080dfc3f0, 0x0000000080e00000| 98%| O|  |TAMS 0x0000000080d00000| PB 0x0000000080d00000| Untracked |  0
|  14|0x0000000080e00000, 0x0000000080effff8, 0x0000000080f00000| 99%| O|  |TAMS 0x0000000080e00000| PB 0x0000000080e00000| Untracked |  0
|  15|0x0000000080f00000, 0x0000000080fffff0, 0x0000000081000000| 99%| O|  |TAMS 0x0000000080f00000| PB 0x0000000080f00000| Untracked |  0
|  16|0x0000000081000000, 0x0000000081100000, 0x0000000081100000|100%| O|  |TAMS 0x0000000081000000| PB 0x0000000081000000| Untracked |  0
|  17|0x0000000081100000, 0x00000000811ff328, 0x0000000081200000| 99%| O|  |TAMS 0x0000000081100000| PB 0x0000000081100000| Untracked |  0
|  18|0x0000000081200000, 0x00000000812fc7a8, 0x0000000081300000| 98%| O|  |TAMS 0x0000000081200000| PB 0x0000000081200000| Untracked |  0
|  19|0x0000000081300000, 0x00000000813ffff0, 0x0000000081400000| 99%| O|  |TAMS 0x0000000081300000| PB 0x0000000081300000| Untracked |  0
|  20|0x0000000081400000, 0x00000000814ffff8, 0x0000000081500000| 99%| O|  |TAMS 0x0000000081400000| PB 0x0000000081400000| Untracked |  0
|  21|0x0000000081500000, 0x0000000081600000, 0x0000000081600000|100%| O|  |TAMS 0x0000000081500000| PB 0x0000000081500000| Untracked |  0
|  22|0x0000000081600000, 0x00000000816fffd8, 0x0000000081700000| 99%| O|  |TAMS 0x0000000081600000| PB 0x0000000081600000| Untracked |  0
|  23|0x0000000081700000, 0x00000000817fffd0, 0x0000000081800000| 99%| O|  |TAMS 0x0000000081700000| PB 0x0000000081700000| Untracked |  0
|  24|0x0000000081800000, 0x00000000818fffd8, 0x0000000081900000| 99%| O|  |TAMS 0x0000000081800000| PB 0x0000000081800000| Untracked |  0
|  25|0x0000000081900000, 0x00000000819ffff8, 0x0000000081a00000| 99%| O|  |TAMS 0x0000000081900000| PB 0x0000000081900000| Untracked |  0
|  26|0x0000000081a00000, 0x0000000081affff8, 0x0000000081b00000| 99%| O|  |TAMS 0x0000000081a00000| PB 0x0000000081a00000| Untracked |  0
|  27|0x0000000081b00000, 0x0000000081bffe78, 0x0000000081c00000| 99%| O|  |TAMS 0x0000000081b00000| PB 0x0000000081b00000| Untracked |  0
|  28|0x0000000081c00000, 0x0000000081d00000, 0x0000000081d00000|100%| O|  |TAMS 0x0000000081c00000| PB 0x0000000081c00000| Untracked |  0
|  29|0x0000000081d00000, 0x0000000081e00000, 0x0000000081e00000|100%| O|  |TAMS 0x0000000081d00000| PB 0x0000000081d00000| Untracked |  0
|  30|0x0000000081e00000, 0x0000000081f00000, 0x0000000081f00000|100%| O|  |TAMS 0x0000000081e00000| PB 0x0000000081e00000| Untracked |  0
|  31|0x0000000081f00000, 0x0000000082000000, 0x0000000082000000|100%| O|  |TAMS 0x0000000081f00000| PB 0x0000000081f00000| Untracked |  0
|  32|0x0000000082000000, 0x0000000082100000, 0x0000000082100000|100%| O|  |TAMS 0x0000000082000000| PB 0x0000000082000000| Untracked |  0
|  33|0x0000000082100000, 0x00000000821ffff8, 0x0000000082200000| 99%| O|  |TAMS 0x0000000082100000| PB 0x0000000082100000| Untracked |  0
|  34|0x0000000082200000, 0x0000000082300000, 0x0000000082300000|100%| O|  |TAMS 0x0000000082200000| PB 0x0000000082200000| Untracked |  0
|  35|0x0000000082300000, 0x0000000082400000, 0x0000000082400000|100%|HS|  |TAMS 0x0000000082300000| PB 0x0000000082300000| Complete |  0
|  36|0x0000000082400000, 0x00000000824ffff0, 0x0000000082500000| 99%| O|  |TAMS 0x0000000082400000| PB 0x0000000082400000| Untracked |  0
|  37|0x0000000082500000, 0x0000000082600000, 0x0000000082600000|100%| O|  |TAMS 0x0000000082500000| PB 0x0000000082500000| Untracked |  0
|  38|0x0000000082600000, 0x00000000826fffe8, 0x0000000082700000| 99%| O|  |TAMS 0x0000000082600000| PB 0x0000000082600000| Untracked |  0
|  39|0x0000000082700000, 0x00000000827fbb68, 0x0000000082800000| 98%| O|  |TAMS 0x0000000082700000| PB 0x0000000082700000| Untracked |  0
|  40|0x0000000082800000, 0x00000000828fffe8, 0x0000000082900000| 99%| O|  |TAMS 0x0000000082800000| PB 0x0000000082800000| Untracked |  0
|  41|0x0000000082900000, 0x00000000829ffff0, 0x0000000082a00000| 99%| O|  |TAMS 0x0000000082900000| PB 0x0000000082900000| Untracked |  0
|  42|0x0000000082a00000, 0x0000000082affff0, 0x0000000082b00000| 99%| O|  |TAMS 0x0000000082a00000| PB 0x0000000082a00000| Untracked |  0
|  43|0x0000000082b00000, 0x0000000082c00000, 0x0000000082c00000|100%| O|  |TAMS 0x0000000082b00000| PB 0x0000000082b00000| Untracked |  0
|  44|0x0000000082c00000, 0x0000000082cfffe8, 0x0000000082d00000| 99%| O|  |TAMS 0x0000000082c00000| PB 0x0000000082c00000| Untracked |  0
|  45|0x0000000082d00000, 0x0000000082dffff8, 0x0000000082e00000| 99%| O|  |TAMS 0x0000000082d00000| PB 0x0000000082d00000| Untracked |  0
|  46|0x0000000082e00000, 0x0000000082effff0, 0x0000000082f00000| 99%| O|  |TAMS 0x0000000082e00000| PB 0x0000000082e00000| Untracked |  0
|  47|0x0000000082f00000, 0x0000000082ff50e8, 0x0000000083000000| 95%| O|  |TAMS 0x0000000082f00000| PB 0x0000000082f00000| Untracked |  0
|  48|0x0000000083000000, 0x00000000830f52d8, 0x0000000083100000| 95%| O|  |TAMS 0x0000000083000000| PB 0x0000000083000000| Untracked |  0
|  49|0x0000000083100000, 0x00000000831ffff0, 0x0000000083200000| 99%| O|  |TAMS 0x0000000083100000| PB 0x0000000083100000| Untracked |  0
|  50|0x0000000083200000, 0x00000000832fffc0, 0x0000000083300000| 99%| O|  |TAMS 0x0000000083200000| PB 0x0000000083200000| Untracked |  0
|  51|0x0000000083300000, 0x00000000833fff58, 0x0000000083400000| 99%| O|  |TAMS 0x0000000083300000| PB 0x0000000083300000| Untracked |  0
|  52|0x0000000083400000, 0x00000000834ffff0, 0x0000000083500000| 99%| O|  |TAMS 0x0000000083400000| PB 0x0000000083400000| Untracked |  0
|  53|0x0000000083500000, 0x00000000835fffa8, 0x0000000083600000| 99%| O|  |TAMS 0x0000000083500000| PB 0x0000000083500000| Untracked |  0
|  54|0x0000000083600000, 0x0000000083700000, 0x0000000083700000|100%| O|  |TAMS 0x0000000083600000| PB 0x0000000083600000| Untracked |  0
|  55|0x0000000083700000, 0x0000000083800000, 0x0000000083800000|100%| O|  |TAMS 0x0000000083700000| PB 0x0000000083700000| Untracked |  0
|  56|0x0000000083800000, 0x00000000838ffff8, 0x0000000083900000| 99%| O|  |TAMS 0x0000000083800000| PB 0x0000000083800000| Untracked |  0
|  57|0x0000000083900000, 0x00000000839fff00, 0x0000000083a00000| 99%| O|  |TAMS 0x0000000083900000| PB 0x0000000083900000| Untracked |  0
|  58|0x0000000083a00000, 0x0000000083afc680, 0x0000000083b00000| 98%| O|  |TAMS 0x0000000083a00000| PB 0x0000000083a00000| Untracked |  0
|  59|0x0000000083b00000, 0x0000000083c00000, 0x0000000083c00000|100%| O|  |TAMS 0x0000000083b00000| PB 0x0000000083b00000| Untracked |  0
|  60|0x0000000083c00000, 0x0000000083cfffe0, 0x0000000083d00000| 99%| O|  |TAMS 0x0000000083c00000| PB 0x0000000083c00000| Untracked |  0
|  61|0x0000000083d00000, 0x0000000083e00000, 0x0000000083e00000|100%| O|  |TAMS 0x0000000083d00000| PB 0x0000000083d00000| Untracked |  0
|  62|0x0000000083e00000, 0x0000000083ef7f60, 0x0000000083f00000| 96%| O|  |TAMS 0x0000000083e00000| PB 0x0000000083e00000| Untracked |  0
|  63|0x0000000083f00000, 0x0000000083fffff0, 0x0000000084000000| 99%| O|  |TAMS 0x0000000083f00000| PB 0x0000000083f00000| Untracked |  0
|  64|0x0000000084000000, 0x00000000840fffe8, 0x0000000084100000| 99%| O|  |TAMS 0x0000000084000000| PB 0x0000000084000000| Untracked |  0
|  65|0x0000000084100000, 0x00000000841ff3c8, 0x0000000084200000| 99%| O|  |TAMS 0x0000000084100000| PB 0x0000000084100000| Untracked |  0
|  66|0x0000000084200000, 0x0000000084300000, 0x0000000084300000|100%| O|  |TAMS 0x0000000084200000| PB 0x0000000084200000| Untracked |  0
|  67|0x0000000084300000, 0x0000000084400000, 0x0000000084400000|100%| O|  |TAMS 0x0000000084300000| PB 0x0000000084300000| Untracked |  0
|  68|0x0000000084400000, 0x0000000084500000, 0x0000000084500000|100%| O|  |TAMS 0x0000000084400000| PB 0x0000000084400000| Untracked |  0
|  69|0x0000000084500000, 0x00000000845ffff8, 0x0000000084600000| 99%| O|  |TAMS 0x0000000084500000| PB 0x0000000084500000| Untracked |  0
|  70|0x0000000084600000, 0x00000000846fffe8, 0x0000000084700000| 99%| O|  |TAMS 0x0000000084600000| PB 0x0000000084600000| Untracked |  0
|  71|0x0000000084700000, 0x00000000847ffff8, 0x0000000084800000| 99%| O|  |TAMS 0x0000000084700000| PB 0x0000000084700000| Untracked |  0
|  72|0x0000000084800000, 0x00000000848fffd0, 0x0000000084900000| 99%| O|  |TAMS 0x0000000084800000| PB 0x0000000084800000| Untracked |  0
|  73|0x0000000084900000, 0x00000000849ffef0, 0x0000000084a00000| 99%| O|  |TAMS 0x0000000084900000| PB 0x0000000084900000| Untracked |  0
|  74|0x0000000084a00000, 0x0000000084aff9c0, 0x0000000084b00000| 99%| O|  |TAMS 0x0000000084a00000| PB 0x0000000084a00000| Untracked |  0
|  75|0x0000000084b00000, 0x0000000084c00000, 0x0000000084c00000|100%| O|  |TAMS 0x0000000084b00000| PB 0x0000000084b00000| Untracked |  0
|  76|0x0000000084c00000, 0x0000000084d00000, 0x0000000084d00000|100%| O|  |TAMS 0x0000000084c00000| PB 0x0000000084c00000| Untracked |  0
|  77|0x0000000084d00000, 0x0000000084dffff8, 0x0000000084e00000| 99%| O|  |TAMS 0x0000000084d00000| PB 0x0000000084d00000| Untracked |  0
|  78|0x0000000084e00000, 0x0000000084f00000, 0x0000000084f00000|100%| O|  |TAMS 0x0000000084e00000| PB 0x0000000084e00000| Untracked |  0
|  79|0x0000000084f00000, 0x0000000084fffff0, 0x0000000085000000| 99%| O|  |TAMS 0x0000000084f00000| PB 0x0000000084f00000| Untracked |  0
|  80|0x0000000085000000, 0x00000000850ffff0, 0x0000000085100000| 99%| O|  |TAMS 0x0000000085000000| PB 0x0000000085000000| Untracked |  0
|  81|0x0000000085100000, 0x0000000085200000, 0x0000000085200000|100%|HS|  |TAMS 0x0000000085100000| PB 0x0000000085100000| Complete |  0
|  82|0x0000000085200000, 0x0000000085300000, 0x0000000085300000|100%|HC|  |TAMS 0x0000000085200000| PB 0x0000000085200000| Complete |  0
|  83|0x0000000085300000, 0x0000000085400000, 0x0000000085400000|100%|HC|  |TAMS 0x0000000085300000| PB 0x0000000085300000| Complete |  0
|  84|0x0000000085400000, 0x0000000085500000, 0x0000000085500000|100%|HC|  |TAMS 0x0000000085400000| PB 0x0000000085400000| Complete |  0
|  85|0x0000000085500000, 0x0000000085600000, 0x0000000085600000|100%|HC|  |TAMS 0x0000000085500000| PB 0x0000000085500000| Complete |  0
|  86|0x0000000085600000, 0x0000000085700000, 0x0000000085700000|100%|HS|  |TAMS 0x0000000085600000| PB 0x0000000085600000| Complete |  0
|  87|0x0000000085700000, 0x0000000085800000, 0x0000000085800000|100%|HC|  |TAMS 0x0000000085700000| PB 0x0000000085700000| Complete |  0
|  88|0x0000000085800000, 0x0000000085900000, 0x0000000085900000|100%|HS|  |TAMS 0x0000000085800000| PB 0x0000000085800000| Complete |  0
|  89|0x0000000085900000, 0x0000000085a00000, 0x0000000085a00000|100%|HC|  |TAMS 0x0000000085900000| PB 0x0000000085900000| Complete |  0
|  90|0x0000000085a00000, 0x0000000085affff0, 0x0000000085b00000| 99%| O|  |TAMS 0x0000000085a00000| PB 0x0000000085a00000| Untracked |  0
|  91|0x0000000085b00000, 0x0000000085bffff0, 0x0000000085c00000| 99%| O|  |TAMS 0x0000000085b00000| PB 0x0000000085b00000| Untracked |  0
|  92|0x0000000085c00000, 0x0000000085cffff0, 0x0000000085d00000| 99%| O|  |TAMS 0x0000000085c00000| PB 0x0000000085c00000| Untracked |  0
|  93|0x0000000085d00000, 0x0000000085dffff8, 0x0000000085e00000| 99%| O|  |TAMS 0x0000000085d00000| PB 0x0000000085d00000| Untracked |  0
|  94|0x0000000085e00000, 0x0000000085f00000, 0x0000000085f00000|100%| O|  |TAMS 0x0000000085e00000| PB 0x0000000085e00000| Untracked |  0
|  95|0x0000000085f00000, 0x0000000086000000, 0x0000000086000000|100%| O|  |TAMS 0x0000000085f00000| PB 0x0000000085f00000| Untracked |  0
|  96|0x0000000086000000, 0x00000000860ffff0, 0x0000000086100000| 99%| O|  |TAMS 0x0000000086000000| PB 0x0000000086000000| Untracked |  0
|  97|0x0000000086100000, 0x00000000861fffe0, 0x0000000086200000| 99%| O|  |TAMS 0x0000000086100000| PB 0x0000000086100000| Untracked |  0
|  98|0x0000000086200000, 0x00000000862ffff8, 0x0000000086300000| 99%| O|  |TAMS 0x0000000086200000| PB 0x0000000086200000| Untracked |  0
|  99|0x0000000086300000, 0x0000000086400000, 0x0000000086400000|100%| O|  |TAMS 0x0000000086300000| PB 0x0000000086300000| Untracked |  0
| 100|0x0000000086400000, 0x00000000864ffff8, 0x0000000086500000| 99%| O|  |TAMS 0x0000000086400000| PB 0x0000000086400000| Untracked |  0
| 101|0x0000000086500000, 0x00000000865ffe00, 0x0000000086600000| 99%| O|  |TAMS 0x0000000086500000| PB 0x0000000086500000| Untracked |  0
| 102|0x0000000086600000, 0x0000000086700000, 0x0000000086700000|100%| O|  |TAMS 0x0000000086600000| PB 0x0000000086600000| Untracked |  0
| 103|0x0000000086700000, 0x00000000867ffff8, 0x0000000086800000| 99%| O|  |TAMS 0x0000000086700000| PB 0x0000000086700000| Untracked |  0
| 104|0x0000000086800000, 0x00000000868fffe8, 0x0000000086900000| 99%| O|  |TAMS 0x0000000086800000| PB 0x0000000086800000| Untracked |  0
| 105|0x0000000086900000, 0x00000000869fffe8, 0x0000000086a00000| 99%| O|  |TAMS 0x0000000086900000| PB 0x0000000086900000| Untracked |  0
| 106|0x0000000086a00000, 0x0000000086afffe8, 0x0000000086b00000| 99%| O|  |TAMS 0x0000000086a00000| PB 0x0000000086a00000| Untracked |  0
| 107|0x0000000086b00000, 0x0000000086bfff90, 0x0000000086c00000| 99%| O|  |TAMS 0x0000000086b00000| PB 0x0000000086b00000| Untracked |  0
| 108|0x0000000086c00000, 0x0000000086cfe120, 0x0000000086d00000| 99%| O|  |TAMS 0x0000000086c00000| PB 0x0000000086c00000| Untracked |  0
| 109|0x0000000086d00000, 0x0000000086e00000, 0x0000000086e00000|100%| O|  |TAMS 0x0000000086d00000| PB 0x0000000086d00000| Untracked |  0
| 110|0x0000000086e00000, 0x0000000086efffe0, 0x0000000086f00000| 99%| O|  |TAMS 0x0000000086e00000| PB 0x0000000086e00000| Untracked |  0
| 111|0x0000000086f00000, 0x0000000087000000, 0x0000000087000000|100%| O|  |TAMS 0x0000000086f00000| PB 0x0000000086f00000| Untracked |  0
| 112|0x0000000087000000, 0x00000000870ffff0, 0x0000000087100000| 99%| O|  |TAMS 0x0000000087000000| PB 0x0000000087000000| Untracked |  0
| 113|0x0000000087100000, 0x00000000871fffe8, 0x0000000087200000| 99%| O|  |TAMS 0x0000000087100000| PB 0x0000000087100000| Untracked |  0
| 114|0x0000000087200000, 0x00000000872fffc8, 0x0000000087300000| 99%| O|  |TAMS 0x0000000087200000| PB 0x0000000087200000| Untracked |  0
| 115|0x0000000087300000, 0x00000000873ffff8, 0x0000000087400000| 99%| O|  |TAMS 0x0000000087300000| PB 0x0000000087300000| Untracked |  0
| 116|0x0000000087400000, 0x0000000087500000, 0x0000000087500000|100%| O|  |TAMS 0x0000000087400000| PB 0x0000000087400000| Untracked |  0
| 117|0x0000000087500000, 0x0000000087600000, 0x0000000087600000|100%| O|  |TAMS 0x0000000087500000| PB 0x0000000087500000| Untracked |  0
| 118|0x0000000087600000, 0x0000000087700000, 0x0000000087700000|100%| O|  |TAMS 0x0000000087600000| PB 0x0000000087600000| Untracked |  0
| 119|0x0000000087700000, 0x00000000877fffd0, 0x0000000087800000| 99%| O|  |TAMS 0x0000000087700000| PB 0x0000000087700000| Untracked |  0
| 120|0x0000000087800000, 0x00000000878fffb8, 0x0000000087900000| 99%| O|  |TAMS 0x0000000087800000| PB 0x0000000087800000| Untracked |  0
| 121|0x0000000087900000, 0x0000000087a00000, 0x0000000087a00000|100%| O|  |TAMS 0x0000000087900000| PB 0x0000000087900000| Untracked |  0
| 122|0x0000000087a00000, 0x0000000087affff8, 0x0000000087b00000| 99%| O|  |TAMS 0x0000000087a00000| PB 0x0000000087a00000| Untracked |  0
| 123|0x0000000087b00000, 0x0000000087bffff8, 0x0000000087c00000| 99%| O|  |TAMS 0x0000000087b00000| PB 0x0000000087b00000| Untracked |  0
| 124|0x0000000087c00000, 0x0000000087cffff0, 0x0000000087d00000| 99%| O|  |TAMS 0x0000000087c00000| PB 0x0000000087c00000| Untracked |  0
| 125|0x0000000087d00000, 0x0000000087dffff8, 0x0000000087e00000| 99%| O|  |TAMS 0x0000000087d00000| PB 0x0000000087d00000| Untracked |  0
| 126|0x0000000087e00000, 0x0000000087effbf8, 0x0000000087f00000| 99%| O|  |TAMS 0x0000000087e00000| PB 0x0000000087e00000| Untracked |  0
| 127|0x0000000087f00000, 0x0000000088000000, 0x0000000088000000|100%| O|  |TAMS 0x0000000087f00000| PB 0x0000000087f00000| Untracked |  0
| 128|0x0000000088000000, 0x0000000088100000, 0x0000000088100000|100%|HS|  |TAMS 0x0000000088000000| PB 0x0000000088000000| Complete |  0
| 129|0x0000000088100000, 0x0000000088200000, 0x0000000088200000|100%| O|  |TAMS 0x0000000088100000| PB 0x0000000088100000| Untracked |  0
| 130|0x0000000088200000, 0x0000000088300000, 0x0000000088300000|100%| O|  |TAMS 0x0000000088200000| PB 0x0000000088200000| Untracked |  0
| 131|0x0000000088300000, 0x0000000088400000, 0x0000000088400000|100%| O|  |TAMS 0x0000000088300000| PB 0x0000000088300000| Untracked |  0
| 132|0x0000000088400000, 0x00000000884ffff8, 0x0000000088500000| 99%| O|  |TAMS 0x0000000088400000| PB 0x0000000088400000| Untracked |  0
| 133|0x0000000088500000, 0x00000000885ffff8, 0x0000000088600000| 99%| O|  |TAMS 0x0000000088500000| PB 0x0000000088500000| Untracked |  0
| 134|0x0000000088600000, 0x00000000886ffff8, 0x0000000088700000| 99%| O|  |TAMS 0x0000000088600000| PB 0x0000000088600000| Untracked |  0
| 135|0x0000000088700000, 0x00000000887ffff8, 0x0000000088800000| 99%| O|  |TAMS 0x0000000088700000| PB 0x0000000088700000| Untracked |  0
| 136|0x0000000088800000, 0x00000000888ffff8, 0x0000000088900000| 99%| O|  |TAMS 0x0000000088800000| PB 0x0000000088800000| Untracked |  0
| 137|0x0000000088900000, 0x00000000889fffe8, 0x0000000088a00000| 99%| O|  |TAMS 0x0000000088900000| PB 0x0000000088900000| Untracked |  0
| 138|0x0000000088a00000, 0x0000000088afffe0, 0x0000000088b00000| 99%| O|  |TAMS 0x0000000088a00000| PB 0x0000000088a00000| Untracked |  0
| 139|0x0000000088b00000, 0x0000000088bffff8, 0x0000000088c00000| 99%| O|  |TAMS 0x0000000088b00000| PB 0x0000000088b00000| Untracked |  0
| 140|0x0000000088c00000, 0x0000000088cffe50, 0x0000000088d00000| 99%| O|  |TAMS 0x0000000088c00000| PB 0x0000000088c00000| Untracked |  0
| 141|0x0000000088d00000, 0x0000000088dfffb0, 0x0000000088e00000| 99%| O|  |TAMS 0x0000000088d00000| PB 0x0000000088d00000| Untracked |  0
| 142|0x0000000088e00000, 0x0000000088effff0, 0x0000000088f00000| 99%| O|  |TAMS 0x0000000088e00000| PB 0x0000000088e00000| Untracked |  0
| 143|0x0000000088f00000, 0x0000000088fffff8, 0x0000000089000000| 99%| O|  |TAMS 0x0000000088f00000| PB 0x0000000088f00000| Untracked |  0
| 144|0x0000000089000000, 0x00000000890ffff8, 0x0000000089100000| 99%| O|  |TAMS 0x0000000089000000| PB 0x0000000089000000| Untracked |  0
| 145|0x0000000089100000, 0x00000000891ffff8, 0x0000000089200000| 99%| O|  |TAMS 0x0000000089100000| PB 0x0000000089100000| Untracked |  0
| 146|0x0000000089200000, 0x00000000892ffff8, 0x0000000089300000| 99%| O|  |TAMS 0x0000000089200000| PB 0x0000000089200000| Untracked |  0
| 147|0x0000000089300000, 0x00000000893fffe0, 0x0000000089400000| 99%| O|  |TAMS 0x0000000089300000| PB 0x0000000089300000| Untracked |  0
| 148|0x0000000089400000, 0x00000000894fffe8, 0x0000000089500000| 99%| O|  |TAMS 0x0000000089400000| PB 0x0000000089400000| Untracked |  0
| 149|0x0000000089500000, 0x0000000089600000, 0x0000000089600000|100%|HS|  |TAMS 0x0000000089500000| PB 0x0000000089500000| Untracked |  0
| 150|0x0000000089600000, 0x00000000896ffff8, 0x0000000089700000| 99%| O|  |TAMS 0x0000000089600000| PB 0x0000000089600000| Untracked |  0
| 151|0x0000000089700000, 0x0000000089800000, 0x0000000089800000|100%|HS|  |TAMS 0x0000000089700000| PB 0x0000000089700000| Untracked |  0
| 152|0x0000000089800000, 0x00000000898ffff8, 0x0000000089900000| 99%| O|  |TAMS 0x0000000089800000| PB 0x0000000089800000| Untracked |  0
| 153|0x0000000089900000, 0x00000000899fffe8, 0x0000000089a00000| 99%| O|  |TAMS 0x0000000089900000| PB 0x0000000089900000| Untracked |  0
| 154|0x0000000089a00000, 0x0000000089affff8, 0x0000000089b00000| 99%| O|  |TAMS 0x0000000089a00000| PB 0x0000000089a00000| Untracked |  0
| 155|0x0000000089b00000, 0x0000000089c00000, 0x0000000089c00000|100%| O|  |TAMS 0x0000000089b00000| PB 0x0000000089b00000| Untracked |  0
| 156|0x0000000089c00000, 0x0000000089d00000, 0x0000000089d00000|100%| O|  |TAMS 0x0000000089c00000| PB 0x0000000089c00000| Untracked |  0
| 157|0x0000000089d00000, 0x0000000089e00000, 0x0000000089e00000|100%| O|  |TAMS 0x0000000089d00000| PB 0x0000000089d00000| Untracked |  0
| 158|0x0000000089e00000, 0x0000000089effff0, 0x0000000089f00000| 99%| O|  |TAMS 0x0000000089e00000| PB 0x0000000089e00000| Untracked |  0
| 159|0x0000000089f00000, 0x000000008a000000, 0x000000008a000000|100%| O|  |TAMS 0x0000000089f00000| PB 0x0000000089f00000| Untracked |  0
| 160|0x000000008a000000, 0x000000008a100000, 0x000000008a100000|100%|HS|  |TAMS 0x000000008a000000| PB 0x000000008a000000| Untracked |  0
| 161|0x000000008a100000, 0x000000008a200000, 0x000000008a200000|100%|HS|  |TAMS 0x000000008a100000| PB 0x000000008a100000| Untracked |  0
| 162|0x000000008a200000, 0x000000008a300000, 0x000000008a300000|100%|HS|  |TAMS 0x000000008a200000| PB 0x000000008a200000| Complete |  0
| 163|0x000000008a300000, 0x000000008a400000, 0x000000008a400000|100%|HS|  |TAMS 0x000000008a300000| PB 0x000000008a300000| Untracked |  0
| 164|0x000000008a400000, 0x000000008a4fffe8, 0x000000008a500000| 99%| O|  |TAMS 0x000000008a400000| PB 0x000000008a400000| Untracked |  0
| 165|0x000000008a500000, 0x000000008a5ffff0, 0x000000008a600000| 99%| O|  |TAMS 0x000000008a500000| PB 0x000000008a500000| Untracked |  0
| 166|0x000000008a600000, 0x000000008a6ffff8, 0x000000008a700000| 99%| O|  |TAMS 0x000000008a600000| PB 0x000000008a600000| Untracked |  0
| 167|0x000000008a700000, 0x000000008a7ffff0, 0x000000008a800000| 99%| O|  |TAMS 0x000000008a700000| PB 0x000000008a700000| Untracked |  0
| 168|0x000000008a800000, 0x000000008a8ffff8, 0x000000008a900000| 99%| O|  |TAMS 0x000000008a800000| PB 0x000000008a800000| Untracked |  0
| 169|0x000000008a900000, 0x000000008aa00000, 0x000000008aa00000|100%| O|  |TAMS 0x000000008a900000| PB 0x000000008a900000| Untracked |  0
| 170|0x000000008aa00000, 0x000000008ab00000, 0x000000008ab00000|100%| O|  |TAMS 0x000000008aa00000| PB 0x000000008aa00000| Untracked |  0
| 171|0x000000008ab00000, 0x000000008abffff8, 0x000000008ac00000| 99%| O|  |TAMS 0x000000008ab00000| PB 0x000000008ab00000| Untracked |  0
| 172|0x000000008ac00000, 0x000000008acffff0, 0x000000008ad00000| 99%| O|  |TAMS 0x000000008ac00000| PB 0x000000008ac00000| Untracked |  0
| 173|0x000000008ad00000, 0x000000008adffff8, 0x000000008ae00000| 99%| O|  |TAMS 0x000000008ad00000| PB 0x000000008ad00000| Untracked |  0
| 174|0x000000008ae00000, 0x000000008aeffff8, 0x000000008af00000| 99%| O|  |TAMS 0x000000008ae00000| PB 0x000000008ae00000| Untracked |  0
| 175|0x000000008af00000, 0x000000008afffaa0, 0x000000008b000000| 99%| O|  |TAMS 0x000000008af00000| PB 0x000000008af00000| Untracked |  0
| 176|0x000000008b000000, 0x000000008b100000, 0x000000008b100000|100%| O|  |TAMS 0x000000008b000000| PB 0x000000008b000000| Untracked |  0
| 177|0x000000008b100000, 0x000000008b1ffff0, 0x000000008b200000| 99%| O|  |TAMS 0x000000008b100000| PB 0x000000008b100000| Untracked |  0
| 178|0x000000008b200000, 0x000000008b2ffff8, 0x000000008b300000| 99%| O|  |TAMS 0x000000008b200000| PB 0x000000008b200000| Untracked |  0
| 179|0x000000008b300000, 0x000000008b3ffff0, 0x000000008b400000| 99%| O|  |TAMS 0x000000008b300000| PB 0x000000008b300000| Untracked |  0
| 180|0x000000008b400000, 0x000000008b4fffe0, 0x000000008b500000| 99%| O|  |TAMS 0x000000008b400000| PB 0x000000008b400000| Untracked |  0
| 181|0x000000008b500000, 0x000000008b600000, 0x000000008b600000|100%|HS|  |TAMS 0x000000008b500000| PB 0x000000008b500000| Untracked |  0
| 182|0x000000008b600000, 0x000000008b6ffff0, 0x000000008b700000| 99%| O|  |TAMS 0x000000008b600000| PB 0x000000008b600000| Untracked |  0
| 183|0x000000008b700000, 0x000000008b800000, 0x000000008b800000|100%| O|  |TAMS 0x000000008b700000| PB 0x000000008b700000| Untracked |  0
| 184|0x000000008b800000, 0x000000008b900000, 0x000000008b900000|100%| O|  |TAMS 0x000000008b800000| PB 0x000000008b800000| Untracked |  0
| 185|0x000000008b900000, 0x000000008ba00000, 0x000000008ba00000|100%| O|  |TAMS 0x000000008b900000| PB 0x000000008b900000| Untracked |  0
| 186|0x000000008ba00000, 0x000000008bafffa8, 0x000000008bb00000| 99%| O|  |TAMS 0x000000008ba00000| PB 0x000000008ba00000| Untracked |  0
| 187|0x000000008bb00000, 0x000000008bc00000, 0x000000008bc00000|100%| O|  |TAMS 0x000000008bb00000| PB 0x000000008bb00000| Untracked |  0
| 188|0x000000008bc00000, 0x000000008bd00000, 0x000000008bd00000|100%| O|  |TAMS 0x000000008bc00000| PB 0x000000008bc00000| Untracked |  0
| 189|0x000000008bd00000, 0x000000008bdffee0, 0x000000008be00000| 99%| O|  |TAMS 0x000000008bd00000| PB 0x000000008bd00000| Untracked |  0
| 190|0x000000008be00000, 0x000000008befff58, 0x000000008bf00000| 99%| O|  |TAMS 0x000000008be00000| PB 0x000000008be00000| Untracked |  0
| 191|0x000000008bf00000, 0x000000008bffffe8, 0x000000008c000000| 99%| O|  |TAMS 0x000000008bf00000| PB 0x000000008bf00000| Untracked |  0
| 192|0x000000008c000000, 0x000000008c0fffe0, 0x000000008c100000| 99%| O|  |TAMS 0x000000008c000000| PB 0x000000008c000000| Untracked |  0
| 193|0x000000008c100000, 0x000000008c200000, 0x000000008c200000|100%| O|  |TAMS 0x000000008c100000| PB 0x000000008c100000| Untracked |  0
| 194|0x000000008c200000, 0x000000008c300000, 0x000000008c300000|100%| O|  |TAMS 0x000000008c200000| PB 0x000000008c200000| Untracked |  0
| 195|0x000000008c300000, 0x000000008c3fffe0, 0x000000008c400000| 99%| O|  |TAMS 0x000000008c300000| PB 0x000000008c300000| Untracked |  0
| 196|0x000000008c400000, 0x000000008c4ffff0, 0x000000008c500000| 99%| O|  |TAMS 0x000000008c400000| PB 0x000000008c400000| Untracked |  0
| 197|0x000000008c500000, 0x000000008c600000, 0x000000008c600000|100%| O|  |TAMS 0x000000008c500000| PB 0x000000008c500000| Untracked |  0
| 198|0x000000008c600000, 0x000000008c6ffff8, 0x000000008c700000| 99%| O|  |TAMS 0x000000008c600000| PB 0x000000008c600000| Untracked |  0
| 199|0x000000008c700000, 0x000000008c7fffe8, 0x000000008c800000| 99%| O|  |TAMS 0x000000008c700000| PB 0x000000008c700000| Untracked |  0
| 200|0x000000008c800000, 0x000000008c8fffa8, 0x000000008c900000| 99%| O|  |TAMS 0x000000008c800000| PB 0x000000008c800000| Untracked |  0
| 201|0x000000008c900000, 0x000000008c9ffff0, 0x000000008ca00000| 99%| O|  |TAMS 0x000000008c900000| PB 0x000000008c900000| Untracked |  0
| 202|0x000000008ca00000, 0x000000008cafffb8, 0x000000008cb00000| 99%| O|  |TAMS 0x000000008ca00000| PB 0x000000008ca00000| Untracked |  0
| 203|0x000000008cb00000, 0x000000008cbffff0, 0x000000008cc00000| 99%| O|  |TAMS 0x000000008cb00000| PB 0x000000008cb00000| Untracked |  0
| 204|0x000000008cc00000, 0x000000008ccffff8, 0x000000008cd00000| 99%| O|  |TAMS 0x000000008cc00000| PB 0x000000008cc00000| Untracked |  0
| 205|0x000000008cd00000, 0x000000008cdfffb8, 0x000000008ce00000| 99%| O|  |TAMS 0x000000008cd00000| PB 0x000000008cd00000| Untracked |  0
| 206|0x000000008ce00000, 0x000000008cefffe8, 0x000000008cf00000| 99%| O|  |TAMS 0x000000008ce00000| PB 0x000000008ce00000| Untracked |  0
| 207|0x000000008cf00000, 0x000000008cffffa0, 0x000000008d000000| 99%| O|  |TAMS 0x000000008cf00000| PB 0x000000008cf00000| Untracked |  0
| 208|0x000000008d000000, 0x000000008d0ffff8, 0x000000008d100000| 99%| O|  |TAMS 0x000000008d000000| PB 0x000000008d000000| Untracked |  0
| 209|0x000000008d100000, 0x000000008d1ffff8, 0x000000008d200000| 99%| O|  |TAMS 0x000000008d100000| PB 0x000000008d100000| Untracked |  0
| 210|0x000000008d200000, 0x000000008d300000, 0x000000008d300000|100%| O|  |TAMS 0x000000008d200000| PB 0x000000008d200000| Untracked |  0
| 211|0x000000008d300000, 0x000000008d3fffc0, 0x000000008d400000| 99%| O|  |TAMS 0x000000008d300000| PB 0x000000008d300000| Untracked |  0
| 212|0x000000008d400000, 0x000000008d500000, 0x000000008d500000|100%| O|  |TAMS 0x000000008d400000| PB 0x000000008d400000| Untracked |  0
| 213|0x000000008d500000, 0x000000008d5fff90, 0x000000008d600000| 99%| O|  |TAMS 0x000000008d500000| PB 0x000000008d500000| Untracked |  0
| 214|0x000000008d600000, 0x000000008d6fffd0, 0x000000008d700000| 99%| O|  |TAMS 0x000000008d600000| PB 0x000000008d600000| Untracked |  0
| 215|0x000000008d700000, 0x000000008d7fee10, 0x000000008d800000| 99%| O|  |TAMS 0x000000008d700000| PB 0x000000008d700000| Untracked |  0
| 216|0x000000008d800000, 0x000000008d900000, 0x000000008d900000|100%| O|  |TAMS 0x000000008d800000| PB 0x000000008d800000| Untracked |  0
| 217|0x000000008d900000, 0x000000008da00000, 0x000000008da00000|100%|HS|  |TAMS 0x000000008d900000| PB 0x000000008d900000| Complete |  0
| 218|0x000000008da00000, 0x000000008db00000, 0x000000008db00000|100%|HS|  |TAMS 0x000000008da00000| PB 0x000000008da00000| Untracked |  0
| 219|0x000000008db00000, 0x000000008dbfffe0, 0x000000008dc00000| 99%| O|  |TAMS 0x000000008db00000| PB 0x000000008db00000| Untracked |  0
| 220|0x000000008dc00000, 0x000000008dcfffc8, 0x000000008dd00000| 99%| O|  |TAMS 0x000000008dc00000| PB 0x000000008dc00000| Untracked |  0
| 221|0x000000008dd00000, 0x000000008de00000, 0x000000008de00000|100%| O|  |TAMS 0x000000008dd00000| PB 0x000000008dd00000| Untracked |  0
| 222|0x000000008de00000, 0x000000008deffff0, 0x000000008df00000| 99%| O|  |TAMS 0x000000008de00000| PB 0x000000008de00000| Untracked |  0
| 223|0x000000008df00000, 0x000000008dffcd00, 0x000000008e000000| 98%| O|  |TAMS 0x000000008df00000| PB 0x000000008df00000| Untracked |  0
| 224|0x000000008e000000, 0x000000008e0fffe8, 0x000000008e100000| 99%| O|  |TAMS 0x000000008e000000| PB 0x000000008e000000| Untracked |  0
| 225|0x000000008e100000, 0x000000008e1ffff8, 0x000000008e200000| 99%| O|  |TAMS 0x000000008e100000| PB 0x000000008e100000| Untracked |  0
| 226|0x000000008e200000, 0x000000008e2fffd8, 0x000000008e300000| 99%| O|  |TAMS 0x000000008e200000| PB 0x000000008e200000| Untracked |  0
| 227|0x000000008e300000, 0x000000008e3fffb0, 0x000000008e400000| 99%| O|  |TAMS 0x000000008e300000| PB 0x000000008e300000| Untracked |  0
| 228|0x000000008e400000, 0x000000008e4ffff8, 0x000000008e500000| 99%| O|  |TAMS 0x000000008e400000| PB 0x000000008e400000| Untracked |  0
| 229|0x000000008e500000, 0x000000008e600000, 0x000000008e600000|100%| O|  |TAMS 0x000000008e500000| PB 0x000000008e500000| Untracked |  0
| 230|0x000000008e600000, 0x000000008e6ffff8, 0x000000008e700000| 99%| O|  |TAMS 0x000000008e600000| PB 0x000000008e600000| Untracked |  0
| 231|0x000000008e700000, 0x000000008e7ffff0, 0x000000008e800000| 99%| O|  |TAMS 0x000000008e700000| PB 0x000000008e700000| Untracked |  0
| 232|0x000000008e800000, 0x000000008e8f4f88, 0x000000008e900000| 95%| O|  |TAMS 0x000000008e800000| PB 0x000000008e800000| Untracked |  0
| 233|0x000000008e900000, 0x000000008e9fffd0, 0x000000008ea00000| 99%| O|  |TAMS 0x000000008e900000| PB 0x000000008e900000| Untracked |  0
| 234|0x000000008ea00000, 0x000000008eb00000, 0x000000008eb00000|100%| O|  |TAMS 0x000000008ea00000| PB 0x000000008ea00000| Untracked |  0
| 235|0x000000008eb00000, 0x000000008ebffff8, 0x000000008ec00000| 99%| O|  |TAMS 0x000000008eb00000| PB 0x000000008eb00000| Untracked |  0
| 236|0x000000008ec00000, 0x000000008ecfffa8, 0x000000008ed00000| 99%| O|  |TAMS 0x000000008ec00000| PB 0x000000008ec00000| Untracked |  0
| 237|0x000000008ed00000, 0x000000008edfffe8, 0x000000008ee00000| 99%| O|  |TAMS 0x000000008ed00000| PB 0x000000008ed00000| Untracked |  0
| 238|0x000000008ee00000, 0x000000008ef00000, 0x000000008ef00000|100%| O|  |TAMS 0x000000008ee00000| PB 0x000000008ee00000| Untracked |  0
| 239|0x000000008ef00000, 0x000000008efffff8, 0x000000008f000000| 99%| O|  |TAMS 0x000000008ef00000| PB 0x000000008ef00000| Untracked |  0
| 240|0x000000008f000000, 0x000000008f0ffff0, 0x000000008f100000| 99%| O|  |TAMS 0x000000008f000000| PB 0x000000008f000000| Untracked |  0
| 241|0x000000008f100000, 0x000000008f1ffff0, 0x000000008f200000| 99%| O|  |TAMS 0x000000008f100000| PB 0x000000008f100000| Untracked |  0
| 242|0x000000008f200000, 0x000000008f2fffc0, 0x000000008f300000| 99%| O|  |TAMS 0x000000008f200000| PB 0x000000008f200000| Untracked |  0
| 243|0x000000008f300000, 0x000000008f3ffff0, 0x000000008f400000| 99%| O|  |TAMS 0x000000008f300000| PB 0x000000008f300000| Untracked |  0
| 244|0x000000008f400000, 0x000000008f4ffff0, 0x000000008f500000| 99%| O|  |TAMS 0x000000008f400000| PB 0x000000008f400000| Untracked |  0
| 245|0x000000008f500000, 0x000000008f5ffff0, 0x000000008f600000| 99%| O|  |TAMS 0x000000008f500000| PB 0x000000008f500000| Untracked |  0
| 246|0x000000008f600000, 0x000000008f700000, 0x000000008f700000|100%| O|  |TAMS 0x000000008f600000| PB 0x000000008f600000| Untracked |  0
| 247|0x000000008f700000, 0x000000008f800000, 0x000000008f800000|100%|HS|  |TAMS 0x000000008f700000| PB 0x000000008f700000| Untracked |  0
| 248|0x000000008f800000, 0x000000008f900000, 0x000000008f900000|100%|HS|  |TAMS 0x000000008f800000| PB 0x000000008f800000| Untracked |  0
| 249|0x000000008f900000, 0x000000008f9fffe8, 0x000000008fa00000| 99%| O|  |TAMS 0x000000008f900000| PB 0x000000008f900000| Untracked |  0
| 250|0x000000008fa00000, 0x000000008fb00000, 0x000000008fb00000|100%|HS|  |TAMS 0x000000008fa00000| PB 0x000000008fa00000| Complete |  0
| 251|0x000000008fb00000, 0x000000008fc00000, 0x000000008fc00000|100%|HS|  |TAMS 0x000000008fb00000| PB 0x000000008fb00000| Complete |  0
| 252|0x000000008fc00000, 0x000000008fd00000, 0x000000008fd00000|100%| O|  |TAMS 0x000000008fc00000| PB 0x000000008fc00000| Untracked |  0
| 253|0x000000008fd00000, 0x000000008fdffc70, 0x000000008fe00000| 99%| O|  |TAMS 0x000000008fd00000| PB 0x000000008fd00000| Untracked |  0
| 254|0x000000008fe00000, 0x000000008ff00000, 0x000000008ff00000|100%|HS|  |TAMS 0x000000008fe00000| PB 0x000000008fe00000| Untracked |  0
| 255|0x000000008ff00000, 0x0000000090000000, 0x0000000090000000|100%|HS|  |TAMS 0x000000008ff00000| PB 0x000000008ff00000| Untracked |  0
| 256|0x0000000090000000, 0x0000000090100000, 0x0000000090100000|100%| O|  |TAMS 0x0000000090000000| PB 0x0000000090000000| Untracked |  0
| 257|0x0000000090100000, 0x00000000901ffff8, 0x0000000090200000| 99%| O|  |TAMS 0x0000000090100000| PB 0x0000000090100000| Untracked |  0
| 258|0x0000000090200000, 0x00000000902fffd8, 0x0000000090300000| 99%| O|  |TAMS 0x0000000090200000| PB 0x0000000090200000| Untracked |  0
| 259|0x0000000090300000, 0x0000000090400000, 0x0000000090400000|100%| O|  |TAMS 0x0000000090300000| PB 0x0000000090300000| Untracked |  0
| 260|0x0000000090400000, 0x00000000904fffe8, 0x0000000090500000| 99%| O|  |TAMS 0x0000000090400000| PB 0x0000000090400000| Untracked |  0
| 261|0x0000000090500000, 0x00000000905ffff8, 0x0000000090600000| 99%| O|  |TAMS 0x0000000090500000| PB 0x0000000090500000| Untracked |  0
| 262|0x0000000090600000, 0x00000000906ffc58, 0x0000000090700000| 99%| O|  |TAMS 0x0000000090600000| PB 0x0000000090600000| Untracked |  0
| 263|0x0000000090700000, 0x00000000907ffff8, 0x0000000090800000| 99%| O|  |TAMS 0x0000000090700000| PB 0x0000000090700000| Untracked |  0
| 264|0x0000000090800000, 0x0000000090900000, 0x0000000090900000|100%| O|  |TAMS 0x0000000090800000| PB 0x0000000090800000| Untracked |  0
| 265|0x0000000090900000, 0x0000000090a00000, 0x0000000090a00000|100%| O|  |TAMS 0x0000000090900000| PB 0x0000000090900000| Untracked |  0
| 266|0x0000000090a00000, 0x0000000090b00000, 0x0000000090b00000|100%| O|  |TAMS 0x0000000090a00000| PB 0x0000000090a00000| Untracked |  0
| 267|0x0000000090b00000, 0x0000000090bffff0, 0x0000000090c00000| 99%| O|  |TAMS 0x0000000090b00000| PB 0x0000000090b00000| Untracked |  0
| 268|0x0000000090c00000, 0x0000000090cffe70, 0x0000000090d00000| 99%| O|  |TAMS 0x0000000090c00000| PB 0x0000000090c00000| Untracked |  0
| 269|0x0000000090d00000, 0x0000000090dfffd8, 0x0000000090e00000| 99%| O|  |TAMS 0x0000000090d00000| PB 0x0000000090d00000| Untracked |  0
| 270|0x0000000090e00000, 0x0000000090effff0, 0x0000000090f00000| 99%| O|  |TAMS 0x0000000090e00000| PB 0x0000000090e00000| Untracked |  0
| 271|0x0000000090f00000, 0x0000000090ffffe8, 0x0000000091000000| 99%| O|  |TAMS 0x0000000090f00000| PB 0x0000000090f00000| Untracked |  0
| 272|0x0000000091000000, 0x0000000091100000, 0x0000000091100000|100%| O|  |TAMS 0x0000000091000000| PB 0x0000000091000000| Untracked |  0
| 273|0x0000000091100000, 0x00000000911ffff8, 0x0000000091200000| 99%| O|  |TAMS 0x0000000091100000| PB 0x0000000091100000| Untracked |  0
| 274|0x0000000091200000, 0x00000000912ffff8, 0x0000000091300000| 99%| O|  |TAMS 0x0000000091200000| PB 0x0000000091200000| Untracked |  0
| 275|0x0000000091300000, 0x0000000091400000, 0x0000000091400000|100%| O|  |TAMS 0x0000000091300000| PB 0x0000000091300000| Untracked |  0
| 276|0x0000000091400000, 0x00000000914ffff8, 0x0000000091500000| 99%| O|  |TAMS 0x0000000091400000| PB 0x0000000091400000| Untracked |  0
| 277|0x0000000091500000, 0x00000000915ffff0, 0x0000000091600000| 99%| O|  |TAMS 0x0000000091500000| PB 0x0000000091500000| Untracked |  0
| 278|0x0000000091600000, 0x00000000916fffd0, 0x0000000091700000| 99%| O|  |TAMS 0x0000000091600000| PB 0x0000000091600000| Untracked |  0
| 279|0x0000000091700000, 0x00000000917ffff0, 0x0000000091800000| 99%| O|  |TAMS 0x0000000091700000| PB 0x0000000091700000| Untracked |  0
| 280|0x0000000091800000, 0x0000000091900000, 0x0000000091900000|100%| O|  |TAMS 0x0000000091800000| PB 0x0000000091800000| Untracked |  0
| 281|0x0000000091900000, 0x00000000919fffe8, 0x0000000091a00000| 99%| O|  |TAMS 0x0000000091900000| PB 0x0000000091900000| Untracked |  0
| 282|0x0000000091a00000, 0x0000000091affff8, 0x0000000091b00000| 99%| O|  |TAMS 0x0000000091a00000| PB 0x0000000091a00000| Untracked |  0
| 283|0x0000000091b00000, 0x0000000091bffff8, 0x0000000091c00000| 99%| O|  |TAMS 0x0000000091b00000| PB 0x0000000091b00000| Untracked |  0
| 284|0x0000000091c00000, 0x0000000091cffff8, 0x0000000091d00000| 99%| O|  |TAMS 0x0000000091c00000| PB 0x0000000091c00000| Untracked |  0
| 285|0x0000000091d00000, 0x0000000091e00000, 0x0000000091e00000|100%| O|  |TAMS 0x0000000091d00000| PB 0x0000000091d00000| Untracked |  0
| 286|0x0000000091e00000, 0x0000000091f00000, 0x0000000091f00000|100%| O|  |TAMS 0x0000000091e00000| PB 0x0000000091e00000| Untracked |  0
| 287|0x0000000091f00000, 0x0000000091ffff18, 0x0000000092000000| 99%| O|  |TAMS 0x0000000091f00000| PB 0x0000000091f00000| Untracked |  0
| 288|0x0000000092000000, 0x00000000920ffff0, 0x0000000092100000| 99%| O|  |TAMS 0x0000000092000000| PB 0x0000000092000000| Untracked |  0
| 289|0x0000000092100000, 0x00000000921ff078, 0x0000000092200000| 99%| O|  |TAMS 0x0000000092100000| PB 0x0000000092100000| Untracked |  0
| 290|0x0000000092200000, 0x00000000922fffc0, 0x0000000092300000| 99%| O|  |TAMS 0x0000000092200000| PB 0x0000000092200000| Untracked |  0
| 291|0x0000000092300000, 0x00000000923fffd8, 0x0000000092400000| 99%| O|  |TAMS 0x0000000092300000| PB 0x0000000092300000| Untracked |  0
| 292|0x0000000092400000, 0x00000000924fffc0, 0x0000000092500000| 99%| O|  |TAMS 0x0000000092400000| PB 0x0000000092400000| Untracked |  0
| 293|0x0000000092500000, 0x0000000092600000, 0x0000000092600000|100%| O|  |TAMS 0x0000000092500000| PB 0x0000000092500000| Untracked |  0
| 294|0x0000000092600000, 0x00000000926fffd8, 0x0000000092700000| 99%| O|  |TAMS 0x0000000092600000| PB 0x0000000092600000| Untracked |  0
| 295|0x0000000092700000, 0x0000000092800000, 0x0000000092800000|100%| O|  |TAMS 0x0000000092700000| PB 0x0000000092700000| Untracked |  0
| 296|0x0000000092800000, 0x00000000928ffff8, 0x0000000092900000| 99%| O|  |TAMS 0x0000000092800000| PB 0x0000000092800000| Untracked |  0
| 297|0x0000000092900000, 0x00000000929ffff8, 0x0000000092a00000| 99%| O|  |TAMS 0x0000000092900000| PB 0x0000000092900000| Untracked |  0
| 298|0x0000000092a00000, 0x0000000092b00000, 0x0000000092b00000|100%| O|  |TAMS 0x0000000092a00000| PB 0x0000000092a00000| Untracked |  0
| 299|0x0000000092b00000, 0x0000000092bffff8, 0x0000000092c00000| 99%| O|  |TAMS 0x0000000092b00000| PB 0x0000000092b00000| Untracked |  0
| 300|0x0000000092c00000, 0x0000000092d00000, 0x0000000092d00000|100%| O|  |TAMS 0x0000000092c00000| PB 0x0000000092c00000| Untracked |  0
| 301|0x0000000092d00000, 0x0000000092dffff8, 0x0000000092e00000| 99%| O|  |TAMS 0x0000000092d00000| PB 0x0000000092d00000| Untracked |  0
| 302|0x0000000092e00000, 0x0000000092efffe8, 0x0000000092f00000| 99%| O|  |TAMS 0x0000000092e00000| PB 0x0000000092e00000| Untracked |  0
| 303|0x0000000092f00000, 0x0000000092ffffe0, 0x0000000093000000| 99%| O|  |TAMS 0x0000000092f00000| PB 0x0000000092f00000| Untracked |  0
| 304|0x0000000093000000, 0x00000000930ffff8, 0x0000000093100000| 99%| O|  |TAMS 0x0000000093000000| PB 0x0000000093000000| Untracked |  0
| 305|0x0000000093100000, 0x00000000931ff4b8, 0x0000000093200000| 99%| O|  |TAMS 0x0000000093100000| PB 0x0000000093100000| Untracked |  0
| 306|0x0000000093200000, 0x0000000093300000, 0x0000000093300000|100%| O|  |TAMS 0x0000000093200000| PB 0x0000000093200000| Untracked |  0
| 307|0x0000000093300000, 0x0000000093400000, 0x0000000093400000|100%| O|  |TAMS 0x0000000093300000| PB 0x0000000093300000| Untracked |  0
| 308|0x0000000093400000, 0x00000000934ffff0, 0x0000000093500000| 99%| O|  |TAMS 0x0000000093400000| PB 0x0000000093400000| Untracked |  0
| 309|0x0000000093500000, 0x0000000093600000, 0x0000000093600000|100%| O|  |TAMS 0x0000000093500000| PB 0x0000000093500000| Untracked |  0
| 310|0x0000000093600000, 0x00000000936fc258, 0x0000000093700000| 98%| O|  |TAMS 0x0000000093600000| PB 0x0000000093600000| Untracked |  0
| 311|0x0000000093700000, 0x00000000937fffc8, 0x0000000093800000| 99%| O|  |TAMS 0x0000000093700000| PB 0x0000000093700000| Untracked |  0
| 312|0x0000000093800000, 0x00000000938ffff8, 0x0000000093900000| 99%| O|  |TAMS 0x0000000093800000| PB 0x0000000093800000| Untracked |  0
| 313|0x0000000093900000, 0x0000000093a00000, 0x0000000093a00000|100%| O|  |TAMS 0x0000000093900000| PB 0x0000000093900000| Untracked |  0
| 314|0x0000000093a00000, 0x0000000093affff0, 0x0000000093b00000| 99%| O|  |TAMS 0x0000000093a00000| PB 0x0000000093a00000| Untracked |  0
| 315|0x0000000093b00000, 0x0000000093bffff8, 0x0000000093c00000| 99%| O|  |TAMS 0x0000000093b00000| PB 0x0000000093b00000| Untracked |  0
| 316|0x0000000093c00000, 0x0000000093cffff0, 0x0000000093d00000| 99%| O|  |TAMS 0x0000000093c00000| PB 0x0000000093c00000| Untracked |  0
| 317|0x0000000093d00000, 0x0000000093dfffb8, 0x0000000093e00000| 99%| O|  |TAMS 0x0000000093d00000| PB 0x0000000093d00000| Untracked |  0
| 318|0x0000000093e00000, 0x0000000093efffd8, 0x0000000093f00000| 99%| O|  |TAMS 0x0000000093e00000| PB 0x0000000093e00000| Untracked |  0
| 319|0x0000000093f00000, 0x0000000094000000, 0x0000000094000000|100%| O|  |TAMS 0x0000000093f00000| PB 0x0000000093f00000| Untracked |  0
| 320|0x0000000094000000, 0x0000000094100000, 0x0000000094100000|100%| O|  |TAMS 0x0000000094000000| PB 0x0000000094000000| Untracked |  0
| 321|0x0000000094100000, 0x0000000094200000, 0x0000000094200000|100%| O|  |TAMS 0x0000000094100000| PB 0x0000000094100000| Untracked |  0
| 322|0x0000000094200000, 0x00000000942ffff0, 0x0000000094300000| 99%| O|  |TAMS 0x0000000094200000| PB 0x0000000094200000| Untracked |  0
| 323|0x0000000094300000, 0x00000000943ffff0, 0x0000000094400000| 99%| O|  |TAMS 0x0000000094300000| PB 0x0000000094300000| Untracked |  0
| 324|0x0000000094400000, 0x00000000944ffff0, 0x0000000094500000| 99%| O|  |TAMS 0x0000000094400000| PB 0x0000000094400000| Untracked |  0
| 325|0x0000000094500000, 0x00000000945ffff0, 0x0000000094600000| 99%| O|  |TAMS 0x0000000094500000| PB 0x0000000094500000| Untracked |  0
| 326|0x0000000094600000, 0x00000000946ffff0, 0x0000000094700000| 99%| O|  |TAMS 0x0000000094600000| PB 0x0000000094600000| Untracked |  0
| 327|0x0000000094700000, 0x0000000094800000, 0x0000000094800000|100%| O|  |TAMS 0x0000000094700000| PB 0x0000000094700000| Untracked |  0
| 328|0x0000000094800000, 0x00000000948fffe8, 0x0000000094900000| 99%| O|  |TAMS 0x0000000094800000| PB 0x0000000094800000| Untracked |  0
| 329|0x0000000094900000, 0x00000000949ffff8, 0x0000000094a00000| 99%| O|  |TAMS 0x0000000094900000| PB 0x0000000094900000| Untracked |  0
| 330|0x0000000094a00000, 0x0000000094affff0, 0x0000000094b00000| 99%| O|  |TAMS 0x0000000094a00000| PB 0x0000000094a00000| Untracked |  0
| 331|0x0000000094b00000, 0x0000000094c00000, 0x0000000094c00000|100%| O|  |TAMS 0x0000000094b00000| PB 0x0000000094b00000| Untracked |  0
| 332|0x0000000094c00000, 0x0000000094d00000, 0x0000000094d00000|100%| O|  |TAMS 0x0000000094c00000| PB 0x0000000094c00000| Untracked |  0
| 333|0x0000000094d00000, 0x0000000094dffff8, 0x0000000094e00000| 99%| O|  |TAMS 0x0000000094d00000| PB 0x0000000094d00000| Untracked |  0
| 334|0x0000000094e00000, 0x0000000094efffc8, 0x0000000094f00000| 99%| O|  |TAMS 0x0000000094e00000| PB 0x0000000094e00000| Untracked |  0
| 335|0x0000000094f00000, 0x0000000094ffffd8, 0x0000000095000000| 99%| O|  |TAMS 0x0000000094f00000| PB 0x0000000094f00000| Untracked |  0
| 336|0x0000000095000000, 0x00000000950fe5f0, 0x0000000095100000| 99%| O|  |TAMS 0x0000000095000000| PB 0x0000000095000000| Untracked |  0
| 337|0x0000000095100000, 0x0000000095200000, 0x0000000095200000|100%| O|  |TAMS 0x0000000095100000| PB 0x0000000095100000| Untracked |  0
| 338|0x0000000095200000, 0x00000000952ffff8, 0x0000000095300000| 99%| O|  |TAMS 0x0000000095200000| PB 0x0000000095200000| Untracked |  0
| 339|0x0000000095300000, 0x00000000953ffff8, 0x0000000095400000| 99%| O|  |TAMS 0x0000000095300000| PB 0x0000000095300000| Untracked |  0
| 340|0x0000000095400000, 0x0000000095500000, 0x0000000095500000|100%| O|  |TAMS 0x0000000095400000| PB 0x0000000095400000| Untracked |  0
| 341|0x0000000095500000, 0x0000000095600000, 0x0000000095600000|100%| O|  |TAMS 0x0000000095500000| PB 0x0000000095500000| Untracked |  0
| 342|0x0000000095600000, 0x00000000956fc408, 0x0000000095700000| 98%| O|  |TAMS 0x0000000095600000| PB 0x0000000095600000| Untracked |  0
| 343|0x0000000095700000, 0x0000000095800000, 0x0000000095800000|100%| O|  |TAMS 0x0000000095700000| PB 0x0000000095700000| Untracked |  0
| 344|0x0000000095800000, 0x0000000095900000, 0x0000000095900000|100%| O|  |TAMS 0x0000000095800000| PB 0x0000000095800000| Untracked |  0
| 345|0x0000000095900000, 0x0000000095a00000, 0x0000000095a00000|100%| O|  |TAMS 0x0000000095900000| PB 0x0000000095900000| Untracked |  0
| 346|0x0000000095a00000, 0x0000000095affff0, 0x0000000095b00000| 99%| O|  |TAMS 0x0000000095a00000| PB 0x0000000095a00000| Untracked |  0
| 347|0x0000000095b00000, 0x0000000095c00000, 0x0000000095c00000|100%| O|  |TAMS 0x0000000095b00000| PB 0x0000000095b00000| Untracked |  0
| 348|0x0000000095c00000, 0x0000000095cffff8, 0x0000000095d00000| 99%| O|  |TAMS 0x0000000095c00000| PB 0x0000000095c00000| Untracked |  0
| 349|0x0000000095d00000, 0x0000000095dffff8, 0x0000000095e00000| 99%| O|  |TAMS 0x0000000095d00000| PB 0x0000000095d00000| Untracked |  0
| 350|0x0000000095e00000, 0x0000000095efffd0, 0x0000000095f00000| 99%| O|  |TAMS 0x0000000095e00000| PB 0x0000000095e00000| Untracked |  0
| 351|0x0000000095f00000, 0x0000000095fffff8, 0x0000000096000000| 99%| O|  |TAMS 0x0000000095f00000| PB 0x0000000095f00000| Untracked |  0
| 352|0x0000000096000000, 0x00000000960fff98, 0x0000000096100000| 99%| O|  |TAMS 0x0000000096000000| PB 0x0000000096000000| Untracked |  0
| 353|0x0000000096100000, 0x00000000961ffff0, 0x0000000096200000| 99%| O|  |TAMS 0x0000000096100000| PB 0x0000000096100000| Untracked |  0
| 354|0x0000000096200000, 0x0000000096300000, 0x0000000096300000|100%| O|  |TAMS 0x0000000096200000| PB 0x0000000096200000| Untracked |  0
| 355|0x0000000096300000, 0x00000000963fffe0, 0x0000000096400000| 99%| O|  |TAMS 0x0000000096300000| PB 0x0000000096300000| Untracked |  0
| 356|0x0000000096400000, 0x00000000964fffe8, 0x0000000096500000| 99%| O|  |TAMS 0x0000000096400000| PB 0x0000000096400000| Untracked |  0
| 357|0x0000000096500000, 0x00000000965ffff8, 0x0000000096600000| 99%| O|  |TAMS 0x0000000096500000| PB 0x0000000096500000| Untracked |  0
| 358|0x0000000096600000, 0x0000000096700000, 0x0000000096700000|100%| O|  |TAMS 0x0000000096600000| PB 0x0000000096600000| Untracked |  0
| 359|0x0000000096700000, 0x00000000967ffff0, 0x0000000096800000| 99%| O|  |TAMS 0x0000000096700000| PB 0x0000000096700000| Untracked |  0
| 360|0x0000000096800000, 0x0000000096900000, 0x0000000096900000|100%| O|  |TAMS 0x0000000096800000| PB 0x0000000096800000| Untracked |  0
| 361|0x0000000096900000, 0x0000000096a00000, 0x0000000096a00000|100%| O|  |TAMS 0x0000000096900000| PB 0x0000000096900000| Untracked |  0
| 362|0x0000000096a00000, 0x0000000096affff0, 0x0000000096b00000| 99%| O|  |TAMS 0x0000000096a00000| PB 0x0000000096a00000| Untracked |  0
| 363|0x0000000096b00000, 0x0000000096bffff8, 0x0000000096c00000| 99%| O|  |TAMS 0x0000000096b00000| PB 0x0000000096b00000| Untracked |  0
| 364|0x0000000096c00000, 0x0000000096cfffe8, 0x0000000096d00000| 99%| O|  |TAMS 0x0000000096c00000| PB 0x0000000096c00000| Untracked |  0
| 365|0x0000000096d00000, 0x0000000096dfffe8, 0x0000000096e00000| 99%| O|  |TAMS 0x0000000096d00000| PB 0x0000000096d00000| Untracked |  0
| 366|0x0000000096e00000, 0x0000000096effff8, 0x0000000096f00000| 99%| O|  |TAMS 0x0000000096e00000| PB 0x0000000096e00000| Untracked |  0
| 367|0x0000000096f00000, 0x0000000096fffed0, 0x0000000097000000| 99%| O|  |TAMS 0x0000000096f00000| PB 0x0000000096f00000| Untracked |  0
| 368|0x0000000097000000, 0x00000000970ffff8, 0x0000000097100000| 99%| O|  |TAMS 0x0000000097000000| PB 0x0000000097000000| Untracked |  0
| 369|0x0000000097100000, 0x00000000971ffff0, 0x0000000097200000| 99%| O|  |TAMS 0x0000000097100000| PB 0x0000000097100000| Untracked |  0
| 370|0x0000000097200000, 0x00000000972ffff8, 0x0000000097300000| 99%| O|  |TAMS 0x0000000097200000| PB 0x0000000097200000| Untracked |  0
| 371|0x0000000097300000, 0x00000000973fffe8, 0x0000000097400000| 99%| O|  |TAMS 0x0000000097300000| PB 0x0000000097300000| Untracked |  0
| 372|0x0000000097400000, 0x0000000097500000, 0x0000000097500000|100%| O|  |TAMS 0x0000000097400000| PB 0x0000000097400000| Untracked |  0
| 373|0x0000000097500000, 0x00000000975fffd8, 0x0000000097600000| 99%| O|  |TAMS 0x0000000097500000| PB 0x0000000097500000| Untracked |  0
| 374|0x0000000097600000, 0x00000000976fffe0, 0x0000000097700000| 99%| O|  |TAMS 0x0000000097600000| PB 0x0000000097600000| Untracked |  0
| 375|0x0000000097700000, 0x0000000097800000, 0x0000000097800000|100%| O|  |TAMS 0x0000000097700000| PB 0x0000000097700000| Untracked |  0
| 376|0x0000000097800000, 0x0000000097900000, 0x0000000097900000|100%| O|  |TAMS 0x0000000097800000| PB 0x0000000097800000| Untracked |  0
| 377|0x0000000097900000, 0x00000000979fffe8, 0x0000000097a00000| 99%| O|  |TAMS 0x0000000097900000| PB 0x0000000097900000| Untracked |  0
| 378|0x0000000097a00000, 0x0000000097b00000, 0x0000000097b00000|100%| O|  |TAMS 0x0000000097a00000| PB 0x0000000097a00000| Untracked |  0
| 379|0x0000000097b00000, 0x0000000097bffcd8, 0x0000000097c00000| 99%| O|  |TAMS 0x0000000097b00000| PB 0x0000000097b00000| Untracked |  0
| 380|0x0000000097c00000, 0x0000000097d00000, 0x0000000097d00000|100%| O|  |TAMS 0x0000000097c00000| PB 0x0000000097c00000| Untracked |  0
| 381|0x0000000097d00000, 0x0000000097dffff8, 0x0000000097e00000| 99%| O|  |TAMS 0x0000000097d00000| PB 0x0000000097d00000| Untracked |  0
| 382|0x0000000097e00000, 0x0000000097f00000, 0x0000000097f00000|100%| O|  |TAMS 0x0000000097e00000| PB 0x0000000097e00000| Untracked |  0
| 383|0x0000000097f00000, 0x0000000097fffff8, 0x0000000098000000| 99%| O|  |TAMS 0x0000000097f00000| PB 0x0000000097f00000| Untracked |  0
| 384|0x0000000098000000, 0x0000000098100000, 0x0000000098100000|100%| O|  |TAMS 0x0000000098000000| PB 0x0000000098000000| Untracked |  0
| 385|0x0000000098100000, 0x0000000098200000, 0x0000000098200000|100%| O|  |TAMS 0x0000000098100000| PB 0x0000000098100000| Untracked |  0
| 386|0x0000000098200000, 0x00000000982fff08, 0x0000000098300000| 99%| O|  |TAMS 0x0000000098200000| PB 0x0000000098200000| Untracked |  0
| 387|0x0000000098300000, 0x00000000983fffb0, 0x0000000098400000| 99%| O|  |TAMS 0x0000000098300000| PB 0x0000000098300000| Untracked |  0
| 388|0x0000000098400000, 0x00000000984ffff0, 0x0000000098500000| 99%| O|  |TAMS 0x0000000098400000| PB 0x0000000098400000| Untracked |  0
| 389|0x0000000098500000, 0x00000000985fffb8, 0x0000000098600000| 99%| O|  |TAMS 0x0000000098500000| PB 0x0000000098500000| Untracked |  0
| 390|0x0000000098600000, 0x0000000098700000, 0x0000000098700000|100%| O|  |TAMS 0x0000000098600000| PB 0x0000000098600000| Untracked |  0
| 391|0x0000000098700000, 0x0000000098800000, 0x0000000098800000|100%| O|  |TAMS 0x0000000098700000| PB 0x0000000098700000| Untracked |  0
| 392|0x0000000098800000, 0x0000000098900000, 0x0000000098900000|100%| O|  |TAMS 0x0000000098800000| PB 0x0000000098800000| Untracked |  0
| 393|0x0000000098900000, 0x0000000098a00000, 0x0000000098a00000|100%| O|  |TAMS 0x0000000098900000| PB 0x0000000098900000| Untracked |  0
| 394|0x0000000098a00000, 0x0000000098b00000, 0x0000000098b00000|100%| O|  |TAMS 0x0000000098a00000| PB 0x0000000098a00000| Untracked |  0
| 395|0x0000000098b00000, 0x0000000098bfff78, 0x0000000098c00000| 99%| O|  |TAMS 0x0000000098b00000| PB 0x0000000098b00000| Untracked |  0
| 396|0x0000000098c00000, 0x0000000098cffec8, 0x0000000098d00000| 99%| O|  |TAMS 0x0000000098c00000| PB 0x0000000098c00000| Untracked |  0
| 397|0x0000000098d00000, 0x0000000098dffff8, 0x0000000098e00000| 99%| O|  |TAMS 0x0000000098d00000| PB 0x0000000098d00000| Untracked |  0
| 398|0x0000000098e00000, 0x0000000098f00000, 0x0000000098f00000|100%| O|  |TAMS 0x0000000098e00000| PB 0x0000000098e00000| Untracked |  0
| 399|0x0000000098f00000, 0x0000000099000000, 0x0000000099000000|100%| O|  |TAMS 0x0000000098f00000| PB 0x0000000098f00000| Untracked |  0
| 400|0x0000000099000000, 0x00000000990fffd8, 0x0000000099100000| 99%| O|  |TAMS 0x0000000099000000| PB 0x0000000099000000| Untracked |  0
| 401|0x0000000099100000, 0x00000000991ffff8, 0x0000000099200000| 99%| O|  |TAMS 0x0000000099100000| PB 0x0000000099100000| Untracked |  0
| 402|0x0000000099200000, 0x00000000992ffff0, 0x0000000099300000| 99%| O|  |TAMS 0x0000000099200000| PB 0x0000000099200000| Untracked |  0
| 403|0x0000000099300000, 0x00000000993ff858, 0x0000000099400000| 99%| O|  |TAMS 0x0000000099300000| PB 0x0000000099300000| Untracked |  0
| 404|0x0000000099400000, 0x00000000994fffd0, 0x0000000099500000| 99%| O|  |TAMS 0x0000000099400000| PB 0x0000000099400000| Untracked |  0
| 405|0x0000000099500000, 0x0000000099600000, 0x0000000099600000|100%| O|  |TAMS 0x0000000099500000| PB 0x0000000099500000| Untracked |  0
| 406|0x0000000099600000, 0x00000000996ffff8, 0x0000000099700000| 99%| O|  |TAMS 0x0000000099600000| PB 0x0000000099600000| Untracked |  0
| 407|0x0000000099700000, 0x00000000997ffff8, 0x0000000099800000| 99%| O|  |TAMS 0x0000000099700000| PB 0x0000000099700000| Untracked |  0
| 408|0x0000000099800000, 0x0000000099900000, 0x0000000099900000|100%| O|  |TAMS 0x0000000099800000| PB 0x0000000099800000| Untracked |  0
| 409|0x0000000099900000, 0x00000000999ffff8, 0x0000000099a00000| 99%| O|  |TAMS 0x0000000099900000| PB 0x0000000099900000| Untracked |  0
| 410|0x0000000099a00000, 0x0000000099b00000, 0x0000000099b00000|100%| O|  |TAMS 0x0000000099a00000| PB 0x0000000099a00000| Untracked |  0
| 411|0x0000000099b00000, 0x0000000099c00000, 0x0000000099c00000|100%| O|  |TAMS 0x0000000099b00000| PB 0x0000000099b00000| Untracked |  0
| 412|0x0000000099c00000, 0x0000000099d00000, 0x0000000099d00000|100%| O|  |TAMS 0x0000000099c00000| PB 0x0000000099c00000| Untracked |  0
| 413|0x0000000099d00000, 0x0000000099dfffb8, 0x0000000099e00000| 99%| O|  |TAMS 0x0000000099d00000| PB 0x0000000099d00000| Untracked |  0
| 414|0x0000000099e00000, 0x0000000099f00000, 0x0000000099f00000|100%| O|  |TAMS 0x0000000099e00000| PB 0x0000000099e00000| Untracked |  0
| 415|0x0000000099f00000, 0x0000000099ffffd8, 0x000000009a000000| 99%| O|  |TAMS 0x0000000099f00000| PB 0x0000000099f00000| Untracked |  0
| 416|0x000000009a000000, 0x000000009a0fd8c0, 0x000000009a100000| 99%| O|  |TAMS 0x000000009a000000| PB 0x000000009a000000| Untracked |  0
| 417|0x000000009a100000, 0x000000009a1fffc8, 0x000000009a200000| 99%| O|  |TAMS 0x000000009a100000| PB 0x000000009a100000| Untracked |  0
| 418|0x000000009a200000, 0x000000009a300000, 0x000000009a300000|100%| O|  |TAMS 0x000000009a200000| PB 0x000000009a200000| Untracked |  0
| 419|0x000000009a300000, 0x000000009a400000, 0x000000009a400000|100%| O|  |TAMS 0x000000009a300000| PB 0x000000009a300000| Untracked |  0
| 420|0x000000009a400000, 0x000000009a500000, 0x000000009a500000|100%| O|  |TAMS 0x000000009a400000| PB 0x000000009a400000| Untracked |  0
| 421|0x000000009a500000, 0x000000009a5ffff0, 0x000000009a600000| 99%| O|  |TAMS 0x000000009a500000| PB 0x000000009a500000| Untracked |  0
| 422|0x000000009a600000, 0x000000009a6fffd8, 0x000000009a700000| 99%| O|  |TAMS 0x000000009a600000| PB 0x000000009a600000| Untracked |  0
| 423|0x000000009a700000, 0x000000009a800000, 0x000000009a800000|100%| O|  |TAMS 0x000000009a700000| PB 0x000000009a700000| Untracked |  0
| 424|0x000000009a800000, 0x000000009a900000, 0x000000009a900000|100%|HS|  |TAMS 0x000000009a800000| PB 0x000000009a800000| Complete |  0
| 425|0x000000009a900000, 0x000000009aa00000, 0x000000009aa00000|100%| O|  |TAMS 0x000000009a900000| PB 0x000000009a900000| Untracked |  0
| 426|0x000000009aa00000, 0x000000009ab00000, 0x000000009ab00000|100%| O|  |TAMS 0x000000009aa00000| PB 0x000000009aa00000| Untracked |  0
| 427|0x000000009ab00000, 0x000000009abfff58, 0x000000009ac00000| 99%| O|  |TAMS 0x000000009ab00000| PB 0x000000009ab00000| Untracked |  0
| 428|0x000000009ac00000, 0x000000009acffff8, 0x000000009ad00000| 99%| O|  |TAMS 0x000000009ac00000| PB 0x000000009ac00000| Untracked |  0
| 429|0x000000009ad00000, 0x000000009ae00000, 0x000000009ae00000|100%|HS|  |TAMS 0x000000009ad00000| PB 0x000000009ad00000| Untracked |  0
| 430|0x000000009ae00000, 0x000000009af00000, 0x000000009af00000|100%| O|  |TAMS 0x000000009ae00000| PB 0x000000009ae00000| Untracked |  0
| 431|0x000000009af00000, 0x000000009b000000, 0x000000009b000000|100%| O|  |TAMS 0x000000009af00000| PB 0x000000009af00000| Untracked |  0
| 432|0x000000009b000000, 0x000000009b0ffff8, 0x000000009b100000| 99%| O|  |TAMS 0x000000009b000000| PB 0x000000009b000000| Untracked |  0
| 433|0x000000009b100000, 0x000000009b1ffff0, 0x000000009b200000| 99%| O|  |TAMS 0x000000009b100000| PB 0x000000009b100000| Untracked |  0
| 434|0x000000009b200000, 0x000000009b300000, 0x000000009b300000|100%|HS|  |TAMS 0x000000009b200000| PB 0x000000009b200000| Untracked |  0
| 435|0x000000009b300000, 0x000000009b3ffff0, 0x000000009b400000| 99%| O|  |TAMS 0x000000009b300000| PB 0x000000009b300000| Untracked |  0
| 436|0x000000009b400000, 0x000000009b4ffff8, 0x000000009b500000| 99%| O|  |TAMS 0x000000009b400000| PB 0x000000009b400000| Untracked |  0
| 437|0x000000009b500000, 0x000000009b5fffd8, 0x000000009b600000| 99%| O|  |TAMS 0x000000009b500000| PB 0x000000009b500000| Untracked |  0
| 438|0x000000009b600000, 0x000000009b6fffe8, 0x000000009b700000| 99%| O|  |TAMS 0x000000009b600000| PB 0x000000009b600000| Untracked |  0
| 439|0x000000009b700000, 0x000000009b7ffff8, 0x000000009b800000| 99%| O|  |TAMS 0x000000009b700000| PB 0x000000009b700000| Untracked |  0
| 440|0x000000009b800000, 0x000000009b8fffd0, 0x000000009b900000| 99%| O|  |TAMS 0x000000009b800000| PB 0x000000009b800000| Untracked |  0
| 441|0x000000009b900000, 0x000000009ba00000, 0x000000009ba00000|100%| O|  |TAMS 0x000000009b900000| PB 0x000000009b900000| Untracked |  0
| 442|0x000000009ba00000, 0x000000009bafffe0, 0x000000009bb00000| 99%| O|  |TAMS 0x000000009ba00000| PB 0x000000009ba00000| Untracked |  0
| 443|0x000000009bb00000, 0x000000009bbffff8, 0x000000009bc00000| 99%| O|  |TAMS 0x000000009bb00000| PB 0x000000009bb00000| Untracked |  0
| 444|0x000000009bc00000, 0x000000009bcffff0, 0x000000009bd00000| 99%| O|  |TAMS 0x000000009bc00000| PB 0x000000009bc00000| Untracked |  0
| 445|0x000000009bd00000, 0x000000009be00000, 0x000000009be00000|100%| O|  |TAMS 0x000000009bd00000| PB 0x000000009bd00000| Untracked |  0
| 446|0x000000009be00000, 0x000000009befd300, 0x000000009bf00000| 98%| O|  |TAMS 0x000000009be00000| PB 0x000000009be00000| Untracked |  0
| 447|0x000000009bf00000, 0x000000009c000000, 0x000000009c000000|100%| O|  |TAMS 0x000000009bf00000| PB 0x000000009bf00000| Untracked |  0
| 448|0x000000009c000000, 0x000000009c0ffff8, 0x000000009c100000| 99%| O|  |TAMS 0x000000009c000000| PB 0x000000009c000000| Untracked |  0
| 449|0x000000009c100000, 0x000000009c200000, 0x000000009c200000|100%| O|  |TAMS 0x000000009c100000| PB 0x000000009c100000| Untracked |  0
| 450|0x000000009c200000, 0x000000009c2fb518, 0x000000009c300000| 98%| O|  |TAMS 0x000000009c200000| PB 0x000000009c200000| Untracked |  0
| 451|0x000000009c300000, 0x000000009c3fffe8, 0x000000009c400000| 99%| O|  |TAMS 0x000000009c300000| PB 0x000000009c300000| Untracked |  0
| 452|0x000000009c400000, 0x000000009c4fffe8, 0x000000009c500000| 99%| O|  |TAMS 0x000000009c400000| PB 0x000000009c400000| Untracked |  0
| 453|0x000000009c500000, 0x000000009c5fffb0, 0x000000009c600000| 99%| O|  |TAMS 0x000000009c500000| PB 0x000000009c500000| Untracked |  0
| 454|0x000000009c600000, 0x000000009c700000, 0x000000009c700000|100%| O|  |TAMS 0x000000009c600000| PB 0x000000009c600000| Untracked |  0
| 455|0x000000009c700000, 0x000000009c800000, 0x000000009c800000|100%| O|  |TAMS 0x000000009c700000| PB 0x000000009c700000| Untracked |  0
| 456|0x000000009c800000, 0x000000009c900000, 0x000000009c900000|100%| O|  |TAMS 0x000000009c800000| PB 0x000000009c800000| Untracked |  0
| 457|0x000000009c900000, 0x000000009ca00000, 0x000000009ca00000|100%|HS|  |TAMS 0x000000009c900000| PB 0x000000009c900000| Complete |  0
| 458|0x000000009ca00000, 0x000000009caffff8, 0x000000009cb00000| 99%| O|  |TAMS 0x000000009ca00000| PB 0x000000009ca00000| Untracked |  0
| 459|0x000000009cb00000, 0x000000009cbffff0, 0x000000009cc00000| 99%| O|  |TAMS 0x000000009cb00000| PB 0x000000009cb00000| Untracked |  0
| 460|0x000000009cc00000, 0x000000009ccffff0, 0x000000009cd00000| 99%| O|  |TAMS 0x000000009cc00000| PB 0x000000009cc00000| Untracked |  0
| 461|0x000000009cd00000, 0x000000009ce00000, 0x000000009ce00000|100%|HS|  |TAMS 0x000000009cd00000| PB 0x000000009cd00000| Untracked |  0
| 462|0x000000009ce00000, 0x000000009cf00000, 0x000000009cf00000|100%|HS|  |TAMS 0x000000009ce00000| PB 0x000000009ce00000| Untracked |  0
| 463|0x000000009cf00000, 0x000000009cffffd8, 0x000000009d000000| 99%| O|  |TAMS 0x000000009cf00000| PB 0x000000009cf00000| Untracked |  0
| 464|0x000000009d000000, 0x000000009d0ffff8, 0x000000009d100000| 99%| O|  |TAMS 0x000000009d000000| PB 0x000000009d000000| Untracked |  0
| 465|0x000000009d100000, 0x000000009d200000, 0x000000009d200000|100%| O|  |TAMS 0x000000009d100000| PB 0x000000009d100000| Untracked |  0
| 466|0x000000009d200000, 0x000000009d300000, 0x000000009d300000|100%| O|  |TAMS 0x000000009d200000| PB 0x000000009d200000| Untracked |  0
| 467|0x000000009d300000, 0x000000009d400000, 0x000000009d400000|100%| O|  |TAMS 0x000000009d300000| PB 0x000000009d300000| Untracked |  0
| 468|0x000000009d400000, 0x000000009d4ffff0, 0x000000009d500000| 99%| O|  |TAMS 0x000000009d400000| PB 0x000000009d400000| Untracked |  0
| 469|0x000000009d500000, 0x000000009d600000, 0x000000009d600000|100%|HS|  |TAMS 0x000000009d500000| PB 0x000000009d500000| Complete |  0
| 470|0x000000009d600000, 0x000000009d6ffff0, 0x000000009d700000| 99%| O|  |TAMS 0x000000009d600000| PB 0x000000009d600000| Untracked |  0
| 471|0x000000009d700000, 0x000000009d7ffff8, 0x000000009d800000| 99%| O|  |TAMS 0x000000009d700000| PB 0x000000009d700000| Untracked |  0
| 472|0x000000009d800000, 0x000000009d8fff78, 0x000000009d900000| 99%| O|  |TAMS 0x000000009d800000| PB 0x000000009d800000| Untracked |  0
| 473|0x000000009d900000, 0x000000009da00000, 0x000000009da00000|100%| O|  |TAMS 0x000000009d900000| PB 0x000000009d900000| Untracked |  0
| 474|0x000000009da00000, 0x000000009db00000, 0x000000009db00000|100%| O|  |TAMS 0x000000009da00000| PB 0x000000009da00000| Untracked |  0
| 475|0x000000009db00000, 0x000000009dbfffd0, 0x000000009dc00000| 99%| O|  |TAMS 0x000000009db00000| PB 0x000000009db00000| Untracked |  0
| 476|0x000000009dc00000, 0x000000009dcffff0, 0x000000009dd00000| 99%| O|  |TAMS 0x000000009dc00000| PB 0x000000009dc00000| Untracked |  0
| 477|0x000000009dd00000, 0x000000009ddfffd8, 0x000000009de00000| 99%| O|  |TAMS 0x000000009dd00000| PB 0x000000009dd00000| Untracked |  0
| 478|0x000000009de00000, 0x000000009deffff8, 0x000000009df00000| 99%| O|  |TAMS 0x000000009de00000| PB 0x000000009de00000| Untracked |  0
| 479|0x000000009df00000, 0x000000009dffff98, 0x000000009e000000| 99%| O|  |TAMS 0x000000009df00000| PB 0x000000009df00000| Untracked |  0
| 480|0x000000009e000000, 0x000000009e0ff690, 0x000000009e100000| 99%| O|  |TAMS 0x000000009e000000| PB 0x000000009e000000| Untracked |  0
| 481|0x000000009e100000, 0x000000009e1fff98, 0x000000009e200000| 99%| O|  |TAMS 0x000000009e100000| PB 0x000000009e100000| Untracked |  0
| 482|0x000000009e200000, 0x000000009e2fffd0, 0x000000009e300000| 99%| O|  |TAMS 0x000000009e200000| PB 0x000000009e200000| Untracked |  0
| 483|0x000000009e300000, 0x000000009e3ffff8, 0x000000009e400000| 99%| O|  |TAMS 0x000000009e300000| PB 0x000000009e300000| Untracked |  0
| 484|0x000000009e400000, 0x000000009e500000, 0x000000009e500000|100%| O|  |TAMS 0x000000009e400000| PB 0x000000009e400000| Untracked |  0
| 485|0x000000009e500000, 0x000000009e5ffff0, 0x000000009e600000| 99%| O|  |TAMS 0x000000009e500000| PB 0x000000009e500000| Untracked |  0
| 486|0x000000009e600000, 0x000000009e700000, 0x000000009e700000|100%| O|  |TAMS 0x000000009e600000| PB 0x000000009e600000| Untracked |  0
| 487|0x000000009e700000, 0x000000009e800000, 0x000000009e800000|100%| O|  |TAMS 0x000000009e700000| PB 0x000000009e700000| Untracked |  0
| 488|0x000000009e800000, 0x000000009e900000, 0x000000009e900000|100%| O|  |TAMS 0x000000009e800000| PB 0x000000009e800000| Untracked |  0
| 489|0x000000009e900000, 0x000000009e9ffff8, 0x000000009ea00000| 99%| O|  |TAMS 0x000000009e900000| PB 0x000000009e900000| Untracked |  0
| 490|0x000000009ea00000, 0x000000009eb00000, 0x000000009eb00000|100%| O|  |TAMS 0x000000009ea00000| PB 0x000000009ea00000| Untracked |  0
| 491|0x000000009eb00000, 0x000000009ec00000, 0x000000009ec00000|100%| O|  |TAMS 0x000000009eb00000| PB 0x000000009eb00000| Untracked |  0
| 492|0x000000009ec00000, 0x000000009ecfffc0, 0x000000009ed00000| 99%| O|  |TAMS 0x000000009ec00000| PB 0x000000009ec00000| Untracked |  0
| 493|0x000000009ed00000, 0x000000009ee00000, 0x000000009ee00000|100%| O|  |TAMS 0x000000009ed00000| PB 0x000000009ed00000| Untracked |  0
| 494|0x000000009ee00000, 0x000000009ef00000, 0x000000009ef00000|100%| O|  |TAMS 0x000000009ee00000| PB 0x000000009ee00000| Untracked |  0
| 495|0x000000009ef00000, 0x000000009f000000, 0x000000009f000000|100%|HS|  |TAMS 0x000000009ef00000| PB 0x000000009ef00000| Complete |  0
| 496|0x000000009f000000, 0x000000009f100000, 0x000000009f100000|100%| O|  |TAMS 0x000000009f000000| PB 0x000000009f000000| Untracked |  0
| 497|0x000000009f100000, 0x000000009f1fc758, 0x000000009f200000| 98%| O|  |TAMS 0x000000009f100000| PB 0x000000009f100000| Untracked |  0
| 498|0x000000009f200000, 0x000000009f2fffe0, 0x000000009f300000| 99%| O|  |TAMS 0x000000009f200000| PB 0x000000009f200000| Untracked |  0
| 499|0x000000009f300000, 0x000000009f3ffff8, 0x000000009f400000| 99%| O|  |TAMS 0x000000009f300000| PB 0x000000009f300000| Untracked |  0
| 500|0x000000009f400000, 0x000000009f500000, 0x000000009f500000|100%|HS|  |TAMS 0x000000009f400000| PB 0x000000009f400000| Untracked |  0
| 501|0x000000009f500000, 0x000000009f5fffe8, 0x000000009f600000| 99%| O|  |TAMS 0x000000009f500000| PB 0x000000009f500000| Untracked |  0
| 502|0x000000009f600000, 0x000000009f700000, 0x000000009f700000|100%| O|  |TAMS 0x000000009f600000| PB 0x000000009f600000| Untracked |  0
| 503|0x000000009f700000, 0x000000009f800000, 0x000000009f800000|100%|HS|  |TAMS 0x000000009f700000| PB 0x000000009f700000| Complete |  0
| 504|0x000000009f800000, 0x000000009f900000, 0x000000009f900000|100%| O|  |TAMS 0x000000009f800000| PB 0x000000009f800000| Untracked |  0
| 505|0x000000009f900000, 0x000000009f9fffe8, 0x000000009fa00000| 99%| O|  |TAMS 0x000000009f900000| PB 0x000000009f900000| Untracked |  0
| 506|0x000000009fa00000, 0x000000009fb00000, 0x000000009fb00000|100%| O|  |TAMS 0x000000009fa00000| PB 0x000000009fa00000| Untracked |  0
| 507|0x000000009fb00000, 0x000000009fbffff8, 0x000000009fc00000| 99%| O|  |TAMS 0x000000009fb00000| PB 0x000000009fb00000| Untracked |  0
| 508|0x000000009fc00000, 0x000000009fcfffe0, 0x000000009fd00000| 99%| O|  |TAMS 0x000000009fc00000| PB 0x000000009fc00000| Untracked |  0
| 509|0x000000009fd00000, 0x000000009fdfff00, 0x000000009fe00000| 99%| O|  |TAMS 0x000000009fd00000| PB 0x000000009fd00000| Untracked |  0
| 510|0x000000009fe00000, 0x000000009ff00000, 0x000000009ff00000|100%| O|  |TAMS 0x000000009fe00000| PB 0x000000009fe00000| Untracked |  0
| 511|0x000000009ff00000, 0x000000009fffe2e0, 0x00000000a0000000| 99%| O|  |TAMS 0x000000009ff00000| PB 0x000000009ff00000| Untracked |  0
| 512|0x00000000a0000000, 0x00000000a00fffe8, 0x00000000a0100000| 99%| O|  |TAMS 0x00000000a0000000| PB 0x00000000a0000000| Untracked |  0
| 513|0x00000000a0100000, 0x00000000a01fffc8, 0x00000000a0200000| 99%| O|  |TAMS 0x00000000a0100000| PB 0x00000000a0100000| Untracked |  0
| 514|0x00000000a0200000, 0x00000000a02fffe0, 0x00000000a0300000| 99%| O|  |TAMS 0x00000000a0200000| PB 0x00000000a0200000| Untracked |  0
| 515|0x00000000a0300000, 0x00000000a03ffff8, 0x00000000a0400000| 99%| O|  |TAMS 0x00000000a0300000| PB 0x00000000a0300000| Untracked |  0
| 516|0x00000000a0400000, 0x00000000a04fffe0, 0x00000000a0500000| 99%| O|  |TAMS 0x00000000a0400000| PB 0x00000000a0400000| Untracked |  0
| 517|0x00000000a0500000, 0x00000000a05fe2e8, 0x00000000a0600000| 99%| O|  |TAMS 0x00000000a0500000| PB 0x00000000a0500000| Untracked |  0
| 518|0x00000000a0600000, 0x00000000a06fffb0, 0x00000000a0700000| 99%| O|  |TAMS 0x00000000a0600000| PB 0x00000000a0600000| Untracked |  0
| 519|0x00000000a0700000, 0x00000000a0800000, 0x00000000a0800000|100%|HS|  |TAMS 0x00000000a0700000| PB 0x00000000a0700000| Complete |  0
| 520|0x00000000a0800000, 0x00000000a0900000, 0x00000000a0900000|100%|HC|  |TAMS 0x00000000a0800000| PB 0x00000000a0800000| Complete |  0
| 521|0x00000000a0900000, 0x00000000a0a00000, 0x00000000a0a00000|100%|HS|  |TAMS 0x00000000a0900000| PB 0x00000000a0900000| Complete |  0
| 522|0x00000000a0a00000, 0x00000000a0b00000, 0x00000000a0b00000|100%|HC|  |TAMS 0x00000000a0a00000| PB 0x00000000a0a00000| Complete |  0
| 523|0x00000000a0b00000, 0x00000000a0bffff8, 0x00000000a0c00000| 99%| O|  |TAMS 0x00000000a0b00000| PB 0x00000000a0b00000| Untracked |  0
| 524|0x00000000a0c00000, 0x00000000a0cfffe8, 0x00000000a0d00000| 99%| O|  |TAMS 0x00000000a0c00000| PB 0x00000000a0c00000| Untracked |  0
| 525|0x00000000a0d00000, 0x00000000a0dffea8, 0x00000000a0e00000| 99%| O|  |TAMS 0x00000000a0d00000| PB 0x00000000a0d00000| Untracked |  0
| 526|0x00000000a0e00000, 0x00000000a0f00000, 0x00000000a0f00000|100%| O|  |TAMS 0x00000000a0e00000| PB 0x00000000a0e00000| Untracked |  0
| 527|0x00000000a0f00000, 0x00000000a0ffff88, 0x00000000a1000000| 99%| O|  |TAMS 0x00000000a0f00000| PB 0x00000000a0f00000| Untracked |  0
| 528|0x00000000a1000000, 0x00000000a10ffff0, 0x00000000a1100000| 99%| O|  |TAMS 0x00000000a1000000| PB 0x00000000a1000000| Untracked |  0
| 529|0x00000000a1100000, 0x00000000a11ffff0, 0x00000000a1200000| 99%| O|  |TAMS 0x00000000a1100000| PB 0x00000000a1100000| Untracked |  0
| 530|0x00000000a1200000, 0x00000000a12ffff0, 0x00000000a1300000| 99%| O|  |TAMS 0x00000000a1200000| PB 0x00000000a1200000| Untracked |  0
| 531|0x00000000a1300000, 0x00000000a1400000, 0x00000000a1400000|100%|HS|  |TAMS 0x00000000a1300000| PB 0x00000000a1300000| Complete |  0
| 532|0x00000000a1400000, 0x00000000a1500000, 0x00000000a1500000|100%|HC|  |TAMS 0x00000000a1400000| PB 0x00000000a1400000| Complete |  0
| 533|0x00000000a1500000, 0x00000000a15ffff8, 0x00000000a1600000| 99%| O|  |TAMS 0x00000000a1500000| PB 0x00000000a1500000| Untracked |  0
| 534|0x00000000a1600000, 0x00000000a16ffff0, 0x00000000a1700000| 99%| O|  |TAMS 0x00000000a1600000| PB 0x00000000a1600000| Untracked |  0
| 535|0x00000000a1700000, 0x00000000a1800000, 0x00000000a1800000|100%| O|  |TAMS 0x00000000a1700000| PB 0x00000000a1700000| Untracked |  0
| 536|0x00000000a1800000, 0x00000000a18fffe0, 0x00000000a1900000| 99%| O|  |TAMS 0x00000000a1800000| PB 0x00000000a1800000| Untracked |  0
| 537|0x00000000a1900000, 0x00000000a1a00000, 0x00000000a1a00000|100%|HS|  |TAMS 0x00000000a1900000| PB 0x00000000a1900000| Complete |  0
| 538|0x00000000a1a00000, 0x00000000a1affff0, 0x00000000a1b00000| 99%| O|  |TAMS 0x00000000a1a00000| PB 0x00000000a1a00000| Untracked |  0
| 539|0x00000000a1b00000, 0x00000000a1c00000, 0x00000000a1c00000|100%| O|  |TAMS 0x00000000a1b00000| PB 0x00000000a1b00000| Untracked |  0
| 540|0x00000000a1c00000, 0x00000000a1cfffd8, 0x00000000a1d00000| 99%| O|  |TAMS 0x00000000a1c00000| PB 0x00000000a1c00000| Untracked |  0
| 541|0x00000000a1d00000, 0x00000000a1e00000, 0x00000000a1e00000|100%| O|  |TAMS 0x00000000a1d00000| PB 0x00000000a1d00000| Untracked |  0
| 542|0x00000000a1e00000, 0x00000000a1f00000, 0x00000000a1f00000|100%|HS|  |TAMS 0x00000000a1e00000| PB 0x00000000a1e00000| Untracked |  0
| 543|0x00000000a1f00000, 0x00000000a1fffff8, 0x00000000a2000000| 99%| O|  |TAMS 0x00000000a1f00000| PB 0x00000000a1f00000| Untracked |  0
| 544|0x00000000a2000000, 0x00000000a2100000, 0x00000000a2100000|100%|HS|  |TAMS 0x00000000a2000000| PB 0x00000000a2000000| Untracked |  0
| 545|0x00000000a2100000, 0x00000000a21fffe0, 0x00000000a2200000| 99%| O|  |TAMS 0x00000000a2100000| PB 0x00000000a2100000| Untracked |  0
| 546|0x00000000a2200000, 0x00000000a22fffe8, 0x00000000a2300000| 99%| O|  |TAMS 0x00000000a2200000| PB 0x00000000a2200000| Untracked |  0
| 547|0x00000000a2300000, 0x00000000a23ffff8, 0x00000000a2400000| 99%| O|  |TAMS 0x00000000a2300000| PB 0x00000000a2300000| Untracked |  0
| 548|0x00000000a2400000, 0x00000000a24fffe8, 0x00000000a2500000| 99%| O|  |TAMS 0x00000000a2400000| PB 0x00000000a2400000| Untracked |  0
| 549|0x00000000a2500000, 0x00000000a25ffff8, 0x00000000a2600000| 99%| O|  |TAMS 0x00000000a2500000| PB 0x00000000a2500000| Untracked |  0
| 550|0x00000000a2600000, 0x00000000a2700000, 0x00000000a2700000|100%| O|  |TAMS 0x00000000a2600000| PB 0x00000000a2600000| Untracked |  0
| 551|0x00000000a2700000, 0x00000000a2800000, 0x00000000a2800000|100%|HS|  |TAMS 0x00000000a2700000| PB 0x00000000a2700000| Complete |  0
| 552|0x00000000a2800000, 0x00000000a2900000, 0x00000000a2900000|100%|HC|  |TAMS 0x00000000a2800000| PB 0x00000000a2800000| Complete |  0
| 553|0x00000000a2900000, 0x00000000a2a00000, 0x00000000a2a00000|100%|HS|  |TAMS 0x00000000a2900000| PB 0x00000000a2900000| Complete |  0
| 554|0x00000000a2a00000, 0x00000000a2b00000, 0x00000000a2b00000|100%|HC|  |TAMS 0x00000000a2a00000| PB 0x00000000a2a00000| Complete |  0
| 555|0x00000000a2b00000, 0x00000000a2bffff8, 0x00000000a2c00000| 99%| O|  |TAMS 0x00000000a2b00000| PB 0x00000000a2b00000| Untracked |  0
| 556|0x00000000a2c00000, 0x00000000a2cffff0, 0x00000000a2d00000| 99%| O|  |TAMS 0x00000000a2c00000| PB 0x00000000a2c00000| Untracked |  0
| 557|0x00000000a2d00000, 0x00000000a2e00000, 0x00000000a2e00000|100%| O|  |TAMS 0x00000000a2d00000| PB 0x00000000a2d00000| Untracked |  0
| 558|0x00000000a2e00000, 0x00000000a2effff8, 0x00000000a2f00000| 99%| O|  |TAMS 0x00000000a2e00000| PB 0x00000000a2e00000| Untracked |  0
| 559|0x00000000a2f00000, 0x00000000a3000000, 0x00000000a3000000|100%|HS|  |TAMS 0x00000000a2f00000| PB 0x00000000a2f00000| Complete |  0
| 560|0x00000000a3000000, 0x00000000a3100000, 0x00000000a3100000|100%|HC|  |TAMS 0x00000000a3000000| PB 0x00000000a3000000| Complete |  0
| 561|0x00000000a3100000, 0x00000000a3200000, 0x00000000a3200000|100%|HC|  |TAMS 0x00000000a3100000| PB 0x00000000a3100000| Complete |  0
| 562|0x00000000a3200000, 0x00000000a3300000, 0x00000000a3300000|100%|HC|  |TAMS 0x00000000a3200000| PB 0x00000000a3200000| Complete |  0
| 563|0x00000000a3300000, 0x00000000a33ffff0, 0x00000000a3400000| 99%| O|  |TAMS 0x00000000a3300000| PB 0x00000000a3300000| Untracked |  0
| 564|0x00000000a3400000, 0x00000000a3500000, 0x00000000a3500000|100%| O|  |TAMS 0x00000000a3400000| PB 0x00000000a3400000| Untracked |  0
| 565|0x00000000a3500000, 0x00000000a3600000, 0x00000000a3600000|100%| O|  |TAMS 0x00000000a3500000| PB 0x00000000a3500000| Untracked |  0
| 566|0x00000000a3600000, 0x00000000a36fff90, 0x00000000a3700000| 99%| O|  |TAMS 0x00000000a3600000| PB 0x00000000a3600000| Untracked |  0
| 567|0x00000000a3700000, 0x00000000a3800000, 0x00000000a3800000|100%| O|  |TAMS 0x00000000a3700000| PB 0x00000000a3700000| Untracked |  0
| 568|0x00000000a3800000, 0x00000000a38ffff8, 0x00000000a3900000| 99%| O|  |TAMS 0x00000000a3800000| PB 0x00000000a3800000| Untracked |  0
| 569|0x00000000a3900000, 0x00000000a39fffb8, 0x00000000a3a00000| 99%| O|  |TAMS 0x00000000a3900000| PB 0x00000000a3900000| Untracked |  0
| 570|0x00000000a3a00000, 0x00000000a3affff0, 0x00000000a3b00000| 99%| O|  |TAMS 0x00000000a3a00000| PB 0x00000000a3a00000| Untracked |  0
| 571|0x00000000a3b00000, 0x00000000a3c00000, 0x00000000a3c00000|100%| O|  |TAMS 0x00000000a3b00000| PB 0x00000000a3b00000| Untracked |  0
| 572|0x00000000a3c00000, 0x00000000a3cfffe8, 0x00000000a3d00000| 99%| O|  |TAMS 0x00000000a3c00000| PB 0x00000000a3c00000| Untracked |  0
| 573|0x00000000a3d00000, 0x00000000a3dffff0, 0x00000000a3e00000| 99%| O|  |TAMS 0x00000000a3d00000| PB 0x00000000a3d00000| Untracked |  0
| 574|0x00000000a3e00000, 0x00000000a3effff0, 0x00000000a3f00000| 99%| O|  |TAMS 0x00000000a3e00000| PB 0x00000000a3e00000| Untracked |  0
| 575|0x00000000a3f00000, 0x00000000a3fffff0, 0x00000000a4000000| 99%| O|  |TAMS 0x00000000a3f00000| PB 0x00000000a3f00000| Untracked |  0
| 576|0x00000000a4000000, 0x00000000a4100000, 0x00000000a4100000|100%| O|  |TAMS 0x00000000a4000000| PB 0x00000000a4000000| Untracked |  0
| 577|0x00000000a4100000, 0x00000000a41fea48, 0x00000000a4200000| 99%| O|  |TAMS 0x00000000a4100000| PB 0x00000000a4100000| Untracked |  0
| 578|0x00000000a4200000, 0x00000000a4300000, 0x00000000a4300000|100%| O|  |TAMS 0x00000000a4200000| PB 0x00000000a4200000| Untracked |  0
| 579|0x00000000a4300000, 0x00000000a4400000, 0x00000000a4400000|100%| O|  |TAMS 0x00000000a4300000| PB 0x00000000a4300000| Untracked |  0
| 580|0x00000000a4400000, 0x00000000a4500000, 0x00000000a4500000|100%| O|  |TAMS 0x00000000a4400000| PB 0x00000000a4400000| Untracked |  0
| 581|0x00000000a4500000, 0x00000000a4600000, 0x00000000a4600000|100%| O|  |TAMS 0x00000000a4500000| PB 0x00000000a4500000| Untracked |  0
| 582|0x00000000a4600000, 0x00000000a46ffff8, 0x00000000a4700000| 99%| O|  |TAMS 0x00000000a4600000| PB 0x00000000a4600000| Untracked |  0
| 583|0x00000000a4700000, 0x00000000a4800000, 0x00000000a4800000|100%| O|  |TAMS 0x00000000a4700000| PB 0x00000000a4700000| Untracked |  0
| 584|0x00000000a4800000, 0x00000000a48fffe0, 0x00000000a4900000| 99%| O|  |TAMS 0x00000000a4800000| PB 0x00000000a4800000| Untracked |  0
| 585|0x00000000a4900000, 0x00000000a49ffff8, 0x00000000a4a00000| 99%| O|  |TAMS 0x00000000a4900000| PB 0x00000000a4900000| Untracked |  0
| 586|0x00000000a4a00000, 0x00000000a4affff8, 0x00000000a4b00000| 99%| O|  |TAMS 0x00000000a4a00000| PB 0x00000000a4a00000| Untracked |  0
| 587|0x00000000a4b00000, 0x00000000a4c00000, 0x00000000a4c00000|100%| O|  |TAMS 0x00000000a4b00000| PB 0x00000000a4b00000| Untracked |  0
| 588|0x00000000a4c00000, 0x00000000a4cfeae8, 0x00000000a4d00000| 99%| O|  |TAMS 0x00000000a4c00000| PB 0x00000000a4c00000| Untracked |  0
| 589|0x00000000a4d00000, 0x00000000a4dffff0, 0x00000000a4e00000| 99%| O|  |TAMS 0x00000000a4d00000| PB 0x00000000a4d00000| Untracked |  0
| 590|0x00000000a4e00000, 0x00000000a4f00000, 0x00000000a4f00000|100%|HS|  |TAMS 0x00000000a4e00000| PB 0x00000000a4e00000| Complete |  0
| 591|0x00000000a4f00000, 0x00000000a5000000, 0x00000000a5000000|100%| O|  |TAMS 0x00000000a4f00000| PB 0x00000000a4f00000| Untracked |  0
| 592|0x00000000a5000000, 0x00000000a50fe6f0, 0x00000000a5100000| 99%| O|  |TAMS 0x00000000a5000000| PB 0x00000000a5000000| Untracked |  0
| 593|0x00000000a5100000, 0x00000000a5200000, 0x00000000a5200000|100%| O|  |TAMS 0x00000000a5100000| PB 0x00000000a5100000| Untracked |  0
| 594|0x00000000a5200000, 0x00000000a5300000, 0x00000000a5300000|100%| O|  |TAMS 0x00000000a5200000| PB 0x00000000a5200000| Untracked |  0
| 595|0x00000000a5300000, 0x00000000a5400000, 0x00000000a5400000|100%| O|  |TAMS 0x00000000a5300000| PB 0x00000000a5300000| Untracked |  0
| 596|0x00000000a5400000, 0x00000000a5500000, 0x00000000a5500000|100%| O|  |TAMS 0x00000000a5400000| PB 0x00000000a5400000| Untracked |  0
| 597|0x00000000a5500000, 0x00000000a5600000, 0x00000000a5600000|100%| O|  |TAMS 0x00000000a5500000| PB 0x00000000a5500000| Untracked |  0
| 598|0x00000000a5600000, 0x00000000a5700000, 0x00000000a5700000|100%| O|  |TAMS 0x00000000a5600000| PB 0x00000000a5600000| Untracked |  0
| 599|0x00000000a5700000, 0x00000000a5800000, 0x00000000a5800000|100%| O|  |TAMS 0x00000000a5700000| PB 0x00000000a5700000| Untracked |  0
| 600|0x00000000a5800000, 0x00000000a5900000, 0x00000000a5900000|100%|HS|  |TAMS 0x00000000a5800000| PB 0x00000000a5800000| Untracked |  0
| 601|0x00000000a5900000, 0x00000000a5a00000, 0x00000000a5a00000|100%| O|  |TAMS 0x00000000a5900000| PB 0x00000000a5900000| Untracked |  0
| 602|0x00000000a5a00000, 0x00000000a5b00000, 0x00000000a5b00000|100%| O|  |TAMS 0x00000000a5a00000| PB 0x00000000a5a00000| Untracked |  0
| 603|0x00000000a5b00000, 0x00000000a5bffff8, 0x00000000a5c00000| 99%| O|  |TAMS 0x00000000a5b00000| PB 0x00000000a5b00000| Untracked |  0
| 604|0x00000000a5c00000, 0x00000000a5cffff8, 0x00000000a5d00000| 99%| O|  |TAMS 0x00000000a5c00000| PB 0x00000000a5c00000| Untracked |  0
| 605|0x00000000a5d00000, 0x00000000a5dffff8, 0x00000000a5e00000| 99%| O|  |TAMS 0x00000000a5d00000| PB 0x00000000a5d00000| Untracked |  0
| 606|0x00000000a5e00000, 0x00000000a5efffd0, 0x00000000a5f00000| 99%| O|  |TAMS 0x00000000a5e00000| PB 0x00000000a5e00000| Untracked |  0
| 607|0x00000000a5f00000, 0x00000000a5fffff0, 0x00000000a6000000| 99%| O|  |TAMS 0x00000000a5f00000| PB 0x00000000a5f00000| Untracked |  0
| 608|0x00000000a6000000, 0x00000000a6100000, 0x00000000a6100000|100%| O|  |TAMS 0x00000000a6000000| PB 0x00000000a6000000| Untracked |  0
| 609|0x00000000a6100000, 0x00000000a61ffff8, 0x00000000a6200000| 99%| O|  |TAMS 0x00000000a6100000| PB 0x00000000a6100000| Untracked |  0
| 610|0x00000000a6200000, 0x00000000a62ffff8, 0x00000000a6300000| 99%| O|  |TAMS 0x00000000a6200000| PB 0x00000000a6200000| Untracked |  0
| 611|0x00000000a6300000, 0x00000000a6400000, 0x00000000a6400000|100%| O|  |TAMS 0x00000000a6300000| PB 0x00000000a6300000| Untracked |  0
| 612|0x00000000a6400000, 0x00000000a6500000, 0x00000000a6500000|100%| O|  |TAMS 0x00000000a6400000| PB 0x00000000a6400000| Untracked |  0
| 613|0x00000000a6500000, 0x00000000a6600000, 0x00000000a6600000|100%| O|  |TAMS 0x00000000a6500000| PB 0x00000000a6500000| Untracked |  0
| 614|0x00000000a6600000, 0x00000000a66fffc8, 0x00000000a6700000| 99%| O|  |TAMS 0x00000000a6600000| PB 0x00000000a6600000| Untracked |  0
| 615|0x00000000a6700000, 0x00000000a67fffd8, 0x00000000a6800000| 99%| O|  |TAMS 0x00000000a6700000| PB 0x00000000a6700000| Untracked |  0
| 616|0x00000000a6800000, 0x00000000a6900000, 0x00000000a6900000|100%| O|  |TAMS 0x00000000a6800000| PB 0x00000000a6800000| Untracked |  0
| 617|0x00000000a6900000, 0x00000000a69fffd0, 0x00000000a6a00000| 99%| O|  |TAMS 0x00000000a6900000| PB 0x00000000a6900000| Untracked |  0
| 618|0x00000000a6a00000, 0x00000000a6b00000, 0x00000000a6b00000|100%| O|  |TAMS 0x00000000a6a00000| PB 0x00000000a6a00000| Untracked |  0
| 619|0x00000000a6b00000, 0x00000000a6bffff8, 0x00000000a6c00000| 99%| O|  |TAMS 0x00000000a6b00000| PB 0x00000000a6b00000| Untracked |  0
| 620|0x00000000a6c00000, 0x00000000a6d00000, 0x00000000a6d00000|100%|HS|  |TAMS 0x00000000a6c00000| PB 0x00000000a6c00000| Untracked |  0
| 621|0x00000000a6d00000, 0x00000000a6dffff0, 0x00000000a6e00000| 99%| O|  |TAMS 0x00000000a6d00000| PB 0x00000000a6d00000| Untracked |  0
| 622|0x00000000a6e00000, 0x00000000a6f00000, 0x00000000a6f00000|100%| O|  |TAMS 0x00000000a6e00000| PB 0x00000000a6e00000| Untracked |  0
| 623|0x00000000a6f00000, 0x00000000a6ffffd8, 0x00000000a7000000| 99%| O|  |TAMS 0x00000000a6f00000| PB 0x00000000a6f00000| Untracked |  0
| 624|0x00000000a7000000, 0x00000000a70ffda8, 0x00000000a7100000| 99%| O|  |TAMS 0x00000000a7000000| PB 0x00000000a7000000| Untracked |  0
| 625|0x00000000a7100000, 0x00000000a7200000, 0x00000000a7200000|100%| O|  |TAMS 0x00000000a7100000| PB 0x00000000a7100000| Untracked |  0
| 626|0x00000000a7200000, 0x00000000a7300000, 0x00000000a7300000|100%| O|  |TAMS 0x00000000a7200000| PB 0x00000000a7200000| Untracked |  0
| 627|0x00000000a7300000, 0x00000000a73fffd8, 0x00000000a7400000| 99%| O|  |TAMS 0x00000000a7300000| PB 0x00000000a7300000| Untracked |  0
| 628|0x00000000a7400000, 0x00000000a74fffe0, 0x00000000a7500000| 99%| O|  |TAMS 0x00000000a7400000| PB 0x00000000a7400000| Untracked |  0
| 629|0x00000000a7500000, 0x00000000a75ffff8, 0x00000000a7600000| 99%| O|  |TAMS 0x00000000a7500000| PB 0x00000000a7500000| Untracked |  0
| 630|0x00000000a7600000, 0x00000000a76ffff8, 0x00000000a7700000| 99%| O|  |TAMS 0x00000000a7600000| PB 0x00000000a7600000| Untracked |  0
| 631|0x00000000a7700000, 0x00000000a77fee50, 0x00000000a7800000| 99%| O|  |TAMS 0x00000000a7700000| PB 0x00000000a7700000| Untracked |  0
| 632|0x00000000a7800000, 0x00000000a78ffff8, 0x00000000a7900000| 99%| O|  |TAMS 0x00000000a7800000| PB 0x00000000a7800000| Untracked |  0
| 633|0x00000000a7900000, 0x00000000a7a00000, 0x00000000a7a00000|100%|HS|  |TAMS 0x00000000a7900000| PB 0x00000000a7900000| Complete |  0
| 634|0x00000000a7a00000, 0x00000000a7b00000, 0x00000000a7b00000|100%|HC|  |TAMS 0x00000000a7a00000| PB 0x00000000a7a00000| Complete |  0
| 635|0x00000000a7b00000, 0x00000000a7c00000, 0x00000000a7c00000|100%|HC|  |TAMS 0x00000000a7b00000| PB 0x00000000a7b00000| Complete |  0
| 636|0x00000000a7c00000, 0x00000000a7d00000, 0x00000000a7d00000|100%|HC|  |TAMS 0x00000000a7c00000| PB 0x00000000a7c00000| Complete |  0
| 637|0x00000000a7d00000, 0x00000000a7e00000, 0x00000000a7e00000|100%|HC|  |TAMS 0x00000000a7d00000| PB 0x00000000a7d00000| Complete |  0
| 638|0x00000000a7e00000, 0x00000000a7f00000, 0x00000000a7f00000|100%|HC|  |TAMS 0x00000000a7e00000| PB 0x00000000a7e00000| Complete |  0
| 639|0x00000000a7f00000, 0x00000000a8000000, 0x00000000a8000000|100%|HC|  |TAMS 0x00000000a7f00000| PB 0x00000000a7f00000| Complete |  0
| 640|0x00000000a8000000, 0x00000000a8100000, 0x00000000a8100000|100%|HC|  |TAMS 0x00000000a8000000| PB 0x00000000a8000000| Complete |  0
| 641|0x00000000a8100000, 0x00000000a81ffff8, 0x00000000a8200000| 99%| O|  |TAMS 0x00000000a8100000| PB 0x00000000a8100000| Untracked |  0
| 642|0x00000000a8200000, 0x00000000a8300000, 0x00000000a8300000|100%|HS|  |TAMS 0x00000000a8200000| PB 0x00000000a8200000| Complete |  0
| 643|0x00000000a8300000, 0x00000000a8400000, 0x00000000a8400000|100%|HC|  |TAMS 0x00000000a8300000| PB 0x00000000a8300000| Complete |  0
| 644|0x00000000a8400000, 0x00000000a84fffe8, 0x00000000a8500000| 99%| O|  |TAMS 0x00000000a8400000| PB 0x00000000a8400000| Untracked |  0
| 645|0x00000000a8500000, 0x00000000a8600000, 0x00000000a8600000|100%| O|  |TAMS 0x00000000a8500000| PB 0x00000000a8500000| Untracked |  0
| 646|0x00000000a8600000, 0x00000000a86ffff0, 0x00000000a8700000| 99%| O|  |TAMS 0x00000000a8600000| PB 0x00000000a8600000| Untracked |  0
| 647|0x00000000a8700000, 0x00000000a8800000, 0x00000000a8800000|100%| O|  |TAMS 0x00000000a8700000| PB 0x00000000a8700000| Untracked |  0
| 648|0x00000000a8800000, 0x00000000a88ffff0, 0x00000000a8900000| 99%| O|  |TAMS 0x00000000a8800000| PB 0x00000000a8800000| Untracked |  0
| 649|0x00000000a8900000, 0x00000000a89fffa8, 0x00000000a8a00000| 99%| O|  |TAMS 0x00000000a8900000| PB 0x00000000a8900000| Untracked |  0
| 650|0x00000000a8a00000, 0x00000000a8affff8, 0x00000000a8b00000| 99%| O|  |TAMS 0x00000000a8a00000| PB 0x00000000a8a00000| Untracked |  0
| 651|0x00000000a8b00000, 0x00000000a8bfffe8, 0x00000000a8c00000| 99%| O|  |TAMS 0x00000000a8b00000| PB 0x00000000a8b00000| Untracked |  0
| 652|0x00000000a8c00000, 0x00000000a8cffff8, 0x00000000a8d00000| 99%| O|  |TAMS 0x00000000a8c00000| PB 0x00000000a8c00000| Untracked |  0
| 653|0x00000000a8d00000, 0x00000000a8dffff0, 0x00000000a8e00000| 99%| O|  |TAMS 0x00000000a8d00000| PB 0x00000000a8d00000| Untracked |  0
| 654|0x00000000a8e00000, 0x00000000a8f00000, 0x00000000a8f00000|100%|HS|  |TAMS 0x00000000a8e00000| PB 0x00000000a8e00000| Untracked |  0
| 655|0x00000000a8f00000, 0x00000000a9000000, 0x00000000a9000000|100%|HS|  |TAMS 0x00000000a8f00000| PB 0x00000000a8f00000| Untracked |  0
| 656|0x00000000a9000000, 0x00000000a9100000, 0x00000000a9100000|100%|HS|  |TAMS 0x00000000a9000000| PB 0x00000000a9000000| Untracked |  0
| 657|0x00000000a9100000, 0x00000000a9200000, 0x00000000a9200000|100%|HS|  |TAMS 0x00000000a9100000| PB 0x00000000a9100000| Complete |  0
| 658|0x00000000a9200000, 0x00000000a9300000, 0x00000000a9300000|100%|HS|  |TAMS 0x00000000a9200000| PB 0x00000000a9200000| Untracked |  0
| 659|0x00000000a9300000, 0x00000000a9400000, 0x00000000a9400000|100%| O|  |TAMS 0x00000000a9300000| PB 0x00000000a9300000| Untracked |  0
| 660|0x00000000a9400000, 0x00000000a94f9d28, 0x00000000a9500000| 97%| O|  |TAMS 0x00000000a9400000| PB 0x00000000a9400000| Untracked |  0
| 661|0x00000000a9500000, 0x00000000a95fffe0, 0x00000000a9600000| 99%| O|  |TAMS 0x00000000a9500000| PB 0x00000000a9500000| Untracked |  0
| 662|0x00000000a9600000, 0x00000000a9700000, 0x00000000a9700000|100%| O|  |TAMS 0x00000000a9600000| PB 0x00000000a9600000| Untracked |  0
| 663|0x00000000a9700000, 0x00000000a97fffa0, 0x00000000a9800000| 99%| O|  |TAMS 0x00000000a9700000| PB 0x00000000a9700000| Untracked |  0
| 664|0x00000000a9800000, 0x00000000a98ff460, 0x00000000a9900000| 99%| O|  |TAMS 0x00000000a9800000| PB 0x00000000a9800000| Untracked |  0
| 665|0x00000000a9900000, 0x00000000a99fffe8, 0x00000000a9a00000| 99%| O|  |TAMS 0x00000000a9900000| PB 0x00000000a9900000| Untracked |  0
| 666|0x00000000a9a00000, 0x00000000a9b00000, 0x00000000a9b00000|100%| O|  |TAMS 0x00000000a9a00000| PB 0x00000000a9a00000| Untracked |  0
| 667|0x00000000a9b00000, 0x00000000a9c00000, 0x00000000a9c00000|100%|HS|  |TAMS 0x00000000a9b00000| PB 0x00000000a9b00000| Complete |  0
| 668|0x00000000a9c00000, 0x00000000a9d00000, 0x00000000a9d00000|100%|HS|  |TAMS 0x00000000a9c00000| PB 0x00000000a9c00000| Complete |  0
| 669|0x00000000a9d00000, 0x00000000a9e00000, 0x00000000a9e00000|100%|HC|  |TAMS 0x00000000a9d00000| PB 0x00000000a9d00000| Complete |  0
| 670|0x00000000a9e00000, 0x00000000a9f00000, 0x00000000a9f00000|100%|HS|  |TAMS 0x00000000a9e00000| PB 0x00000000a9e00000| Complete |  0
| 671|0x00000000a9f00000, 0x00000000a9fdf1a0, 0x00000000aa000000| 87%| O|  |TAMS 0x00000000a9f00000| PB 0x00000000a9f00000| Untracked |  0
| 672|0x00000000aa000000, 0x00000000aa100000, 0x00000000aa100000|100%|HS|  |TAMS 0x00000000aa000000| PB 0x00000000aa000000| Complete |  0
| 673|0x00000000aa100000, 0x00000000aa200000, 0x00000000aa200000|100%|HC|  |TAMS 0x00000000aa100000| PB 0x00000000aa100000| Complete |  0
| 674|0x00000000aa200000, 0x00000000aa2fffb8, 0x00000000aa300000| 99%| O|  |TAMS 0x00000000aa200000| PB 0x00000000aa200000| Untracked |  0
| 675|0x00000000aa300000, 0x00000000aa400000, 0x00000000aa400000|100%|HS|  |TAMS 0x00000000aa300000| PB 0x00000000aa300000| Untracked |  0
| 676|0x00000000aa400000, 0x00000000aa500000, 0x00000000aa500000|100%|HS|  |TAMS 0x00000000aa400000| PB 0x00000000aa400000| Untracked |  0
| 677|0x00000000aa500000, 0x00000000aa5fffc8, 0x00000000aa600000| 99%| O|  |TAMS 0x00000000aa500000| PB 0x00000000aa500000| Untracked |  0
| 678|0x00000000aa600000, 0x00000000aa6ffff8, 0x00000000aa700000| 99%| O|  |TAMS 0x00000000aa600000| PB 0x00000000aa600000| Untracked |  0
| 679|0x00000000aa700000, 0x00000000aa7ffff8, 0x00000000aa800000| 99%| O|Cm|TAMS 0x00000000aa700000| PB 0x00000000aa700000| Complete |  0
| 680|0x00000000aa800000, 0x00000000aa8fe318, 0x00000000aa900000| 99%| O|  |TAMS 0x00000000aa800000| PB 0x00000000aa800000| Untracked |  0
| 681|0x00000000aa900000, 0x00000000aaa00000, 0x00000000aaa00000|100%| O|  |TAMS 0x00000000aa900000| PB 0x00000000aa900000| Untracked |  0
| 682|0x00000000aaa00000, 0x00000000aaaff438, 0x00000000aab00000| 99%| O|  |TAMS 0x00000000aaa00000| PB 0x00000000aaa00000| Untracked |  0
| 683|0x00000000aab00000, 0x00000000aac00000, 0x00000000aac00000|100%| O|  |TAMS 0x00000000aab00000| PB 0x00000000aab00000| Untracked |  0
| 684|0x00000000aac00000, 0x00000000aacffff8, 0x00000000aad00000| 99%| O|  |TAMS 0x00000000aac00000| PB 0x00000000aac00000| Untracked |  0
| 685|0x00000000aad00000, 0x00000000aae00000, 0x00000000aae00000|100%| O|  |TAMS 0x00000000aad00000| PB 0x00000000aad00000| Untracked |  0
| 686|0x00000000aae00000, 0x00000000aaf00000, 0x00000000aaf00000|100%| O|  |TAMS 0x00000000aae00000| PB 0x00000000aae00000| Untracked |  0
| 687|0x00000000aaf00000, 0x00000000aaffffc0, 0x00000000ab000000| 99%| O|  |TAMS 0x00000000aaf00000| PB 0x00000000aaf00000| Untracked |  0
| 688|0x00000000ab000000, 0x00000000ab0fffd8, 0x00000000ab100000| 99%| O|  |TAMS 0x00000000ab000000| PB 0x00000000ab000000| Untracked |  0
| 689|0x00000000ab100000, 0x00000000ab1fffb8, 0x00000000ab200000| 99%| O|  |TAMS 0x00000000ab100000| PB 0x00000000ab100000| Untracked |  0
| 690|0x00000000ab200000, 0x00000000ab2ffff0, 0x00000000ab300000| 99%| O|  |TAMS 0x00000000ab200000| PB 0x00000000ab200000| Untracked |  0
| 691|0x00000000ab300000, 0x00000000ab3fffc8, 0x00000000ab400000| 99%| O|  |TAMS 0x00000000ab300000| PB 0x00000000ab300000| Untracked |  0
| 692|0x00000000ab400000, 0x00000000ab4d5ad8, 0x00000000ab500000| 83%| O|  |TAMS 0x00000000ab400000| PB 0x00000000ab400000| Untracked |  0
| 693|0x00000000ab500000, 0x00000000ab5fffb0, 0x00000000ab600000| 99%| O|  |TAMS 0x00000000ab500000| PB 0x00000000ab500000| Untracked |  0
| 694|0x00000000ab600000, 0x00000000ab700000, 0x00000000ab700000|100%|HS|  |TAMS 0x00000000ab600000| PB 0x00000000ab600000| Complete |  0
| 695|0x00000000ab700000, 0x00000000ab800000, 0x00000000ab800000|100%|HC|  |TAMS 0x00000000ab700000| PB 0x00000000ab700000| Complete |  0
| 696|0x00000000ab800000, 0x00000000ab900000, 0x00000000ab900000|100%|HC|  |TAMS 0x00000000ab800000| PB 0x00000000ab800000| Complete |  0
| 697|0x00000000ab900000, 0x00000000aba00000, 0x00000000aba00000|100%|HC|  |TAMS 0x00000000ab900000| PB 0x00000000ab900000| Complete |  0
| 698|0x00000000aba00000, 0x00000000abb00000, 0x00000000abb00000|100%|HC|  |TAMS 0x00000000aba00000| PB 0x00000000aba00000| Complete |  0
| 699|0x00000000abb00000, 0x00000000abc00000, 0x00000000abc00000|100%|HC|  |TAMS 0x00000000abb00000| PB 0x00000000abb00000| Complete |  0
| 700|0x00000000abc00000, 0x00000000abc85118, 0x00000000abd00000| 51%| O|Cm|TAMS 0x00000000abc00000| PB 0x00000000abc00000| Complete |  0
| 701|0x00000000abd00000, 0x00000000abdfcee0, 0x00000000abe00000| 98%| O|Cm|TAMS 0x00000000abd00000| PB 0x00000000abd00000| Complete |  0
| 702|0x00000000abe00000, 0x00000000abe81f68, 0x00000000abf00000| 50%| O|  |TAMS 0x00000000abe00000| PB 0x00000000abe00000| Untracked |  0
| 703|0x00000000abf00000, 0x00000000abfffff8, 0x00000000ac000000| 99%| O|  |TAMS 0x00000000abf00000| PB 0x00000000abf00000| Untracked |  0
| 704|0x00000000ac000000, 0x00000000ac100000, 0x00000000ac100000|100%|HS|  |TAMS 0x00000000ac000000| PB 0x00000000ac000000| Complete |  0
| 705|0x00000000ac100000, 0x00000000ac1ffff8, 0x00000000ac200000| 99%| O|  |TAMS 0x00000000ac100000| PB 0x00000000ac100000| Untracked |  0
| 706|0x00000000ac200000, 0x00000000ac2ffff8, 0x00000000ac300000| 99%| O|  |TAMS 0x00000000ac200000| PB 0x00000000ac200000| Untracked |  0
| 707|0x00000000ac300000, 0x00000000ac3af140, 0x00000000ac400000| 68%| O|  |TAMS 0x00000000ac300000| PB 0x00000000ac300000| Untracked |  0
| 708|0x00000000ac400000, 0x00000000ac4fffc8, 0x00000000ac500000| 99%| O|  |TAMS 0x00000000ac400000| PB 0x00000000ac400000| Untracked |  0
| 709|0x00000000ac500000, 0x00000000ac600000, 0x00000000ac600000|100%|HS|  |TAMS 0x00000000ac500000| PB 0x00000000ac500000| Complete |  0
| 710|0x00000000ac600000, 0x00000000ac681c20, 0x00000000ac700000| 50%| O|  |TAMS 0x00000000ac600000| PB 0x00000000ac600000| Untracked |  0
| 711|0x00000000ac700000, 0x00000000ac77ffe8, 0x00000000ac800000| 49%| O|  |TAMS 0x00000000ac700000| PB 0x00000000ac700000| Untracked |  0
| 712|0x00000000ac800000, 0x00000000ac8ffff0, 0x00000000ac900000| 99%| O|  |TAMS 0x00000000ac800000| PB 0x00000000ac800000| Untracked |  0
| 713|0x00000000ac900000, 0x00000000ac9fffb8, 0x00000000aca00000| 99%| O|  |TAMS 0x00000000ac900000| PB 0x00000000ac900000| Untracked |  0
| 714|0x00000000aca00000, 0x00000000acad47c0, 0x00000000acb00000| 83%| O|  |TAMS 0x00000000aca00000| PB 0x00000000aca00000| Untracked |  0
| 715|0x00000000acb00000, 0x00000000acbc5308, 0x00000000acc00000| 77%| O|  |TAMS 0x00000000acb00000| PB 0x00000000acb00000| Untracked |  0
| 716|0x00000000acc00000, 0x00000000accffff0, 0x00000000acd00000| 99%| O|  |TAMS 0x00000000acc00000| PB 0x00000000acc00000| Untracked |  0
| 717|0x00000000acd00000, 0x00000000acdc4408, 0x00000000ace00000| 76%| O|  |TAMS 0x00000000acd00000| PB 0x00000000acd00000| Untracked |  0
| 718|0x00000000ace00000, 0x00000000ace00000, 0x00000000acf00000|  0%| F|  |TAMS 0x00000000ace00000| PB 0x00000000ace00000| Untracked |  0
| 719|0x00000000acf00000, 0x00000000acf881b8, 0x00000000ad000000| 53%| O|  |TAMS 0x00000000acf00000| PB 0x00000000acf00000| Untracked |  0
| 720|0x00000000ad000000, 0x00000000ad000000, 0x00000000ad100000|  0%| F|  |TAMS 0x00000000ad000000| PB 0x00000000ad000000| Untracked |  0
| 721|0x00000000ad100000, 0x00000000ad1b8058, 0x00000000ad200000| 71%| O|  |TAMS 0x00000000ad100000| PB 0x00000000ad100000| Untracked |  0
| 722|0x00000000ad200000, 0x00000000ad300000, 0x00000000ad300000|100%|HS|  |TAMS 0x00000000ad200000| PB 0x00000000ad200000| Complete |  0
| 723|0x00000000ad300000, 0x00000000ad400000, 0x00000000ad400000|100%|HC|  |TAMS 0x00000000ad300000| PB 0x00000000ad300000| Complete |  0
| 724|0x00000000ad400000, 0x00000000ad400000, 0x00000000ad500000|  0%| F|  |TAMS 0x00000000ad400000| PB 0x00000000ad400000| Untracked |  0
| 725|0x00000000ad500000, 0x00000000ad600000, 0x00000000ad600000|100%| O|  |TAMS 0x00000000ad500000| PB 0x00000000ad500000| Untracked |  0
| 726|0x00000000ad600000, 0x00000000ad700000, 0x00000000ad700000|100%|HS|  |TAMS 0x00000000ad600000| PB 0x00000000ad600000| Complete |  0
| 727|0x00000000ad700000, 0x00000000ad800000, 0x00000000ad800000|100%|HC|  |TAMS 0x00000000ad700000| PB 0x00000000ad700000| Complete |  0
| 728|0x00000000ad800000, 0x00000000ad89c2c8, 0x00000000ad900000| 61%| O|  |TAMS 0x00000000ad800000| PB 0x00000000ad800000| Untracked |  0
| 729|0x00000000ad900000, 0x00000000ad990660, 0x00000000ada00000| 56%| O|Cm|TAMS 0x00000000ad900000| PB 0x00000000ad900000| Complete |  0
| 730|0x00000000ada00000, 0x00000000adb00000, 0x00000000adb00000|100%|HS|  |TAMS 0x00000000ada00000| PB 0x00000000ada00000| Complete |  0
| 731|0x00000000adb00000, 0x00000000adc00000, 0x00000000adc00000|100%|HC|  |TAMS 0x00000000adb00000| PB 0x00000000adb00000| Complete |  0
| 732|0x00000000adc00000, 0x00000000add00000, 0x00000000add00000|100%|HS|  |TAMS 0x00000000adc00000| PB 0x00000000adc00000| Complete |  0
| 733|0x00000000add00000, 0x00000000ade00000, 0x00000000ade00000|100%|HC|  |TAMS 0x00000000add00000| PB 0x00000000add00000| Complete |  0
| 734|0x00000000ade00000, 0x00000000adf00000, 0x00000000adf00000|100%|HS|  |TAMS 0x00000000ade00000| PB 0x00000000ade00000| Complete |  0
| 735|0x00000000adf00000, 0x00000000ae000000, 0x00000000ae000000|100%|HC|  |TAMS 0x00000000adf00000| PB 0x00000000adf00000| Complete |  0
| 736|0x00000000ae000000, 0x00000000ae100000, 0x00000000ae100000|100%|HS|  |TAMS 0x00000000ae000000| PB 0x00000000ae000000| Complete |  0
| 737|0x00000000ae100000, 0x00000000ae200000, 0x00000000ae200000|100%|HC|  |TAMS 0x00000000ae100000| PB 0x00000000ae100000| Complete |  0
| 738|0x00000000ae200000, 0x00000000ae300000, 0x00000000ae300000|100%|HS|  |TAMS 0x00000000ae200000| PB 0x00000000ae200000| Complete |  0
| 739|0x00000000ae300000, 0x00000000ae400000, 0x00000000ae400000|100%|HC|  |TAMS 0x00000000ae300000| PB 0x00000000ae300000| Complete |  0
| 740|0x00000000ae400000, 0x00000000ae500000, 0x00000000ae500000|100%|HS|  |TAMS 0x00000000ae400000| PB 0x00000000ae400000| Complete |  0
| 741|0x00000000ae500000, 0x00000000ae600000, 0x00000000ae600000|100%|HC|  |TAMS 0x00000000ae500000| PB 0x00000000ae500000| Complete |  0
| 742|0x00000000ae600000, 0x00000000ae700000, 0x00000000ae700000|100%|HS|  |TAMS 0x00000000ae600000| PB 0x00000000ae600000| Complete |  0
| 743|0x00000000ae700000, 0x00000000ae800000, 0x00000000ae800000|100%|HC|  |TAMS 0x00000000ae700000| PB 0x00000000ae700000| Complete |  0
| 744|0x00000000ae800000, 0x00000000ae900000, 0x00000000ae900000|100%|HS|  |TAMS 0x00000000ae800000| PB 0x00000000ae800000| Complete |  0
| 745|0x00000000ae900000, 0x00000000aea00000, 0x00000000aea00000|100%|HC|  |TAMS 0x00000000ae900000| PB 0x00000000ae900000| Complete |  0
| 746|0x00000000aea00000, 0x00000000aeb00000, 0x00000000aeb00000|100%|HS|  |TAMS 0x00000000aea00000| PB 0x00000000aea00000| Complete |  0
| 747|0x00000000aeb00000, 0x00000000aec00000, 0x00000000aec00000|100%|HC|  |TAMS 0x00000000aeb00000| PB 0x00000000aeb00000| Complete |  0
| 748|0x00000000aec00000, 0x00000000aed00000, 0x00000000aed00000|100%|HC|  |TAMS 0x00000000aec00000| PB 0x00000000aec00000| Complete |  0
| 749|0x00000000aed00000, 0x00000000aee00000, 0x00000000aee00000|100%|HS|  |TAMS 0x00000000aed00000| PB 0x00000000aed00000| Complete |  0
| 750|0x00000000aee00000, 0x00000000aef00000, 0x00000000aef00000|100%|HC|  |TAMS 0x00000000aee00000| PB 0x00000000aee00000| Complete |  0
| 751|0x00000000aef00000, 0x00000000af000000, 0x00000000af000000|100%|HC|  |TAMS 0x00000000aef00000| PB 0x00000000aef00000| Complete |  0
| 752|0x00000000af000000, 0x00000000af100000, 0x00000000af100000|100%|HC|  |TAMS 0x00000000af000000| PB 0x00000000af000000| Complete |  0
| 753|0x00000000af100000, 0x00000000af200000, 0x00000000af200000|100%|HC|  |TAMS 0x00000000af100000| PB 0x00000000af100000| Complete |  0
| 754|0x00000000af200000, 0x00000000af300000, 0x00000000af300000|100%|HC|  |TAMS 0x00000000af200000| PB 0x00000000af200000| Complete |  0
| 755|0x00000000af300000, 0x00000000af400000, 0x00000000af400000|100%|HS|  |TAMS 0x00000000af300000| PB 0x00000000af300000| Complete |  0
| 756|0x00000000af400000, 0x00000000af500000, 0x00000000af500000|100%|HC|  |TAMS 0x00000000af400000| PB 0x00000000af400000| Complete |  0
| 757|0x00000000af500000, 0x00000000af600000, 0x00000000af600000|100%|HC|  |TAMS 0x00000000af500000| PB 0x00000000af500000| Complete |  0
| 758|0x00000000af600000, 0x00000000af700000, 0x00000000af700000|100%|HC|  |TAMS 0x00000000af600000| PB 0x00000000af600000| Complete |  0
| 759|0x00000000af700000, 0x00000000af800000, 0x00000000af800000|100%|HC|  |TAMS 0x00000000af700000| PB 0x00000000af700000| Complete |  0
| 760|0x00000000af800000, 0x00000000af900000, 0x00000000af900000|100%|HC|  |TAMS 0x00000000af800000| PB 0x00000000af800000| Complete |  0
| 761|0x00000000af900000, 0x00000000afa00000, 0x00000000afa00000|100%|HC|  |TAMS 0x00000000af900000| PB 0x00000000af900000| Complete |  0
| 762|0x00000000afa00000, 0x00000000afb00000, 0x00000000afb00000|100%|HC|  |TAMS 0x00000000afa00000| PB 0x00000000afa00000| Complete |  0
| 763|0x00000000afb00000, 0x00000000afc00000, 0x00000000afc00000|100%|HC|  |TAMS 0x00000000afb00000| PB 0x00000000afb00000| Complete |  0
| 764|0x00000000afc00000, 0x00000000afd00000, 0x00000000afd00000|100%|HC|  |TAMS 0x00000000afc00000| PB 0x00000000afc00000| Complete |  0
| 765|0x00000000afd00000, 0x00000000afe00000, 0x00000000afe00000|100%|HC|  |TAMS 0x00000000afd00000| PB 0x00000000afd00000| Complete |  0
| 766|0x00000000afe00000, 0x00000000aff00000, 0x00000000aff00000|100%|HS|  |TAMS 0x00000000afe00000| PB 0x00000000afe00000| Complete |  0
| 767|0x00000000aff00000, 0x00000000b0000000, 0x00000000b0000000|100%|HC|  |TAMS 0x00000000aff00000| PB 0x00000000aff00000| Complete |  0
| 768|0x00000000b0000000, 0x00000000b0100000, 0x00000000b0100000|100%|HC|  |TAMS 0x00000000b0000000| PB 0x00000000b0000000| Complete |  0
| 769|0x00000000b0100000, 0x00000000b0200000, 0x00000000b0200000|100%|HC|  |TAMS 0x00000000b0100000| PB 0x00000000b0100000| Complete |  0
| 770|0x00000000b0200000, 0x00000000b0300000, 0x00000000b0300000|100%|HC|  |TAMS 0x00000000b0200000| PB 0x00000000b0200000| Complete |  0
| 771|0x00000000b0300000, 0x00000000b0400000, 0x00000000b0400000|100%|HC|  |TAMS 0x00000000b0300000| PB 0x00000000b0300000| Complete |  0
| 772|0x00000000b0400000, 0x00000000b0500000, 0x00000000b0500000|100%|HC|  |TAMS 0x00000000b0400000| PB 0x00000000b0400000| Complete |  0
| 773|0x00000000b0500000, 0x00000000b0600000, 0x00000000b0600000|100%|HS|  |TAMS 0x00000000b0500000| PB 0x00000000b0500000| Complete |  0
| 774|0x00000000b0600000, 0x00000000b0700000, 0x00000000b0700000|100%|HC|  |TAMS 0x00000000b0600000| PB 0x00000000b0600000| Complete |  0
| 775|0x00000000b0700000, 0x00000000b0800000, 0x00000000b0800000|100%|HC|  |TAMS 0x00000000b0700000| PB 0x00000000b0700000| Complete |  0
| 776|0x00000000b0800000, 0x00000000b0900000, 0x00000000b0900000|100%|HC|  |TAMS 0x00000000b0800000| PB 0x00000000b0800000| Complete |  0
| 777|0x00000000b0900000, 0x00000000b0a00000, 0x00000000b0a00000|100%|HC|  |TAMS 0x00000000b0900000| PB 0x00000000b0900000| Complete |  0
| 778|0x00000000b0a00000, 0x00000000b0b00000, 0x00000000b0b00000|100%|HC|  |TAMS 0x00000000b0a00000| PB 0x00000000b0a00000| Complete |  0
| 779|0x00000000b0b00000, 0x00000000b0c00000, 0x00000000b0c00000|100%|HC|  |TAMS 0x00000000b0b00000| PB 0x00000000b0b00000| Complete |  0
| 780|0x00000000b0c00000, 0x00000000b0d00000, 0x00000000b0d00000|100%|HS|  |TAMS 0x00000000b0c00000| PB 0x00000000b0c00000| Complete |  0
| 781|0x00000000b0d00000, 0x00000000b0e00000, 0x00000000b0e00000|100%|HC|  |TAMS 0x00000000b0d00000| PB 0x00000000b0d00000| Complete |  0
| 782|0x00000000b0e00000, 0x00000000b0f00000, 0x00000000b0f00000|100%|HC|  |TAMS 0x00000000b0e00000| PB 0x00000000b0e00000| Complete |  0
| 783|0x00000000b0f00000, 0x00000000b1000000, 0x00000000b1000000|100%|HC|  |TAMS 0x00000000b0f00000| PB 0x00000000b0f00000| Complete |  0
| 784|0x00000000b1000000, 0x00000000b1100000, 0x00000000b1100000|100%|HC|  |TAMS 0x00000000b1000000| PB 0x00000000b1000000| Complete |  0
| 785|0x00000000b1100000, 0x00000000b1200000, 0x00000000b1200000|100%|HC|  |TAMS 0x00000000b1100000| PB 0x00000000b1100000| Complete |  0
| 786|0x00000000b1200000, 0x00000000b1300000, 0x00000000b1300000|100%|HC|  |TAMS 0x00000000b1200000| PB 0x00000000b1200000| Complete |  0
| 787|0x00000000b1300000, 0x00000000b1400000, 0x00000000b1400000|100%|HC|  |TAMS 0x00000000b1300000| PB 0x00000000b1300000| Complete |  0
| 788|0x00000000b1400000, 0x00000000b1500000, 0x00000000b1500000|100%|HC|  |TAMS 0x00000000b1400000| PB 0x00000000b1400000| Complete |  0
| 789|0x00000000b1500000, 0x00000000b1600000, 0x00000000b1600000|100%|HC|  |TAMS 0x00000000b1500000| PB 0x00000000b1500000| Complete |  0
| 790|0x00000000b1600000, 0x00000000b1700000, 0x00000000b1700000|100%|HC|  |TAMS 0x00000000b1600000| PB 0x00000000b1600000| Complete |  0
| 791|0x00000000b1700000, 0x00000000b1800000, 0x00000000b1800000|100%|HC|  |TAMS 0x00000000b1700000| PB 0x00000000b1700000| Complete |  0
| 792|0x00000000b1800000, 0x00000000b1900000, 0x00000000b1900000|100%|HC|  |TAMS 0x00000000b1800000| PB 0x00000000b1800000| Complete |  0
| 793|0x00000000b1900000, 0x00000000b1900000, 0x00000000b1a00000|  0%| F|  |TAMS 0x00000000b1900000| PB 0x00000000b1900000| Untracked |  0
| 794|0x00000000b1a00000, 0x00000000b1a00000, 0x00000000b1b00000|  0%| F|  |TAMS 0x00000000b1a00000| PB 0x00000000b1a00000| Untracked |  0
| 795|0x00000000b1b00000, 0x00000000b1b00000, 0x00000000b1c00000|  0%| F|  |TAMS 0x00000000b1b00000| PB 0x00000000b1b00000| Untracked |  0
| 796|0x00000000b1c00000, 0x00000000b1c00000, 0x00000000b1d00000|  0%| F|  |TAMS 0x00000000b1c00000| PB 0x00000000b1c00000| Untracked |  0
| 797|0x00000000b1d00000, 0x00000000b1d00000, 0x00000000b1e00000|  0%| F|  |TAMS 0x00000000b1d00000| PB 0x00000000b1d00000| Untracked |  0
| 798|0x00000000b1e00000, 0x00000000b1e00000, 0x00000000b1f00000|  0%| F|  |TAMS 0x00000000b1e00000| PB 0x00000000b1e00000| Untracked |  0
| 799|0x00000000b1f00000, 0x00000000b2000000, 0x00000000b2000000|100%|HS|  |TAMS 0x00000000b1f00000| PB 0x00000000b1f00000| Complete |  0
| 800|0x00000000b2000000, 0x00000000b2100000, 0x00000000b2100000|100%|HC|  |TAMS 0x00000000b2000000| PB 0x00000000b2000000| Complete |  0
| 801|0x00000000b2100000, 0x00000000b2200000, 0x00000000b2200000|100%|HS|  |TAMS 0x00000000b2100000| PB 0x00000000b2100000| Complete |  0
| 802|0x00000000b2200000, 0x00000000b2300000, 0x00000000b2300000|100%|HC|  |TAMS 0x00000000b2200000| PB 0x00000000b2200000| Complete |  0
| 803|0x00000000b2300000, 0x00000000b2400000, 0x00000000b2400000|100%|HS|  |TAMS 0x00000000b2300000| PB 0x00000000b2300000| Complete |  0
| 804|0x00000000b2400000, 0x00000000b2500000, 0x00000000b2500000|100%|HC|  |TAMS 0x00000000b2400000| PB 0x00000000b2400000| Complete |  0
| 805|0x00000000b2500000, 0x00000000b2600000, 0x00000000b2600000|100%|HC|  |TAMS 0x00000000b2500000| PB 0x00000000b2500000| Complete |  0
| 806|0x00000000b2600000, 0x00000000b2700000, 0x00000000b2700000|100%|HC|  |TAMS 0x00000000b2600000| PB 0x00000000b2600000| Complete |  0
| 807|0x00000000b2700000, 0x00000000b2800000, 0x00000000b2800000|100%|HC|  |TAMS 0x00000000b2700000| PB 0x00000000b2700000| Complete |  0
| 808|0x00000000b2800000, 0x00000000b2900000, 0x00000000b2900000|100%|HC|  |TAMS 0x00000000b2800000| PB 0x00000000b2800000| Complete |  0
| 809|0x00000000b2900000, 0x00000000b2a00000, 0x00000000b2a00000|100%|HC|  |TAMS 0x00000000b2900000| PB 0x00000000b2900000| Complete |  0
| 810|0x00000000b2a00000, 0x00000000b2a00000, 0x00000000b2b00000|  0%| F|  |TAMS 0x00000000b2a00000| PB 0x00000000b2a00000| Untracked |  0
| 811|0x00000000b2b00000, 0x00000000b2b00000, 0x00000000b2c00000|  0%| F|  |TAMS 0x00000000b2b00000| PB 0x00000000b2b00000| Untracked |  0
| 812|0x00000000b2c00000, 0x00000000b2c00000, 0x00000000b2d00000|  0%| F|  |TAMS 0x00000000b2c00000| PB 0x00000000b2c00000| Untracked |  0
| 813|0x00000000b2d00000, 0x00000000b2d00000, 0x00000000b2e00000|  0%| F|  |TAMS 0x00000000b2d00000| PB 0x00000000b2d00000| Untracked |  0
| 814|0x00000000b2e00000, 0x00000000b2e00000, 0x00000000b2f00000|  0%| F|  |TAMS 0x00000000b2e00000| PB 0x00000000b2e00000| Untracked |  0
| 815|0x00000000b2f00000, 0x00000000b2f00000, 0x00000000b3000000|  0%| F|  |TAMS 0x00000000b2f00000| PB 0x00000000b2f00000| Untracked |  0
| 816|0x00000000b3000000, 0x00000000b3000000, 0x00000000b3100000|  0%| F|  |TAMS 0x00000000b3000000| PB 0x00000000b3000000| Untracked |  0
| 817|0x00000000b3100000, 0x00000000b3100000, 0x00000000b3200000|  0%| F|  |TAMS 0x00000000b3100000| PB 0x00000000b3100000| Untracked |  0
| 818|0x00000000b3200000, 0x00000000b3200000, 0x00000000b3300000|  0%| F|  |TAMS 0x00000000b3200000| PB 0x00000000b3200000| Untracked |  0
| 819|0x00000000b3300000, 0x00000000b3300000, 0x00000000b3400000|  0%| F|  |TAMS 0x00000000b3300000| PB 0x00000000b3300000| Untracked |  0
| 820|0x00000000b3400000, 0x00000000b3400000, 0x00000000b3500000|  0%| F|  |TAMS 0x00000000b3400000| PB 0x00000000b3400000| Untracked |  0
| 821|0x00000000b3500000, 0x00000000b3500000, 0x00000000b3600000|  0%| F|  |TAMS 0x00000000b3500000| PB 0x00000000b3500000| Untracked |  0
| 822|0x00000000b3600000, 0x00000000b3600000, 0x00000000b3700000|  0%| F|  |TAMS 0x00000000b3600000| PB 0x00000000b3600000| Untracked |  0
| 823|0x00000000b3700000, 0x00000000b3700000, 0x00000000b3800000|  0%| F|  |TAMS 0x00000000b3700000| PB 0x00000000b3700000| Untracked |  0
| 824|0x00000000b3800000, 0x00000000b3800000, 0x00000000b3900000|  0%| F|  |TAMS 0x00000000b3800000| PB 0x00000000b3800000| Untracked |  0
| 825|0x00000000b3900000, 0x00000000b3900000, 0x00000000b3a00000|  0%| F|  |TAMS 0x00000000b3900000| PB 0x00000000b3900000| Untracked |  0
| 826|0x00000000b3a00000, 0x00000000b3a00000, 0x00000000b3b00000|  0%| F|  |TAMS 0x00000000b3a00000| PB 0x00000000b3a00000| Untracked |  0
| 827|0x00000000b3b00000, 0x00000000b3b00000, 0x00000000b3c00000|  0%| F|  |TAMS 0x00000000b3b00000| PB 0x00000000b3b00000| Untracked |  0
| 828|0x00000000b3c00000, 0x00000000b3c00000, 0x00000000b3d00000|  0%| F|  |TAMS 0x00000000b3c00000| PB 0x00000000b3c00000| Untracked |  0
| 829|0x00000000b3d00000, 0x00000000b3d00000, 0x00000000b3e00000|  0%| F|  |TAMS 0x00000000b3d00000| PB 0x00000000b3d00000| Untracked |  0
| 830|0x00000000b3e00000, 0x00000000b3e00000, 0x00000000b3f00000|  0%| F|  |TAMS 0x00000000b3e00000| PB 0x00000000b3e00000| Untracked |  0
| 831|0x00000000b3f00000, 0x00000000b3f00000, 0x00000000b4000000|  0%| F|  |TAMS 0x00000000b3f00000| PB 0x00000000b3f00000| Untracked |  0
| 832|0x00000000b4000000, 0x00000000b4000000, 0x00000000b4100000|  0%| F|  |TAMS 0x00000000b4000000| PB 0x00000000b4000000| Untracked |  0
| 833|0x00000000b4100000, 0x00000000b4100000, 0x00000000b4200000|  0%| F|  |TAMS 0x00000000b4100000| PB 0x00000000b4100000| Untracked |  0
| 834|0x00000000b4200000, 0x00000000b4200000, 0x00000000b4300000|  0%| F|  |TAMS 0x00000000b4200000| PB 0x00000000b4200000| Untracked |  0
| 835|0x00000000b4300000, 0x00000000b4300000, 0x00000000b4400000|  0%| F|  |TAMS 0x00000000b4300000| PB 0x00000000b4300000| Untracked |  0
| 836|0x00000000b4400000, 0x00000000b4400000, 0x00000000b4500000|  0%| F|  |TAMS 0x00000000b4400000| PB 0x00000000b4400000| Untracked |  0
| 837|0x00000000b4500000, 0x00000000b4500000, 0x00000000b4600000|  0%| F|  |TAMS 0x00000000b4500000| PB 0x00000000b4500000| Untracked |  0
| 838|0x00000000b4600000, 0x00000000b4600000, 0x00000000b4700000|  0%| F|  |TAMS 0x00000000b4600000| PB 0x00000000b4600000| Untracked |  0
| 839|0x00000000b4700000, 0x00000000b4700000, 0x00000000b4800000|  0%| F|  |TAMS 0x00000000b4700000| PB 0x00000000b4700000| Untracked |  0
| 840|0x00000000b4800000, 0x00000000b4800000, 0x00000000b4900000|  0%| F|  |TAMS 0x00000000b4800000| PB 0x00000000b4800000| Untracked |  0
| 841|0x00000000b4900000, 0x00000000b4900000, 0x00000000b4a00000|  0%| F|  |TAMS 0x00000000b4900000| PB 0x00000000b4900000| Untracked |  0
| 842|0x00000000b4a00000, 0x00000000b4a00000, 0x00000000b4b00000|  0%| F|  |TAMS 0x00000000b4a00000| PB 0x00000000b4a00000| Untracked |  0
| 843|0x00000000b4b00000, 0x00000000b4b00000, 0x00000000b4c00000|  0%| F|  |TAMS 0x00000000b4b00000| PB 0x00000000b4b00000| Untracked |  0
| 844|0x00000000b4c00000, 0x00000000b4c00000, 0x00000000b4d00000|  0%| F|  |TAMS 0x00000000b4c00000| PB 0x00000000b4c00000| Untracked |  0
| 845|0x00000000b4d00000, 0x00000000b4d00000, 0x00000000b4e00000|  0%| F|  |TAMS 0x00000000b4d00000| PB 0x00000000b4d00000| Untracked |  0
| 846|0x00000000b4e00000, 0x00000000b4e00000, 0x00000000b4f00000|  0%| F|  |TAMS 0x00000000b4e00000| PB 0x00000000b4e00000| Untracked |  0
| 847|0x00000000b4f00000, 0x00000000b4f00000, 0x00000000b5000000|  0%| F|  |TAMS 0x00000000b4f00000| PB 0x00000000b4f00000| Untracked |  0
| 848|0x00000000b5000000, 0x00000000b5000000, 0x00000000b5100000|  0%| F|  |TAMS 0x00000000b5000000| PB 0x00000000b5000000| Untracked |  0
| 849|0x00000000b5100000, 0x00000000b5100000, 0x00000000b5200000|  0%| F|  |TAMS 0x00000000b5100000| PB 0x00000000b5100000| Untracked |  0
| 850|0x00000000b5200000, 0x00000000b5200000, 0x00000000b5300000|  0%| F|  |TAMS 0x00000000b5200000| PB 0x00000000b5200000| Untracked |  0
| 851|0x00000000b5300000, 0x00000000b5300000, 0x00000000b5400000|  0%| F|  |TAMS 0x00000000b5300000| PB 0x00000000b5300000| Untracked |  0
| 852|0x00000000b5400000, 0x00000000b5400000, 0x00000000b5500000|  0%| F|  |TAMS 0x00000000b5400000| PB 0x00000000b5400000| Untracked |  0
| 853|0x00000000b5500000, 0x00000000b5500000, 0x00000000b5600000|  0%| F|  |TAMS 0x00000000b5500000| PB 0x00000000b5500000| Untracked |  0
| 854|0x00000000b5600000, 0x00000000b5600000, 0x00000000b5700000|  0%| F|  |TAMS 0x00000000b5600000| PB 0x00000000b5600000| Untracked |  0
| 855|0x00000000b5700000, 0x00000000b5700000, 0x00000000b5800000|  0%| F|  |TAMS 0x00000000b5700000| PB 0x00000000b5700000| Untracked |  0
| 856|0x00000000b5800000, 0x00000000b5800000, 0x00000000b5900000|  0%| F|  |TAMS 0x00000000b5800000| PB 0x00000000b5800000| Untracked |  0
| 857|0x00000000b5900000, 0x00000000b5900000, 0x00000000b5a00000|  0%| F|  |TAMS 0x00000000b5900000| PB 0x00000000b5900000| Untracked |  0
| 858|0x00000000b5a00000, 0x00000000b5a00000, 0x00000000b5b00000|  0%| F|  |TAMS 0x00000000b5a00000| PB 0x00000000b5a00000| Untracked |  0
| 859|0x00000000b5b00000, 0x00000000b5b00000, 0x00000000b5c00000|  0%| F|  |TAMS 0x00000000b5b00000| PB 0x00000000b5b00000| Untracked |  0
| 860|0x00000000b5c00000, 0x00000000b5c00000, 0x00000000b5d00000|  0%| F|  |TAMS 0x00000000b5c00000| PB 0x00000000b5c00000| Untracked |  0
| 861|0x00000000b5d00000, 0x00000000b5d00000, 0x00000000b5e00000|  0%| F|  |TAMS 0x00000000b5d00000| PB 0x00000000b5d00000| Untracked |  0
| 862|0x00000000b5e00000, 0x00000000b5e00000, 0x00000000b5f00000|  0%| F|  |TAMS 0x00000000b5e00000| PB 0x00000000b5e00000| Untracked |  0
| 863|0x00000000b5f00000, 0x00000000b5f00000, 0x00000000b6000000|  0%| F|  |TAMS 0x00000000b5f00000| PB 0x00000000b5f00000| Untracked |  0
| 864|0x00000000b6000000, 0x00000000b6000000, 0x00000000b6100000|  0%| F|  |TAMS 0x00000000b6000000| PB 0x00000000b6000000| Untracked |  0
| 865|0x00000000b6100000, 0x00000000b6100000, 0x00000000b6200000|  0%| F|  |TAMS 0x00000000b6100000| PB 0x00000000b6100000| Untracked |  0
| 866|0x00000000b6200000, 0x00000000b6300000, 0x00000000b6300000|100%|HS|  |TAMS 0x00000000b6200000| PB 0x00000000b6200000| Untracked |  0
| 867|0x00000000b6300000, 0x00000000b6400000, 0x00000000b6400000|100%|HS|  |TAMS 0x00000000b6300000| PB 0x00000000b6300000| Untracked |  0
| 868|0x00000000b6400000, 0x00000000b6400000, 0x00000000b6500000|  0%| F|  |TAMS 0x00000000b6400000| PB 0x00000000b6400000| Untracked |  0
| 869|0x00000000b6500000, 0x00000000b6500000, 0x00000000b6600000|  0%| F|  |TAMS 0x00000000b6500000| PB 0x00000000b6500000| Untracked |  0
| 870|0x00000000b6600000, 0x00000000b6600000, 0x00000000b6700000|  0%| F|  |TAMS 0x00000000b6600000| PB 0x00000000b6600000| Untracked |  0
| 871|0x00000000b6700000, 0x00000000b6700000, 0x00000000b6800000|  0%| F|  |TAMS 0x00000000b6700000| PB 0x00000000b6700000| Untracked |  0
| 872|0x00000000b6800000, 0x00000000b6800000, 0x00000000b6900000|  0%| F|  |TAMS 0x00000000b6800000| PB 0x00000000b6800000| Untracked |  0
| 873|0x00000000b6900000, 0x00000000b6900000, 0x00000000b6a00000|  0%| F|  |TAMS 0x00000000b6900000| PB 0x00000000b6900000| Untracked |  0
| 874|0x00000000b6a00000, 0x00000000b6b00000, 0x00000000b6b00000|100%|HS|  |TAMS 0x00000000b6a00000| PB 0x00000000b6a00000| Complete |  0
| 875|0x00000000b6b00000, 0x00000000b6b00000, 0x00000000b6c00000|  0%| F|  |TAMS 0x00000000b6b00000| PB 0x00000000b6b00000| Untracked |  0
| 876|0x00000000b6c00000, 0x00000000b6d00000, 0x00000000b6d00000|100%|HS|  |TAMS 0x00000000b6c00000| PB 0x00000000b6c00000| Untracked |  0
| 877|0x00000000b6d00000, 0x00000000b6d00000, 0x00000000b6e00000|  0%| F|  |TAMS 0x00000000b6d00000| PB 0x00000000b6d00000| Untracked |  0
| 878|0x00000000b6e00000, 0x00000000b6e00000, 0x00000000b6f00000|  0%| F|  |TAMS 0x00000000b6e00000| PB 0x00000000b6e00000| Untracked |  0
| 879|0x00000000b6f00000, 0x00000000b6f00000, 0x00000000b7000000|  0%| F|  |TAMS 0x00000000b6f00000| PB 0x00000000b6f00000| Untracked |  0
| 880|0x00000000b7000000, 0x00000000b7000000, 0x00000000b7100000|  0%| F|  |TAMS 0x00000000b7000000| PB 0x00000000b7000000| Untracked |  0
| 881|0x00000000b7100000, 0x00000000b7100000, 0x00000000b7200000|  0%| F|  |TAMS 0x00000000b7100000| PB 0x00000000b7100000| Untracked |  0
| 882|0x00000000b7200000, 0x00000000b7300000, 0x00000000b7300000|100%| O|  |TAMS 0x00000000b7200000| PB 0x00000000b7200000| Untracked |  0
| 883|0x00000000b7300000, 0x00000000b7300000, 0x00000000b7400000|  0%| F|  |TAMS 0x00000000b7300000| PB 0x00000000b7300000| Untracked |  0
| 884|0x00000000b7400000, 0x00000000b7400000, 0x00000000b7500000|  0%| F|  |TAMS 0x00000000b7400000| PB 0x00000000b7400000| Untracked |  0
| 885|0x00000000b7500000, 0x00000000b7500000, 0x00000000b7600000|  0%| F|  |TAMS 0x00000000b7500000| PB 0x00000000b7500000| Untracked |  0
| 886|0x00000000b7600000, 0x00000000b7600000, 0x00000000b7700000|  0%| F|  |TAMS 0x00000000b7600000| PB 0x00000000b7600000| Untracked |  0
| 887|0x00000000b7700000, 0x00000000b7700000, 0x00000000b7800000|  0%| F|  |TAMS 0x00000000b7700000| PB 0x00000000b7700000| Untracked |  0
| 888|0x00000000b7800000, 0x00000000b7800000, 0x00000000b7900000|  0%| F|  |TAMS 0x00000000b7800000| PB 0x00000000b7800000| Untracked |  0
| 889|0x00000000b7900000, 0x00000000b7900000, 0x00000000b7a00000|  0%| F|  |TAMS 0x00000000b7900000| PB 0x00000000b7900000| Untracked |  0
| 890|0x00000000b7a00000, 0x00000000b7a00000, 0x00000000b7b00000|  0%| F|  |TAMS 0x00000000b7a00000| PB 0x00000000b7a00000| Untracked |  0
| 891|0x00000000b7b00000, 0x00000000b7b00000, 0x00000000b7c00000|  0%| F|  |TAMS 0x00000000b7b00000| PB 0x00000000b7b00000| Untracked |  0
| 892|0x00000000b7c00000, 0x00000000b7c00000, 0x00000000b7d00000|  0%| F|  |TAMS 0x00000000b7c00000| PB 0x00000000b7c00000| Untracked |  0
| 893|0x00000000b7d00000, 0x00000000b7d00000, 0x00000000b7e00000|  0%| F|  |TAMS 0x00000000b7d00000| PB 0x00000000b7d00000| Untracked |  0
| 894|0x00000000b7e00000, 0x00000000b7e00000, 0x00000000b7f00000|  0%| F|  |TAMS 0x00000000b7e00000| PB 0x00000000b7e00000| Untracked |  0
| 895|0x00000000b7f00000, 0x00000000b7f00000, 0x00000000b8000000|  0%| F|  |TAMS 0x00000000b7f00000| PB 0x00000000b7f00000| Untracked |  0
| 896|0x00000000b8000000, 0x00000000b8000000, 0x00000000b8100000|  0%| F|  |TAMS 0x00000000b8000000| PB 0x00000000b8000000| Untracked |  0
| 897|0x00000000b8100000, 0x00000000b8100000, 0x00000000b8200000|  0%| F|  |TAMS 0x00000000b8100000| PB 0x00000000b8100000| Untracked |  0
| 898|0x00000000b8200000, 0x00000000b8200000, 0x00000000b8300000|  0%| F|  |TAMS 0x00000000b8200000| PB 0x00000000b8200000| Untracked |  0
| 899|0x00000000b8300000, 0x00000000b8300000, 0x00000000b8400000|  0%| F|  |TAMS 0x00000000b8300000| PB 0x00000000b8300000| Untracked |  0
| 900|0x00000000b8400000, 0x00000000b8400000, 0x00000000b8500000|  0%| F|  |TAMS 0x00000000b8400000| PB 0x00000000b8400000| Untracked |  0
| 901|0x00000000b8500000, 0x00000000b8500000, 0x00000000b8600000|  0%| F|  |TAMS 0x00000000b8500000| PB 0x00000000b8500000| Untracked |  0
| 902|0x00000000b8600000, 0x00000000b8600000, 0x00000000b8700000|  0%| F|  |TAMS 0x00000000b8600000| PB 0x00000000b8600000| Untracked |  0
| 903|0x00000000b8700000, 0x00000000b8700000, 0x00000000b8800000|  0%| F|  |TAMS 0x00000000b8700000| PB 0x00000000b8700000| Untracked |  0
| 904|0x00000000b8800000, 0x00000000b8800000, 0x00000000b8900000|  0%| F|  |TAMS 0x00000000b8800000| PB 0x00000000b8800000| Untracked |  0
| 905|0x00000000b8900000, 0x00000000b8900000, 0x00000000b8a00000|  0%| F|  |TAMS 0x00000000b8900000| PB 0x00000000b8900000| Untracked |  0
| 906|0x00000000b8a00000, 0x00000000b8a00000, 0x00000000b8b00000|  0%| F|  |TAMS 0x00000000b8a00000| PB 0x00000000b8a00000| Untracked |  0
| 907|0x00000000b8b00000, 0x00000000b8b00000, 0x00000000b8c00000|  0%| F|  |TAMS 0x00000000b8b00000| PB 0x00000000b8b00000| Untracked |  0
| 908|0x00000000b8c00000, 0x00000000b8c00000, 0x00000000b8d00000|  0%| F|  |TAMS 0x00000000b8c00000| PB 0x00000000b8c00000| Untracked |  0
| 909|0x00000000b8d00000, 0x00000000b8d00000, 0x00000000b8e00000|  0%| F|  |TAMS 0x00000000b8d00000| PB 0x00000000b8d00000| Untracked |  0
| 910|0x00000000b8e00000, 0x00000000b8e00000, 0x00000000b8f00000|  0%| F|  |TAMS 0x00000000b8e00000| PB 0x00000000b8e00000| Untracked |  0
| 911|0x00000000b8f00000, 0x00000000b8f00000, 0x00000000b9000000|  0%| F|  |TAMS 0x00000000b8f00000| PB 0x00000000b8f00000| Untracked |  0
| 912|0x00000000b9000000, 0x00000000b9000000, 0x00000000b9100000|  0%| F|  |TAMS 0x00000000b9000000| PB 0x00000000b9000000| Untracked |  0
| 913|0x00000000b9100000, 0x00000000b9200000, 0x00000000b9200000|100%|HS|  |TAMS 0x00000000b9100000| PB 0x00000000b9100000| Complete |  0
| 914|0x00000000b9200000, 0x00000000b9300000, 0x00000000b9300000|100%|HC|  |TAMS 0x00000000b9200000| PB 0x00000000b9200000| Complete |  0
| 915|0x00000000b9300000, 0x00000000b9300000, 0x00000000b9400000|  0%| F|  |TAMS 0x00000000b9300000| PB 0x00000000b9300000| Untracked |  0
| 916|0x00000000b9400000, 0x00000000b9400000, 0x00000000b9500000|  0%| F|  |TAMS 0x00000000b9400000| PB 0x00000000b9400000| Untracked |  0
| 917|0x00000000b9500000, 0x00000000b9500000, 0x00000000b9600000|  0%| F|  |TAMS 0x00000000b9500000| PB 0x00000000b9500000| Untracked |  0
| 918|0x00000000b9600000, 0x00000000b9600000, 0x00000000b9700000|  0%| F|  |TAMS 0x00000000b9600000| PB 0x00000000b9600000| Untracked |  0
| 919|0x00000000b9700000, 0x00000000b9700000, 0x00000000b9800000|  0%| F|  |TAMS 0x00000000b9700000| PB 0x00000000b9700000| Untracked |  0
| 920|0x00000000b9800000, 0x00000000b9800000, 0x00000000b9900000|  0%| F|  |TAMS 0x00000000b9800000| PB 0x00000000b9800000| Untracked |  0
| 921|0x00000000b9900000, 0x00000000b9900000, 0x00000000b9a00000|  0%| F|  |TAMS 0x00000000b9900000| PB 0x00000000b9900000| Untracked |  0
| 922|0x00000000b9a00000, 0x00000000b9a00000, 0x00000000b9b00000|  0%| F|  |TAMS 0x00000000b9a00000| PB 0x00000000b9a00000| Untracked |  0
| 923|0x00000000b9b00000, 0x00000000b9b00000, 0x00000000b9c00000|  0%| F|  |TAMS 0x00000000b9b00000| PB 0x00000000b9b00000| Untracked |  0
| 924|0x00000000b9c00000, 0x00000000b9c00000, 0x00000000b9d00000|  0%| F|  |TAMS 0x00000000b9c00000| PB 0x00000000b9c00000| Untracked |  0
| 925|0x00000000b9d00000, 0x00000000b9d00000, 0x00000000b9e00000|  0%| F|  |TAMS 0x00000000b9d00000| PB 0x00000000b9d00000| Untracked |  0
| 926|0x00000000b9e00000, 0x00000000b9e00000, 0x00000000b9f00000|  0%| F|  |TAMS 0x00000000b9e00000| PB 0x00000000b9e00000| Untracked |  0
| 927|0x00000000b9f00000, 0x00000000b9f00000, 0x00000000ba000000|  0%| F|  |TAMS 0x00000000b9f00000| PB 0x00000000b9f00000| Untracked |  0
| 928|0x00000000ba000000, 0x00000000ba000000, 0x00000000ba100000|  0%| F|  |TAMS 0x00000000ba000000| PB 0x00000000ba000000| Untracked |  0
| 929|0x00000000ba100000, 0x00000000ba100000, 0x00000000ba200000|  0%| F|  |TAMS 0x00000000ba100000| PB 0x00000000ba100000| Untracked |  0
| 930|0x00000000ba200000, 0x00000000ba200000, 0x00000000ba300000|  0%| F|  |TAMS 0x00000000ba200000| PB 0x00000000ba200000| Untracked |  0
| 931|0x00000000ba300000, 0x00000000ba300000, 0x00000000ba400000|  0%| F|  |TAMS 0x00000000ba300000| PB 0x00000000ba300000| Untracked |  0
| 932|0x00000000ba400000, 0x00000000ba400000, 0x00000000ba500000|  0%| F|  |TAMS 0x00000000ba400000| PB 0x00000000ba400000| Untracked |  0
| 933|0x00000000ba500000, 0x00000000ba500000, 0x00000000ba600000|  0%| F|  |TAMS 0x00000000ba500000| PB 0x00000000ba500000| Untracked |  0
| 934|0x00000000ba600000, 0x00000000ba600000, 0x00000000ba700000|  0%| F|  |TAMS 0x00000000ba600000| PB 0x00000000ba600000| Untracked |  0
| 935|0x00000000ba700000, 0x00000000ba700000, 0x00000000ba800000|  0%| F|  |TAMS 0x00000000ba700000| PB 0x00000000ba700000| Untracked |  0
| 936|0x00000000ba800000, 0x00000000ba800000, 0x00000000ba900000|  0%| F|  |TAMS 0x00000000ba800000| PB 0x00000000ba800000| Untracked |  0
| 937|0x00000000ba900000, 0x00000000ba900000, 0x00000000baa00000|  0%| F|  |TAMS 0x00000000ba900000| PB 0x00000000ba900000| Untracked |  0
| 938|0x00000000baa00000, 0x00000000baa00000, 0x00000000bab00000|  0%| F|  |TAMS 0x00000000baa00000| PB 0x00000000baa00000| Untracked |  0
| 939|0x00000000bab00000, 0x00000000bac00000, 0x00000000bac00000|100%|HS|  |TAMS 0x00000000bab00000| PB 0x00000000bab00000| Complete |  0
| 940|0x00000000bac00000, 0x00000000bad00000, 0x00000000bad00000|100%|HC|  |TAMS 0x00000000bac00000| PB 0x00000000bac00000| Complete |  0
| 941|0x00000000bad00000, 0x00000000bad00000, 0x00000000bae00000|  0%| F|  |TAMS 0x00000000bad00000| PB 0x00000000bad00000| Untracked |  0
| 942|0x00000000bae00000, 0x00000000bae00000, 0x00000000baf00000|  0%| F|  |TAMS 0x00000000bae00000| PB 0x00000000bae00000| Untracked |  0
| 943|0x00000000baf00000, 0x00000000baf00000, 0x00000000bb000000|  0%| F|  |TAMS 0x00000000baf00000| PB 0x00000000baf00000| Untracked |  0
| 944|0x00000000bb000000, 0x00000000bb000000, 0x00000000bb100000|  0%| F|  |TAMS 0x00000000bb000000| PB 0x00000000bb000000| Untracked |  0
| 945|0x00000000bb100000, 0x00000000bb100000, 0x00000000bb200000|  0%| F|  |TAMS 0x00000000bb100000| PB 0x00000000bb100000| Untracked |  0
| 946|0x00000000bb200000, 0x00000000bb200000, 0x00000000bb300000|  0%| F|  |TAMS 0x00000000bb200000| PB 0x00000000bb200000| Untracked |  0
| 947|0x00000000bb300000, 0x00000000bb300000, 0x00000000bb400000|  0%| F|  |TAMS 0x00000000bb300000| PB 0x00000000bb300000| Untracked |  0
| 948|0x00000000bb400000, 0x00000000bb400000, 0x00000000bb500000|  0%| F|  |TAMS 0x00000000bb400000| PB 0x00000000bb400000| Untracked |  0
| 949|0x00000000bb500000, 0x00000000bb500000, 0x00000000bb600000|  0%| F|  |TAMS 0x00000000bb500000| PB 0x00000000bb500000| Untracked |  0
| 950|0x00000000bb600000, 0x00000000bb600000, 0x00000000bb700000|  0%| F|  |TAMS 0x00000000bb600000| PB 0x00000000bb600000| Untracked |  0
| 951|0x00000000bb700000, 0x00000000bb700000, 0x00000000bb800000|  0%| F|  |TAMS 0x00000000bb700000| PB 0x00000000bb700000| Untracked |  0
| 952|0x00000000bb800000, 0x00000000bb800000, 0x00000000bb900000|  0%| F|  |TAMS 0x00000000bb800000| PB 0x00000000bb800000| Untracked |  0
| 953|0x00000000bb900000, 0x00000000bb900000, 0x00000000bba00000|  0%| F|  |TAMS 0x00000000bb900000| PB 0x00000000bb900000| Untracked |  0
| 954|0x00000000bba00000, 0x00000000bba00000, 0x00000000bbb00000|  0%| F|  |TAMS 0x00000000bba00000| PB 0x00000000bba00000| Untracked |  0
| 955|0x00000000bbb00000, 0x00000000bbb00000, 0x00000000bbc00000|  0%| F|  |TAMS 0x00000000bbb00000| PB 0x00000000bbb00000| Untracked |  0
| 956|0x00000000bbc00000, 0x00000000bbc00000, 0x00000000bbd00000|  0%| F|  |TAMS 0x00000000bbc00000| PB 0x00000000bbc00000| Untracked |  0
| 957|0x00000000bbd00000, 0x00000000bbd00000, 0x00000000bbe00000|  0%| F|  |TAMS 0x00000000bbd00000| PB 0x00000000bbd00000| Untracked |  0
| 958|0x00000000bbe00000, 0x00000000bbe00000, 0x00000000bbf00000|  0%| F|  |TAMS 0x00000000bbe00000| PB 0x00000000bbe00000| Untracked |  0
| 959|0x00000000bbf00000, 0x00000000bbf00000, 0x00000000bc000000|  0%| F|  |TAMS 0x00000000bbf00000| PB 0x00000000bbf00000| Untracked |  0
| 960|0x00000000bc000000, 0x00000000bc000000, 0x00000000bc100000|  0%| F|  |TAMS 0x00000000bc000000| PB 0x00000000bc000000| Untracked |  0
| 961|0x00000000bc100000, 0x00000000bc100000, 0x00000000bc200000|  0%| F|  |TAMS 0x00000000bc100000| PB 0x00000000bc100000| Untracked |  0
| 962|0x00000000bc200000, 0x00000000bc200000, 0x00000000bc300000|  0%| F|  |TAMS 0x00000000bc200000| PB 0x00000000bc200000| Untracked |  0
| 963|0x00000000bc300000, 0x00000000bc300000, 0x00000000bc400000|  0%| F|  |TAMS 0x00000000bc300000| PB 0x00000000bc300000| Untracked |  0
| 964|0x00000000bc400000, 0x00000000bc400000, 0x00000000bc500000|  0%| F|  |TAMS 0x00000000bc400000| PB 0x00000000bc400000| Untracked |  0
| 965|0x00000000bc500000, 0x00000000bc500000, 0x00000000bc600000|  0%| F|  |TAMS 0x00000000bc500000| PB 0x00000000bc500000| Untracked |  0
| 966|0x00000000bc600000, 0x00000000bc600000, 0x00000000bc700000|  0%| F|  |TAMS 0x00000000bc600000| PB 0x00000000bc600000| Untracked |  0
| 967|0x00000000bc700000, 0x00000000bc700000, 0x00000000bc800000|  0%| F|  |TAMS 0x00000000bc700000| PB 0x00000000bc700000| Untracked |  0
| 968|0x00000000bc800000, 0x00000000bc800000, 0x00000000bc900000|  0%| F|  |TAMS 0x00000000bc800000| PB 0x00000000bc800000| Untracked |  0
| 969|0x00000000bc900000, 0x00000000bc900000, 0x00000000bca00000|  0%| F|  |TAMS 0x00000000bc900000| PB 0x00000000bc900000| Untracked |  0
| 970|0x00000000bca00000, 0x00000000bca00000, 0x00000000bcb00000|  0%| F|  |TAMS 0x00000000bca00000| PB 0x00000000bca00000| Untracked |  0
| 971|0x00000000bcb00000, 0x00000000bcb00000, 0x00000000bcc00000|  0%| F|  |TAMS 0x00000000bcb00000| PB 0x00000000bcb00000| Untracked |  0
| 972|0x00000000bcc00000, 0x00000000bcc00000, 0x00000000bcd00000|  0%| F|  |TAMS 0x00000000bcc00000| PB 0x00000000bcc00000| Untracked |  0
| 973|0x00000000bcd00000, 0x00000000bcd00000, 0x00000000bce00000|  0%| F|  |TAMS 0x00000000bcd00000| PB 0x00000000bcd00000| Untracked |  0
| 974|0x00000000bce00000, 0x00000000bce00000, 0x00000000bcf00000|  0%| F|  |TAMS 0x00000000bce00000| PB 0x00000000bce00000| Untracked |  0
| 975|0x00000000bcf00000, 0x00000000bcf00000, 0x00000000bd000000|  0%| F|  |TAMS 0x00000000bcf00000| PB 0x00000000bcf00000| Untracked |  0
| 976|0x00000000bd000000, 0x00000000bd000000, 0x00000000bd100000|  0%| F|  |TAMS 0x00000000bd000000| PB 0x00000000bd000000| Untracked |  0
| 977|0x00000000bd100000, 0x00000000bd100000, 0x00000000bd200000|  0%| F|  |TAMS 0x00000000bd100000| PB 0x00000000bd100000| Untracked |  0
| 978|0x00000000bd200000, 0x00000000bd200000, 0x00000000bd300000|  0%| F|  |TAMS 0x00000000bd200000| PB 0x00000000bd200000| Untracked |  0
| 979|0x00000000bd300000, 0x00000000bd300000, 0x00000000bd400000|  0%| F|  |TAMS 0x00000000bd300000| PB 0x00000000bd300000| Untracked |  0
| 980|0x00000000bd400000, 0x00000000bd400000, 0x00000000bd500000|  0%| F|  |TAMS 0x00000000bd400000| PB 0x00000000bd400000| Untracked |  0
| 981|0x00000000bd500000, 0x00000000bd500000, 0x00000000bd600000|  0%| F|  |TAMS 0x00000000bd500000| PB 0x00000000bd500000| Untracked |  0
| 982|0x00000000bd600000, 0x00000000bd600000, 0x00000000bd700000|  0%| F|  |TAMS 0x00000000bd600000| PB 0x00000000bd600000| Untracked |  0
| 983|0x00000000bd700000, 0x00000000bd700000, 0x00000000bd800000|  0%| F|  |TAMS 0x00000000bd700000| PB 0x00000000bd700000| Untracked |  0
| 984|0x00000000bd800000, 0x00000000bd800000, 0x00000000bd900000|  0%| F|  |TAMS 0x00000000bd800000| PB 0x00000000bd800000| Untracked |  0
| 985|0x00000000bd900000, 0x00000000bd900000, 0x00000000bda00000|  0%| F|  |TAMS 0x00000000bd900000| PB 0x00000000bd900000| Untracked |  0
| 986|0x00000000bda00000, 0x00000000bda00000, 0x00000000bdb00000|  0%| F|  |TAMS 0x00000000bda00000| PB 0x00000000bda00000| Untracked |  0
| 987|0x00000000bdb00000, 0x00000000bdb00000, 0x00000000bdc00000|  0%| F|  |TAMS 0x00000000bdb00000| PB 0x00000000bdb00000| Untracked |  0
| 988|0x00000000bdc00000, 0x00000000bdc00000, 0x00000000bdd00000|  0%| F|  |TAMS 0x00000000bdc00000| PB 0x00000000bdc00000| Untracked |  0
| 989|0x00000000bdd00000, 0x00000000bdd00000, 0x00000000bde00000|  0%| F|  |TAMS 0x00000000bdd00000| PB 0x00000000bdd00000| Untracked |  0
| 990|0x00000000bde00000, 0x00000000bde00000, 0x00000000bdf00000|  0%| F|  |TAMS 0x00000000bde00000| PB 0x00000000bde00000| Untracked |  0
| 991|0x00000000bdf00000, 0x00000000bdf00000, 0x00000000be000000|  0%| F|  |TAMS 0x00000000bdf00000| PB 0x00000000bdf00000| Untracked |  0
| 992|0x00000000be000000, 0x00000000be000000, 0x00000000be100000|  0%| F|  |TAMS 0x00000000be000000| PB 0x00000000be000000| Untracked |  0
| 993|0x00000000be100000, 0x00000000be100000, 0x00000000be200000|  0%| F|  |TAMS 0x00000000be100000| PB 0x00000000be100000| Untracked |  0
| 994|0x00000000be200000, 0x00000000be200000, 0x00000000be300000|  0%| F|  |TAMS 0x00000000be200000| PB 0x00000000be200000| Untracked |  0
| 995|0x00000000be300000, 0x00000000be300000, 0x00000000be400000|  0%| F|  |TAMS 0x00000000be300000| PB 0x00000000be300000| Untracked |  0
| 996|0x00000000be400000, 0x00000000be400000, 0x00000000be500000|  0%| F|  |TAMS 0x00000000be400000| PB 0x00000000be400000| Untracked |  0
| 997|0x00000000be500000, 0x00000000be500000, 0x00000000be600000|  0%| F|  |TAMS 0x00000000be500000| PB 0x00000000be500000| Untracked |  0
| 998|0x00000000be600000, 0x00000000be600000, 0x00000000be700000|  0%| F|  |TAMS 0x00000000be600000| PB 0x00000000be600000| Untracked |  0
| 999|0x00000000be700000, 0x00000000be700000, 0x00000000be800000|  0%| F|  |TAMS 0x00000000be700000| PB 0x00000000be700000| Untracked |  0
|1000|0x00000000be800000, 0x00000000be800000, 0x00000000be900000|  0%| F|  |TAMS 0x00000000be800000| PB 0x00000000be800000| Untracked |  0
|1001|0x00000000be900000, 0x00000000be900000, 0x00000000bea00000|  0%| F|  |TAMS 0x00000000be900000| PB 0x00000000be900000| Untracked |  0
|1002|0x00000000bea00000, 0x00000000bea00000, 0x00000000beb00000|  0%| F|  |TAMS 0x00000000bea00000| PB 0x00000000bea00000| Untracked |  0
|1003|0x00000000beb00000, 0x00000000beb00000, 0x00000000bec00000|  0%| F|  |TAMS 0x00000000beb00000| PB 0x00000000beb00000| Untracked |  0
|1004|0x00000000bec00000, 0x00000000bec00000, 0x00000000bed00000|  0%| F|  |TAMS 0x00000000bec00000| PB 0x00000000bec00000| Untracked |  0
|1005|0x00000000bed00000, 0x00000000bed00000, 0x00000000bee00000|  0%| F|  |TAMS 0x00000000bed00000| PB 0x00000000bed00000| Untracked |  0
|1006|0x00000000bee00000, 0x00000000bee00000, 0x00000000bef00000|  0%| F|  |TAMS 0x00000000bee00000| PB 0x00000000bee00000| Untracked |  0
|1007|0x00000000bef00000, 0x00000000bef00000, 0x00000000bf000000|  0%| F|  |TAMS 0x00000000bef00000| PB 0x00000000bef00000| Untracked |  0
|1008|0x00000000bf000000, 0x00000000bf000000, 0x00000000bf100000|  0%| F|  |TAMS 0x00000000bf000000| PB 0x00000000bf000000| Untracked |  0
|1009|0x00000000bf100000, 0x00000000bf100000, 0x00000000bf200000|  0%| F|  |TAMS 0x00000000bf100000| PB 0x00000000bf100000| Untracked |  0
|1010|0x00000000bf200000, 0x00000000bf200000, 0x00000000bf300000|  0%| F|  |TAMS 0x00000000bf200000| PB 0x00000000bf200000| Untracked |  0
|1011|0x00000000bf300000, 0x00000000bf400000, 0x00000000bf400000|100%| O|  |TAMS 0x00000000bf300000| PB 0x00000000bf300000| Untracked |  0
|1012|0x00000000bf400000, 0x00000000bf400000, 0x00000000bf500000|  0%| F|  |TAMS 0x00000000bf400000| PB 0x00000000bf400000| Untracked |  0
|1013|0x00000000bf500000, 0x00000000bf500000, 0x00000000bf600000|  0%| F|  |TAMS 0x00000000bf500000| PB 0x00000000bf500000| Untracked |  0
|1014|0x00000000bf600000, 0x00000000bf600000, 0x00000000bf700000|  0%| F|  |TAMS 0x00000000bf600000| PB 0x00000000bf600000| Untracked |  0
|1015|0x00000000bf700000, 0x00000000bf700000, 0x00000000bf800000|  0%| F|  |TAMS 0x00000000bf700000| PB 0x00000000bf700000| Untracked |  0
|1016|0x00000000bf800000, 0x00000000bf800000, 0x00000000bf900000|  0%| F|  |TAMS 0x00000000bf800000| PB 0x00000000bf800000| Untracked |  0
|1017|0x00000000bf900000, 0x00000000bf900000, 0x00000000bfa00000|  0%| F|  |TAMS 0x00000000bf900000| PB 0x00000000bf900000| Untracked |  0
|1018|0x00000000bfa00000, 0x00000000bfb00000, 0x00000000bfb00000|100%| O|  |TAMS 0x00000000bfa00000| PB 0x00000000bfa00000| Untracked |  0
|1019|0x00000000bfb00000, 0x00000000bfc00000, 0x00000000bfc00000|100%| O|  |TAMS 0x00000000bfb00000| PB 0x00000000bfb00000| Untracked |  0
|1020|0x00000000bfc00000, 0x00000000bfc00000, 0x00000000bfd00000|  0%| F|  |TAMS 0x00000000bfc00000| PB 0x00000000bfc00000| Untracked |  0
|1021|0x00000000bfd00000, 0x00000000bfd00000, 0x00000000bfe00000|  0%| F|  |TAMS 0x00000000bfd00000| PB 0x00000000bfd00000| Untracked |  0
|1022|0x00000000bfe00000, 0x00000000bfe00000, 0x00000000bff00000|  0%| F|  |TAMS 0x00000000bfe00000| PB 0x00000000bfe00000| Untracked |  0
|1023|0x00000000bff00000, 0x00000000bff00000, 0x00000000c0000000|  0%| F|  |TAMS 0x00000000bff00000| PB 0x00000000bff00000| Untracked |  0
|1024|0x00000000c0000000, 0x00000000c0000000, 0x00000000c0100000|  0%| F|  |TAMS 0x00000000c0000000| PB 0x00000000c0000000| Untracked |  0
|1025|0x00000000c0100000, 0x00000000c0100000, 0x00000000c0200000|  0%| F|  |TAMS 0x00000000c0100000| PB 0x00000000c0100000| Untracked |  0
|1026|0x00000000c0200000, 0x00000000c0200000, 0x00000000c0300000|  0%| F|  |TAMS 0x00000000c0200000| PB 0x00000000c0200000| Untracked |  0
|1027|0x00000000c0300000, 0x00000000c0300000, 0x00000000c0400000|  0%| F|  |TAMS 0x00000000c0300000| PB 0x00000000c0300000| Untracked |  0
|1028|0x00000000c0400000, 0x00000000c0400000, 0x00000000c0500000|  0%| F|  |TAMS 0x00000000c0400000| PB 0x00000000c0400000| Untracked |  0
|1029|0x00000000c0500000, 0x00000000c0500000, 0x00000000c0600000|  0%| F|  |TAMS 0x00000000c0500000| PB 0x00000000c0500000| Untracked |  0
|1030|0x00000000c0600000, 0x00000000c0600000, 0x00000000c0700000|  0%| F|  |TAMS 0x00000000c0600000| PB 0x00000000c0600000| Untracked |  0
|1031|0x00000000c0700000, 0x00000000c0700000, 0x00000000c0800000|  0%| F|  |TAMS 0x00000000c0700000| PB 0x00000000c0700000| Untracked |  0
|1032|0x00000000c0800000, 0x00000000c0800000, 0x00000000c0900000|  0%| F|  |TAMS 0x00000000c0800000| PB 0x00000000c0800000| Untracked |  0
|1033|0x00000000c0900000, 0x00000000c0900000, 0x00000000c0a00000|  0%| F|  |TAMS 0x00000000c0900000| PB 0x00000000c0900000| Untracked |  0
|1034|0x00000000c0a00000, 0x00000000c0a00000, 0x00000000c0b00000|  0%| F|  |TAMS 0x00000000c0a00000| PB 0x00000000c0a00000| Untracked |  0
|1035|0x00000000c0b00000, 0x00000000c0b00000, 0x00000000c0c00000|  0%| F|  |TAMS 0x00000000c0b00000| PB 0x00000000c0b00000| Untracked |  0
|1036|0x00000000c0c00000, 0x00000000c0c00000, 0x00000000c0d00000|  0%| F|  |TAMS 0x00000000c0c00000| PB 0x00000000c0c00000| Untracked |  0
|1037|0x00000000c0d00000, 0x00000000c0d00000, 0x00000000c0e00000|  0%| F|  |TAMS 0x00000000c0d00000| PB 0x00000000c0d00000| Untracked |  0
|1038|0x00000000c0e00000, 0x00000000c0e00000, 0x00000000c0f00000|  0%| F|  |TAMS 0x00000000c0e00000| PB 0x00000000c0e00000| Untracked |  0
|1039|0x00000000c0f00000, 0x00000000c0f00000, 0x00000000c1000000|  0%| F|  |TAMS 0x00000000c0f00000| PB 0x00000000c0f00000| Untracked |  0
|1040|0x00000000c1000000, 0x00000000c1000000, 0x00000000c1100000|  0%| F|  |TAMS 0x00000000c1000000| PB 0x00000000c1000000| Untracked |  0
|1041|0x00000000c1100000, 0x00000000c1100000, 0x00000000c1200000|  0%| F|  |TAMS 0x00000000c1100000| PB 0x00000000c1100000| Untracked |  0
|1042|0x00000000c1200000, 0x00000000c1200000, 0x00000000c1300000|  0%| F|  |TAMS 0x00000000c1200000| PB 0x00000000c1200000| Untracked |  0
|1043|0x00000000c1300000, 0x00000000c1300000, 0x00000000c1400000|  0%| F|  |TAMS 0x00000000c1300000| PB 0x00000000c1300000| Untracked |  0
|1044|0x00000000c1400000, 0x00000000c1400000, 0x00000000c1500000|  0%| F|  |TAMS 0x00000000c1400000| PB 0x00000000c1400000| Untracked |  0
|1045|0x00000000c1500000, 0x00000000c1500000, 0x00000000c1600000|  0%| F|  |TAMS 0x00000000c1500000| PB 0x00000000c1500000| Untracked |  0
|1046|0x00000000c1600000, 0x00000000c1600000, 0x00000000c1700000|  0%| F|  |TAMS 0x00000000c1600000| PB 0x00000000c1600000| Untracked |  0
|1047|0x00000000c1700000, 0x00000000c1700000, 0x00000000c1800000|  0%| F|  |TAMS 0x00000000c1700000| PB 0x00000000c1700000| Untracked |  0
|1048|0x00000000c1800000, 0x00000000c1800000, 0x00000000c1900000|  0%| F|  |TAMS 0x00000000c1800000| PB 0x00000000c1800000| Untracked |  0
|1049|0x00000000c1900000, 0x00000000c1900000, 0x00000000c1a00000|  0%| F|  |TAMS 0x00000000c1900000| PB 0x00000000c1900000| Untracked |  0
|1050|0x00000000c1a00000, 0x00000000c1a00000, 0x00000000c1b00000|  0%| F|  |TAMS 0x00000000c1a00000| PB 0x00000000c1a00000| Untracked |  0
|1051|0x00000000c1b00000, 0x00000000c1b00000, 0x00000000c1c00000|  0%| F|  |TAMS 0x00000000c1b00000| PB 0x00000000c1b00000| Untracked |  0
|1052|0x00000000c1c00000, 0x00000000c1c00000, 0x00000000c1d00000|  0%| F|  |TAMS 0x00000000c1c00000| PB 0x00000000c1c00000| Untracked |  0
|1053|0x00000000c1d00000, 0x00000000c1d00000, 0x00000000c1e00000|  0%| F|  |TAMS 0x00000000c1d00000| PB 0x00000000c1d00000| Untracked |  0
|1054|0x00000000c1e00000, 0x00000000c1e00000, 0x00000000c1f00000|  0%| F|  |TAMS 0x00000000c1e00000| PB 0x00000000c1e00000| Untracked |  0
|1055|0x00000000c1f00000, 0x00000000c1f00000, 0x00000000c2000000|  0%| F|  |TAMS 0x00000000c1f00000| PB 0x00000000c1f00000| Untracked |  0
|1056|0x00000000c2000000, 0x00000000c2000000, 0x00000000c2100000|  0%| F|  |TAMS 0x00000000c2000000| PB 0x00000000c2000000| Untracked |  0
|1057|0x00000000c2100000, 0x00000000c2100000, 0x00000000c2200000|  0%| F|  |TAMS 0x00000000c2100000| PB 0x00000000c2100000| Untracked |  0
|1058|0x00000000c2200000, 0x00000000c2200000, 0x00000000c2300000|  0%| F|  |TAMS 0x00000000c2200000| PB 0x00000000c2200000| Untracked |  0
|1059|0x00000000c2300000, 0x00000000c2300000, 0x00000000c2400000|  0%| F|  |TAMS 0x00000000c2300000| PB 0x00000000c2300000| Untracked |  0
|1060|0x00000000c2400000, 0x00000000c2400000, 0x00000000c2500000|  0%| F|  |TAMS 0x00000000c2400000| PB 0x00000000c2400000| Untracked |  0
|1061|0x00000000c2500000, 0x00000000c2500000, 0x00000000c2600000|  0%| F|  |TAMS 0x00000000c2500000| PB 0x00000000c2500000| Untracked |  0
|1062|0x00000000c2600000, 0x00000000c2600000, 0x00000000c2700000|  0%| F|  |TAMS 0x00000000c2600000| PB 0x00000000c2600000| Untracked |  0
|1063|0x00000000c2700000, 0x00000000c2700000, 0x00000000c2800000|  0%| F|  |TAMS 0x00000000c2700000| PB 0x00000000c2700000| Untracked |  0
|1064|0x00000000c2800000, 0x00000000c2800000, 0x00000000c2900000|  0%| F|  |TAMS 0x00000000c2800000| PB 0x00000000c2800000| Untracked |  0
|1065|0x00000000c2900000, 0x00000000c2900000, 0x00000000c2a00000|  0%| F|  |TAMS 0x00000000c2900000| PB 0x00000000c2900000| Untracked |  0
|1066|0x00000000c2a00000, 0x00000000c2a00000, 0x00000000c2b00000|  0%| F|  |TAMS 0x00000000c2a00000| PB 0x00000000c2a00000| Untracked |  0
|1067|0x00000000c2b00000, 0x00000000c2b00000, 0x00000000c2c00000|  0%| F|  |TAMS 0x00000000c2b00000| PB 0x00000000c2b00000| Untracked |  0
|1068|0x00000000c2c00000, 0x00000000c2c00000, 0x00000000c2d00000|  0%| F|  |TAMS 0x00000000c2c00000| PB 0x00000000c2c00000| Untracked |  0
|1069|0x00000000c2d00000, 0x00000000c2d00000, 0x00000000c2e00000|  0%| F|  |TAMS 0x00000000c2d00000| PB 0x00000000c2d00000| Untracked |  0
|1070|0x00000000c2e00000, 0x00000000c2e00000, 0x00000000c2f00000|  0%| F|  |TAMS 0x00000000c2e00000| PB 0x00000000c2e00000| Untracked |  0
|1071|0x00000000c2f00000, 0x00000000c2f00000, 0x00000000c3000000|  0%| F|  |TAMS 0x00000000c2f00000| PB 0x00000000c2f00000| Untracked |  0
|1072|0x00000000c3000000, 0x00000000c3000000, 0x00000000c3100000|  0%| F|  |TAMS 0x00000000c3000000| PB 0x00000000c3000000| Untracked |  0
|1073|0x00000000c3100000, 0x00000000c3100000, 0x00000000c3200000|  0%| F|  |TAMS 0x00000000c3100000| PB 0x00000000c3100000| Untracked |  0
|1074|0x00000000c3200000, 0x00000000c3200000, 0x00000000c3300000|  0%| F|  |TAMS 0x00000000c3200000| PB 0x00000000c3200000| Untracked |  0
|1075|0x00000000c3300000, 0x00000000c3300000, 0x00000000c3400000|  0%| F|  |TAMS 0x00000000c3300000| PB 0x00000000c3300000| Untracked |  0
|1076|0x00000000c3400000, 0x00000000c34d7a80, 0x00000000c3500000| 84%| E|  |TAMS 0x00000000c3400000| PB 0x00000000c3400000| Complete |  0
|1077|0x00000000c3500000, 0x00000000c3600000, 0x00000000c3600000|100%| E|CS|TAMS 0x00000000c3500000| PB 0x00000000c3500000| Complete |  0
|1078|0x00000000c3600000, 0x00000000c3700000, 0x00000000c3700000|100%| E|CS|TAMS 0x00000000c3600000| PB 0x00000000c3600000| Complete |  0
|1079|0x00000000c3700000, 0x00000000c3800000, 0x00000000c3800000|100%| E|CS|TAMS 0x00000000c3700000| PB 0x00000000c3700000| Complete |  0
|1080|0x00000000c3800000, 0x00000000c3900000, 0x00000000c3900000|100%| E|CS|TAMS 0x00000000c3800000| PB 0x00000000c3800000| Complete |  0
|1081|0x00000000c3900000, 0x00000000c3a00000, 0x00000000c3a00000|100%| E|CS|TAMS 0x00000000c3900000| PB 0x00000000c3900000| Complete |  0
|1082|0x00000000c3a00000, 0x00000000c3b00000, 0x00000000c3b00000|100%| E|CS|TAMS 0x00000000c3a00000| PB 0x00000000c3a00000| Complete |  0
|1083|0x00000000c3b00000, 0x00000000c3c00000, 0x00000000c3c00000|100%| E|CS|TAMS 0x00000000c3b00000| PB 0x00000000c3b00000| Complete |  0
|1084|0x00000000c3c00000, 0x00000000c3d00000, 0x00000000c3d00000|100%| E|CS|TAMS 0x00000000c3c00000| PB 0x00000000c3c00000| Complete |  0
|1085|0x00000000c3d00000, 0x00000000c3e00000, 0x00000000c3e00000|100%| E|CS|TAMS 0x00000000c3d00000| PB 0x00000000c3d00000| Complete |  0
|1086|0x00000000c3e00000, 0x00000000c3f00000, 0x00000000c3f00000|100%| E|CS|TAMS 0x00000000c3e00000| PB 0x00000000c3e00000| Complete |  0
|1087|0x00000000c3f00000, 0x00000000c4000000, 0x00000000c4000000|100%| E|CS|TAMS 0x00000000c3f00000| PB 0x00000000c3f00000| Complete |  0
|1088|0x00000000c4000000, 0x00000000c4100000, 0x00000000c4100000|100%| E|CS|TAMS 0x00000000c4000000| PB 0x00000000c4000000| Complete |  0
|1089|0x00000000c4100000, 0x00000000c4200000, 0x00000000c4200000|100%| E|CS|TAMS 0x00000000c4100000| PB 0x00000000c4100000| Complete |  0
|1090|0x00000000c4200000, 0x00000000c4300000, 0x00000000c4300000|100%| E|CS|TAMS 0x00000000c4200000| PB 0x00000000c4200000| Complete |  0
|1091|0x00000000c4300000, 0x00000000c4400000, 0x00000000c4400000|100%| E|CS|TAMS 0x00000000c4300000| PB 0x00000000c4300000| Complete |  0
|1092|0x00000000c4400000, 0x00000000c4500000, 0x00000000c4500000|100%| E|CS|TAMS 0x00000000c4400000| PB 0x00000000c4400000| Complete |  0
|1093|0x00000000c4500000, 0x00000000c4600000, 0x00000000c4600000|100%| E|CS|TAMS 0x00000000c4500000| PB 0x00000000c4500000| Complete |  0
|1094|0x00000000c4600000, 0x00000000c4700000, 0x00000000c4700000|100%| E|CS|TAMS 0x00000000c4600000| PB 0x00000000c4600000| Complete |  0
|1095|0x00000000c4700000, 0x00000000c4800000, 0x00000000c4800000|100%| E|CS|TAMS 0x00000000c4700000| PB 0x00000000c4700000| Complete |  0
|1096|0x00000000c4800000, 0x00000000c4900000, 0x00000000c4900000|100%| E|CS|TAMS 0x00000000c4800000| PB 0x00000000c4800000| Complete |  0
|1097|0x00000000c4900000, 0x00000000c4a00000, 0x00000000c4a00000|100%| E|CS|TAMS 0x00000000c4900000| PB 0x00000000c4900000| Complete |  0
|1098|0x00000000c4a00000, 0x00000000c4b00000, 0x00000000c4b00000|100%| E|CS|TAMS 0x00000000c4a00000| PB 0x00000000c4a00000| Complete |  0
|1099|0x00000000c4b00000, 0x00000000c4c00000, 0x00000000c4c00000|100%| E|CS|TAMS 0x00000000c4b00000| PB 0x00000000c4b00000| Complete |  0
|1100|0x00000000c4c00000, 0x00000000c4d00000, 0x00000000c4d00000|100%| E|CS|TAMS 0x00000000c4c00000| PB 0x00000000c4c00000| Complete |  0
|1101|0x00000000c4d00000, 0x00000000c4e00000, 0x00000000c4e00000|100%| E|CS|TAMS 0x00000000c4d00000| PB 0x00000000c4d00000| Complete |  0
|1102|0x00000000c4e00000, 0x00000000c4f00000, 0x00000000c4f00000|100%| E|CS|TAMS 0x00000000c4e00000| PB 0x00000000c4e00000| Complete |  0
|1103|0x00000000c4f00000, 0x00000000c5000000, 0x00000000c5000000|100%| E|CS|TAMS 0x00000000c4f00000| PB 0x00000000c4f00000| Complete |  0
|1104|0x00000000c5000000, 0x00000000c5100000, 0x00000000c5100000|100%| E|CS|TAMS 0x00000000c5000000| PB 0x00000000c5000000| Complete |  0
|1105|0x00000000c5100000, 0x00000000c5200000, 0x00000000c5200000|100%| E|CS|TAMS 0x00000000c5100000| PB 0x00000000c5100000| Complete |  0
|1106|0x00000000c5200000, 0x00000000c5300000, 0x00000000c5300000|100%| E|CS|TAMS 0x00000000c5200000| PB 0x00000000c5200000| Complete |  0
|1107|0x00000000c5300000, 0x00000000c5400000, 0x00000000c5400000|100%| E|CS|TAMS 0x00000000c5300000| PB 0x00000000c5300000| Complete |  0
|1108|0x00000000c5400000, 0x00000000c5500000, 0x00000000c5500000|100%| E|CS|TAMS 0x00000000c5400000| PB 0x00000000c5400000| Complete |  0
|1109|0x00000000c5500000, 0x00000000c5600000, 0x00000000c5600000|100%| E|CS|TAMS 0x00000000c5500000| PB 0x00000000c5500000| Complete |  0
|1110|0x00000000c5600000, 0x00000000c5700000, 0x00000000c5700000|100%| E|CS|TAMS 0x00000000c5600000| PB 0x00000000c5600000| Complete |  0
|1111|0x00000000c5700000, 0x00000000c5800000, 0x00000000c5800000|100%| E|CS|TAMS 0x00000000c5700000| PB 0x00000000c5700000| Complete |  0
|1112|0x00000000c5800000, 0x00000000c5900000, 0x00000000c5900000|100%| E|CS|TAMS 0x00000000c5800000| PB 0x00000000c5800000| Complete |  0
|1113|0x00000000c5900000, 0x00000000c5a00000, 0x00000000c5a00000|100%| E|CS|TAMS 0x00000000c5900000| PB 0x00000000c5900000| Complete |  0
|1114|0x00000000c5a00000, 0x00000000c5b00000, 0x00000000c5b00000|100%| E|CS|TAMS 0x00000000c5a00000| PB 0x00000000c5a00000| Complete |  0
|1115|0x00000000c5b00000, 0x00000000c5c00000, 0x00000000c5c00000|100%| E|CS|TAMS 0x00000000c5b00000| PB 0x00000000c5b00000| Complete |  0
|1116|0x00000000c5c00000, 0x00000000c5d00000, 0x00000000c5d00000|100%| E|CS|TAMS 0x00000000c5c00000| PB 0x00000000c5c00000| Complete |  0
|1117|0x00000000c5d00000, 0x00000000c5e00000, 0x00000000c5e00000|100%| E|CS|TAMS 0x00000000c5d00000| PB 0x00000000c5d00000| Complete |  0
|1118|0x00000000c5e00000, 0x00000000c5f00000, 0x00000000c5f00000|100%| E|CS|TAMS 0x00000000c5e00000| PB 0x00000000c5e00000| Complete |  0
|1119|0x00000000c5f00000, 0x00000000c6000000, 0x00000000c6000000|100%| E|CS|TAMS 0x00000000c5f00000| PB 0x00000000c5f00000| Complete |  0
|1120|0x00000000c6000000, 0x00000000c6100000, 0x00000000c6100000|100%| E|CS|TAMS 0x00000000c6000000| PB 0x00000000c6000000| Complete |  0
|1121|0x00000000c6100000, 0x00000000c6200000, 0x00000000c6200000|100%| E|CS|TAMS 0x00000000c6100000| PB 0x00000000c6100000| Complete |  0
|1122|0x00000000c6200000, 0x00000000c6300000, 0x00000000c6300000|100%| E|CS|TAMS 0x00000000c6200000| PB 0x00000000c6200000| Complete |  0
|1123|0x00000000c6300000, 0x00000000c6400000, 0x00000000c6400000|100%| E|CS|TAMS 0x00000000c6300000| PB 0x00000000c6300000| Complete |  0
|1124|0x00000000c6400000, 0x00000000c6500000, 0x00000000c6500000|100%| E|CS|TAMS 0x00000000c6400000| PB 0x00000000c6400000| Complete |  0
|1125|0x00000000c6500000, 0x00000000c6600000, 0x00000000c6600000|100%| E|CS|TAMS 0x00000000c6500000| PB 0x00000000c6500000| Complete |  0
|1126|0x00000000c6600000, 0x00000000c6700000, 0x00000000c6700000|100%| E|CS|TAMS 0x00000000c6600000| PB 0x00000000c6600000| Complete |  0
|1127|0x00000000c6700000, 0x00000000c6800000, 0x00000000c6800000|100%| E|CS|TAMS 0x00000000c6700000| PB 0x00000000c6700000| Complete |  0
|1128|0x00000000c6800000, 0x00000000c6900000, 0x00000000c6900000|100%| E|CS|TAMS 0x00000000c6800000| PB 0x00000000c6800000| Complete |  0
|1129|0x00000000c6900000, 0x00000000c6a00000, 0x00000000c6a00000|100%| E|CS|TAMS 0x00000000c6900000| PB 0x00000000c6900000| Complete |  0
|1130|0x00000000c6a00000, 0x00000000c6b00000, 0x00000000c6b00000|100%| E|CS|TAMS 0x00000000c6a00000| PB 0x00000000c6a00000| Complete |  0
|1131|0x00000000c6b00000, 0x00000000c6c00000, 0x00000000c6c00000|100%| E|CS|TAMS 0x00000000c6b00000| PB 0x00000000c6b00000| Complete |  0
|1132|0x00000000c6c00000, 0x00000000c6d00000, 0x00000000c6d00000|100%| E|CS|TAMS 0x00000000c6c00000| PB 0x00000000c6c00000| Complete |  0
|1133|0x00000000c6d00000, 0x00000000c6e00000, 0x00000000c6e00000|100%| E|CS|TAMS 0x00000000c6d00000| PB 0x00000000c6d00000| Complete |  0
|1134|0x00000000c6e00000, 0x00000000c6f00000, 0x00000000c6f00000|100%| E|CS|TAMS 0x00000000c6e00000| PB 0x00000000c6e00000| Complete |  0
|1135|0x00000000c6f00000, 0x00000000c7000000, 0x00000000c7000000|100%| E|CS|TAMS 0x00000000c6f00000| PB 0x00000000c6f00000| Complete |  0
|1136|0x00000000c7000000, 0x00000000c7100000, 0x00000000c7100000|100%| E|CS|TAMS 0x00000000c7000000| PB 0x00000000c7000000| Complete |  0
|1137|0x00000000c7100000, 0x00000000c7200000, 0x00000000c7200000|100%| E|CS|TAMS 0x00000000c7100000| PB 0x00000000c7100000| Complete |  0
|1138|0x00000000c7200000, 0x00000000c7300000, 0x00000000c7300000|100%| E|CS|TAMS 0x00000000c7200000| PB 0x00000000c7200000| Complete |  0
|1139|0x00000000c7300000, 0x00000000c7400000, 0x00000000c7400000|100%| E|CS|TAMS 0x00000000c7300000| PB 0x00000000c7300000| Complete |  0
|1140|0x00000000c7400000, 0x00000000c7500000, 0x00000000c7500000|100%| E|CS|TAMS 0x00000000c7400000| PB 0x00000000c7400000| Complete |  0
|1141|0x00000000c7500000, 0x00000000c7600000, 0x00000000c7600000|100%| E|CS|TAMS 0x00000000c7500000| PB 0x00000000c7500000| Complete |  0
|1142|0x00000000c7600000, 0x00000000c7700000, 0x00000000c7700000|100%| E|CS|TAMS 0x00000000c7600000| PB 0x00000000c7600000| Complete |  0
|1143|0x00000000c7700000, 0x00000000c7800000, 0x00000000c7800000|100%| E|CS|TAMS 0x00000000c7700000| PB 0x00000000c7700000| Complete |  0
|1144|0x00000000c7800000, 0x00000000c7900000, 0x00000000c7900000|100%| E|CS|TAMS 0x00000000c7800000| PB 0x00000000c7800000| Complete |  0
|1145|0x00000000c7900000, 0x00000000c7a00000, 0x00000000c7a00000|100%| E|CS|TAMS 0x00000000c7900000| PB 0x00000000c7900000| Complete |  0
|1146|0x00000000c7a00000, 0x00000000c7b00000, 0x00000000c7b00000|100%| E|CS|TAMS 0x00000000c7a00000| PB 0x00000000c7a00000| Complete |  0
|1147|0x00000000c7b00000, 0x00000000c7c00000, 0x00000000c7c00000|100%| E|CS|TAMS 0x00000000c7b00000| PB 0x00000000c7b00000| Complete |  0
|1148|0x00000000c7c00000, 0x00000000c7d00000, 0x00000000c7d00000|100%| E|CS|TAMS 0x00000000c7c00000| PB 0x00000000c7c00000| Complete |  0
|1149|0x00000000c7d00000, 0x00000000c7e00000, 0x00000000c7e00000|100%| E|CS|TAMS 0x00000000c7d00000| PB 0x00000000c7d00000| Complete |  0
|1150|0x00000000c7e00000, 0x00000000c7f00000, 0x00000000c7f00000|100%| E|CS|TAMS 0x00000000c7e00000| PB 0x00000000c7e00000| Complete |  0
|1151|0x00000000c7f00000, 0x00000000c8000000, 0x00000000c8000000|100%| E|  |TAMS 0x00000000c7f00000| PB 0x00000000c7f00000| Complete |  0
|1152|0x00000000c8000000, 0x00000000c8100000, 0x00000000c8100000|100%| E|CS|TAMS 0x00000000c8000000| PB 0x00000000c8000000| Complete |  0
|1153|0x00000000c8100000, 0x00000000c8200000, 0x00000000c8200000|100%| E|CS|TAMS 0x00000000c8100000| PB 0x00000000c8100000| Complete |  0
|1154|0x00000000c8200000, 0x00000000c8300000, 0x00000000c8300000|100%| E|CS|TAMS 0x00000000c8200000| PB 0x00000000c8200000| Complete |  0
|1155|0x00000000c8300000, 0x00000000c8400000, 0x00000000c8400000|100%| E|CS|TAMS 0x00000000c8300000| PB 0x00000000c8300000| Complete |  0
|1156|0x00000000c8400000, 0x00000000c8500000, 0x00000000c8500000|100%| E|CS|TAMS 0x00000000c8400000| PB 0x00000000c8400000| Complete |  0
|1157|0x00000000c8500000, 0x00000000c8600000, 0x00000000c8600000|100%| E|CS|TAMS 0x00000000c8500000| PB 0x00000000c8500000| Complete |  0
|1158|0x00000000c8600000, 0x00000000c8700000, 0x00000000c8700000|100%| E|CS|TAMS 0x00000000c8600000| PB 0x00000000c8600000| Complete |  0
|1159|0x00000000c8700000, 0x00000000c8800000, 0x00000000c8800000|100%| E|CS|TAMS 0x00000000c8700000| PB 0x00000000c8700000| Complete |  0
|1160|0x00000000c8800000, 0x00000000c8900000, 0x00000000c8900000|100%| E|CS|TAMS 0x00000000c8800000| PB 0x00000000c8800000| Complete |  0
|1161|0x00000000c8900000, 0x00000000c8a00000, 0x00000000c8a00000|100%| E|CS|TAMS 0x00000000c8900000| PB 0x00000000c8900000| Complete |  0
|1162|0x00000000c8a00000, 0x00000000c8b00000, 0x00000000c8b00000|100%| E|CS|TAMS 0x00000000c8a00000| PB 0x00000000c8a00000| Complete |  0
|1163|0x00000000c8b00000, 0x00000000c8c00000, 0x00000000c8c00000|100%| E|CS|TAMS 0x00000000c8b00000| PB 0x00000000c8b00000| Complete |  0
|1164|0x00000000c8c00000, 0x00000000c8d00000, 0x00000000c8d00000|100%| E|CS|TAMS 0x00000000c8c00000| PB 0x00000000c8c00000| Complete |  0
|1165|0x00000000c8d00000, 0x00000000c8e00000, 0x00000000c8e00000|100%| E|CS|TAMS 0x00000000c8d00000| PB 0x00000000c8d00000| Complete |  0
|1166|0x00000000c8e00000, 0x00000000c8f00000, 0x00000000c8f00000|100%| E|CS|TAMS 0x00000000c8e00000| PB 0x00000000c8e00000| Complete |  0
|1167|0x00000000c8f00000, 0x00000000c9000000, 0x00000000c9000000|100%| E|CS|TAMS 0x00000000c8f00000| PB 0x00000000c8f00000| Complete |  0
|1168|0x00000000c9000000, 0x00000000c9100000, 0x00000000c9100000|100%| E|CS|TAMS 0x00000000c9000000| PB 0x00000000c9000000| Complete |  0
|1169|0x00000000c9100000, 0x00000000c9200000, 0x00000000c9200000|100%| E|CS|TAMS 0x00000000c9100000| PB 0x00000000c9100000| Complete |  0
|1170|0x00000000c9200000, 0x00000000c9300000, 0x00000000c9300000|100%| E|CS|TAMS 0x00000000c9200000| PB 0x00000000c9200000| Complete |  0
|1171|0x00000000c9300000, 0x00000000c9400000, 0x00000000c9400000|100%| E|CS|TAMS 0x00000000c9300000| PB 0x00000000c9300000| Complete |  0
|1172|0x00000000c9400000, 0x00000000c9500000, 0x00000000c9500000|100%| E|CS|TAMS 0x00000000c9400000| PB 0x00000000c9400000| Complete |  0
|1173|0x00000000c9500000, 0x00000000c9600000, 0x00000000c9600000|100%| E|CS|TAMS 0x00000000c9500000| PB 0x00000000c9500000| Complete |  0
|1174|0x00000000c9600000, 0x00000000c9700000, 0x00000000c9700000|100%| E|CS|TAMS 0x00000000c9600000| PB 0x00000000c9600000| Complete |  0
|1175|0x00000000c9700000, 0x00000000c9800000, 0x00000000c9800000|100%| E|CS|TAMS 0x00000000c9700000| PB 0x00000000c9700000| Complete |  0
|1176|0x00000000c9800000, 0x00000000c9900000, 0x00000000c9900000|100%| E|CS|TAMS 0x00000000c9800000| PB 0x00000000c9800000| Complete |  0
|1177|0x00000000c9900000, 0x00000000c9a00000, 0x00000000c9a00000|100%| E|CS|TAMS 0x00000000c9900000| PB 0x00000000c9900000| Complete |  0
|1178|0x00000000c9a00000, 0x00000000c9b00000, 0x00000000c9b00000|100%| E|CS|TAMS 0x00000000c9a00000| PB 0x00000000c9a00000| Complete |  0
|1179|0x00000000c9b00000, 0x00000000c9c00000, 0x00000000c9c00000|100%| E|CS|TAMS 0x00000000c9b00000| PB 0x00000000c9b00000| Complete |  0
|1180|0x00000000c9c00000, 0x00000000c9d00000, 0x00000000c9d00000|100%| E|CS|TAMS 0x00000000c9c00000| PB 0x00000000c9c00000| Complete |  0
|1181|0x00000000c9d00000, 0x00000000c9e00000, 0x00000000c9e00000|100%| E|CS|TAMS 0x00000000c9d00000| PB 0x00000000c9d00000| Complete |  0
|1182|0x00000000c9e00000, 0x00000000c9f00000, 0x00000000c9f00000|100%| E|CS|TAMS 0x00000000c9e00000| PB 0x00000000c9e00000| Complete |  0
|1183|0x00000000c9f00000, 0x00000000ca000000, 0x00000000ca000000|100%| E|CS|TAMS 0x00000000c9f00000| PB 0x00000000c9f00000| Complete |  0
|1184|0x00000000ca000000, 0x00000000ca100000, 0x00000000ca100000|100%| E|CS|TAMS 0x00000000ca000000| PB 0x00000000ca000000| Complete |  0
|1185|0x00000000ca100000, 0x00000000ca200000, 0x00000000ca200000|100%| E|CS|TAMS 0x00000000ca100000| PB 0x00000000ca100000| Complete |  0
|1186|0x00000000ca200000, 0x00000000ca300000, 0x00000000ca300000|100%| E|CS|TAMS 0x00000000ca200000| PB 0x00000000ca200000| Complete |  0
|1187|0x00000000ca300000, 0x00000000ca400000, 0x00000000ca400000|100%| E|CS|TAMS 0x00000000ca300000| PB 0x00000000ca300000| Complete |  0
|1188|0x00000000ca400000, 0x00000000ca500000, 0x00000000ca500000|100%| E|CS|TAMS 0x00000000ca400000| PB 0x00000000ca400000| Complete |  0
|1189|0x00000000ca500000, 0x00000000ca600000, 0x00000000ca600000|100%| E|CS|TAMS 0x00000000ca500000| PB 0x00000000ca500000| Complete |  0
|1190|0x00000000ca600000, 0x00000000ca700000, 0x00000000ca700000|100%| E|CS|TAMS 0x00000000ca600000| PB 0x00000000ca600000| Complete |  0
|1191|0x00000000ca700000, 0x00000000ca800000, 0x00000000ca800000|100%| E|CS|TAMS 0x00000000ca700000| PB 0x00000000ca700000| Complete |  0
|1192|0x00000000ca800000, 0x00000000ca900000, 0x00000000ca900000|100%| E|CS|TAMS 0x00000000ca800000| PB 0x00000000ca800000| Complete |  0
|1193|0x00000000ca900000, 0x00000000caa00000, 0x00000000caa00000|100%| E|CS|TAMS 0x00000000ca900000| PB 0x00000000ca900000| Complete |  0
|1194|0x00000000caa00000, 0x00000000cab00000, 0x00000000cab00000|100%| E|CS|TAMS 0x00000000caa00000| PB 0x00000000caa00000| Complete |  0
|1195|0x00000000cab00000, 0x00000000cac00000, 0x00000000cac00000|100%| E|CS|TAMS 0x00000000cab00000| PB 0x00000000cab00000| Complete |  0
|1196|0x00000000cac00000, 0x00000000cad00000, 0x00000000cad00000|100%| E|CS|TAMS 0x00000000cac00000| PB 0x00000000cac00000| Complete |  0
|1197|0x00000000cad00000, 0x00000000cae00000, 0x00000000cae00000|100%| E|CS|TAMS 0x00000000cad00000| PB 0x00000000cad00000| Complete |  0
|1198|0x00000000cae00000, 0x00000000caf00000, 0x00000000caf00000|100%| E|CS|TAMS 0x00000000cae00000| PB 0x00000000cae00000| Complete |  0
|1199|0x00000000caf00000, 0x00000000cb000000, 0x00000000cb000000|100%| E|CS|TAMS 0x00000000caf00000| PB 0x00000000caf00000| Complete |  0
|1200|0x00000000cb000000, 0x00000000cb100000, 0x00000000cb100000|100%| E|CS|TAMS 0x00000000cb000000| PB 0x00000000cb000000| Complete |  0
|1201|0x00000000cb100000, 0x00000000cb200000, 0x00000000cb200000|100%| E|CS|TAMS 0x00000000cb100000| PB 0x00000000cb100000| Complete |  0
|1202|0x00000000cb200000, 0x00000000cb300000, 0x00000000cb300000|100%| E|CS|TAMS 0x00000000cb200000| PB 0x00000000cb200000| Complete |  0
|1203|0x00000000cb300000, 0x00000000cb400000, 0x00000000cb400000|100%| E|CS|TAMS 0x00000000cb300000| PB 0x00000000cb300000| Complete |  0
|1204|0x00000000cb400000, 0x00000000cb500000, 0x00000000cb500000|100%| E|CS|TAMS 0x00000000cb400000| PB 0x00000000cb400000| Complete |  0
|1205|0x00000000cb500000, 0x00000000cb600000, 0x00000000cb600000|100%| E|CS|TAMS 0x00000000cb500000| PB 0x00000000cb500000| Complete |  0
|1206|0x00000000cb600000, 0x00000000cb700000, 0x00000000cb700000|100%| E|CS|TAMS 0x00000000cb600000| PB 0x00000000cb600000| Complete |  0
|1207|0x00000000cb700000, 0x00000000cb800000, 0x00000000cb800000|100%| E|CS|TAMS 0x00000000cb700000| PB 0x00000000cb700000| Complete |  0
|1208|0x00000000cb800000, 0x00000000cb900000, 0x00000000cb900000|100%| E|CS|TAMS 0x00000000cb800000| PB 0x00000000cb800000| Complete |  0
|1209|0x00000000cb900000, 0x00000000cba00000, 0x00000000cba00000|100%| E|CS|TAMS 0x00000000cb900000| PB 0x00000000cb900000| Complete |  0
|1210|0x00000000cba00000, 0x00000000cbb00000, 0x00000000cbb00000|100%| E|CS|TAMS 0x00000000cba00000| PB 0x00000000cba00000| Complete |  0
|1211|0x00000000cbb00000, 0x00000000cbc00000, 0x00000000cbc00000|100%| E|CS|TAMS 0x00000000cbb00000| PB 0x00000000cbb00000| Complete |  0
|1212|0x00000000cbc00000, 0x00000000cbd00000, 0x00000000cbd00000|100%| E|CS|TAMS 0x00000000cbc00000| PB 0x00000000cbc00000| Complete |  0
|1213|0x00000000cbd00000, 0x00000000cbe00000, 0x00000000cbe00000|100%| E|CS|TAMS 0x00000000cbd00000| PB 0x00000000cbd00000| Complete |  0
|1214|0x00000000cbe00000, 0x00000000cbf00000, 0x00000000cbf00000|100%| E|CS|TAMS 0x00000000cbe00000| PB 0x00000000cbe00000| Complete |  0
|1215|0x00000000cbf00000, 0x00000000cc000000, 0x00000000cc000000|100%| E|CS|TAMS 0x00000000cbf00000| PB 0x00000000cbf00000| Complete |  0
|1216|0x00000000cc000000, 0x00000000cc100000, 0x00000000cc100000|100%| E|CS|TAMS 0x00000000cc000000| PB 0x00000000cc000000| Complete |  0
|1217|0x00000000cc100000, 0x00000000cc200000, 0x00000000cc200000|100%| E|CS|TAMS 0x00000000cc100000| PB 0x00000000cc100000| Complete |  0
|1218|0x00000000cc200000, 0x00000000cc300000, 0x00000000cc300000|100%| E|CS|TAMS 0x00000000cc200000| PB 0x00000000cc200000| Complete |  0
|1219|0x00000000cc300000, 0x00000000cc400000, 0x00000000cc400000|100%| E|CS|TAMS 0x00000000cc300000| PB 0x00000000cc300000| Complete |  0
|1220|0x00000000cc400000, 0x00000000cc500000, 0x00000000cc500000|100%| E|CS|TAMS 0x00000000cc400000| PB 0x00000000cc400000| Complete |  0
|1221|0x00000000cc500000, 0x00000000cc600000, 0x00000000cc600000|100%| E|CS|TAMS 0x00000000cc500000| PB 0x00000000cc500000| Complete |  0
|1222|0x00000000cc600000, 0x00000000cc700000, 0x00000000cc700000|100%| E|CS|TAMS 0x00000000cc600000| PB 0x00000000cc600000| Complete |  0
|1223|0x00000000cc700000, 0x00000000cc800000, 0x00000000cc800000|100%| E|CS|TAMS 0x00000000cc700000| PB 0x00000000cc700000| Complete |  0
|1224|0x00000000cc800000, 0x00000000cc900000, 0x00000000cc900000|100%| E|CS|TAMS 0x00000000cc800000| PB 0x00000000cc800000| Complete |  0
|1225|0x00000000cc900000, 0x00000000cca00000, 0x00000000cca00000|100%| E|CS|TAMS 0x00000000cc900000| PB 0x00000000cc900000| Complete |  0
|1226|0x00000000cca00000, 0x00000000ccb00000, 0x00000000ccb00000|100%| E|CS|TAMS 0x00000000cca00000| PB 0x00000000cca00000| Complete |  0
|1227|0x00000000ccb00000, 0x00000000ccc00000, 0x00000000ccc00000|100%| E|CS|TAMS 0x00000000ccb00000| PB 0x00000000ccb00000| Complete |  0
|1228|0x00000000ccc00000, 0x00000000ccd00000, 0x00000000ccd00000|100%| E|CS|TAMS 0x00000000ccc00000| PB 0x00000000ccc00000| Complete |  0
|1229|0x00000000ccd00000, 0x00000000cce00000, 0x00000000cce00000|100%| E|CS|TAMS 0x00000000ccd00000| PB 0x00000000ccd00000| Complete |  0
|1230|0x00000000cce00000, 0x00000000ccf00000, 0x00000000ccf00000|100%| E|CS|TAMS 0x00000000cce00000| PB 0x00000000cce00000| Complete |  0
|1231|0x00000000ccf00000, 0x00000000cd000000, 0x00000000cd000000|100%| E|CS|TAMS 0x00000000ccf00000| PB 0x00000000ccf00000| Complete |  0
|1232|0x00000000cd000000, 0x00000000cd100000, 0x00000000cd100000|100%| E|CS|TAMS 0x00000000cd000000| PB 0x00000000cd000000| Complete |  0
|1233|0x00000000cd100000, 0x00000000cd200000, 0x00000000cd200000|100%| E|CS|TAMS 0x00000000cd100000| PB 0x00000000cd100000| Complete |  0
|1234|0x00000000cd200000, 0x00000000cd300000, 0x00000000cd300000|100%| E|CS|TAMS 0x00000000cd200000| PB 0x00000000cd200000| Complete |  0
|1235|0x00000000cd300000, 0x00000000cd400000, 0x00000000cd400000|100%| E|CS|TAMS 0x00000000cd300000| PB 0x00000000cd300000| Complete |  0
|1236|0x00000000cd400000, 0x00000000cd500000, 0x00000000cd500000|100%| E|CS|TAMS 0x00000000cd400000| PB 0x00000000cd400000| Complete |  0
|1237|0x00000000cd500000, 0x00000000cd600000, 0x00000000cd600000|100%| E|CS|TAMS 0x00000000cd500000| PB 0x00000000cd500000| Complete |  0
|1238|0x00000000cd600000, 0x00000000cd700000, 0x00000000cd700000|100%| E|CS|TAMS 0x00000000cd600000| PB 0x00000000cd600000| Complete |  0
|1239|0x00000000cd700000, 0x00000000cd800000, 0x00000000cd800000|100%| E|CS|TAMS 0x00000000cd700000| PB 0x00000000cd700000| Complete |  0
|1240|0x00000000cd800000, 0x00000000cd900000, 0x00000000cd900000|100%| E|CS|TAMS 0x00000000cd800000| PB 0x00000000cd800000| Complete |  0
|1241|0x00000000cd900000, 0x00000000cda00000, 0x00000000cda00000|100%| E|CS|TAMS 0x00000000cd900000| PB 0x00000000cd900000| Complete |  0
|1242|0x00000000cda00000, 0x00000000cdb00000, 0x00000000cdb00000|100%| E|CS|TAMS 0x00000000cda00000| PB 0x00000000cda00000| Complete |  0
|1243|0x00000000cdb00000, 0x00000000cdc00000, 0x00000000cdc00000|100%| E|CS|TAMS 0x00000000cdb00000| PB 0x00000000cdb00000| Complete |  0
|1244|0x00000000cdc00000, 0x00000000cdd00000, 0x00000000cdd00000|100%| E|CS|TAMS 0x00000000cdc00000| PB 0x00000000cdc00000| Complete |  0
|1245|0x00000000cdd00000, 0x00000000cde00000, 0x00000000cde00000|100%| E|CS|TAMS 0x00000000cdd00000| PB 0x00000000cdd00000| Complete |  0
|1246|0x00000000cde00000, 0x00000000cdf00000, 0x00000000cdf00000|100%| E|CS|TAMS 0x00000000cde00000| PB 0x00000000cde00000| Complete |  0
|1247|0x00000000cdf00000, 0x00000000ce000000, 0x00000000ce000000|100%| E|CS|TAMS 0x00000000cdf00000| PB 0x00000000cdf00000| Complete |  0
|1248|0x00000000ce000000, 0x00000000ce100000, 0x00000000ce100000|100%| E|CS|TAMS 0x00000000ce000000| PB 0x00000000ce000000| Complete |  0
|1249|0x00000000ce100000, 0x00000000ce200000, 0x00000000ce200000|100%| E|CS|TAMS 0x00000000ce100000| PB 0x00000000ce100000| Complete |  0
|1250|0x00000000ce200000, 0x00000000ce300000, 0x00000000ce300000|100%| E|CS|TAMS 0x00000000ce200000| PB 0x00000000ce200000| Complete |  0
|1251|0x00000000ce300000, 0x00000000ce400000, 0x00000000ce400000|100%| E|CS|TAMS 0x00000000ce300000| PB 0x00000000ce300000| Complete |  0
|1252|0x00000000ce400000, 0x00000000ce500000, 0x00000000ce500000|100%| E|CS|TAMS 0x00000000ce400000| PB 0x00000000ce400000| Complete |  0
|1253|0x00000000ce500000, 0x00000000ce600000, 0x00000000ce600000|100%| E|CS|TAMS 0x00000000ce500000| PB 0x00000000ce500000| Complete |  0
|1254|0x00000000ce600000, 0x00000000ce700000, 0x00000000ce700000|100%| E|CS|TAMS 0x00000000ce600000| PB 0x00000000ce600000| Complete |  0
|1255|0x00000000ce700000, 0x00000000ce800000, 0x00000000ce800000|100%| E|CS|TAMS 0x00000000ce700000| PB 0x00000000ce700000| Complete |  0
|1256|0x00000000ce800000, 0x00000000ce900000, 0x00000000ce900000|100%| E|CS|TAMS 0x00000000ce800000| PB 0x00000000ce800000| Complete |  0
|1257|0x00000000ce900000, 0x00000000cea00000, 0x00000000cea00000|100%| E|CS|TAMS 0x00000000ce900000| PB 0x00000000ce900000| Complete |  0
|1258|0x00000000cea00000, 0x00000000ceb00000, 0x00000000ceb00000|100%| E|CS|TAMS 0x00000000cea00000| PB 0x00000000cea00000| Complete |  0
|1259|0x00000000ceb00000, 0x00000000cec00000, 0x00000000cec00000|100%| E|CS|TAMS 0x00000000ceb00000| PB 0x00000000ceb00000| Complete |  0
|1260|0x00000000cec00000, 0x00000000ced00000, 0x00000000ced00000|100%| E|CS|TAMS 0x00000000cec00000| PB 0x00000000cec00000| Complete |  0
|1261|0x00000000ced00000, 0x00000000cee00000, 0x00000000cee00000|100%| E|CS|TAMS 0x00000000ced00000| PB 0x00000000ced00000| Complete |  0
|1262|0x00000000cee00000, 0x00000000cef00000, 0x00000000cef00000|100%| E|CS|TAMS 0x00000000cee00000| PB 0x00000000cee00000| Complete |  0
|1263|0x00000000cef00000, 0x00000000cf000000, 0x00000000cf000000|100%| E|CS|TAMS 0x00000000cef00000| PB 0x00000000cef00000| Complete |  0
|1264|0x00000000cf000000, 0x00000000cf100000, 0x00000000cf100000|100%| E|CS|TAMS 0x00000000cf000000| PB 0x00000000cf000000| Complete |  0
|1265|0x00000000cf100000, 0x00000000cf200000, 0x00000000cf200000|100%| E|CS|TAMS 0x00000000cf100000| PB 0x00000000cf100000| Complete |  0
|1266|0x00000000cf200000, 0x00000000cf300000, 0x00000000cf300000|100%| E|CS|TAMS 0x00000000cf200000| PB 0x00000000cf200000| Complete |  0
|1267|0x00000000cf300000, 0x00000000cf400000, 0x00000000cf400000|100%| E|CS|TAMS 0x00000000cf300000| PB 0x00000000cf300000| Complete |  0
|1268|0x00000000cf400000, 0x00000000cf500000, 0x00000000cf500000|100%| E|CS|TAMS 0x00000000cf400000| PB 0x00000000cf400000| Complete |  0
|1269|0x00000000cf500000, 0x00000000cf600000, 0x00000000cf600000|100%| E|CS|TAMS 0x00000000cf500000| PB 0x00000000cf500000| Complete |  0
|1270|0x00000000cf600000, 0x00000000cf700000, 0x00000000cf700000|100%| E|CS|TAMS 0x00000000cf600000| PB 0x00000000cf600000| Complete |  0
|1271|0x00000000cf700000, 0x00000000cf800000, 0x00000000cf800000|100%| E|CS|TAMS 0x00000000cf700000| PB 0x00000000cf700000| Complete |  0
|1272|0x00000000cf800000, 0x00000000cf900000, 0x00000000cf900000|100%| E|CS|TAMS 0x00000000cf800000| PB 0x00000000cf800000| Complete |  0
|1273|0x00000000cf900000, 0x00000000cfa00000, 0x00000000cfa00000|100%| E|CS|TAMS 0x00000000cf900000| PB 0x00000000cf900000| Complete |  0
|1274|0x00000000cfa00000, 0x00000000cfb00000, 0x00000000cfb00000|100%| E|CS|TAMS 0x00000000cfa00000| PB 0x00000000cfa00000| Complete |  0
|1275|0x00000000cfb00000, 0x00000000cfc00000, 0x00000000cfc00000|100%| E|CS|TAMS 0x00000000cfb00000| PB 0x00000000cfb00000| Complete |  0
|1276|0x00000000cfc00000, 0x00000000cfd00000, 0x00000000cfd00000|100%| E|CS|TAMS 0x00000000cfc00000| PB 0x00000000cfc00000| Complete |  0
|1277|0x00000000cfd00000, 0x00000000cfe00000, 0x00000000cfe00000|100%| E|CS|TAMS 0x00000000cfd00000| PB 0x00000000cfd00000| Complete |  0
|1278|0x00000000cfe00000, 0x00000000cff00000, 0x00000000cff00000|100%| E|CS|TAMS 0x00000000cfe00000| PB 0x00000000cfe00000| Complete |  0
|1279|0x00000000cff00000, 0x00000000d0000000, 0x00000000d0000000|100%| E|CS|TAMS 0x00000000cff00000| PB 0x00000000cff00000| Complete |  0
|1280|0x00000000d0000000, 0x00000000d0100000, 0x00000000d0100000|100%| E|CS|TAMS 0x00000000d0000000| PB 0x00000000d0000000| Complete |  0
|1281|0x00000000d0100000, 0x00000000d0200000, 0x00000000d0200000|100%| E|CS|TAMS 0x00000000d0100000| PB 0x00000000d0100000| Complete |  0
|1282|0x00000000d0200000, 0x00000000d0300000, 0x00000000d0300000|100%| E|CS|TAMS 0x00000000d0200000| PB 0x00000000d0200000| Complete |  0
|1283|0x00000000d0300000, 0x00000000d0400000, 0x00000000d0400000|100%| E|CS|TAMS 0x00000000d0300000| PB 0x00000000d0300000| Complete |  0
|1284|0x00000000d0400000, 0x00000000d0500000, 0x00000000d0500000|100%| E|CS|TAMS 0x00000000d0400000| PB 0x00000000d0400000| Complete |  0
|1285|0x00000000d0500000, 0x00000000d0600000, 0x00000000d0600000|100%| E|CS|TAMS 0x00000000d0500000| PB 0x00000000d0500000| Complete |  0
|1286|0x00000000d0600000, 0x00000000d0700000, 0x00000000d0700000|100%| E|CS|TAMS 0x00000000d0600000| PB 0x00000000d0600000| Complete |  0
|1287|0x00000000d0700000, 0x00000000d0800000, 0x00000000d0800000|100%| E|CS|TAMS 0x00000000d0700000| PB 0x00000000d0700000| Complete |  0
|1288|0x00000000d0800000, 0x00000000d0900000, 0x00000000d0900000|100%| E|CS|TAMS 0x00000000d0800000| PB 0x00000000d0800000| Complete |  0
|1289|0x00000000d0900000, 0x00000000d0a00000, 0x00000000d0a00000|100%| E|CS|TAMS 0x00000000d0900000| PB 0x00000000d0900000| Complete |  0
|1290|0x00000000d0a00000, 0x00000000d0b00000, 0x00000000d0b00000|100%| S|CS|TAMS 0x00000000d0a00000| PB 0x00000000d0a00000| Complete |  0
|1291|0x00000000d0b00000, 0x00000000d0c00000, 0x00000000d0c00000|100%| S|CS|TAMS 0x00000000d0b00000| PB 0x00000000d0b00000| Complete |  0
|1292|0x00000000d0c00000, 0x00000000d0d00000, 0x00000000d0d00000|100%| S|CS|TAMS 0x00000000d0c00000| PB 0x00000000d0c00000| Complete |  0
|1293|0x00000000d0d00000, 0x00000000d0e00000, 0x00000000d0e00000|100%| S|CS|TAMS 0x00000000d0d00000| PB 0x00000000d0d00000| Complete |  0
|1294|0x00000000d0e00000, 0x00000000d0f00000, 0x00000000d0f00000|100%| S|CS|TAMS 0x00000000d0e00000| PB 0x00000000d0e00000| Complete |  0
|1295|0x00000000d0f00000, 0x00000000d1000000, 0x00000000d1000000|100%| S|CS|TAMS 0x00000000d0f00000| PB 0x00000000d0f00000| Complete |  0
|1296|0x00000000d1000000, 0x00000000d1100000, 0x00000000d1100000|100%| S|CS|TAMS 0x00000000d1000000| PB 0x00000000d1000000| Complete |  0
|1297|0x00000000d1100000, 0x00000000d1200000, 0x00000000d1200000|100%| S|CS|TAMS 0x00000000d1100000| PB 0x00000000d1100000| Complete |  0
|1298|0x00000000d1200000, 0x00000000d1300000, 0x00000000d1300000|100%| S|CS|TAMS 0x00000000d1200000| PB 0x00000000d1200000| Complete |  0
|1299|0x00000000d1300000, 0x00000000d1400000, 0x00000000d1400000|100%| S|CS|TAMS 0x00000000d1300000| PB 0x00000000d1300000| Complete |  0
|1300|0x00000000d1400000, 0x00000000d1500000, 0x00000000d1500000|100%| S|CS|TAMS 0x00000000d1400000| PB 0x00000000d1400000| Complete |  0
|1301|0x00000000d1500000, 0x00000000d1600000, 0x00000000d1600000|100%| S|CS|TAMS 0x00000000d1500000| PB 0x00000000d1500000| Complete |  0
|1302|0x00000000d1600000, 0x00000000d1700000, 0x00000000d1700000|100%| S|CS|TAMS 0x00000000d1600000| PB 0x00000000d1600000| Complete |  0
|1303|0x00000000d1700000, 0x00000000d1800000, 0x00000000d1800000|100%| S|CS|TAMS 0x00000000d1700000| PB 0x00000000d1700000| Complete |  0
|1304|0x00000000d1800000, 0x00000000d1900000, 0x00000000d1900000|100%| S|CS|TAMS 0x00000000d1800000| PB 0x00000000d1800000| Complete |  0
|1305|0x00000000d1900000, 0x00000000d1a00000, 0x00000000d1a00000|100%| S|CS|TAMS 0x00000000d1900000| PB 0x00000000d1900000| Complete |  0
|1306|0x00000000d1a00000, 0x00000000d1b00000, 0x00000000d1b00000|100%| S|CS|TAMS 0x00000000d1a00000| PB 0x00000000d1a00000| Complete |  0
|1307|0x00000000d1b00000, 0x00000000d1c00000, 0x00000000d1c00000|100%| S|CS|TAMS 0x00000000d1b00000| PB 0x00000000d1b00000| Complete |  0
|1308|0x00000000d1c00000, 0x00000000d1d00000, 0x00000000d1d00000|100%| S|CS|TAMS 0x00000000d1c00000| PB 0x00000000d1c00000| Complete |  0
|1309|0x00000000d1d00000, 0x00000000d1d6feb0, 0x00000000d1e00000| 43%| S|CS|TAMS 0x00000000d1d00000| PB 0x00000000d1d00000| Complete |  0
|1952|0x00000000fa000000, 0x00000000fa100000, 0x00000000fa100000|100%| O|  |TAMS 0x00000000fa000000| PB 0x00000000fa000000| Untracked |  0
|1953|0x00000000fa100000, 0x00000000fa200000, 0x00000000fa200000|100%| O|  |TAMS 0x00000000fa100000| PB 0x00000000fa100000| Untracked |  0
|1954|0x00000000fa200000, 0x00000000fa300000, 0x00000000fa300000|100%| O|  |TAMS 0x00000000fa200000| PB 0x00000000fa200000| Untracked |  0
|1955|0x00000000fa300000, 0x00000000fa400000, 0x00000000fa400000|100%| O|  |TAMS 0x00000000fa300000| PB 0x00000000fa300000| Untracked |  0
|1956|0x00000000fa400000, 0x00000000fa500000, 0x00000000fa500000|100%| O|  |TAMS 0x00000000fa400000| PB 0x00000000fa400000| Untracked |  0
|1959|0x00000000fa700000, 0x00000000fa800000, 0x00000000fa800000|100%| O|  |TAMS 0x00000000fa700000| PB 0x00000000fa700000| Untracked |  0
|1960|0x00000000fa800000, 0x00000000fa900000, 0x00000000fa900000|100%| O|  |TAMS 0x00000000fa800000| PB 0x00000000fa800000| Untracked |  0
|1961|0x00000000fa900000, 0x00000000faa00000, 0x00000000faa00000|100%| O|  |TAMS 0x00000000fa900000| PB 0x00000000fa900000| Untracked |  0
|1962|0x00000000faa00000, 0x00000000fab00000, 0x00000000fab00000|100%| O|  |TAMS 0x00000000faa00000| PB 0x00000000faa00000| Untracked |  0
|1963|0x00000000fab00000, 0x00000000fac00000, 0x00000000fac00000|100%| O|  |TAMS 0x00000000fab00000| PB 0x00000000fab00000| Untracked |  0
|1964|0x00000000fac00000, 0x00000000fad00000, 0x00000000fad00000|100%| O|  |TAMS 0x00000000fac00000| PB 0x00000000fac00000| Untracked |  0
|1995|0x00000000fcb00000, 0x00000000fcc00000, 0x00000000fcc00000|100%| O|  |TAMS 0x00000000fcb00000| PB 0x00000000fcb00000| Untracked |  0
|1998|0x00000000fce00000, 0x00000000fcf00000, 0x00000000fcf00000|100%| O|  |TAMS 0x00000000fce00000| PB 0x00000000fce00000| Untracked |  0
|1999|0x00000000fcf00000, 0x00000000fd000000, 0x00000000fd000000|100%| O|  |TAMS 0x00000000fcf00000| PB 0x00000000fcf00000| Untracked |  0
|2000|0x00000000fd000000, 0x00000000fd100000, 0x00000000fd100000|100%| O|  |TAMS 0x00000000fd000000| PB 0x00000000fd000000| Untracked |  0
|2002|0x00000000fd200000, 0x00000000fd300000, 0x00000000fd300000|100%| O|  |TAMS 0x00000000fd200000| PB 0x00000000fd200000| Untracked |  0
|2003|0x00000000fd300000, 0x00000000fd400000, 0x00000000fd400000|100%| O|  |TAMS 0x00000000fd300000| PB 0x00000000fd300000| Untracked |  0
|2005|0x00000000fd500000, 0x00000000fd600000, 0x00000000fd600000|100%| O|  |TAMS 0x00000000fd500000| PB 0x00000000fd500000| Untracked |  0
|2007|0x00000000fd700000, 0x00000000fd800000, 0x00000000fd800000|100%| O|  |TAMS 0x00000000fd700000| PB 0x00000000fd700000| Untracked |  0
|2008|0x00000000fd800000, 0x00000000fd900000, 0x00000000fd900000|100%| O|  |TAMS 0x00000000fd800000| PB 0x00000000fd800000| Untracked |  0
|2009|0x00000000fd900000, 0x00000000fda00000, 0x00000000fda00000|100%| O|  |TAMS 0x00000000fd900000| PB 0x00000000fd900000| Untracked |  0
|2013|0x00000000fdd00000, 0x00000000fde00000, 0x00000000fde00000|100%| O|  |TAMS 0x00000000fdd00000| PB 0x00000000fdd00000| Untracked |  0
|2015|0x00000000fdf00000, 0x00000000fe000000, 0x00000000fe000000|100%| O|  |TAMS 0x00000000fdf00000| PB 0x00000000fdf00000| Untracked |  0
|2038|0x00000000ff600000, 0x00000000ff700000, 0x00000000ff700000|100%| O|  |TAMS 0x00000000ff600000| PB 0x00000000ff600000| Untracked |  0
|2047|0x00000000fff00000, 0x00000000fff7c070, 0x0000000100000000| 48%| O|  |TAMS 0x00000000fff00000| PB 0x00000000fff00000| Untracked |  0

Card table byte_map: [0x000001ff6da10000,0x000001ff6de10000] _byte_map_base: 0x000001ff6d610000

Marking Bits: (CMBitMap*) 0x000001ff48b4b1c0
 Bits: [0x000001ff6de10000, 0x000001ff6fe10000)

Polling page: 0x000001ff46330000

Metaspace:
Metaspace        used 571128K, committed 582336K, reserved 1572864K
 class space     used 109355K, committed 114176K, reserved 1048576K

Usage:
  Non-class:    450.95 MB used.
      Class:    106.79 MB used.
       Both:    557.74 MB used.

Virtual space:
  Non-class space:      512.00 MB reserved,     457.19 MB ( 89%) committed,  8 nodes.
      Class space:        1.00 GB reserved,     111.50 MB ( 11%) committed,  1 nodes.
             Both:        1.50 GB reserved,     568.69 MB ( 37%) committed. 

Chunk freelists:
   Non-Class:  6.63 MB
       Class:  16.73 MB
        Both:  23.36 MB

MaxMetaspaceSize: unlimited
CompressedClassSpaceSize: 1.00 GB
Initial GC threshold: 21.00 MB
Current GC threshold: 949.69 MB
CDS: off
 - commit_granule_bytes: 65536.
 - commit_granule_words: 8192.
 - virtual_space_node_default_size: 8388608.
 - enlarge_chunks_in_place: 1.
UseCompressedClassPointers 1, UseCompactObjectHeaders 1
Narrow klass pointer bits 22, Max shift 10
Narrow klass base: 0x0000000011000000, Narrow klass shift: 9
Encoding Range: [0x0000000011000000 - 0x0000000091000000), (2147483648 bytes)
Klass Range:    [0x0000000011000000 - 0x0000000051000000), (1073741824 bytes)
Klass ID Range:  [1 - 2097152) (2097151)
Protection zone: [0x0000000011000000 - 0x0000000011010000), (65536 bytes)


Internal statistics:

num_allocs_failed_limit: 25.
num_arena_births: 38564.
num_arena_deaths: 29360.
num_vsnodes_births: 9.
num_vsnodes_deaths: 0.
num_space_committed: 9371.
num_space_uncommitted: 159.
num_chunks_returned_to_freelist: 42642.
num_chunks_taken_from_freelist: 87076.
num_chunk_merges: 17029.
num_chunk_splits: 44859.
num_chunks_enlarged: 17864.
num_inconsistent_stats: 0.

CodeHeap 'non-profiled nmethods': size=259264Kb used=36456Kb max_used=40113Kb free=222807Kb
 bounds [0x000001ff5c8c0000, 0x000001ff5f030000, 0x000001ff6c5f0000]
CodeHeap 'profiled nmethods': size=259328Kb used=58807Kb max_used=85320Kb free=200520Kb
 bounds [0x000001ff4c5f0000, 0x000001ff519f0000, 0x000001ff5c330000]
CodeHeap 'non-nmethods': size=5696Kb used=3922Kb max_used=4064Kb free=1773Kb
 bounds [0x000001ff5c330000, 0x000001ff5c740000, 0x000001ff5c8c0000]
CodeCache: size=524288Kb, used=99185Kb, max_used=129497Kb, free=425100Kb
 total_blobs=36769, nmethods=33855, adapters=2797, full_count=0
Compilation: enabled, stopped_count=0, restarted_count=0

Compilation events (20 events):
Event: 19388.722 Thread 0x000001ff48517da0 173213       2       com.intellij.diagnostic.CoroutineDumperKt$$Lambda/0x0000000017fd0400::<init> (20 bytes)
Event: 19388.723 Thread 0x000001ff48517da0 nmethod 173213 0x000001ff4e2ba988 code [0x000001ff4e2baa80, 0x000001ff4e2bac98]
Event: 19388.723 Thread 0x000001ff48517da0 173215   !   2       com.intellij.diagnostic.CoroutineDumperKt::withElement (53 bytes)
Event: 19388.723 Thread 0x000001ff48517da0 nmethod 173215 0x000001ff4e3b1a08 code [0x000001ff4e3b1b00, 0x000001ff4e3b1d40]
Event: 19388.723 Thread 0x000001ff48517da0 173216       2       com.intellij.diagnostic.CoroutineDumperKt$$Lambda/0x0000000017fd0400::invoke (23 bytes)
Event: 19388.723 Thread 0x000001ff48517da0 nmethod 173216 0x000001ff4ed84108 code [0x000001ff4ed84200, 0x000001ff4ed84380]
Event: 19388.723 Thread 0x000001ff48517da0 173217       2       com.intellij.diagnostic.CoroutineDumperKt::buildJobTrees$lambda$0 (112 bytes)
Event: 19388.725 Thread 0x000001ff48517da0 nmethod 173217 0x000001ff4d7fab88 code [0x000001ff4d7fac80, 0x000001ff4d7fbd30]
Event: 19388.725 Thread 0x000001ff48517da0 173214       2       com.intellij.diagnostic.CoroutineDumperKt$$Lambda/0x0000000017fd0c00::<init> (15 bytes)
Event: 19388.725 Thread 0x000001ff48517da0 nmethod 173214 0x000001ff4eeaea88 code [0x000001ff4eeaeb80, 0x000001ff4eeaed20]
Event: 19388.725 Thread 0x000001ff48517da0 173218       2       com.intellij.diagnostic.CoroutineDumperKt$$Lambda/0x0000000017fd0c00::invoke (16 bytes)
Event: 19388.725 Thread 0x000001ff48517da0 nmethod 173218 0x000001ff4e4ba208 code [0x000001ff4e4ba300, 0x000001ff4e4ba6a8]
Event: 19388.725 Thread 0x000001ff48517da0 173220       2       com.intellij.diagnostic.CoroutineDumperKt::buildJobTrees$lambda$0$1 (17 bytes)
Event: 19388.726 Thread 0x000001ff48517da0 nmethod 173220 0x000001ff4e78d588 code [0x000001ff4e78d680, 0x000001ff4e78d9a0]
Event: 19388.726 Thread 0x000001ff48517da0 173219       2       com.intellij.diagnostic.JobTree::<init> (32 bytes)
Event: 19388.726 Thread 0x000001ff48517da0 nmethod 173219 0x000001ff4e1e8c88 code [0x000001ff4e1e8d80, 0x000001ff4e1e92d0]
Event: 19388.726 Thread 0x000001ff48517da0 173221       2       com.intellij.diagnostic.CoroutineDumperKt$$Lambda/0x0000000017fd1000::invoke (16 bytes)
Event: 19388.727 Thread 0x000001ff48517da0 nmethod 173221 0x000001ff4e528608 code [0x000001ff4e528700, 0x000001ff4e528aa8]
Event: 19388.727 Thread 0x000001ff48517da0 173222       2       com.intellij.diagnostic.CoroutineDumperKt::buildJobTrees$lambda$0$0 (17 bytes)
Event: 19388.727 Thread 0x000001ff48517da0 nmethod 173222 0x000001ff4e798f08 code [0x000001ff4e799000, 0x000001ff4e799320]

GC Heap Usage History (20 events):
Event: 18422.851 {heap Before GC invocations=635 (full 25):
 garbage-first heap   total reserved 2097152K, committed 1330176K, used 1293114K [0x0000000080000000, 0x0000000100000000)
  region size 1024K, 448 young (458752K), 5 survivors (5120K)
}
Event: 18422.868 {heap After GC invocations=636 (full 25):
 garbage-first heap   total reserved 2097152K, committed 1330176K, used 788900K [0x0000000080000000, 0x0000000100000000)
  region size 1024K, 10 young (10240K), 10 survivors (10240K)
}
Event: 18670.855 {heap Before GC invocations=636 (full 25):
 garbage-first heap   total reserved 2097152K, committed 1334272K, used 1317284K [0x0000000080000000, 0x0000000100000000)
  region size 1024K, 463 young (474112K), 10 survivors (10240K)
}
Event: 18670.869 {heap After GC invocations=637 (full 25):
 garbage-first heap   total reserved 2097152K, committed 1343488K, used 794263K [0x0000000080000000, 0x0000000100000000)
  region size 1024K, 14 young (14336K), 14 survivors (14336K)
}
Event: 18691.334 {heap Before GC invocations=637 (full 25):
 garbage-first heap   total reserved 2097152K, committed 1343488K, used 827031K [0x0000000080000000, 0x0000000100000000)
  region size 1024K, 48 young (49152K), 14 survivors (14336K)
}
Event: 18691.350 {heap After GC invocations=638 (full 25):
 garbage-first heap   total reserved 2097152K, committed 1343488K, used 788645K [0x0000000080000000, 0x0000000100000000)
  region size 1024K, 10 young (10240K), 10 survivors (10240K)
}
Event: 18959.756 {heap Before GC invocations=639 (full 25):
 garbage-first heap   total reserved 2097152K, committed 1343488K, used 1327269K [0x0000000080000000, 0x0000000100000000)
  region size 1024K, 477 young (488448K), 10 survivors (10240K)
}
Event: 18959.769 {heap After GC invocations=640 (full 25):
 garbage-first heap   total reserved 2097152K, committed 1354752K, used 796842K [0x0000000080000000, 0x0000000100000000)
  region size 1024K, 18 young (18432K), 18 survivors (18432K)
}
Event: 19007.690 {heap Before GC invocations=640 (full 25):
 garbage-first heap   total reserved 2097152K, committed 1354752K, used 966826K [0x0000000080000000, 0x0000000100000000)
  region size 1024K, 158 young (161792K), 18 survivors (18432K)
}
Event: 19008.099 {heap After GC invocations=641 (full 26):
 garbage-first heap   total reserved 2097152K, committed 1305600K, used 776436K [0x0000000080000000, 0x0000000100000000)
  region size 1024K, 0 young (0K), 0 survivors (0K)
}
Event: 19009.101 {heap Before GC invocations=641 (full 26):
 garbage-first heap   total reserved 2097152K, committed 1305600K, used 786676K [0x0000000080000000, 0x0000000100000000)
  region size 1024K, 11 young (11264K), 0 survivors (0K)
}
Event: 19009.106 {heap After GC invocations=642 (full 26):
 garbage-first heap   total reserved 2097152K, committed 1305600K, used 779030K [0x0000000080000000, 0x0000000100000000)
  region size 1024K, 3 young (3072K), 3 survivors (3072K)
}
Event: 19253.282 {heap Before GC invocations=643 (full 26):
 garbage-first heap   total reserved 2097152K, committed 1317888K, used 1296150K [0x0000000080000000, 0x0000000100000000)
  region size 1024K, 445 young (455680K), 3 survivors (3072K)
}
Event: 19253.295 {heap After GC invocations=644 (full 26):
 garbage-first heap   total reserved 2097152K, committed 1317888K, used 787069K [0x0000000080000000, 0x0000000100000000)
  region size 1024K, 11 young (11264K), 11 survivors (11264K)
}
Event: 19288.171 {heap Before GC invocations=644 (full 26):
 garbage-first heap   total reserved 2097152K, committed 1317888K, used 1309309K [0x0000000080000000, 0x0000000100000000)
  region size 1024K, 433 young (443392K), 11 survivors (11264K)
}
Event: 19288.190 {heap After GC invocations=645 (full 26):
 garbage-first heap   total reserved 2097152K, committed 1341440K, used 801655K [0x0000000080000000, 0x0000000100000000)
  region size 1024K, 22 young (22528K), 22 survivors (22528K)
}
Event: 19288.591 {heap Before GC invocations=645 (full 26):
 garbage-first heap   total reserved 2097152K, committed 1341440K, used 820087K [0x0000000080000000, 0x0000000100000000)
  region size 1024K, 42 young (43008K), 22 survivors (22528K)
}
Event: 19288.602 {heap After GC invocations=646 (full 26):
 garbage-first heap   total reserved 2097152K, committed 1341440K, used 796978K [0x0000000080000000, 0x0000000100000000)
  region size 1024K, 20 young (20480K), 20 survivors (20480K)
}
Event: 19349.033 {heap Before GC invocations=647 (full 26):
 garbage-first heap   total reserved 2097152K, committed 1346560K, used 1338674K [0x0000000080000000, 0x0000000100000000)
  region size 1024K, 454 young (464896K), 20 survivors (20480K)
}
Event: 19349.097 {heap After GC invocations=648 (full 26):
 garbage-first heap   total reserved 2097152K, committed 1367040K, used 797371K [0x0000000080000000, 0x0000000100000000)
  region size 1024K, 20 young (20480K), 20 survivors (20480K)
}

Metaspace Usage History (20 events):
Event: 18422.851 {metaspace Before GC invocations=635 (full 25):
 Metaspace       used 570495K, committed 582656K, reserved 1572864K
  class space    used 109262K, committed 114304K, reserved 1048576K
}
Event: 18422.868 {metaspace After GC invocations=636 (full 25):
 Metaspace       used 570495K, committed 582656K, reserved 1572864K
  class space    used 109262K, committed 114304K, reserved 1048576K
}
Event: 18670.855 {metaspace Before GC invocations=636 (full 25):
 Metaspace       used 570664K, committed 582656K, reserved 1572864K
  class space    used 109299K, committed 114304K, reserved 1048576K
}
Event: 18670.869 {metaspace After GC invocations=637 (full 25):
 Metaspace       used 570664K, committed 582656K, reserved 1572864K
  class space    used 109299K, committed 114304K, reserved 1048576K
}
Event: 18691.334 {metaspace Before GC invocations=637 (full 25):
 Metaspace       used 570701K, committed 582656K, reserved 1572864K
  class space    used 109307K, committed 114304K, reserved 1048576K
}
Event: 18691.350 {metaspace After GC invocations=638 (full 25):
 Metaspace       used 570701K, committed 582656K, reserved 1572864K
  class space    used 109307K, committed 114304K, reserved 1048576K
}
Event: 18959.756 {metaspace Before GC invocations=639 (full 25):
 Metaspace       used 570729K, committed 582656K, reserved 1572864K
  class space    used 109321K, committed 114304K, reserved 1048576K
}
Event: 18959.769 {metaspace After GC invocations=640 (full 25):
 Metaspace       used 570729K, committed 582656K, reserved 1572864K
  class space    used 109321K, committed 114304K, reserved 1048576K
}
Event: 19007.690 {metaspace Before GC invocations=640 (full 25):
 Metaspace       used 570792K, committed 582656K, reserved 1572864K
  class space    used 109331K, committed 114304K, reserved 1048576K
}
Event: 19008.099 {metaspace After GC invocations=641 (full 26):
 Metaspace       used 570335K, committed 582272K, reserved 1572864K
  class space    used 109208K, committed 114176K, reserved 1048576K
}
Event: 19009.101 {metaspace Before GC invocations=641 (full 26):
 Metaspace       used 570347K, committed 582272K, reserved 1572864K
  class space    used 109211K, committed 114176K, reserved 1048576K
}
Event: 19009.106 {metaspace After GC invocations=642 (full 26):
 Metaspace       used 570347K, committed 582272K, reserved 1572864K
  class space    used 109211K, committed 114176K, reserved 1048576K
}
Event: 19253.282 {metaspace Before GC invocations=643 (full 26):
 Metaspace       used 570517K, committed 582272K, reserved 1572864K
  class space    used 109250K, committed 114176K, reserved 1048576K
}
Event: 19253.295 {metaspace After GC invocations=644 (full 26):
 Metaspace       used 570517K, committed 582272K, reserved 1572864K
  class space    used 109250K, committed 114176K, reserved 1048576K
}
Event: 19288.171 {metaspace Before GC invocations=644 (full 26):
 Metaspace       used 570683K, committed 582272K, reserved 1572864K
  class space    used 109273K, committed 114176K, reserved 1048576K
}
Event: 19288.190 {metaspace After GC invocations=645 (full 26):
 Metaspace       used 570683K, committed 582272K, reserved 1572864K
  class space    used 109273K, committed 114176K, reserved 1048576K
}
Event: 19288.591 {metaspace Before GC invocations=645 (full 26):
 Metaspace       used 570688K, committed 582272K, reserved 1572864K
  class space    used 109273K, committed 114176K, reserved 1048576K
}
Event: 19288.602 {metaspace After GC invocations=646 (full 26):
 Metaspace       used 570688K, committed 582272K, reserved 1572864K
  class space    used 109273K, committed 114176K, reserved 1048576K
}
Event: 19349.033 {metaspace Before GC invocations=647 (full 26):
 Metaspace       used 570801K, committed 582272K, reserved 1572864K
  class space    used 109285K, committed 114176K, reserved 1048576K
}
Event: 19349.097 {metaspace After GC invocations=648 (full 26):
 Metaspace       used 570801K, committed 582272K, reserved 1572864K
  class space    used 109285K, committed 114176K, reserved 1048576K
}

Dll operation events (3 events):
Event: 0.387 Loaded shared library D:\JetBrains Rider 2026.2.1\jbr\bin\java.dll
Event: 0.412 Loaded shared library D:\JetBrains Rider 2026.2.1\jbr\bin\zip.dll
Event: 8.556 Loaded shared library D:\JetBrains Rider 2026.2.1\jbr\bin\verify.dll

Deoptimization events (20 events):
Event: 19388.512 Thread 0x0000020042604690 Uncommon trap: trap_request=0xffffff45 fr.pc=0x000001ff5df2cefc relative=0x000000000000037c
Event: 19388.512 Thread 0x000002006ad494c0 Uncommon trap: trap_request=0xffffff45 fr.pc=0x000001ff5df2cefc relative=0x000000000000037c
Event: 19388.512 Thread 0x000002006ad494c0 Uncommon trap: reason=unstable_if action=reinterpret pc=0x000001ff5df2cefc method=com.intellij.util.ArrayUtil.realloc([Ljava/lang/Object;ILcom/intellij/util/ArrayFactory;)[Ljava/lang/Object; @ 23 c2
Event: 19388.512 Thread 0x0000020042604690 Uncommon trap: reason=unstable_if action=reinterpret pc=0x000001ff5df2cefc method=com.intellij.util.ArrayUtil.realloc([Ljava/lang/Object;ILcom/intellij/util/ArrayFactory;)[Ljava/lang/Object; @ 23 c2
Event: 19388.512 Thread 0x000002006ad494c0 DEOPT PACKING pc=0x000001ff5df2cefc sp=0x000000efdcdff1b0
Event: 19388.512 Thread 0x0000020042604690 DEOPT PACKING pc=0x000001ff5df2cefc sp=0x000000efe23fee60
Event: 19388.512 Thread 0x0000020042604690 DEOPT UNPACKING pc=0x000001ff5c44cf82 sp=0x000000efe23fee18 mode 2
Event: 19388.513 Thread 0x000002006ad494c0 DEOPT UNPACKING pc=0x000001ff5c44cf82 sp=0x000000efdcdff168 mode 2
Event: 19388.517 Thread 0x000002006ad494c0 Uncommon trap: trap_request=0xffffffd6 fr.pc=0x000001ff5ec37dc4 relative=0x0000000000001cc4
Event: 19388.517 Thread 0x0000020042604690 Uncommon trap: trap_request=0xffffffd6 fr.pc=0x000001ff5ec37dc4 relative=0x0000000000001cc4
Event: 19388.517 Thread 0x000002006ad494c0 Uncommon trap: reason=array_check action=maybe_recompile pc=0x000001ff5ec37dc4 method=java.util.TimSort.mergeLo(IIII)V @ 590 c2
Event: 19388.517 Thread 0x0000020042604690 Uncommon trap: reason=array_check action=maybe_recompile pc=0x000001ff5ec37dc4 method=java.util.TimSort.mergeLo(IIII)V @ 590 c2
Event: 19388.517 Thread 0x000002006ad494c0 DEOPT PACKING pc=0x000001ff5ec37dc4 sp=0x000000efdcdfee90
Event: 19388.517 Thread 0x0000020042604690 DEOPT PACKING pc=0x000001ff5ec37dc4 sp=0x000000efe23fed90
Event: 19388.517 Thread 0x0000020042604690 DEOPT UNPACKING pc=0x000001ff5c44cf82 sp=0x000000efe23fed60 mode 2
Event: 19388.517 Thread 0x000002006ad494c0 DEOPT UNPACKING pc=0x000001ff5c44cf82 sp=0x000000efdcdfee60 mode 2
Event: 19388.732 Thread 0x0000020072cb95d0 Uncommon trap: trap_request=0xffffffd6 fr.pc=0x000001ff5d74f90c relative=0x0000000000001f0c
Event: 19388.733 Thread 0x0000020072cb95d0 Uncommon trap: reason=array_check action=maybe_recompile pc=0x000001ff5d74f90c method=java.util.TimSort.mergeHi(IIII)V @ 657 c2
Event: 19388.733 Thread 0x0000020072cb95d0 DEOPT PACKING pc=0x000001ff5d74f90c sp=0x000000efdb1fef00
Event: 19388.733 Thread 0x0000020072cb95d0 DEOPT UNPACKING pc=0x000001ff5c44cf82 sp=0x000000efdb1feed8 mode 2

Classes loaded (20 events):
Event: 19388.520 Loading class com/intellij/diagnostic/ThreadDumper$1
Event: 19388.520 Loading class com/intellij/diagnostic/ThreadDumper$1 done
Event: 19388.527 Loading class kotlinx/coroutines/debug/internal/ConcurrentWeakMap$KeyValueSet
Event: 19388.527 Loading class kotlinx/coroutines/debug/internal/ConcurrentWeakMap$KeyValueSet done
Event: 19388.532 Loading class kotlin/jvm/functions/Function2
Event: 19388.532 Loading class kotlin/jvm/functions/Function2 done
Event: 19388.533 Loading class kotlinx/coroutines/debug/internal/DebugProbesImpl$dumpCoroutinesInfoImpl$$inlined$sortedBy$1
Event: 19388.533 Loading class kotlinx/coroutines/debug/internal/DebugProbesImpl$dumpCoroutinesInfoImpl$$inlined$sortedBy$1 done
Event: 19388.534 Loading class kotlinx/coroutines/debug/internal/DebugProbesImpl$dumpCoroutinesInfo$$inlined$dumpCoroutinesInfoImpl$1
Event: 19388.534 Loading class kotlinx/coroutines/debug/internal/DebugProbesImpl$dumpCoroutinesInfo$$inlined$dumpCoroutinesInfoImpl$1 done
Event: 19388.536 Loading class kotlinx/coroutines/debug/internal/ConcurrentWeakMap$Core$KeyValueIterator
Event: 19388.536 Loading class kotlinx/coroutines/debug/internal/ConcurrentWeakMap$Core$KeyValueIterator done
Event: 19388.546 Loading class kotlinx/coroutines/debug/internal/DebugCoroutineInfo
Event: 19388.546 Loading class kotlinx/coroutines/debug/internal/DebugCoroutineInfo done
Event: 19388.714 Loading class com/intellij/diagnostic/CoroutineDumperKt$jobTrees$1
Event: 19388.714 Loading class com/intellij/diagnostic/CoroutineDumperKt$jobTrees$1 done
Event: 19388.717 Loading class com/intellij/diagnostic/JobTree
Event: 19388.717 Loading class com/intellij/diagnostic/JobTree done
Event: 19388.719 Loading class kotlinx/coroutines/Job
Event: 19388.719 Loading class kotlinx/coroutines/Job done

Classes unloaded (20 events):
Event: 19007.830 Thread 0x000001ff485e0ca0 Unloading class 0x0000000017d50400 'java/lang/invoke/LambdaForm$MH+0x0000000017d50400'
Event: 19007.830 Thread 0x000001ff485e0ca0 Unloading class 0x0000000017d5a000 'java/lang/invoke/LambdaForm$MH+0x0000000017d5a000'
Event: 19007.830 Thread 0x000001ff485e0ca0 Unloading class 0x0000000013d2d400 'java/lang/invoke/LambdaForm$MH+0x0000000013d2d400'
Event: 19007.830 Thread 0x000001ff485e0ca0 Unloading class 0x00000000179d3400 'java/lang/invoke/LambdaForm$MH+0x00000000179d3400'
Event: 19007.830 Thread 0x000001ff485e0ca0 Unloading class 0x0000000016531c00 'java/lang/invoke/LambdaForm$MH+0x0000000016531c00'
Event: 19007.830 Thread 0x000001ff485e0ca0 Unloading class 0x0000000014fb4c00 'java/lang/invoke/LambdaForm$MH+0x0000000014fb4c00'
Event: 19007.830 Thread 0x000001ff485e0ca0 Unloading class 0x0000000017d01000 'java/lang/invoke/LambdaForm$MH+0x0000000017d01000'
Event: 19007.830 Thread 0x000001ff485e0ca0 Unloading class 0x0000000017ec1400 'java/lang/invoke/LambdaForm$MH+0x0000000017ec1400'
Event: 19007.830 Thread 0x000001ff485e0ca0 Unloading class 0x0000000017d99800 'java/lang/invoke/LambdaForm$MH+0x0000000017d99800'
Event: 19007.830 Thread 0x000001ff485e0ca0 Unloading class 0x0000000017d0c400 'java/lang/invoke/LambdaForm$MH+0x0000000017d0c400'
Event: 19007.830 Thread 0x000001ff485e0ca0 Unloading class 0x0000000017df9400 'java/lang/invoke/LambdaForm$MH+0x0000000017df9400'
Event: 19007.830 Thread 0x000001ff485e0ca0 Unloading class 0x00000000179c7000 'java/lang/invoke/LambdaForm$MH+0x00000000179c7000'
Event: 19289.201 Thread 0x000001ff485e0ca0 Unloading class 0x0000000017fa9400 'java/lang/invoke/LambdaForm$MH+0x0000000017fa9400'
Event: 19289.201 Thread 0x000001ff485e0ca0 Unloading class 0x0000000018019c00 'java/lang/invoke/LambdaForm$MH+0x0000000018019c00'
Event: 19289.201 Thread 0x000001ff485e0ca0 Unloading class 0x0000000017dd2c00 'java/lang/invoke/LambdaForm$MH+0x0000000017dd2c00'
Event: 19289.201 Thread 0x000001ff485e0ca0 Unloading class 0x0000000017e09000 'java/lang/invoke/LambdaForm$MH+0x0000000017e09000'
Event: 19289.201 Thread 0x000001ff485e0ca0 Unloading class 0x0000000017d4e400 'java/lang/invoke/LambdaForm$DMH+0x0000000017d4e400'
Event: 19289.201 Thread 0x000001ff485e0ca0 Unloading class 0x0000000017d68000 'java/lang/invoke/LambdaForm$DMH+0x0000000017d68000'
Event: 19289.201 Thread 0x000001ff485e0ca0 Unloading class 0x0000000017e41000 'java/lang/invoke/LambdaForm$DMH+0x0000000017e41000'
Event: 19289.201 Thread 0x000001ff485e0ca0 Unloading class 0x0000000017fb3800 'java/lang/invoke/LambdaForm$DMH+0x0000000017fb3800'

Classes redefined (4 events):
Event: 8.359 Thread 0x000001ff485e0ca0 redefined class name=java.math.BigInteger, count=1
Event: 8.363 Thread 0x000001ff485e0ca0 redefined class name=java.net.InetAddress, count=1
Event: 8.366 Thread 0x000001ff485e0ca0 redefined class name=sun.management.VMManagementImpl, count=1
Event: 8.374 Thread 0x000001ff485e0ca0 redefined class name=java.lang.Class, count=1

Internal exceptions (20 events):
Event: 19380.513 Thread 0x0000020083e10d80 Exception <a 'sun/nio/fs/WindowsException'{0x00000000c9552de8}> (0x00000000c9552de8) 
thrown [s\src\hotspot\share\prims\jni.cpp, line 535]
Event: 19380.513 Thread 0x0000020083e10d80 Exception <a 'sun/nio/fs/WindowsException'{0x00000000c95539f0}> (0x00000000c95539f0) 
thrown [s\src\hotspot\share\prims\jni.cpp, line 535]
Event: 19380.513 Thread 0x0000020083e10d80 Exception <a 'sun/nio/fs/WindowsException'{0x00000000c9554600}> (0x00000000c9554600) 
thrown [s\src\hotspot\share\prims\jni.cpp, line 535]
Event: 19380.513 Thread 0x0000020083e10d80 Exception <a 'sun/nio/fs/WindowsException'{0x00000000c9554fb8}> (0x00000000c9554fb8) 
thrown [s\src\hotspot\share\prims\jni.cpp, line 535]
Event: 19380.513 Thread 0x0000020083e10d80 Exception <a 'sun/nio/fs/WindowsException'{0x00000000c9556bf0}> (0x00000000c9556bf0) 
thrown [s\src\hotspot\share\prims\jni.cpp, line 535]
Event: 19380.513 Thread 0x0000020083e10d80 Exception <a 'sun/nio/fs/WindowsException'{0x00000000c9557838}> (0x00000000c9557838) 
thrown [s\src\hotspot\share\prims\jni.cpp, line 535]
Event: 19380.513 Thread 0x0000020083e10d80 Exception <a 'sun/nio/fs/WindowsException'{0x00000000c95584a8}> (0x00000000c95584a8) 
thrown [s\src\hotspot\share\prims\jni.cpp, line 535]
Event: 19380.514 Thread 0x0000020083e10d80 Exception <a 'sun/nio/fs/WindowsException'{0x00000000c9558eb8}> (0x00000000c9558eb8) 
thrown [s\src\hotspot\share\prims\jni.cpp, line 535]
Event: 19380.514 Thread 0x0000020083e10d80 Exception <a 'sun/nio/fs/WindowsException'{0x00000000c955abd0}> (0x00000000c955abd0) 
thrown [s\src\hotspot\share\prims\jni.cpp, line 535]
Event: 19380.514 Thread 0x0000020083e10d80 Exception <a 'sun/nio/fs/WindowsException'{0x00000000c955b818}> (0x00000000c955b818) 
thrown [s\src\hotspot\share\prims\jni.cpp, line 535]
Event: 19380.514 Thread 0x0000020083e10d80 Exception <a 'sun/nio/fs/WindowsException'{0x00000000c955c488}> (0x00000000c955c488) 
thrown [s\src\hotspot\share\prims\jni.cpp, line 535]
Event: 19380.514 Thread 0x0000020083e10d80 Exception <a 'sun/nio/fs/WindowsException'{0x00000000c955ce80}> (0x00000000c955ce80) 
thrown [s\src\hotspot\share\prims\jni.cpp, line 535]
Event: 19380.515 Thread 0x0000020083e10d80 Exception <a 'sun/nio/fs/WindowsException'{0x00000000c9561118}> (0x00000000c9561118) 
thrown [s\src\hotspot\share\prims\jni.cpp, line 535]
Event: 19383.968 Thread 0x000001ff24a3b530 Exception <a 'sun/nio/fs/WindowsException'{0x00000000c923c778}> (0x00000000c923c778) 
thrown [s\src\hotspot\share\prims\jni.cpp, line 535]
Event: 19383.968 Thread 0x0000020072cb95d0 Exception <a 'sun/nio/fs/WindowsException'{0x00000000c9c88948}> (0x00000000c9c88948) 
thrown [s\src\hotspot\share\prims\jni.cpp, line 535]
Event: 19383.968 Thread 0x000002006ad494c0 Exception <a 'sun/nio/fs/WindowsException'{0x00000000c912a030}> (0x00000000c912a030) 
thrown [s\src\hotspot\share\prims\jni.cpp, line 535]
Event: 19383.968 Thread 0x000001ffad922960 Exception <a 'java/net/ConnectException'{0x00000000c9da14c0}: Connection refused: connect> (0x00000000c9da14c0) 
thrown [s\src\hotspot\share\prims\jni.cpp, line 569]
Event: 19383.968 Thread 0x000002001f15dd60 Exception <a 'java/net/ConnectException'{0x00000000c8c08ab8}: Connection refused: connect> (0x00000000c8c08ab8) 
thrown [s\src\hotspot\share\prims\jni.cpp, line 569]
Event: 19383.968 Thread 0x000001ffad922960 Exception <a 'java/net/ConnectException'{0x00000000c8c0be48}: Connection refused: connect> (0x00000000c8c0be48) 
thrown [s\src\hotspot\share\prims\jni.cpp, line 569]
Event: 19388.523 Thread 0x000001ff7398eb80 Exception <a 'java/lang/IncompatibleClassChangeError'{0x00000000c899de50}: Found class java.lang.Object, but interface was expected> (0x00000000c899de50) 
thrown [s\src\hotspot\share\interpreter\linkResolver.cpp, line 882]

VM Operations (20 events):
Event: 19290.471 Executing safepoint VM operation: G1PauseCleanup done
Event: 19292.989 Executing non-safepoint VM operation: HandshakeAllThreads (HandshakeForDeflation)
Event: 19292.990 Executing non-safepoint VM operation: HandshakeAllThreads (HandshakeForDeflation) done
Event: 19292.990 Executing non-safepoint VM operation: RendezvousGCThreads
Event: 19292.990 Executing non-safepoint VM operation: RendezvousGCThreads done
Event: 19349.032 Executing safepoint VM operation: G1CollectForAllocation (G1 Evacuation Pause)
Event: 19349.097 Executing safepoint VM operation: G1CollectForAllocation (G1 Evacuation Pause) done
Event: 19353.087 Executing non-safepoint VM operation: HandshakeAllThreads (HandshakeForDeflation)
Event: 19353.087 Executing non-safepoint VM operation: HandshakeAllThreads (HandshakeForDeflation) done
Event: 19353.087 Executing non-safepoint VM operation: RendezvousGCThreads
Event: 19353.087 Executing non-safepoint VM operation: RendezvousGCThreads done
Event: 19388.443 Executing safepoint VM operation: ThreadDump
Event: 19388.468 Executing safepoint VM operation: ThreadDump done
Event: 19388.495 Executing safepoint VM operation: ThreadDump
Event: 19388.502 Executing safepoint VM operation: ThreadDump done
Event: 19388.620 Executing safepoint VM operation: ThreadDump
Event: 19388.622 Executing safepoint VM operation: ThreadDump done
Event: 19388.728 Executing safepoint VM operation: ThreadDump
Event: 19388.730 Executing safepoint VM operation: ThreadDump done
Event: 19388.835 Executing safepoint VM operation: ThreadDump

Memory protections (0 events):
No events

Nmethod flushes (20 events):
Event: 19009.482 Thread 0x000001ff485e0ca0 flushing  nmethod 0x000001ff4d24b988
Event: 19009.482 Thread 0x000001ff485e0ca0 flushing  nmethod 0x000001ff4e8aae88
Event: 19009.482 Thread 0x000001ff485e0ca0 flushing  nmethod 0x000001ff504bff88
Event: 19009.482 Thread 0x000001ff485e0ca0 flushing  nmethod 0x000001ff4d487f08
Event: 19009.482 Thread 0x000001ff485e0ca0 flushing  nmethod 0x000001ff4d99c588
Event: 19009.482 Thread 0x000001ff485e0ca0 flushing  nmethod 0x000001ff501acd08
Event: 19009.482 Thread 0x000001ff485e0ca0 flushing  nmethod 0x000001ff4f162208
Event: 19009.482 Thread 0x000001ff485e0ca0 flushing  nmethod 0x000001ff4db2f088
Event: 19009.482 Thread 0x000001ff485e0ca0 flushing  nmethod 0x000001ff4ed5c508
Event: 19009.482 Thread 0x000001ff485e0ca0 flushing  nmethod 0x000001ff506e6788
Event: 19009.482 Thread 0x000001ff485e0ca0 flushing  nmethod 0x000001ff4c6bdc88
Event: 19009.482 Thread 0x000001ff485e0ca0 flushing  nmethod 0x000001ff4d1b6a88
Event: 19009.482 Thread 0x000001ff485e0ca0 flushing  nmethod 0x000001ff4dd79908
Event: 19290.088 Thread 0x000001ff485e0ca0 flushing  nmethod 0x000001ff5d0eee08
Event: 19290.088 Thread 0x000001ff485e0ca0 flushing  nmethod 0x000001ff5d10e808
Event: 19290.088 Thread 0x000001ff485e0ca0 flushing  nmethod 0x000001ff4e472d88
Event: 19290.088 Thread 0x000001ff485e0ca0 flushing  nmethod 0x000001ff5d07c188
Event: 19290.088 Thread 0x000001ff485e0ca0 flushing  nmethod 0x000001ff5cf95588
Event: 19290.088 Thread 0x000001ff485e0ca0 flushing  nmethod 0x000001ff5d084508
Event: 19290.088 Thread 0x000001ff485e0ca0 flushing  nmethod 0x000001ff5d08d408

Events (20 events):
Event: 19273.288 Thread 0x0000020067a63830 Thread added: 0x000002003fa3d7d0
Event: 19273.288 Thread 0x0000020067a63830 Thread added: 0x000002003fa3b890
Event: 19273.289 Thread 0x0000020067a63830 Thread added: 0x000002003fa3e770
Event: 19273.394 Thread 0x000001ff216892b0 Thread added: 0x000002004251f7e0
Event: 19273.395 Thread 0x000002005c5e3e10 Thread added: 0x000002003f0e48a0
Event: 19278.256 Thread 0x0000020083e0f610 Thread added: 0x0000020042011ad0
Event: 19278.712 Thread 0x00000200480d40d0 Thread added: 0x000001fffd789140
Event: 19278.713 Thread 0x000001fffd789140 Thread exited: 0x000001fffd789140
Event: 19278.885 Thread 0x00000200480d40d0 Thread added: 0x000001fffd789140
Event: 19288.192 Thread 0x0000020042011ad0 Thread exited: 0x0000020042011ad0
Event: 19288.892 Thread 0x000001fffd789140 Thread exited: 0x000001fffd789140
Event: 19290.126 Thread 0x000001ff739029f0 Thread added: 0x0000020083e10d80
Event: 19333.487 Thread 0x000002003fa3e770 Thread exited: 0x000002003fa3e770
Event: 19333.487 Thread 0x000002003fa3b890 Thread exited: 0x000002003fa3b890
Event: 19333.488 Thread 0x000002003fa3d7d0 Thread exited: 0x000002003fa3d7d0
Event: 19333.910 Thread 0x0000020045e10320 Thread exited: 0x0000020045e10320
Event: 19333.911 Thread 0x0000020045e0e3e0 Thread exited: 0x0000020045e0e3e0
Event: 19333.914 Thread 0x0000020040a50420 Thread exited: 0x0000020040a50420
Event: 19350.127 Thread 0x0000020083e0dea0 Thread exited: 0x0000020083e0dea0
Event: 19350.133 Thread 0x000001ff242a1f90 Thread exited: 0x000001ff242a1f90


Dynamic libraries:
0x00007ff79c3d0000 - 0x00007ff79c559000 	D:\JetBrains Rider 2026.2.1\bin\rider64.exe
0x00007ffabe740000 - 0x00007ffabe9a8000 	C:\WINDOWS\SYSTEM32\ntdll.dll
0x00007ffabd970000 - 0x00007ffabda39000 	C:\WINDOWS\System32\KERNEL32.DLL
0x00007ffabbc20000 - 0x00007ffabc00d000 	C:\WINDOWS\System32\KERNELBASE.dll
0x00007ffabe470000 - 0x00007ffabe550000 	C:\WINDOWS\System32\oleaut32.dll
0x00007ffabc2b0000 - 0x00007ffabc353000 	C:\WINDOWS\System32\msvcp_win.dll
0x00007ffabc0d0000 - 0x00007ffabc21b000 	C:\WINDOWS\System32\ucrtbase.dll
0x00007ffabc570000 - 0x00007ffabc8f6000 	C:\WINDOWS\System32\combase.dll
0x00007ffabe030000 - 0x00007ffabe148000 	C:\WINDOWS\System32\RPCRT4.dll
0x00007ffabdce0000 - 0x00007ffabdeac000 	C:\WINDOWS\System32\user32.dll
0x00007ffabb890000 - 0x00007ffabb8b7000 	C:\WINDOWS\System32\win32u.dll
0x00007ffabd050000 - 0x00007ffabd07b000 	C:\WINDOWS\System32\GDI32.dll
0x00007ffabb960000 - 0x00007ffabba97000 	C:\WINDOWS\System32\gdi32full.dll
0x00007ffabc900000 - 0x00007ffabd04a000 	C:\WINDOWS\System32\shell32.dll
0x00007ffabbaa0000 - 0x00007ffabbc14000 	C:\WINDOWS\System32\wintypes.dll
0x00007ffabe320000 - 0x00007ffabe3d4000 	C:\WINDOWS\System32\advapi32.dll
0x00007ffabac60000 - 0x00007ffabac8b000 	C:\WINDOWS\SYSTEM32\userenv.dll
0x00007ffabe270000 - 0x00007ffabe319000 	C:\WINDOWS\System32\msvcrt.dll
0x00007ffabe650000 - 0x00007ffabe6f6000 	C:\WINDOWS\System32\sechost.dll
0x00007ffabb8c0000 - 0x00007ffabb959000 	C:\WINDOWS\System32\bcryptprimitives.dll
0x00007ffab0240000 - 0x00007ffab0275000 	C:\WINDOWS\SYSTEM32\WINMM.dll
0x00007ffab8cc0000 - 0x00007ffab8f01000 	C:\WINDOWS\SYSTEM32\dbghelp.dll
0x00007ffabd880000 - 0x00007ffabd8af000 	C:\WINDOWS\System32\IMM32.DLL
0x00007ffab9510000 - 0x00007ffab9d6b000 	C:\WINDOWS\SYSTEM32\windows.storage.dll
0x00007ffabd2f0000 - 0x00007ffabd3e5000 	C:\WINDOWS\System32\SHCORE.dll
0x00007ffabe5e0000 - 0x00007ffabe64a000 	C:\WINDOWS\System32\shlwapi.dll
0x00007ffabb770000 - 0x00007ffabb79f000 	C:\WINDOWS\SYSTEM32\profapi.dll
0x00007ffaba760000 - 0x00007ffaba796000 	C:\WINDOWS\SYSTEM32\ntmarta.dll
0x00007ffa4dd30000 - 0x00007ffa4ec85000 	D:\JetBrains Rider 2026.2.1\jbr\bin\server\jvm.dll
0x00007ffabd080000 - 0x00007ffabd0f4000 	C:\WINDOWS\System32\WS2_32.dll
0x00007ffabb700000 - 0x00007ffabb75e000 	C:\WINDOWS\SYSTEM32\POWRPROF.dll
0x00007ffab50c0000 - 0x00007ffab50cb000 	C:\WINDOWS\SYSTEM32\VERSION.dll
0x00007ffab3ef0000 - 0x00007ffab3f0e000 	D:\JetBrains Rider 2026.2.1\jbr\bin\VCRUNTIME140.dll
0x00007ffab38d0000 - 0x00007ffab38dc000 	D:\JetBrains Rider 2026.2.1\jbr\bin\VCRUNTIME140_1.dll
0x00007ffabb6e0000 - 0x00007ffabb6f4000 	C:\WINDOWS\SYSTEM32\UMPDC.dll
0x00007ffab38c0000 - 0x00007ffab38ca000 	D:\JetBrains Rider 2026.2.1\jbr\bin\jimage.dll
0x00007ffaa2240000 - 0x00007ffaa2283000 	C:\WINDOWS\SYSTEM32\dbgcore.DLL
0x00007ffaa1760000 - 0x00007ffaa1770000 	D:\JetBrains Rider 2026.2.1\jbr\bin\instrument.dll
0x00007ffaa1740000 - 0x00007ffaa1757000 	D:\JetBrains Rider 2026.2.1\jbr\bin\jli.dll
0x00007ffa96af0000 - 0x00007ffa96ba4000 	C:\WINDOWS\WinSxS\amd64_microsoft.windows.common-controls_6595b64144ccf1df_5.82.26100.4484_none_87ef4f277a2c8b1a\COMCTL32.dll
0x00007ffa9c9d0000 - 0x00007ffa9c9ef000 	D:\JetBrains Rider 2026.2.1\jbr\bin\java.dll
0x00007ffabdad0000 - 0x00007ffabdc6e000 	C:\WINDOWS\System32\ole32.dll
0x00007ffa9c8c0000 - 0x00007ffa9c8d6000 	D:\JetBrains Rider 2026.2.1\jbr\bin\zip.dll
0x00007ffaba630000 - 0x00007ffaba64b000 	C:\WINDOWS\SYSTEM32\kernel.appcore.dll
0x00007ffa96880000 - 0x00007ffa96892000 	D:\JetBrains Rider 2026.2.1\jbr\bin\net.dll
0x00007ffababc0000 - 0x00007ffabac2a000 	C:\WINDOWS\system32\mswsock.dll
0x00007ffa95db0000 - 0x00007ffa95dc6000 	D:\JetBrains Rider 2026.2.1\jbr\bin\nio.dll
0x00007ffa9c8b0000 - 0x00007ffa9c8ba000 	D:\JetBrains Rider 2026.2.1\jbr\bin\management.dll
0x00007ffa99280000 - 0x00007ffa9928c000 	D:\JetBrains Rider 2026.2.1\jbr\bin\management_ext.dll
0x00007ffabe020000 - 0x00007ffabe028000 	C:\WINDOWS\System32\PSAPI.DLL
0x00007ffa8fbc0000 - 0x00007ffa8fbd8000 	C:\WINDOWS\system32\napinsp.dll
0x00007ffaba0f0000 - 0x00007ffaba216000 	C:\WINDOWS\SYSTEM32\DNSAPI.dll
0x00007ffaba060000 - 0x00007ffaba093000 	C:\WINDOWS\SYSTEM32\IPHLPAPI.DLL
0x00007ffabd100000 - 0x00007ffabd10a000 	C:\WINDOWS\System32\NSI.dll
0x00007ffa8fba0000 - 0x00007ffa8fbb2000 	C:\WINDOWS\System32\winrnr.dll
0x00007ffa8fb10000 - 0x00007ffa8fb40000 	C:\WINDOWS\system32\nlansp_c.dll
0x00007ffa8f840000 - 0x00007ffa8f860000 	C:\WINDOWS\system32\wshbth.dll
0x00007ffab4270000 - 0x00007ffab427b000 	C:\Windows\System32\rasadhlp.dll
0x00007ffab2f00000 - 0x00007ffab2f86000 	C:\WINDOWS\System32\fwpuclnt.dll
0x00007ffa99200000 - 0x00007ffa99210000 	D:\JetBrains Rider 2026.2.1\jbr\bin\verify.dll
0x00007ffa55df0000 - 0x00007ffa55f7e000 	D:\JetBrains Rider 2026.2.1\jbr\bin\awt.dll
0x00007ffab7d30000 - 0x00007ffab7d66000 	C:\WINDOWS\SYSTEM32\dwmapi.dll
0x00007ffa97730000 - 0x00007ffa977ad000 	C:\WINDOWS\SYSTEM32\OLEACC.dll
0x00007ffa55d60000 - 0x00007ffa55de9000 	D:\JetBrains Rider 2026.2.1\jbr\bin\MSVCP140.dll
0x00007ffa55d10000 - 0x00007ffa55d54000 	D:\JetBrains Rider 2026.2.1\jbr\bin\nvdaControllerClient64.dll
0x00007ffab7990000 - 0x00007ffab7a2e000 	C:\WINDOWS\SYSTEM32\apphelp.dll
0x00007ffa97dc0000 - 0x00007ffa97dce000 	D:\JetBrains Rider 2026.2.1\jbr\bin\sunmscapi.dll
0x00007ffabc360000 - 0x00007ffabc4d7000 	C:\WINDOWS\System32\CRYPT32.dll
0x00007ffabb090000 - 0x00007ffabb0c0000 	C:\WINDOWS\SYSTEM32\ncrypt.dll
0x00007ffabb040000 - 0x00007ffabb07f000 	C:\WINDOWS\SYSTEM32\NTASN1.dll
0x00007ffa95f40000 - 0x00007ffa95f49000 	D:\JetBrains Rider 2026.2.1\jbr\bin\prefs.dll
0x00007ffa8e8f0000 - 0x00007ffa8e8f8000 	C:\WINDOWS\system32\wshunix.dll
0x00007ffab7bd0000 - 0x00007ffab7c7f000 	C:\WINDOWS\system32\uxtheme.dll
0x00007ffabdeb0000 - 0x00007ffabe010000 	C:\WINDOWS\System32\MSCTF.dll
0x00007ffa55c80000 - 0x00007ffa55d0b000 	D:\JetBrains Rider 2026.2.1\jbr\bin\freetype.dll
0x00007ffa95da0000 - 0x00007ffa95da9000 	D:\JetBrains Rider 2026.2.1\jbr\bin\extnet.dll
0x00007ffa55b80000 - 0x00007ffa55c79000 	D:\JetBrains Rider 2026.2.1\jbr\bin\fontmanager.dll
0x00007ffa55b30000 - 0x00007ffa55b79000 	D:\JetBrains Rider 2026.2.1\lib\jna\amd64\jnidispatch.dll
0x00007ffab7a40000 - 0x00007ffab7a56000 	C:\WINDOWS\system32\Wtsapi32.dll
0x00007ffabb630000 - 0x00007ffabb697000 	C:\WINDOWS\SYSTEM32\WINSTA.dll
0x00007ffa32dd0000 - 0x00007ffa32ee8000 	C:\WINDOWS\system32\opengl32.dll
0x00007ffa33ff0000 - 0x00007ffa3401d000 	C:\WINDOWS\SYSTEM32\GLU32.dll
0x00007ffab81d0000 - 0x00007ffab821d000 	C:\WINDOWS\SYSTEM32\dxcore.dll
0x00007ffabae70000 - 0x00007ffabae8b000 	C:\WINDOWS\SYSTEM32\CRYPTSP.dll
0x00007ffaba590000 - 0x00007ffaba5cb000 	C:\WINDOWS\system32\rsaenh.dll
0x00007ffabb7b0000 - 0x00007ffabb7d6000 	C:\WINDOWS\SYSTEM32\bcrypt.dll
0x00007ffabae90000 - 0x00007ffabae9c000 	C:\WINDOWS\SYSTEM32\CRYPTBASE.dll
0x00007ffabafa0000 - 0x00007ffabafb3000 	C:\WINDOWS\SYSTEM32\MSASN1.dll
0x00007ffa0d5b0000 - 0x00007ffa0e325000 	D:\JetBrains Rider 2026.2.1\lib\skiko-awt-runtime-all\skiko-windows-x64.dll
0x00007ffab5fc0000 - 0x00007ffab60cd000 	C:\WINDOWS\SYSTEM32\PROPSYS.dll
0x00007ffabac30000 - 0x00007ffabac57000 	C:\WINDOWS\SYSTEM32\gpapi.dll
0x00007ffab3440000 - 0x00007ffab347b000 	C:\WINDOWS\SYSTEM32\cryptnet.dll
0x00007ffab7b60000 - 0x00007ffab7b6f000 	C:\WINDOWS\SYSTEM32\WINNSI.DLL
0x00007ffa916e0000 - 0x00007ffa916f2000 	C:\WINDOWS\System32\perfproc.dll
0x00007ffa97550000 - 0x00007ffa97727000 	C:\WINDOWS\WinSxS\amd64_microsoft.windows.gdiplus_6595b64144ccf1df_1.1.26100.4484_none_6ef960323dc16d81\gdiplus.dll
0x00007ffa8ec20000 - 0x00007ffa8ed70000 	C:\WINDOWS\SYSTEM32\textinputframework.dll
0x00007ffabd8c0000 - 0x00007ffabd968000 	C:\WINDOWS\System32\clbcatq.dll
0x00007ffa72440000 - 0x00007ffa7249e000 	C:\WINDOWS\system32\ApplicationTargetedFeatureDatabase.dll
0x00007ffab0300000 - 0x00007ffab0538000 	C:\Windows\System32\twinapi.appcore.dll
0x00007ffaa5a10000 - 0x00007ffaa5caa000 	C:\WINDOWS\WinSxS\amd64_microsoft.windows.common-controls_6595b64144ccf1df_6.0.26100.4484_none_3e0e6d4ce32ef3b3\comctl32.dll
0x00007ffab6ba0000 - 0x00007ffab6ddb000 	C:\WINDOWS\SYSTEM32\WindowsCodecs.dll
0x00007ffab3ae0000 - 0x00007ffab3b3a000 	C:\WINDOWS\system32\dataexchange.dll
0x00007ffabb480000 - 0x00007ffabb48a000 	C:\WINDOWS\SYSTEM32\DPAPI.dll
0x00007ffa0ae40000 - 0x00007ffa0ae78000 	D:\JetBrains Rider 2026.2.1\bin\WinShellIntegrationBridge.dll
0x00007ffab0b70000 - 0x00007ffab0b82000 	C:\WINDOWS\system32\wbem\wbemprox.dll
0x00007ffaa6bb0000 - 0x00007ffaa6c2a000 	C:\WINDOWS\SYSTEM32\wbemcomn.dll
0x00007ffa91f20000 - 0x00007ffa91fd5000 	C:\Windows\System32\appresolver.dll
0x00007ffaa0e30000 - 0x00007ffaa0e45000 	C:\WINDOWS\system32\wbem\wbemsvc.dll
0x00007ffaa7860000 - 0x00007ffaa78be000 	C:\Windows\System32\Bcp47Langs.dll
0x00007ffaa26b0000 - 0x00007ffaa27a0000 	C:\WINDOWS\system32\wbem\fastprox.dll
0x00007ffa9d850000 - 0x00007ffa9d86d000 	C:\WINDOWS\SYSTEM32\amsi.dll
0x00007ffa9d740000 - 0x00007ffa9d7e4000 	C:\ProgramData\Microsoft\Windows Defender\Platform\4.18.26080.4-0\MpOav.dll
0x00007ffabe560000 - 0x00007ffabe5da000 	C:\WINDOWS\System32\coml2.dll
0x00007ffabb3d0000 - 0x00007ffabb427000 	C:\WINDOWS\SYSTEM32\CFGMGR32.dll
0x00007ffa8d900000 - 0x00007ffa8d9c2000 	C:\Windows\System32\Windows.FileExplorer.Common.dll
0x00007ffab4280000 - 0x00007ffab429f000 	C:\WINDOWS\SYSTEM32\dhcpcsvc6.DLL
0x00007ffab3870000 - 0x00007ffab3895000 	C:\WINDOWS\SYSTEM32\dhcpcsvc.DLL
0x00007ffa870e0000 - 0x00007ffa870fb000 	C:\WINDOWS\system32\NetworkExplorer.dll
0x00007ffa98380000 - 0x00007ffa9838f000 	C:\WINDOWS\SYSTEM32\LINKINFO.dll
0x00007ffa88950000 - 0x00007ffa889fd000 	C:\WINDOWS\SYSTEM32\ntshrui.dll
0x00007ffaa6210000 - 0x00007ffaa6239000 	C:\WINDOWS\SYSTEM32\srvcli.dll
0x00007ffa91a00000 - 0x00007ffa91a13000 	C:\WINDOWS\SYSTEM32\cscapi.dll
0x00007ffab65a0000 - 0x00007ffab6662000 	C:\WINDOWS\SYSTEM32\policymanager.dll
0x00007ffab63a0000 - 0x00007ffab6431000 	C:\WINDOWS\SYSTEM32\msvcp110_win.dll
0x00007ffa9d0f0000 - 0x00007ffa9d13e000 	C:\WINDOWS\SYSTEM32\pdh.dll
0x00007ffa916c0000 - 0x00007ffa916d1000 	C:\WINDOWS\System32\perfos.dll
0x00007ffab7bb0000 - 0x00007ffab7bc2000 	C:\WINDOWS\SYSTEM32\pfclient.dll
0x00007ffab75a0000 - 0x00007ffab76c5000 	C:\WINDOWS\SYSTEM32\CoreMessaging.dll

JVMTI agents:
D:\jetbra\jetbra\ja-netfilter.jar path:D:\JetBrains Rider 2026.2.1\jbr\bin\instrument.dll, loaded, initialized, instrumentlib options:jetbrains

dbghelp: loaded successfully - version: 4.0.5 - missing functions: none
symbol engine: initialized successfully - sym options: 0x614 - pdb path: .;D:\JetBrains Rider 2026.2.1\bin;C:\WINDOWS\SYSTEM32;D:\JetBrains Rider 2026.2.1\jbr\bin\server;D:\JetBrains Rider 2026.2.1\jbr\bin;C:\WINDOWS\WinSxS\amd64_microsoft.windows.common-controls_6595b64144ccf1df_5.82.26100.4484_none_87ef4f277a2c8b1a;D:\JetBrains Rider 2026.2.1\lib\jna\amd64;D:\JetBrains Rider 2026.2.1\lib\skiko-awt-runtime-all;C:\WINDOWS\WinSxS\amd64_microsoft.windows.gdiplus_6595b64144ccf1df_1.1.26100.4484_none_6ef960323dc16d81;C:\WINDOWS\WinSxS\amd64_microsoft.windows.common-controls_6595b64144ccf1df_6.0.26100.4484_none_3e0e6d4ce32ef3b3;C:\WINDOWS\system32\wbem;C:\ProgramData\Microsoft\Windows Defender\Platform\4.18.26080.4-0;D:\JetBrains Rider 2026.2.1\lib\pty4j\win\x86-64;D:\JetBrains Rider 2026.2.1\plugins\dotCommon\DotFiles\windows-x64;C:\Users\Kenwen\AppData\Local\JetBrains\Rider2026.2\tmp

VM Arguments:
jvm_args: abort vfprintf -XX:ErrorFile=C:\Users\Kenwen\java_error_in_rider_%p.log -XX:HeapDumpPath=C:\Users\Kenwen\java_error_in_rider.hprof -Xms128m -Xmx2048m -XX:JbrShrinkingGcMaxHeapFreeRatio=40 -XX:ReservedCodeCacheSize=512m -XX:+HeapDumpOnOutOfMemoryError -XX:-OmitStackTraceInFastThrow -XX:CICompilerCount=2 -XX:+IgnoreUnrecognizedVMOptions -XX:+UnlockDiagnosticVMOptions -XX:TieredOldPercentage=100000 -XX:+UseCompactObjectHeaders --sun-misc-unsafe-memory-access=allow -ea -Dsun.io.useCanonCaches=false -Dsun.java2d.metal=true -Djbr.catch.SIGABRT=true -Djdk.http.auth.tunneling.disabledSchemes="" -Djdk.attach.allowAttachSelf=true -Djdk.module.illegalAccess.silent=true -Djdk.nio.maxCachedBufferSize=2097152 -Djava.util.zip.use.nio.for.zip.file.access=true -Dkotlinx.coroutines.debug=off -Dskiko.rendering.useScreenMenuBar=false -Djava.nio.file.spi.DefaultFileSystemProvider=com.intellij.platform.core.nio.fs.MultiRoutingFileSystemProvider -Denable.non.commercial.ai.license=true -Xms128m -Xmx2048m -XX:ReservedCodeCacheSize=512m -XX:+IgnoreUnrecognizedVMOptions -XX:+UseG1GC -XX:SoftRefLRUPolicyMSPerMB=50 -XX:CICompilerCount=2 -XX:+HeapDumpOnOutOfMemoryError -XX:-OmitStackTraceInFastThrow -ea -Dsun.io.useCanonCaches=false -Djdk.http.auth.tunneling.disabledSchemes="" -Djdk.attach.allowAttachSelf=true -Djdk.module.illegalAccess.silent=true -Dkotlinx.coroutines.debug=off -XX:ErrorFile=$USER_HOME/java_error_in_idea_%p.log -XX:HeapDumpPath=$USER_HOME/java_error_in_idea.hprof --add-opens=java.base/jdk.internal.org.objectweb.asm=ALL-UNNAMED --add-opens=java.base/jdk.internal.org.objectweb.asm.tree=ALL-UNNAMED -javaagent:D:\jetbra\jetbra\ja-netfilter.jar=jetbrains -Djb.vmOptionsFile=D:\jetbra\jetbra\vmoptions\rider.vmoptions -Xbootclasspath/a:D:\JetBrains Rider 2026.2.1\lib\nio-fs.jar -Djava.system.class.loader=com.intellij.util.lang.PathClassLoader -Didea.vendor.name=JetBrains -Didea.paths.selector=Rider2026.2 -Djna.boot.library.path=D:\JetBrains Rider 2026.2.1/lib/jna/amd64 -Djna.nosys=true -Djna.noclasspath=true -Dpty4j.preferred.native.folder=D:\JetBrains Rider 2026.2.1/lib/pty4j -Dio.netty.allocator.type=pooled -Dskiko.library.path=D:\JetBrains Rider 2026.2.1/lib/skiko-awt-runtime-all -Dintellij.platform.runtime.repository.path=D:\JetBrains Rider 2026.2.1/modules/module-descriptors.dat -Didea.platform.prefix=Rider -Didea.class.before.app=com.jetbrains.rider.protocol.EarlyBackendStarter -Didea.show.customize.ide.wizard=true -DFilePageCache.THROW_ERROR_ON_DUPLICATE_STORAGE_REGISTRATION=false -Dsplash=true -Daether.connector.resumeDownloads=false -Dcompose.swing.render.on.graphics=true --enable-native-access=ALL-UNNAMED --add-opens=java.base/java.io=ALL-UNNAMED --add-opens=java.base/java.lang=ALL-UNNAMED --add-opens=java.base/java.lang.ref=ALL-UNNAMED --add-opens=java.base/java.lang.reflect=ALL-UNNAMED --add-opens=java.base/java.net=ALL-UNNAMED --add-opens=java.base/java.nio=ALL-UNNAMED --add-opens=java.base/java.nio.charset=ALL-UNNAMED --add-opens=java.base/java.text=ALL-UNNAMED --add-opens=java.base/java.time=ALL-UNNAMED --add-opens=java.base/java.util=ALL-UNNAMED --add-opens=java.base/java.util.concurrent=ALL-UNNAMED --add-opens=java.base/java.util.concurrent.atomic=ALL-UNNAMED --add-opens=java.base/java.util.concurrent.locks=ALL-UNNAMED --add-opens=java.base/jdk.internal.ref=ALL-UNNAMED --add-opens=java.base/jdk.internal.vm=ALL-UNNAMED --add-opens=java.base/sun.net.dns=ALL-UNNAMED --add-opens=java.base/sun.nio=ALL-UNNAMED --add-opens=java.base/sun.nio.ch=ALL-UNNAMED --add-opens=java.base/sun.nio.fs=ALL-UNNAMED --add-opens=java.base/sun.security.ssl=ALL-UNNAMED --add-opens=java.base/sun.security.util=ALL-UNNAMED --add-opens=java.desktop/com.sun.java.swing=ALL-UNNAMED --add-opens=java.desktop/java.awt=ALL-UNNAMED --add-opens=java.desktop/java.awt.dnd.peer=ALL-UNNAMED --add-opens=java.desktop/java.awt.event=ALL-UNNAMED --add-opens=java.desktop/java.awt.font=ALL-UNNAMED --add-opens=java.desktop/java.awt.image=ALL-UNNAMED --add-opens=java.desktop/java.awt.peer=ALL-UNNAMED --add-opens=java.desktop/javax.swing=ALL-UNNAMED --add-opens=java.desktop/javax.swing.plaf.basic=ALL-UNNAMED --add-opens=java.desktop/javax.swing.text=ALL-UNNAMED --add-opens=java.desktop/javax.swing.text.html=ALL-UNNAMED --add-opens=java.desktop/javax.swing.text.html.parser=ALL-UNNAMED --add-opens=java.desktop/sun.awt=ALL-UNNAMED --add-opens=java.desktop/sun.awt.datatransfer=ALL-UNNAMED --add-opens=java.desktop/sun.awt.image=ALL-UNNAMED --add-opens=java.desktop/sun.awt.windows=ALL-UNNAMED --add-opens=java.desktop/sun.font=ALL-UNNAMED --add-opens=java.desktop/sun.java2d=ALL-UNNAMED --add-opens=java.desktop/sun.swing=ALL-UNNAMED --add-opens=java.desktop/sun.swing.text=ALL-UNNAMED --add-opens=java.management/sun.management=ALL-UNNAMED --add-opens=jdk.attach/sun.tools.attach=ALL-UNNAMED --add-opens=jdk.compiler/com.sun.tools.javac.api=ALL-UNNAMED --add-opens=jdk.internal.jvmstat/sun.jvmstat.monitor=ALL-UNNAMED --add-opens=jdk.jdi/com.sun.tools.jdi=ALL-UNNAMED -Dide.native.launcher=true -Djcef.sandbox.ptr=000001FF463E1D80 -Djcef.sandbox.cefVersion=122.1.9+gd14e051+chromium-122.0.6261.94 -Dsun.jnu.encoding.sys=windows-936 
java_command: com.intellij.idea.Main E:\Project\Git\Hodgepodge\Hodgepodge.uproject
java_class_path (initial): D:\JetBrains Rider 2026.2.1\lib\platform-loader.jar;D:\JetBrains Rider 2026.2.1\lib\util-8.jar;D:\JetBrains Rider 2026.2.1\lib\util.jar;D:\JetBrains Rider 2026.2.1\lib\product-backend.jar;D:\JetBrains Rider 2026.2.1\lib\annotations.jar;D:\JetBrains Rider 2026.2.1\lib\eclipse.lsp4j.debug.jar;D:\JetBrains Rider 2026.2.1\lib\eclipse.lsp4j.jar;D:\JetBrains Rider 2026.2.1\lib\eclipse.lsp4j.jsonrpc.debug.jar;D:\JetBrains Rider 2026.2.1\lib\eclipse.lsp4j.jsonrpc.jar;D:\JetBrains Rider 2026.2.1\lib\external-system-rt.jar;D:\JetBrains Rider 2026.2.1\lib\externalProcess-rt.jar;D:\JetBrains Rider 2026.2.1\lib\fleet.andel.jar;D:\JetBrains Rider 2026.2.1\lib\fleet.bifurcan.jar;D:\JetBrains Rider 2026.2.1\lib\fleet.fastutil.jar;D:\JetBrains Rider 2026.2.1\lib\fleet.kernel.jar;D:\JetBrains Rider 2026.2.1\lib\fleet.multiplatform.shims.jar;D:\JetBrains Rider 2026.2.1\lib\fleet.openmap.jar;D:\JetBrains Rider 2026.2.1\lib\fleet.radixTrie.jar;D:\JetBrains Rider 2026.2.1\lib\fleet.reporting.api.jar;D:\JetBrains Rider 2026.2.1\lib\fleet.reporting.shared.jar;D:\JetBrains Rider 2026.2.1\lib\fleet.rhizomedb.jar;D:\JetBrains Rider 2026.2.1\lib\fleet.rhizomedb.transactor.jar;D:\JetBrains Rider 2026.2.1\lib\fleet.rhizomedb.transactor.rebase.jar;D:\JetBrains Rider 2026.2.1\lib\fleet.rpc.jar;D:\JetBrains Rider 2026.2.1\lib\fleet.rpc.server.jar;D:\JetBrains Rider 2026.2.1\lib\fleet.util.codepoints.jar;D:\JetBrains Rider 2026.2.1\lib\fleet.util.core.jar;D:\JetBrains Rider 2026.2.1\lib\fleet.util.logging.api.jar;D:\JetBrains Rider 2026.2.1\lib\fleet.util.serialization.jar;D:\JetBrains Rider 2026.2.1\lib\forms_rt.jar;D:\JetBrains Rider 2026.2.1\lib\intellij.cidr.cocoaPlistEditor.jar;D:\JetBrains Rider 2026.2.1\lib\intellij.cidr.plist.jar;D:\JetBrains Rider 2026.2.1\lib\intellij.libraries.aalto.xml.jar;D:\JetBrains Rider 2026.2.1\lib\intellij.libraries.asm.jar;D:\JetBrains Rider 2026.2.1\lib\intellij.libraries.asm.tools.jar;D:\JetBrains Rider 2026.2.1\lib\intellij.libraries.automaton.jar;D:\JetBrains Rider 2026.2.1\lib\intellij.libraries.batik.jar;D:\JetBrains Rider 2026.2.1\lib\intellij.libraries.blockmap.jar;D:\JetBrains Rider 2026.2.1\lib\intellij.libraries.bouncy.castle.pgp.jar;D:\JetBrains Rider 2026.2.1\lib\intellij.libraries.bouncy.castle.provider.jar;D:\JetBrains Rider 2026.2.1\lib\intellij.libraries.caffeine.jar;D:\JetBrains Rider 2026.2.1\lib\intellij.libraries.cglib.jar;D:\JetBrains Rider 2026.2.1\lib\intellij.libraries.classgraph.jar;D:\JetBrains Rider 2026.2.1\lib\intellij.libraries.cli.parser.jar;D:\JetBrains Rider 2026.2.1\lib\intellij.libraries.commons.cli.jar;D:\JetBrains Rider 2026.2.1\lib\intellij.libraries.commons.codec.jar;D:\JetBrains Rider 2026.2.1\lib\intellij.libraries.commons.compress.jar;D:\JetBrains Rider 2026.2.1\lib\intellij.libraries.commons.imaging.jar;D:\JetBrains Rider 2026.2.1\lib\intellij.libraries.commons.io.jar;D:\JetBrains Rider 2026.2.1\lib\intellij.libraries.commons.lang3.jar;D:\JetBrains Rider 2026.2.1\lib\intellij.libraries.commons.logging.jar;D:\JetBrains Rider 2026.2.1\lib\intellij.libraries.download.pgp.verifier.jar;D:\JetBrains Rider 2026.2.1\lib\intellij.libraries.fastutil.jar;D:\JetBrains Rider 2026.2.1\lib\intellij.libraries.gson.jar;D:\JetBrains Rider 2026.2.1\lib\intellij.libraries.guava.jar;D:\JetBrains Rider 2026.2.1\lib\intellij.libraries.hash4j.jar;D:\JetBrains Rider 2026.2.1\lib\intellij.libraries.hdr.histogram.jar;D:\JetBrains Rider 2026.2.1\lib\intellij.libraries.http.client.jar;D:\JetBrains Rider 2026.2.1\lib\intellij.libraries.icu4j.jar;D:\JetBrains Rider 2026.2.1\lib\intellij.libraries.imgscalr.jar;D:\JetBrains Rider 2026.2.1\lib\intellij.libraries.ini4j.jar;D:\JetBrains Rider 2026.2.1\lib\intellij.libraries.ion.jar;D:\JetBrains Rider 2026.2.1\lib\intellij.libraries.jackson.annotations.jar;D:\JetBrains Rider 2026.2.1\lib\intellij.libraries.jackson.databind.jar;D:\JetBrains Rider 2026.2.1\lib\intellij.libraries.jackson.dataformat.yaml.jar;D:\JetBrains Rider 2026.2.1\lib\intellij.libraries.jackson.jar;D:\JetBrains Rider 2026.2.1\lib\intellij.libraries.jackson.jr.objects.jar;D:\JetBrains Rider 2026.2.1\lib\intellij.libraries.jackson.module.kotlin.jar;D:\JetBrains Rider 2026.2.1\lib\intellij.libraries.jackson3.databind.jar;D:\JetBrains Rider 2026.2.1\lib\intellij.libraries.jackson3.dataformat.yaml.jar;D:\JetBrains Rider 2026.2.1\lib\intellij.libraries.jackson3.jar;D:\JetBrains Rider 2026.2.1\lib\intellij.libraries.jackson3.jr.objects.jar;D:\JetBrains Rider 2026.2.1\lib\intellij.libraries.jackson3.module.kotlin.jar;D:\JetBrains Rider 2026.2.1\lib\intellij.libraries.java.compatibility.jar;D:\JetBrains Rider 2026.2.1\lib\intellij.libraries.java.websocket.jar;D:\JetBrains Rider 2026.2.1\lib\intellij.libraries.javax.annotation.jar;D:\JetBrains Rider 2026.2.1\lib\intellij.libraries.jaxen.jar;D:\JetBrains Rider 2026.2.1\lib\intellij.libraries.jbr.jar;D:\JetBrains Rider 2026.2.1\lib\intellij.libraries.jcip.jar;D:\JetBrains Rider 2026.2.1\lib\intellij.libraries.jediterm.core.jar;D:\JetBrains Rider 2026.2.1\lib\intellij.libraries.jediterm.ui.jar;D:\JetBrains Rider 2026.2.1\lib\intellij.libraries.jgoodies.binding.jar;D:\JetBrains Rider 2026.2.1\lib\intellij.libraries.jgoodies.common.jar;D:\JetBrains Rider 2026.2.1\lib\intellij.libraries.jgoodies.forms.jar;D:\JetBrains Rider 2026.2.1\lib\intellij.libraries.jsch.agent.proxy.jar;D:\JetBrains Rider 2026.2.1\lib\intellij.libraries.jsonpath.jar;D:\JetBrains Rider 2026.2.1\lib\intellij.libraries.jsoup.jar;D:\JetBrains Rider 2026.2.1\lib\intellij.libraries.jsvg.jar;D:\JetBrains Rider 2026.2.1\lib\intellij.libraries.jvm.native.trusted.roots.jar;D:\JetBrains Rider 2026.2.1\lib\intellij.libraries.jzlib.jar;D:\JetBrains Rider 2026.2.1\lib\intellij.libraries.kotlin.reflect.jar;D:\JetBrains Rider 2026.2.1\lib\intellij.libraries.kotlinx.collections.immutable.jar;D:\JetBrains Rider 2026.2.1\lib\intellij.libraries.kotlinx.coroutines.core.jar;D:\JetBrains Rider 2026.2.1\lib\intellij.libraries.kotlinx.coroutines.debug.jar;D:\JetBrains Rider 2026.2.1\lib\intellij.libraries.kotlinx.coroutines.slf4j.jar;D:\JetBrains Rider 2026.2.1\lib\intellij.libraries.kotlinx.datetime.jar;D:\JetBrains Rider 2026.2.1\lib\intellij.libraries.kotlinx.html.jar;D:\JetBrains Rider 2026.2.1\lib\intellij.libraries.kotlinx.io.jar;D:\JetBrains Rider 2026.2.1\lib\intellij.libraries.kotlinx.serialization.cbor.jar;D:\JetBrains Rider 2026.2.1\lib\intellij.libraries.kotlinx.serialization.core.jar;D:\JetBrains Rider 2026.2.1\lib\intellij.libraries.kotlinx.serialization.json.jar;D:\JetBrains Rider 2026.2.1\lib\intellij.libraries.kotlinx.serialization.protobuf.jar;D:\JetBrains Rider 2026.2.1\lib\intellij.libraries.kryo5.jar;D:\JetBrains Rider 2026.2.1\lib\intellij.libraries.ktor.client.cio.jar;D:\JetBrains Rider 2026.2.1\lib\intellij.libraries.ktor.client.jar;D:\JetBrains Rider 2026.2.1\lib\intellij.libraries.ktor.io.jar;D:\JetBrains Rider 2026.2.1\lib\intellij.libraries.ktor.network.tls.jar;D:\JetBrains Rider 2026.2.1\lib\intellij.libraries.ktor.server.cio.jar;D:\JetBrains Rider 2026.2.1\lib\intellij.libraries.ktor.utils.jar;D:\JetBrains Rider 2026.2.1\lib\intellij.libraries.lz4.jar;D:\JetBrains Rider 2026.2.1\lib\intellij.libraries.markdown.jar;D:\JetBrains Rider 2026.2.1\lib\intellij.libraries.miglayout.swing.jar;D:\JetBrains Rider 2026.2.1\lib\intellij.libraries.mvstore.jar;D:\JetBrains Rider 2026.2.1\lib\intellij.libraries.netty.buffer.jar;D:\JetBrains Rider 2026.2.1\lib\intellij.libraries.netty.codec.compression.jar;D:\JetBrains Rider 2026.2.1\lib\intellij.libraries.netty.codec.http.jar;D:\JetBrains Rider 2026.2.1\lib\intellij.libraries.netty.handler.proxy.jar;D:\JetBrains Rider 2026.2.1\lib\intellij.libraries.opentelemetry.exporter.otlp.common.jar;D:\JetBrains Rider 2026.2.1\lib\intellij.libraries.opentelemetry.exporter.sender.jdk.jar;D:\JetBrains Rider 2026.2.1\lib\intellij.libraries.opentelemetry.extension.kotlin.jar;D:\JetBrains Rider 2026.2.1\lib\intellij.libraries.opentelemetry.jar;D:\JetBrains Rider 2026.2.1\lib\intellij.libraries.opentelemetry.sdk.autoconfigure.spi.jar;D:\JetBrains Rider 2026.2.1\lib\intellij.libraries.opentelemetry.semconv.jar;D:\JetBrains Rider 2026.2.1\lib\intellij.libraries.oro.matcher.jar;D:\JetBrains Rider 2026.2.1\lib\intellij.libraries.protobuf.jar;D:\JetBrains Rider 2026.2.1\lib\intellij.libraries.proxy.vole.jar;D:\JetBrains Rider 2026.2.1\lib\intellij.libraries.pty4j.jar;D:\JetBrains Rider 2026.2.1\lib\intellij.libraries.rd.core.jar;D:\JetBrains Rider 2026.2.1\lib\intellij.libraries.rd.framework.jar;D:\JetBrains Rider 2026.2.1\lib\intellij.libraries.rd.swing.jar;D:\JetBrains Rider 2026.2.1\lib\intellij.libraries.rd.text.jar;D:\JetBrains Rider 2026.2.1\lib\intellij.libraries.rhino.jar;D:\JetBrains Rider 2026.2.1\lib\intellij.libraries.semver.jar;D:\JetBrains Rider 2026.2.1\lib\intellij.libraries.snakeyaml.engine.jar;D:\JetBrains Rider 2026.2.1\lib\intellij.libraries.snakeyaml.jar;D:\JetBrains Rider 2026.2.1\lib\intellij.libraries.sshj.jar;D:\JetBrains Rider 2026.2.1\lib\intellij.libraries.stream.jar;D:\JetBrains Rider 2026.2.1\lib\intellij.libraries.swingx.jar;D:\JetBrains Rider 2026.2.1\lib\intellij.libraries.teamcity.service.messages.jar;D:\JetBrains Rider 2026.2.1\lib\intellij.libraries.velocity.jar;D:\JetBrains Rider 2026.2.1\lib\intellij.libraries.winp.jar;D:\JetBrains Rider 2026.2.1\lib\intellij.libraries.xerces.jar;D:\JetBrains Rider 2026.2.1\lib\intellij.libraries.xtext.xbase.jar;D:\JetBrains Rider 2026.2.1\lib\intellij.libraries.xz.jar;D:\JetBrains Rider 2026.2.1\lib\intellij.platform.analysis.impl.jar;D:\JetBrains Rider 2026.2.1\lib\intellij.platform.analysis.jar;D:\JetBrains Rider 2026.2.1\lib\intellij.platform.bazel.runfiles.jar;D:\JetBrains Rider 2026.2.1\lib\intellij.platform.bootstrap.jar;D:\JetBrains Rider 2026.2.1\lib\intellij.platform.builtInServer.impl.jar;D:\JetBrains Rider 2026.2.1\lib\intellij.platform.builtInServer.jar;D:\JetBrains Rider 2026.2.1\lib\intellij.platform.codeStyle.jar;D:\JetBrains Rider 2026.2.1\lib\intellij.platform.commercial.jar;D:\JetBrains Rider 2026.2.1\lib\intellij.platform.configurationStore.impl.jar;D:\JetBrains Rider 2026.2.1\lib\intellij.platform.core.impl.jar;D:\JetBrains Rider 2026.2.1\lib\intellij.platform.core.jar;D:\JetBrains Rider 2026.2.1\lib\intellij.platform.core.ui.jar;D:\JetBrains Rider 2026.2.1\lib\intellij.platform.credentialStore.impl.jar;D:\JetBrains Rider 2026.2.1\lib\intellij.platform.credentialStore.jar;D:\JetBrains Rider 2026.2.1\lib\intellij.platform.credentialStore.ui.jar;D:\JetBrains Rider 2026.2.1\lib\intellij.platform.cs.jar;D:\JetBrains Rider 2026.2.1\lib\intellij.platform.debugger.impl.jar;D:\JetBrains Rider 2026.2.1\lib\intellij.platform.debugger.impl.rpc.jar;D:\JetBrains Rider 2026.2.1\lib\intellij.platform.debugger.impl.shared.jar;D:\JetBrains Rider 2026.2.1\lib\intellij.platform.debugger.impl.ui.jar;D:\JetBrains Rider 2026.2.1\lib\intellij.platform.debugger.jar;D:\JetBrains Rider 2026.2.1\lib\intellij.platform.debugger.modulesView.jar;D:\JetBrains Rider 2026.2.1\lib\intellij.platform.debugger.parallelStacks.jar;D:\JetBrains Rider 2026.2.1\lib\intellij.platform.diagnostic.telemetry.jar;D:\JetBrains Rider 2026.2.1\lib\intellij.platform.diff.impl.jar;D:\JetBrains Rider 2026.2.1\lib\intellij.platform.diff.jar;D:\JetBrains Rider 2026.2.1\lib\intellij.platform.discoverability.jar;D:\JetBrains Rider 2026.2.1\lib\intellij.platform.duplicates.analysis.jar;D:\JetBrains Rider 2026.2.1\lib\intellij.platform.editor.ex.jar;D:\JetBrains Rider 2026.2.1\lib\intellij.platform.editor.ui.jar;D:\JetBrains Rider 2026.2.1\lib\intellij.platform.eel.impl.jar;D:\JetBrains Rider 2026.2.1\lib\intellij.platform.eel.nioFs.impl.jar;D:\JetBrains Rider 2026.2.1\lib\intellij.platform.execution.impl.jar;D:\JetBrains Rider 2026.2.1\lib\intellij.platform.execution.jar;D:\JetBrains Rider 2026.2.1\lib\intellij.platform.experiment.jar;D:\JetBrains Rider 2026.2.1\lib\intellij.platform.externalProcessAuthHelper.jar;D:\JetBrains Rider 2026.2.1\lib\intellij.platform.externalSystem.dependencyUpdater.jar;D:\JetBrains Rider 2026.2.1\lib\intellij.platform.externalSystem.impl.jar;D:\JetBrains Rider 2026.2.1\lib\intellij.platform.externalSystem.jar;D:\JetBrains Rider 2026.2.1\lib\intellij.platform.feedback.jar;D:\JetBrains Rider 2026.2.1\lib\intellij.platform.graph.impl.jar;D:\JetBrains Rider 2026.2.1\lib\intellij.platform.graph.jar;D:\JetBrains Rider 2026.2.1\lib\intellij.platform.icons.impl.intellij.jar;D:\JetBrains Rider 2026.2.1\lib\intellij.platform.ide.concurrency.jar;D:\JetBrains Rider 2026.2.1\lib\intellij.platform.ide.core.jar;D:\JetBrains Rider 2026.2.1\lib\intellij.platform.ide.core.plugins.jar;D:\JetBrains Rider 2026.2.1\lib\intellij.platform.ide.designer.jar;D:\JetBrains Rider 2026.2.1\lib\intellij.platform.ide.favoritesTreeView.jar;D:\JetBrains Rider 2026.2.1\lib\intellij.platform.ide.impl.jar;D:\JetBrains Rider 2026.2.1\lib\intellij.platform.ide.initialConfigImport.jar;D:\JetBrains Rider 2026.2.1\lib\intellij.platform.ide.jar;D:\JetBrains Rider 2026.2.1\lib\intellij.platform.ide.remote.jar;D:\JetBrains Rider 2026.2.1\lib\intellij.platform.ide.ui.inspector.jar;D:\JetBrains Rider 2026.2.1\lib\intellij.platform.indexing.jar;D:\JetBrains Rider 2026.2.1\lib\intellij.platform.kernel.jar;D:\JetBrains Rider 2026.2.1\lib\intellij.platform.lang.core.jar;D:\JetBrains Rider 2026.2.1\lib\intellij.platform.lang.impl.jar;D:\JetBrains Rider 2026.2.1\lib\intellij.platform.lang.jar;D:\JetBrains Rider 2026.2.1\lib\intellij.platform.locking.impl.jar;D:\JetBrains Rider 2026.2.1\lib\intellij.platform.lsp.impl.jar;D:\JetBrains Rider 2026.2.1\lib\intellij.platform.lsp.jar;D:\JetBrains Rider 2026.2.1\lib\intellij.platform.lvcs.jar;D:\JetBrains Rider 2026.2.1\lib\intellij.platform.macro.jar;D:\JetBrains Rider 2026.2.1\lib\intellij.platform.markdown.utils.jar;D:\JetBrains Rider 2026.2.1\lib\intellij.platform.ml.jar;D:\JetBrains Rider 2026.2.1\lib\intellij.platform.polySymbols.backend.jar;D:\JetBrains Rider 2026.2.1\lib\intellij.platform.polySymbols.jar;D:\JetBrains Rider 2026.2.1\lib\intellij.platform.projectFrame.jar;D:\JetBrains Rider 2026.2.1\lib\intellij.platform.projectModel.impl.jar;D:\JetBrains Rider 2026.2.1\lib\intellij.platform.projectModel.jar;D:\JetBrains Rider 2026.2.1\lib\intellij.platform.rd.community.jar;D:\JetBrains Rider 2026.2.1\lib\intellij.platform.remote.core.jar;D:\JetBrains Rider 2026.2.1\lib\intellij.platform.remoteServers.agent.rt.jar;D:\JetBrains Rider 2026.2.1\lib\intellij.platform.remoteServers.impl.jar;D:\JetBrains Rider 2026.2.1\lib\intellij.platform.remoteServers.jar;D:\JetBrains Rider 2026.2.1\lib\intellij.platform.rpc.jar;D:\JetBrains Rider 2026.2.1\lib\intellij.platform.rpc.topics.jar;D:\JetBrains Rider 2026.2.1\lib\intellij.platform.runtime.product.jar;D:\JetBrains Rider 2026.2.1\lib\intellij.platform.scopes.jar;D:\JetBrains Rider 2026.2.1\lib\intellij.platform.split.protocol.jar;D:\JetBrains Rider 2026.2.1\lib\intellij.platform.statistics.config.jar;D:\JetBrains Rider 2026.2.1\lib\intellij.platform.statistics.jar;D:\JetBrains Rider 2026.2.1\lib\intellij.platform.statistics.uploader.jar;D:\JetBrains Rider 2026.2.1\lib\intellij.platform.testIntegration.jar;D:\JetBrains Rider 2026.2.1\lib\intellij.platform.testIntegration.ui.jar;D:\JetBrains Rider 2026.2.1\lib\intellij.platform.threadDumpParser.jar;D:\JetBrains Rider 2026.2.1\lib\intellij.platform.usageView.impl.jar;D:\JetBrains Rider 2026.2.1\lib\intellij.platform.usageView.jar;D:\JetBrains Rider 2026.2.1\lib\intellij.platform.util.coroutines.jar;D:\JetBrains Rider 2026.2.1\lib\intellij.platform.util.diff.jar;D:\JetBrains Rider 2026.2.1\lib\intellij.platform.util.ex.jar;D:\JetBrains Rider 2026.2.1\lib\intellij.platform.util.ui.jar;D:\JetBrains Rider 2026.2.1\lib\intellij.platform.vcs.core.jar;D:\JetBrains Rider 2026.2.1\lib\intellij.platform.vcs.jar;D:\JetBrains Rider 2026.2.1\lib\intellij.platform.vcs.shared.jar;D:\JetBrains Rider 2026.2.1\lib\intellij.platform.webide.impl.jar;D:\JetBrains Rider 2026.2.1\lib\intellij.platform.webide.jar;D:\JetBrains Rider 2026.2.1\lib\intellij.platform.welcomeScreen.impl.jar;D:\JetBrains Rider 2026.2.1\lib\intellij.platform.welcomeScreen.jar;D:\JetBrains Rider 2026.2.1\lib\intellij.rd.ide.model.generated.jar;D:\JetBrains Rider 2026.2.1\lib\intellij.rd.platform.jar;D:\JetBrains Rider 2026.2.1\lib\intellij.rd.ui.jar;D:\JetBrains Rider 2026.2.1\lib\intellij.regexp.jar;D:\JetBrains Rider 2026.2.1\lib\intellij.remoteDev.util.jar;D:\JetBrains Rider 2026.2.1\lib\intellij.resharper.model.generated.jar;D:\JetBrains Rider 2026.2.1\lib\intellij.rider.branding.jar;D:\JetBrains Rider 2026.2.1\lib\intellij.rider.icons.jar;D:\JetBrains Rider 2026.2.1\lib\intellij.rider.ide.jar;D:\JetBrains Rider 2026.2.1\lib\intellij.rider.model.generated.jar;D:\JetBrains Rider 2026.2.1\lib\intellij.rider.rdclient.dotnet.startup.jar;D:\JetBrains Rider 2026.2.1\lib\intellij.rider.rdclient.xml.jar;D:\JetBrains Rider 2026.2.1\lib\intellij.rider.shared.settings.jar;D:\JetBrains Rider 2026.2.1\lib\intellij.rml.dfa.jar;D:\JetBrains Rider 2026.2.1\lib\intellij.xml.analysis.impl.jar;D:\JetBrains Rider 2026.2.1\lib\intellij.xml.analysis.jar;D:\JetBrains Rider 2026.2.1\lib\intellij.xml.dom.impl.jar;D:\JetBrains Rider 2026.2.1\lib\intellij.xml.dom.jar;D:\JetBrains Rider 2026.2.1\lib\intellij.xml.impl.jar;D:\JetBrains Rider 2026.2.1\lib\intellij.xml.parser.jar;D:\JetBrains Rider 2026.2.1\lib\intellij.xml.psi.impl.jar;D:\JetBrains Rider 2026.2.1\lib\intellij.xml.psi.jar;D:\JetBrains Rider 2026.2.1\lib\intellij.xml.syntax.jar;D:\JetBrains Rider 2026.2.1\lib\intellij.xml.ui.common.jar;D:\JetBrains Rider 2026.2.1\lib\javax.activation.jar;D:\JetBrains Rider 2026.2.1\lib\javax.annotation-api.jar;D:\JetBrains Rider 2026.2.1\lib\jaxb-api.jar;D:\JetBrains Rider 2026.2.1\lib\jaxb-runtime.jar;D:\JetBrains Rider 2026.2.1\lib\jetbrains.intellij.deps.java.atk.wrapper.linux.jar;D:\JetBrains Rider 2026.2.1\lib\jps-model.jar;D:\JetBrains Rider 2026.2.1\lib\rd-gen.jar;D:\JetBrains Rider 2026.2.1\lib\swingx.jar;D:\JetBrains Rider 2026.2.1\lib\trove.jar;D:\JetBrains Rider 2026.2.1\lib\util_rt.jar
Launcher Type: generic

[Global flags]
     bool AOTInvokeDynamicLinking                  = false                                  {diagnostic} {ergonomic}
     bool AOTRecordTraining                        = false                                  {diagnostic} {ergonomic}
     bool AOTReplayTraining                        = false                                  {diagnostic} {ergonomic}
     intx CICompilerCount                          = 2                                         {product} {command line}
     uint ConcGCThreads                            = 4                                         {product} {ergonomic}
    ccstr ErrorFile                                = $USER_HOME/java_error_in_idea_%p.log            {product} {command line}
     uint G1ConcRefinementThreads                  = 15                                        {product} {ergonomic}
   size_t G1HeapRegionSize                         = 1048576                                   {product} {ergonomic}
     bool HeapDumpOnOutOfMemoryError               = true                                   {manageable} {command line}
    ccstr HeapDumpPath                             = $USER_HOME/java_error_in_idea.hprof         {manageable} {command line}
     bool IgnoreUnrecognizedVMOptions              = true                                      {product} {command line}
   size_t InitialHeapSize                          = 134217728                                 {product} {command line}
     bool IntelJccErratumMitigation                = false                             {ARCH diagnostic} {ergonomic}
    uintx JbrShrinkingGcMaxHeapFreeRatio           = 40                                     {manageable} {command line}
   size_t MarkStackSize                            = 4194304                                   {product} {ergonomic}
   size_t MarkStackSizeMax                         = 536870912                                 {product} {ergonomic}
   size_t MaxHeapSize                              = 2147483648                                {product} {command line}
   size_t MaxNewSize                               = 1287651328                                {product} {ergonomic}
   size_t MinHeapDeltaBytes                        = 1048576                                   {product} {ergonomic}
   size_t MinHeapSize                              = 134217728                                 {product} {command line}
    uintx NonNMethodCodeHeapSize                   = 5832704                                {pd product} {ergonomic}
    uintx NonProfiledCodeHeapSize                  = 265486336                              {pd product} {ergonomic}
     bool OmitStackTraceInFastThrow                = false                                     {product} {command line}
    uintx ProfiledCodeHeapSize                     = 265551872                              {pd product} {ergonomic}
    uintx ReservedCodeCacheSize                    = 536870912                              {pd product} {command line, ergonomic}
     bool SegmentedCodeCache                       = true                                      {product} {ergonomic}
   size_t SoftMaxHeapSize                          = 2147483648                             {manageable} {ergonomic}
     intx SoftRefLRUPolicyMSPerMB                  = 50                                        {product} {command line}
     intx TieredOldPercentage                      = 100000                                 {diagnostic} {command line}
     bool UnlockDiagnosticVMOptions                = true                                   {diagnostic} {command line}
     bool UseCompactObjectHeaders                  = true                           {product lp64_product} {command line}
     bool UseCompressedOops                        = true                           {product lp64_product} {ergonomic}
     bool UseG1GC                                  = true                                      {product} {command line}
     bool UseLargePagesIndividualAllocation        = false                                  {pd product} {ergonomic}
      int X86ICacheSync                            = 3                                 {ARCH diagnostic} {ergonomic}

Logging:
Log output configuration:
 #0: stdout all=warning uptime,level,tags foldmultilines=false
 #1: stderr all=off uptime,level,tags foldmultilines=false

Release file:
JAVA_VERSION="25.0.3" 
MODULES="java.base java.compiler java.datatransfer java.xml java.prefs java.desktop java.instrument java.logging java.management java.security.sasl java.naming java.rmi java.management.rmi java.net.http java.scripting java.security.jgss java.transaction.xa java.sql java.sql.rowset java.xml.crypto java.se java.smartcardio jdk.accessibility jdk.internal.jvmstat jdk.attach jdk.charsets jdk.internal.opt jdk.zipfs jdk.compiler jdk.crypto.cryptoki jdk.crypto.ec jdk.crypto.mscapi jdk.dynalink jdk.hotspot.agent jdk.httpserver jdk.internal.ed jdk.internal.le jdk.internal.md jdk.internal.vm.ci jdk.javadoc jdk.jcmd jdk.jdwp.agent jdk.jdi jdk.jfr jdk.localedata jdk.management jdk.management.agent jdk.management.jfr jdk.naming.dns jdk.naming.rmi jdk.net jdk.sctp jdk.security.auth jdk.security.jgss jdk.unsupported jdk.unsupported.desktop jdk.xml.dom" 
IMPLEMENTOR="JetBrains s.r.o." 
IMPLEMENTOR_VERSION="JBR-25.0.3+9-508.16-nomod" 
JAVA_RUNTIME_VERSION="25.0.3+9-b508.16" 
LIBC="default" 
OS_ARCH="x86_64" 
OS_NAME="Windows" 
SOURCE=".:git:c624f1bd9587+" 

Environment Variables:
JAVA_HOME=E:\Java\jdk-21_windows-x64_bin\jdk-21.0.1
PATH=C:\Program Files\Microsoft MPI\Bin\;E:\Java\jdk-21_windows-x64_bin\jdk-21.0.1\bin;C:\Program Files\Microsoft\jdk-11.0.16.101-hotspot\bin;C:\WINDOWS\system32;C:\WINDOWS;C:\WINDOWS\System32\Wbem;C:\WINDOWS\System32\WindowsPowerShell\v1.0\;C:\WINDOWS\System32\OpenSSH\;C:\Users\Administrator\AppData\Local\Microsoft\WindowsApps;C:\Recovery\OEM\Backup\;C:\Program Files (x86)\NVIDIA Corporation\PhysX\Common;C:\Windows\system32;C:\Windows;C:\Windows\System32\Wbem;C:\Windows\System32\WindowsPowerShell\v1.0\;C:\Windows\System32\OpenSSH\;C:\Program Files\Microsoft SQL Server\150\Tools\Binn\;C:\Program Files\dotnet\;E:\Git\Git\cmd;C:\Program Files\Microsoft SQL Server\Client SDK\ODBC\170\Tools\Binn\;C:\Program Files (x86)\Microsoft SQL Server\160\Tools\Binn\;C:\Program Files\Microsoft SQL Server\160\Tools\Binn\;C:\Program Files\Microsoft SQL Server\160\DTS\Binn\;C:\Program Files (x86)\Microsoft SQL Server\160\DTS\Binn\;C:\Program Files\NVIDIA Corporation\NVIDIA NvDLISR;C:\WINDOWS\system32;C:\WINDOWS;C:\WINDOWS\System32\Wbem;C:\WINDOWS\System32\WindowsPowerShell\v1.0\;C:\WINDOWS\System32\OpenSSH\;C:\Program Files\nodejs\;D:\vivo办公套件\pcsuite\;D:\vivo\pcsuite\;E:\Python\Scripts\;E:\Python\;C:\Users\Kenwen\AppData\Local\Microsoft\WindowsApps;E:\IDEA\IntelliJ IDEA Community Edition 2023.2.4\bin;;E:\Microsoft VS Code\bin;C:\Users\Kenwen\AppData\Local\Programs\Ollama;C:\Users\Kenwen\AppData\Roaming\npm;C:\Users\Kenwen\.dotnet\tools;C:\Users\Kenwen\AppData\Local\GitHubDesktop\bin;E:\cursor\resources\app\bin;D:\CodeBuddy CN\bin;D:\JetBrains Rider 2026.2.1\bin
USERNAME=Kenwen
OS=Windows_NT
PROCESSOR_IDENTIFIER=Intel64 Family 6 Model 154 Stepping 3, GenuineIntel
TMP=C:\Users\Kenwen\AppData\Local\Temp
TEMP=C:\Users\Kenwen\AppData\Local\Temp




Compilation memory statistics disabled.

Periodic native trim disabled

JNI global refs:
JNI global refs: 213, weak refs: 284

JNI global refs memory usage: 2731, weak refs: 18857

Process memory usage:
Resident Set Size: 1150528K (6% of 16474616K total physical memory with 543272K free physical memory)

OOME stack traces (most recent first):
Classloader memory used:
Loader com.intellij.util.lang.PathClassLoader                                          : 269 M
Loader com.intellij.ide.plugins.cl.PluginClassLoader                                   : 216 M
Loader bootstrap                                                                       : 69840 K
Loader jdk.internal.loader.ClassLoaders$PlatformClassLoader                            : 3166 K
Loader jdk.internal.loader.ClassLoaders$AppClassLoader                                 : 497 K
Loader com.intellij.util.lang.UrlClassLoader                                           : 483 K
Loader sun.reflect.misc.MethodUtil                                                     : 4072 B

Classes loaded by more than one classloader:
Class kotlin.UninitializedPropertyAccessException                                     : loaded 4 times (x 84B)
Class kotlin.KotlinNullPointerException                                               : loaded 4 times (x 84B)
Class kotlin.jvm.internal.Intrinsics                                                  : loaded 4 times (x 73B)
Class com.fasterxml.jackson.databind.introspect.AnnotationCollector                   : loaded 3 times (x 79B)
Class com.fasterxml.jackson.core.json.JsonGeneratorImpl                               : loaded 3 times (x 231B)
Class com.fasterxml.jackson.annotation.JsonView                                       : loaded 3 times (x 72B)
Class com.fasterxml.jackson.databind.KeyDeserializer                                  : loaded 3 times (x 74B)
Class com.fasterxml.jackson.databind.ser.std.TokenBufferSerializer                    : loaded 3 times (x 117B)
Class com.fasterxml.jackson.databind.cfg.CoercionInputShape                           : loaded 3 times (x 81B)
Class com.fasterxml.jackson.databind.deser.std.ThrowableDeserializer                  : loaded 3 times (x 230B)
Class com.fasterxml.jackson.databind.deser.Deserializers                              : loaded 3 times (x 72B)
Class kotlin.collections.CollectionsKt__ReversedViewsKt                               : loaded 3 times (x 73B)
Class com.fasterxml.jackson.databind.ser.std.NumberSerializers$FloatSerializer        : loaded 3 times (x 120B)
Class com.fasterxml.jackson.databind.ser.std.NullSerializer                           : loaded 3 times (x 116B)
Class com.fasterxml.jackson.databind.BeanDescription                                  : loaded 3 times (x 107B)
Class com.fasterxml.jackson.databind.introspect.DefaultAccessorNamingStrategy         : loaded 3 times (x 82B)
Class com.fasterxml.jackson.databind.cfg.BaseSettings                                 : loaded 3 times (x 74B)
Class com.fasterxml.jackson.core.util.DefaultPrettyPrinter$Indenter                   : loaded 3 times (x 72B)
Class com.fasterxml.jackson.databind.util.Named                                       : loaded 3 times (x 72B)
Class com.fasterxml.jackson.annotation.ObjectIdGenerator                              : loaded 3 times (x 81B)
Class com.fasterxml.jackson.core.util.Instantiatable                                  : loaded 3 times (x 72B)
Class com.fasterxml.jackson.core.io.JsonStringEncoder                                 : loaded 3 times (x 73B)
Class com.fasterxml.jackson.databind.type.IterationType                               : loaded 3 times (x 150B)
Class com.fasterxml.jackson.databind.ext.Java7SupportImpl                             : loaded 3 times (x 77B)
Class com.fasterxml.jackson.databind.ser.VirtualBeanPropertyWriter                    : loaded 3 times (x 145B)
Class com.fasterxml.jackson.databind.node.NullNode                                    : loaded 3 times (x 209B)
Class com.fasterxml.jackson.databind.introspect.AnnotationCollector$EmptyCollector    : loaded 3 times (x 79B)
Class com.fasterxml.jackson.databind.ser.std.StdJdkSerializers$AtomicIntegerSerializer: loaded 3 times (x 117B)
Class kotlin.collections.CollectionsKt                                                : loaded 3 times (x 73B)
Class com.fasterxml.jackson.core.util.ByteArrayBuilder                                : loaded 3 times (x 91B)
Class com.fasterxml.jackson.databind.util.internal.LinkedDeque                        : loaded 3 times (x 203B)
Class com.fasterxml.jackson.databind.deser.std.ReferenceTypeDeserializer              : loaded 3 times (x 171B)
Class [Lcom.fasterxml.jackson.databind.cfg.CoercionAction;                            : loaded 3 times (x 71B)
Class com.fasterxml.jackson.databind.util.internal.PrivateMaxEntriesMap$DrainStatus   : loaded 3 times (x 82B)
Class com.fasterxml.jackson.databind.jsontype.PolymorphicTypeValidator                : loaded 3 times (x 76B)
Class com.fasterxml.jackson.databind.ser.SerializerFactory                            : loaded 3 times (x 80B)
Class [Lcom.fasterxml.jackson.core.type.ResolvedType;                                 : loaded 3 times (x 71B)
Class com.fasterxml.jackson.databind.ser.std.EnumSerializer                           : loaded 3 times (x 121B)
Class com.fasterxml.jackson.databind.node.DoubleNode                                  : loaded 3 times (x 209B)
Class com.fasterxml.jackson.databind.node.BaseJsonNode                                : loaded 3 times (x 208B)
Class com.fasterxml.jackson.databind.ser.std.InetSocketAddressSerializer              : loaded 3 times (x 118B)
Class com.fasterxml.jackson.databind.ser.std.NumberSerializers$DoubleSerializer       : loaded 3 times (x 120B)
Class com.fasterxml.jackson.databind.introspect.ClassIntrospector                     : loaded 3 times (x 80B)
Class com.fasterxml.jackson.databind.deser.std.StdKeyDeserializer$StringFactoryKeyDeserializer: loaded 3 times (x 81B)
Class com.fasterxml.jackson.databind.deser.impl.SetterlessProperty                    : loaded 3 times (x 145B)
Class com.fasterxml.jackson.databind.node.FloatNode                                   : loaded 3 times (x 209B)
Class com.fasterxml.jackson.databind.node.BooleanNode                                 : loaded 3 times (x 209B)
Class com.fasterxml.jackson.databind.SerializationFeature                             : loaded 3 times (x 86B)
Class com.fasterxml.jackson.annotation.Nulls                                          : loaded 3 times (x 81B)
Class com.fasterxml.jackson.core.JsonFactory$Feature                                  : loaded 3 times (x 86B)
Class [Lcom.fasterxml.jackson.databind.util.internal.PrivateMaxEntriesMap$DrainStatus;: loaded 3 times (x 71B)
Class com.fasterxml.jackson.databind.DatabindException                                : loaded 3 times (x 91B)
Class com.fasterxml.jackson.core.json.WriterBasedJsonGenerator                        : loaded 3 times (x 240B)
Class com.fasterxml.jackson.databind.ser.ResolvableSerializer                         : loaded 3 times (x 72B)
Class com.fasterxml.jackson.databind.JsonDeserializer                                 : loaded 3 times (x 99B)
Class com.fasterxml.jackson.databind.deser.std.MapEntryDeserializer                   : loaded 3 times (x 175B)
Class com.fasterxml.jackson.databind.introspect.VisibilityChecker                     : loaded 3 times (x 72B)
Class [Lcom.fasterxml.jackson.core.Base64Variant$PaddingReadBehaviour;                : loaded 3 times (x 71B)
Class [Lcom.fasterxml.jackson.annotation.Nulls;                                       : loaded 3 times (x 71B)
Class com.fasterxml.jackson.databind.deser.std.UntypedObjectDeserializer              : loaded 3 times (x 180B)
Class com.fasterxml.jackson.annotation.JsonInclude$Value                              : loaded 3 times (x 88B)
Class [Lcom.fasterxml.jackson.core.util.JacksonFeature;                               : loaded 3 times (x 71B)
Class com.fasterxml.jackson.databind.ext.Java7Support                                 : loaded 3 times (x 76B)
Class com.fasterxml.jackson.databind.cfg.DatatypeFeature                              : loaded 3 times (x 72B)
Class com.fasterxml.jackson.databind.cfg.ContextAttributes                            : loaded 3 times (x 78B)
Class com.fasterxml.jackson.databind.JsonSerializer                                   : loaded 3 times (x 90B)
Class com.fasterxml.jackson.databind.JsonMappingException                             : loaded 3 times (x 99B)
Class com.fasterxml.jackson.databind.ser.std.ToStringSerializerBase                   : loaded 3 times (x 117B)
Class com.fasterxml.jackson.databind.deser.std.StdKeyDeserializer$DelegatingKD        : loaded 3 times (x 75B)
Class [Lcom.fasterxml.jackson.databind.AbstractTypeResolver;                          : loaded 3 times (x 71B)
Class com.fasterxml.jackson.databind.deser.std.StringCollectionDeserializer           : loaded 3 times (x 171B)
Class com.fasterxml.jackson.databind.introspect.TypeResolutionContext                 : loaded 3 times (x 72B)
Class com.fasterxml.jackson.databind.exc.MismatchedInputException                     : loaded 3 times (x 103B)
Class com.fasterxml.jackson.databind.type.CollectionLikeType                          : loaded 3 times (x 147B)
Class com.fasterxml.jackson.databind.introspect.BasicClassIntrospector                : loaded 3 times (x 94B)
Class kotlin.text.StringsKt__AppendableKt                                             : loaded 3 times (x 73B)
Class com.fasterxml.jackson.core.util.JsonRecyclerPools$ThreadLocalPool               : loaded 3 times (x 87B)
Class com.fasterxml.jackson.databind.node.IntNode                                     : loaded 3 times (x 209B)
Class com.fasterxml.jackson.databind.node.BinaryNode                                  : loaded 3 times (x 209B)
Class com.fasterxml.jackson.databind.node.TextNode                                    : loaded 3 times (x 210B)
Class com.fasterxml.jackson.databind.ser.impl.PropertyBasedObjectIdGenerator          : loaded 3 times (x 82B)
Class com.fasterxml.jackson.databind.introspect.AnnotationIntrospectorPair            : loaded 3 times (x 165B)
Class com.fasterxml.jackson.databind.annotation.JsonDeserialize                       : loaded 3 times (x 72B)
Class com.fasterxml.jackson.databind.deser.CreatorProperty                            : loaded 3 times (x 146B)
Class com.fasterxml.jackson.databind.ser.std.JsonValueSerializer                      : loaded 3 times (x 124B)
Class com.fasterxml.jackson.databind.jsontype.impl.StdSubtypeResolver                 : loaded 3 times (x 87B)
Class com.fasterxml.jackson.databind.DeserializationConfig                            : loaded 3 times (x 135B)
Class com.fasterxml.jackson.databind.deser.std.StdKeyDeserializer$StringCtorKeyDeserializer: loaded 3 times (x 81B)
Class com.fasterxml.jackson.databind.exc.InvalidDefinitionException                   : loaded 3 times (x 102B)
Class com.fasterxml.jackson.databind.ser.std.AsArraySerializerBase                    : loaded 3 times (x 128B)
Class com.fasterxml.jackson.databind.ser.std.DateTimeSerializerBase                   : loaded 3 times (x 125B)
Class com.fasterxml.jackson.databind.introspect.AnnotatedParameter                    : loaded 3 times (x 93B)
Class [Lcom.fasterxml.jackson.databind.ser.Serializers;                               : loaded 3 times (x 71B)
Class com.fasterxml.jackson.databind.ser.std.ToStringSerializer                       : loaded 3 times (x 117B)
Class com.fasterxml.jackson.databind.cfg.DatatypeFeatures                             : loaded 3 times (x 82B)
Class com.fasterxml.jackson.databind.type.TypeParser                                  : loaded 3 times (x 80B)
Class com.fasterxml.jackson.core.base.ParserMinimalBase                               : loaded 3 times (x 224B)
Class com.fasterxml.jackson.core.PrettyPrinter                                        : loaded 3 times (x 72B)
Class com.fasterxml.jackson.databind.AbstractTypeResolver                             : loaded 3 times (x 76B)
Class kotlin.NoWhenBranchMatchedException                                             : loaded 3 times (x 84B)
Class com.fasterxml.jackson.databind.introspect.BasicBeanDescription                  : loaded 3 times (x 115B)
Class com.fasterxml.jackson.databind.node.MissingNode                                 : loaded 3 times (x 208B)
Class com.fasterxml.jackson.annotation.JsonSetter$Value                               : loaded 3 times (x 87B)
Class com.fasterxml.jackson.core.async.ByteArrayFeeder                                : loaded 3 times (x 72B)
Class com.fasterxml.jackson.annotation.JsonTypeInfo                                   : loaded 3 times (x 72B)
Class [Lcom.fasterxml.jackson.databind.MapperFeature;                                 : loaded 3 times (x 71B)
Class [Lcom.fasterxml.jackson.databind.deser.Deserializers;                           : loaded 3 times (x 71B)
Class com.fasterxml.jackson.databind.deser.BeanDeserializerModifier                   : loaded 3 times (x 84B)
Class com.fasterxml.jackson.databind.ser.impl.UnsupportedTypeSerializer               : loaded 3 times (x 116B)
Class com.fasterxml.jackson.databind.ser.std.NumberSerializers$IntLikeSerializer      : loaded 3 times (x 120B)
Class com.fasterxml.jackson.databind.ser.impl.TypeWrappedSerializer                   : loaded 3 times (x 94B)
Class com.fasterxml.jackson.databind.annotation.JsonSerialize                         : loaded 3 times (x 72B)
Class com.fasterxml.jackson.databind.ser.std.NumberSerializers$IntegerSerializer      : loaded 3 times (x 120B)
Class kotlin.text.StringsKt__StringBuilderKt                                          : loaded 3 times (x 73B)
Class com.fasterxml.jackson.databind.util.LookupCache                                 : loaded 3 times (x 72B)
Class com.fasterxml.jackson.core.Base64Variant$PaddingReadBehaviour                   : loaded 3 times (x 81B)
Class com.fasterxml.jackson.databind.ser.impl.UnknownSerializer                       : loaded 3 times (x 117B)
Class com.fasterxml.jackson.databind.deser.std.EnumSetDeserializer                    : loaded 3 times (x 172B)
Class com.fasterxml.jackson.databind.ser.std.NumberSerializer                         : loaded 3 times (x 121B)
Class com.fasterxml.jackson.databind.ser.std.UUIDSerializer                           : loaded 3 times (x 123B)
Class com.fasterxml.jackson.databind.deser.NullValueProvider                          : loaded 3 times (x 72B)
Class com.fasterxml.jackson.core.util.DefaultIndenter                                 : loaded 3 times (x 84B)
Class com.fasterxml.jackson.databind.cfg.CoercionAction                               : loaded 3 times (x 81B)
Class [Lcom.fasterxml.jackson.core.sym.CharsToNameCanonicalizer$Bucket;               : loaded 3 times (x 71B)
Class com.fasterxml.jackson.core.sym.CharsToNameCanonicalizer$Bucket                  : loaded 3 times (x 74B)
Class com.fasterxml.jackson.core.StreamReadConstraints                                : loaded 3 times (x 92B)
Class com.fasterxml.jackson.databind.util.ClassUtil                                   : loaded 3 times (x 73B)
Class com.fasterxml.jackson.annotation.JsonUnwrapped                                  : loaded 3 times (x 72B)
Class com.fasterxml.jackson.databind.DatabindContext                                  : loaded 3 times (x 103B)
Class com.fasterxml.jackson.databind.ser.std.ReferenceTypeSerializer                  : loaded 3 times (x 127B)
Class com.fasterxml.jackson.databind.ser.std.StdJdkSerializers                        : loaded 3 times (x 73B)
Class com.fasterxml.jackson.databind.AnnotationIntrospector                           : loaded 3 times (x 162B)
Class com.fasterxml.jackson.databind.node.ObjectNode                                  : loaded 3 times (x 297B)
Class com.fasterxml.jackson.databind.type.PlaceholderForType                          : loaded 3 times (x 143B)
Class kotlin.text.StringsKt__RegexExtensionsJVMKt                                     : loaded 3 times (x 73B)
Class [Lcom.fasterxml.jackson.databind.JavaType;                                      : loaded 3 times (x 71B)
Class kotlin.collections.CollectionsKt__CollectionsKt                                 : loaded 3 times (x 73B)
Class [Lcom.fasterxml.jackson.databind.cfg.DatatypeFeature;                           : loaded 3 times (x 71B)
Class com.fasterxml.jackson.databind.node.ShortNode                                   : loaded 3 times (x 209B)
Class com.fasterxml.jackson.databind.ser.std.BooleanSerializer$AsNumber               : loaded 3 times (x 119B)
Class com.fasterxml.jackson.databind.type.MapLikeType                                 : loaded 3 times (x 150B)
Class com.fasterxml.jackson.databind.cfg.ConfigOverride                               : loaded 3 times (x 82B)
Class com.fasterxml.jackson.databind.util.Annotations                                 : loaded 3 times (x 72B)
Class com.fasterxml.jackson.databind.util.internal.PrivateMaxEntriesMap$Builder       : loaded 3 times (x 73B)
Class com.fasterxml.jackson.databind.DeserializationContext                           : loaded 3 times (x 171B)
Class com.fasterxml.jackson.databind.JavaType                                         : loaded 3 times (x 133B)
Class com.fasterxml.jackson.core.json.UTF8JsonGenerator                               : loaded 3 times (x 231B)
Class com.fasterxml.jackson.annotation.JsonFormat$Shape                               : loaded 3 times (x 81B)
Class [Lcom.fasterxml.jackson.databind.cfg.JsonNodeFeature;                           : loaded 3 times (x 71B)
Class com.fasterxml.jackson.databind.node.JsonNodeFactory                             : loaded 3 times (x 138B)
Class com.fasterxml.jackson.databind.deser.std.TokenBufferDeserializer                : loaded 3 times (x 164B)
Class com.fasterxml.jackson.databind.cfg.ConfigOverrides                              : loaded 3 times (x 89B)
Class com.fasterxml.jackson.databind.introspect.AnnotatedConstructor                  : loaded 3 times (x 101B)
Class com.fasterxml.jackson.databind.type.ReferenceType                               : loaded 3 times (x 152B)
Class com.fasterxml.jackson.databind.deser.impl.FieldProperty                         : loaded 3 times (x 145B)
Class kotlin.text.StringsKt__StringsKt                                                : loaded 3 times (x 73B)
Class com.fasterxml.jackson.core.json.async.NonBlockingUtf8JsonParserBase             : loaded 3 times (x 305B)
Class kotlin.collections.CollectionsKt__IteratorsJVMKt                                : loaded 3 times (x 73B)
Class com.fasterxml.jackson.databind.deser.std.StdScalarDeserializer                  : loaded 3 times (x 163B)
Class com.fasterxml.jackson.databind.ser.std.StdSerializer                            : loaded 3 times (x 116B)
Class com.fasterxml.jackson.databind.cfg.MutableCoercionConfig                        : loaded 3 times (x 79B)
Class com.fasterxml.jackson.databind.introspect.AnnotatedClass$Creators               : loaded 3 times (x 74B)
Class com.fasterxml.jackson.databind.type.SimpleType                                  : loaded 3 times (x 145B)
Class com.fasterxml.jackson.databind.deser.std.MapDeserializer                        : loaded 3 times (x 186B)
Class com.fasterxml.jackson.databind.deser.std.StdKeyDeserializer$EnumKD              : loaded 3 times (x 81B)
Class [Lcom.fasterxml.jackson.databind.ser.BeanSerializerModifier;                    : loaded 3 times (x 71B)
Class com.fasterxml.jackson.databind.ser.std.FileSerializer                           : loaded 3 times (x 117B)
Class com.fasterxml.jackson.databind.node.ContainerNode                               : loaded 3 times (x 250B)
Class com.fasterxml.jackson.databind.node.DecimalNode                                 : loaded 3 times (x 210B)
Class com.fasterxml.jackson.databind.DeserializationFeature                           : loaded 3 times (x 86B)
Class com.fasterxml.jackson.databind.ser.std.StdJdkSerializers$AtomicBooleanSerializer: loaded 3 times (x 117B)
Class kotlin.collections.MapsKt                                                       : loaded 3 times (x 73B)
Class kotlin.collections.CollectionsKt__IterablesKt                                   : loaded 3 times (x 73B)
Class com.fasterxml.jackson.annotation.JsonAutoDetect$Visibility                      : loaded 3 times (x 81B)
Class com.fasterxml.jackson.databind.ser.impl.MapEntrySerializer                      : loaded 3 times (x 133B)
Class com.fasterxml.jackson.databind.ser.std.NumberSerializer$BigDecimalAsStringSerializer: loaded 3 times (x 117B)
Class com.fasterxml.jackson.databind.ser.std.EnumSetSerializer                        : loaded 3 times (x 134B)
Class com.fasterxml.jackson.databind.ser.std.StaticListSerializerBase                 : loaded 3 times (x 125B)
Class com.fasterxml.jackson.databind.cfg.JsonNodeFeature                              : loaded 3 times (x 89B)
Class com.fasterxml.jackson.databind.type.TypeFactory                                 : loaded 3 times (x 137B)
Class com.fasterxml.jackson.core.TreeNode                                             : loaded 3 times (x 72B)
Class com.fasterxml.jackson.databind.ser.impl.IteratorSerializer                      : loaded 3 times (x 133B)
Class kotlin.text.StringsKt__StringNumberConversionsJVMKt                             : loaded 3 times (x 73B)
Class com.fasterxml.jackson.databind.introspect.DefaultAccessorNamingStrategy$RecordNaming: loaded 3 times (x 82B)
Class [Lcom.fasterxml.jackson.core.JsonGenerator$Feature;                             : loaded 3 times (x 71B)
Class [Lcom.fasterxml.jackson.databind.deser.BeanDeserializerModifier;                : loaded 3 times (x 71B)
Class com.fasterxml.jackson.databind.ser.std.CalendarSerializer                       : loaded 3 times (x 128B)
Class com.fasterxml.jackson.databind.ser.std.DateSerializer                           : loaded 3 times (x 128B)
Class kotlin.collections.CollectionsKt__MutableCollectionsKt                          : loaded 3 times (x 73B)
Class com.fasterxml.jackson.databind.type.IdentityEqualityType                        : loaded 3 times (x 141B)
Class com.fasterxml.jackson.databind.introspect.VisibilityChecker$Std                 : loaded 3 times (x 124B)
Class com.fasterxml.jackson.databind.introspect.AnnotatedClassResolver                : loaded 3 times (x 76B)
Class com.fasterxml.jackson.core.sym.ByteQuadsCanonicalizer                           : loaded 3 times (x 74B)
Class com.fasterxml.jackson.core.json.async.NonBlockingByteBufferJsonParser           : loaded 3 times (x 314B)
Class com.fasterxml.jackson.core.ObjectCodec                                          : loaded 3 times (x 94B)
Class com.fasterxml.jackson.core.json.JsonParserBase                                  : loaded 3 times (x 267B)
Class com.fasterxml.jackson.databind.SerializationConfig                              : loaded 3 times (x 135B)
Class [Lcom.fasterxml.jackson.databind.cfg.ConfigFeature;                             : loaded 3 times (x 71B)
Class com.fasterxml.jackson.databind.cfg.DatatypeFeatures$DefaultHolder               : loaded 3 times (x 73B)
Class com.fasterxml.jackson.databind.ser.SerializerCache                              : loaded 3 times (x 74B)
Class com.fasterxml.jackson.databind.deser.std.ArrayBlockingQueueDeserializer         : loaded 3 times (x 184B)
Class kotlin.collections.CollectionsKt__MutableCollectionsJVMKt                       : loaded 3 times (x 73B)
Class kotlin.text.StringsKt___StringsKt                                               : loaded 3 times (x 73B)
Class com.fasterxml.jackson.databind.deser.std.StringArrayDeserializer                : loaded 3 times (x 166B)
Class com.fasterxml.jackson.databind.ser.std.StdJdkSerializers$AtomicLongSerializer   : loaded 3 times (x 117B)
Class com.fasterxml.jackson.databind.deser.UnresolvedForwardReference                 : loaded 3 times (x 105B)
Class com.fasterxml.jackson.databind.node.JsonNodeCreator                             : loaded 3 times (x 72B)
Class [Lcom.fasterxml.jackson.core.JsonFactory$Feature;                               : loaded 3 times (x 71B)
Class kotlin.collections.MapsKt__MapWithDefaultKt                                     : loaded 3 times (x 73B)
Class com.fasterxml.jackson.databind.jsontype.impl.LaissezFaireSubTypeValidator       : loaded 3 times (x 76B)
Class com.fasterxml.jackson.databind.introspect.VirtualAnnotatedMember                : loaded 3 times (x 95B)
Class com.fasterxml.jackson.databind.type.TypeBindings                                : loaded 3 times (x 87B)
Class kotlin.collections.MapsKt___MapsKt                                              : loaded 3 times (x 73B)
Class com.fasterxml.jackson.databind.ser.impl.StringCollectionSerializer              : loaded 3 times (x 126B)
Class com.fasterxml.jackson.databind.ser.ContainerSerializer                          : loaded 3 times (x 122B)
Class com.fasterxml.jackson.core.JsonGenerator$Feature                                : loaded 3 times (x 81B)
Class com.fasterxml.jackson.databind.introspect.BeanPropertyDefinition                : loaded 3 times (x 111B)
Class com.fasterxml.jackson.databind.jsontype.TypeResolverBuilder                     : loaded 3 times (x 72B)
Class com.fasterxml.jackson.databind.SerializerProvider                               : loaded 3 times (x 152B)
Class com.fasterxml.jackson.core.json.async.NonBlockingJsonParser                     : loaded 3 times (x 315B)
Class com.fasterxml.jackson.databind.util.RootNameLookup                              : loaded 3 times (x 77B)
Class com.fasterxml.jackson.databind.cfg.ConfigOverride$Empty                         : loaded 3 times (x 82B)
Class com.fasterxml.jackson.databind.cfg.EnumFeature                                  : loaded 3 times (x 89B)
Class com.fasterxml.jackson.databind.ser.std.ArraySerializerBase                      : loaded 3 times (x 128B)
Class com.fasterxml.jackson.databind.node.POJONode                                    : loaded 3 times (x 211B)
Class com.fasterxml.jackson.databind.cfg.DefaultCacheProvider                         : loaded 3 times (x 82B)
Class com.fasterxml.jackson.databind.MappingJsonFactory                               : loaded 3 times (x 176B)
Class com.fasterxml.jackson.core.JsonFactory                                          : loaded 3 times (x 176B)
Class kotlin.annotation.Retention                                                     : loaded 3 times (x 72B)
Class kotlin.text.StringsKt___StringsJvmKt                                            : loaded 3 times (x 73B)
Class com.fasterxml.jackson.databind.ser.impl.AttributePropertyWriter                 : loaded 3 times (x 146B)
Class com.fasterxml.jackson.core.SerializableString                                   : loaded 3 times (x 72B)
Class com.fasterxml.jackson.databind.jsonschema.SchemaAware                           : loaded 3 times (x 72B)
Class com.fasterxml.jackson.databind.ser.std.StdDelegatingSerializer                  : loaded 3 times (x 129B)
Class com.fasterxml.jackson.databind.deser.ValueInstantiator$Gettable                 : loaded 3 times (x 72B)
Class com.fasterxml.jackson.databind.deser.std.StdDelegatingDeserializer              : loaded 3 times (x 176B)
Class com.fasterxml.jackson.databind.ser.ContextualSerializer                         : loaded 3 times (x 72B)
Class com.fasterxml.jackson.databind.util.internal.PrivateMaxEntriesMap$DrainStatus$1 : loaded 3 times (x 82B)
Class kotlin.annotation.Target                                                        : loaded 3 times (x 72B)
Class kotlin.collections.CollectionsKt___CollectionsKt                                : loaded 3 times (x 73B)
Class com.fasterxml.jackson.annotation.JsonFormat                                     : loaded 3 times (x 72B)
Class com.fasterxml.jackson.databind.cfg.CoercionConfigs                              : loaded 3 times (x 81B)
Class kotlin.collections.MapsKt__MapsJVMKt                                            : loaded 3 times (x 73B)
Class com.fasterxml.jackson.databind.ser.std.NumberSerializers$Base                   : loaded 3 times (x 120B)
Class com.fasterxml.jackson.databind.node.BigIntegerNode                              : loaded 3 times (x 210B)
Class com.fasterxml.jackson.databind.util.internal.PrivateMaxEntriesMap$DrainStatus$2 : loaded 3 times (x 82B)
Class com.fasterxml.jackson.core.JsonProcessingException                              : loaded 3 times (x 89B)
Class com.fasterxml.jackson.databind.MapperFeature                                    : loaded 3 times (x 86B)
Class com.fasterxml.jackson.databind.deser.std.CollectionDeserializer                 : loaded 3 times (x 183B)
Class com.fasterxml.jackson.databind.ser.std.InetAddressSerializer                    : loaded 3 times (x 122B)
Class kotlin.collections.MapsKt___MapsJvmKt                                           : loaded 3 times (x 73B)
Class com.fasterxml.jackson.core.io.CharTypes                                         : loaded 3 times (x 73B)
Class com.fasterxml.jackson.core.io.SerializedString                                  : loaded 3 times (x 98B)
Class com.fasterxml.jackson.core.base.GeneratorBase                                   : loaded 3 times (x 228B)
Class com.fasterxml.jackson.databind.util.internal.PrivateMaxEntriesMap$DrainStatus$3 : loaded 3 times (x 82B)
Class com.fasterxml.jackson.databind.deser.BeanDeserializerFactory                    : loaded 3 times (x 142B)
Class com.fasterxml.jackson.databind.introspect.AccessorNamingStrategy$Provider       : loaded 3 times (x 76B)
Class com.fasterxml.jackson.annotation.JsonInclude$Include                            : loaded 3 times (x 81B)
Class com.fasterxml.jackson.databind.deser.DeserializerCache                          : loaded 3 times (x 74B)
Class com.fasterxml.jackson.databind.introspect.AccessorNamingStrategy                : loaded 3 times (x 77B)
Class [Lcom.fasterxml.jackson.core.JsonParser$Feature;                                : loaded 3 times (x 71B)
Class com.fasterxml.jackson.core.util.RecyclerPool                                    : loaded 3 times (x 72B)
Class com.fasterxml.jackson.databind.deser.std.ObjectArrayDeserializer                : loaded 3 times (x 180B)
Class com.fasterxml.jackson.databind.deser.ResolvableDeserializer                     : loaded 3 times (x 72B)
Class com.fasterxml.jackson.databind.introspect.AnnotatedField                        : loaded 3 times (x 93B)
Class com.fasterxml.jackson.databind.deser.KeyDeserializers                           : loaded 3 times (x 72B)
Class com.fasterxml.jackson.annotation.JsonFormat$Features                            : loaded 3 times (x 77B)
Class com.fasterxml.jackson.databind.deser.impl.ErrorThrowingDeserializer             : loaded 3 times (x 100B)
Class com.fasterxml.jackson.databind.introspect.AnnotatedClass                        : loaded 3 times (x 88B)
Class com.fasterxml.jackson.databind.deser.std.AtomicReferenceDeserializer            : loaded 3 times (x 176B)
Class com.fasterxml.jackson.databind.ser.std.MapSerializer                            : loaded 3 times (x 149B)
Class com.fasterxml.jackson.databind.ser.std.ByteBufferSerializer                     : loaded 3 times (x 117B)
Class com.fasterxml.jackson.databind.ser.std.NumberSerializers                        : loaded 3 times (x 73B)
Class com.fasterxml.jackson.databind.deser.std.StdKeyDeserializer                     : loaded 3 times (x 81B)
Class com.fasterxml.jackson.databind.exc.InvalidTypeIdException                       : loaded 3 times (x 105B)
Class com.fasterxml.jackson.core.JsonFactoryBuilder                                   : loaded 3 times (x 134B)
Class com.fasterxml.jackson.databind.util.TokenBuffer                                 : loaded 3 times (x 233B)
Class com.fasterxml.jackson.core.TreeCodec                                            : loaded 3 times (x 80B)
Class com.fasterxml.jackson.databind.introspect.ConcreteBeanPropertyBase              : loaded 3 times (x 108B)
Class com.fasterxml.jackson.databind.introspect.NopAnnotationIntrospector             : loaded 3 times (x 162B)
Class com.fasterxml.jackson.databind.jsontype.DefaultBaseTypeLimitingValidator        : loaded 3 times (x 78B)
Class kotlin.collections.CollectionsKt___CollectionsJvmKt                             : loaded 3 times (x 73B)
Class com.fasterxml.jackson.databind.deser.AbstractDeserializer                       : loaded 3 times (x 106B)
Class com.fasterxml.jackson.core.util.Separators$Spacing                              : loaded 3 times (x 81B)
Class com.fasterxml.jackson.databind.exc.ValueInstantiationException                  : loaded 3 times (x 100B)
Class com.fasterxml.jackson.databind.ser.impl.StringArraySerializer                   : loaded 3 times (x 131B)
Class com.fasterxml.jackson.databind.ser.impl.IndexedStringListSerializer             : loaded 3 times (x 125B)
Class com.fasterxml.jackson.annotation.JsonBackReference                              : loaded 3 times (x 72B)
Class com.fasterxml.jackson.databind.ser.std.BooleanSerializer                        : loaded 3 times (x 119B)
Class com.fasterxml.jackson.databind.introspect.ClassIntrospector$MixInResolver       : loaded 3 times (x 72B)
Class [Lcom.fasterxml.jackson.databind.deser.KeyDeserializers;                        : loaded 3 times (x 71B)
Class com.fasterxml.jackson.databind.ser.std.StdScalarSerializer                      : loaded 3 times (x 116B)
Class com.fasterxml.jackson.core.JsonGenerator                                        : loaded 3 times (x 219B)
Class com.fasterxml.jackson.databind.deser.impl.UnsupportedTypeDeserializer           : loaded 3 times (x 163B)
Class com.fasterxml.jackson.databind.deser.BeanDeserializerBase                       : loaded 3 times (x 218B)
Class com.fasterxml.jackson.databind.node.ValueNode                                   : loaded 3 times (x 208B)
Class com.fasterxml.jackson.databind.BeanProperty                                     : loaded 3 times (x 72B)
Class com.fasterxml.jackson.core.async.NonBlockingInputFeeder                         : loaded 3 times (x 72B)
Class com.fasterxml.jackson.core.sym.ByteQuadsCanonicalizer$TableInfo                 : loaded 3 times (x 74B)
Class com.fasterxml.jackson.databind.util.ClassUtil$Ctor                              : loaded 3 times (x 74B)
Class com.fasterxml.jackson.databind.type.ResolvedRecursiveType                       : loaded 3 times (x 143B)
Class com.fasterxml.jackson.databind.deser.SettableBeanProperty                       : loaded 3 times (x 144B)
Class com.fasterxml.jackson.databind.cfg.ContextAttributes$Impl                       : loaded 3 times (x 80B)
Class com.fasterxml.jackson.databind.introspect.SimpleMixInResolver                   : loaded 3 times (x 87B)
Class com.fasterxml.jackson.databind.introspect.AnnotatedMethod                       : loaded 3 times (x 101B)
Class [Lcom.fasterxml.jackson.databind.SerializationFeature;                          : loaded 3 times (x 71B)
Class com.fasterxml.jackson.databind.ser.std.ToEmptyObjectSerializer                  : loaded 3 times (x 116B)
Class kotlin.text.StringsKt__StringBuilderJVMKt                                       : loaded 3 times (x 73B)
Class com.fasterxml.jackson.databind.JsonSerializable                                 : loaded 3 times (x 72B)
Class com.fasterxml.jackson.databind.cfg.CacheProvider                                : loaded 3 times (x 72B)
Class com.fasterxml.jackson.annotation.JsonRawValue                                   : loaded 3 times (x 72B)
Class com.fasterxml.jackson.databind.introspect.AnnotatedMember                       : loaded 3 times (x 93B)
Class com.fasterxml.jackson.databind.introspect.JacksonAnnotationIntrospector         : loaded 3 times (x 176B)
Class com.fasterxml.jackson.databind.type.LogicalType                                 : loaded 3 times (x 81B)
Class com.fasterxml.jackson.databind.node.NumericNode                                 : loaded 3 times (x 209B)
Class com.fasterxml.jackson.databind.deser.impl.TypeWrappedDeserializer               : loaded 3 times (x 100B)
Class com.fasterxml.jackson.databind.deser.ContextualDeserializer                     : loaded 3 times (x 72B)
Class com.fasterxml.jackson.databind.deser.BeanDeserializer                           : loaded 3 times (x 230B)
Class com.fasterxml.jackson.core.json.async.NonBlockingJsonParserBase                 : loaded 3 times (x 272B)
Class com.fasterxml.jackson.databind.deser.ValueInstantiators                         : loaded 3 times (x 72B)
Class com.fasterxml.jackson.databind.ser.std.NumberSerializers$ShortSerializer        : loaded 3 times (x 120B)
Class com.fasterxml.jackson.core.io.SegmentedStringWriter                             : loaded 3 times (x 104B)
Class com.fasterxml.jackson.databind.type.MapType                                     : loaded 3 times (x 150B)
Class com.fasterxml.jackson.core.ErrorReportConfiguration                             : loaded 3 times (x 76B)
Class com.intellij.rider.plugins.dotTrace.dotMemory.core.dotTrace.c                   : loaded 3 times (x 73B)
Class com.fasterxml.jackson.databind.util.LRUMap                                      : loaded 3 times (x 91B)
Class com.fasterxml.jackson.databind.type.ArrayType                                   : loaded 3 times (x 141B)
Class com.fasterxml.jackson.databind.jsontype.PolymorphicTypeValidator$Base           : loaded 3 times (x 76B)
Class kotlin.text.StringsKt__RegexExtensionsKt                                        : loaded 3 times (x 73B)
Class com.fasterxml.jackson.core.util.BufferRecycler$Gettable                         : loaded 3 times (x 72B)
Class kotlin.text.StringsKt__StringsJVMKt                                             : loaded 3 times (x 73B)
Class com.fasterxml.jackson.databind.node.LongNode                                    : loaded 3 times (x 209B)
Class com.fasterxml.jackson.databind.cfg.ConfigFeature                                : loaded 3 times (x 72B)
Class com.fasterxml.jackson.annotation.JsonFormat$Value                               : loaded 3 times (x 102B)
Class com.fasterxml.jackson.databind.util.SimpleBeanPropertyDefinition                : loaded 3 times (x 114B)
Class com.fasterxml.jackson.databind.ser.BasicSerializerFactory                       : loaded 3 times (x 108B)
Class com.fasterxml.jackson.core.JsonParser$Feature                                   : loaded 3 times (x 81B)
Class com.fasterxml.jackson.databind.cfg.DeserializerFactoryConfig                    : loaded 3 times (x 89B)
Class com.fasterxml.jackson.annotation.JsonManagedReference                           : loaded 3 times (x 72B)
Class [Lcom.fasterxml.jackson.databind.util.ClassUtil$Ctor;                           : loaded 3 times (x 71B)
Class com.fasterxml.jackson.core.Base64Variant                                        : loaded 3 times (x 74B)
Class com.fasterxml.jackson.core.TSFBuilder                                           : loaded 3 times (x 115B)
Class com.fasterxml.jackson.databind.introspect.AnnotationCollector$NoAnnotations     : loaded 3 times (x 83B)
Class kotlin.text.StringsKt__IndentKt                                                 : loaded 3 times (x 73B)
Class com.fasterxml.jackson.databind.ser.BeanSerializer                               : loaded 3 times (x 135B)
Class com.fasterxml.jackson.databind.ser.std.CollectionSerializer                     : loaded 3 times (x 133B)
Class com.fasterxml.jackson.core.util.DefaultPrettyPrinter$NopIndenter                : loaded 3 times (x 79B)
Class com.fasterxml.jackson.annotation.JacksonAnnotationValue                         : loaded 3 times (x 72B)
Class [Lcom.fasterxml.jackson.databind.cfg.EnumFeature;                               : loaded 3 times (x 71B)
Class com.fasterxml.jackson.databind.ser.std.ClassSerializer                          : loaded 3 times (x 117B)
Class com.fasterxml.jackson.databind.util.internal.PrivateMaxEntriesMap               : loaded 3 times (x 149B)
Class com.fasterxml.jackson.core.sym.CharsToNameCanonicalizer                         : loaded 3 times (x 74B)
Class com.fasterxml.jackson.annotation.JsonMerge                                      : loaded 3 times (x 72B)
Class com.fasterxml.jackson.databind.cfg.MapperConfigBase                             : loaded 3 times (x 135B)
Class com.fasterxml.jackson.databind.deser.std.StringDeserializer                     : loaded 3 times (x 165B)
Class com.fasterxml.jackson.databind.deser.std.EnumMapDeserializer                    : loaded 3 times (x 182B)
Class kotlin.collections.MapsKt__MapsKt                                               : loaded 3 times (x 73B)
Class com.fasterxml.jackson.databind.exc.InvalidFormatException                       : loaded 3 times (x 104B)
Class [Lcom.fasterxml.jackson.databind.cfg.CoercionInputShape;                        : loaded 3 times (x 71B)
Class com.fasterxml.jackson.core.StreamWriteConstraints                               : loaded 3 times (x 78B)
Class com.fasterxml.jackson.core.json.ReaderBasedJsonParser                           : loaded 3 times (x 283B)
Class com.fasterxml.jackson.databind.deser.std.ContainerDeserializerBase              : loaded 3 times (x 167B)
Class com.fasterxml.jackson.annotation.ObjectIdGenerators$Base                        : loaded 3 times (x 82B)
Class com.fasterxml.jackson.databind.ser.std.BeanSerializerBase                       : loaded 3 times (x 135B)
Class com.fasterxml.jackson.databind.ser.std.TimeZoneSerializer                       : loaded 3 times (x 118B)
Class com.fasterxml.jackson.databind.deser.BasicDeserializerFactory                   : loaded 3 times (x 122B)
Class com.fasterxml.jackson.databind.deser.DefaultDeserializationContext              : loaded 3 times (x 180B)
Class com.fasterxml.jackson.databind.ser.impl.IndexedListSerializer                   : loaded 3 times (x 128B)
Class com.fasterxml.jackson.core.JacksonException                                     : loaded 3 times (x 87B)
Class com.fasterxml.jackson.databind.ser.DefaultSerializerProvider                    : loaded 3 times (x 165B)
Class com.fasterxml.jackson.core.type.ResolvedType                                    : loaded 3 times (x 96B)
Class kotlin.Metadata                                                                 : loaded 3 times (x 72B)
Class kotlin.NotImplementedError                                                      : loaded 3 times (x 84B)
Class com.fasterxml.jackson.core.json.UTF8DataInputJsonParser                         : loaded 3 times (x 281B)
Class com.fasterxml.jackson.databind.exc.PropertyBindingException                     : loaded 3 times (x 106B)
Class com.fasterxml.jackson.core.util.DefaultPrettyPrinter$FixedSpaceIndenter         : loaded 3 times (x 79B)
Class com.fasterxml.jackson.databind.jsonFormatVisitors.JsonFormatVisitable           : loaded 3 times (x 72B)
Class com.fasterxml.jackson.annotation.ObjectIdGenerators$PropertyGenerator           : loaded 3 times (x 82B)
Class com.fasterxml.jackson.core.io.DataOutputAsStream                                : loaded 3 times (x 88B)
Class com.fasterxml.jackson.core.exc.StreamConstraintsException                       : loaded 3 times (x 89B)
Class [Lcom.fasterxml.jackson.databind.DeserializationFeature;                        : loaded 3 times (x 71B)
Class [Lcom.fasterxml.jackson.core.JsonParser$NumberType;                             : loaded 3 times (x 71B)
Class [Lcom.fasterxml.jackson.annotation.JsonAutoDetect$Visibility;                   : loaded 3 times (x 71B)
Class com.fasterxml.jackson.core.io.UTF8Writer                                        : loaded 3 times (x 101B)
Class com.fasterxml.jackson.databind.deser.DeserializerFactory                        : loaded 3 times (x 93B)
Class com.fasterxml.jackson.databind.JsonNode                                         : loaded 3 times (x 199B)
Class [Lcom.fasterxml.jackson.databind.deser.ValueInstantiators;                      : loaded 3 times (x 71B)
Class com.fasterxml.jackson.databind.type.CollectionType                              : loaded 3 times (x 147B)
Class com.fasterxml.jackson.databind.ser.PropertyWriter                               : loaded 3 times (x 114B)
Class com.fasterxml.jackson.databind.ser.BeanPropertyWriter                           : loaded 3 times (x 143B)
Class com.fasterxml.jackson.core.util.RecyclerPool$WithPool                           : loaded 3 times (x 72B)
Class com.fasterxml.jackson.databind.introspect.AnnotatedWithParams                   : loaded 3 times (x 101B)
Class com.fasterxml.jackson.databind.util.internal.Linked                             : loaded 3 times (x 72B)
Class com.fasterxml.jackson.core.sym.CharsToNameCanonicalizer$TableInfo               : loaded 3 times (x 74B)
Class [Lcom.fasterxml.jackson.annotation.JsonFormat$Shape;                            : loaded 3 times (x 71B)
Class com.fasterxml.jackson.databind.deser.std.EnumDeserializer                       : loaded 3 times (x 176B)
Class com.fasterxml.jackson.core.Versioned                                            : loaded 3 times (x 72B)
Class com.fasterxml.jackson.core.util.Separators                                      : loaded 3 times (x 92B)
Class com.fasterxml.jackson.core.util.JsonRecyclerPools                               : loaded 3 times (x 73B)
Class com.fasterxml.jackson.databind.ser.BeanSerializerFactory                        : loaded 3 times (x 130B)
Class com.fasterxml.jackson.databind.JsonSerializable$Base                            : loaded 3 times (x 80B)
Class com.fasterxml.jackson.core.Base64Variants                                       : loaded 3 times (x 73B)
Class com.fasterxml.jackson.core.util.DefaultPrettyPrinter                            : loaded 3 times (x 111B)
Class com.fasterxml.jackson.databind.ser.Serializers                                  : loaded 3 times (x 72B)
Class com.fasterxml.jackson.databind.jsontype.SubtypeResolver                         : loaded 3 times (x 83B)
Class com.fasterxml.jackson.databind.deser.impl.PropertyBasedObjectIdGenerator        : loaded 3 times (x 82B)
Class com.fasterxml.jackson.databind.ser.std.StringSerializer                         : loaded 3 times (x 116B)
Class com.fasterxml.jackson.core.base.ParserBase                                      : loaded 3 times (x 266B)
Class [Lcom.fasterxml.jackson.databind.type.LogicalType;                              : loaded 3 times (x 71B)
Class com.fasterxml.jackson.databind.deser.impl.MethodProperty                        : loaded 3 times (x 145B)
Class com.fasterxml.jackson.databind.ser.BeanSerializerModifier                       : loaded 3 times (x 84B)
Class com.fasterxml.jackson.databind.deser.DefaultDeserializationContext$Impl         : loaded 3 times (x 180B)
Class com.fasterxml.jackson.databind.ser.std.ObjectArraySerializer                    : loaded 3 times (x 134B)
Class [Lcom.fasterxml.jackson.core.util.Separators$Spacing;                           : loaded 3 times (x 71B)
Class com.fasterxml.jackson.core.async.ByteBufferFeeder                               : loaded 3 times (x 72B)
Class com.fasterxml.jackson.databind.type.TypeBase                                    : loaded 3 times (x 141B)
Class com.fasterxml.jackson.core.TokenStreamFactory                                   : loaded 3 times (x 121B)
Class com.fasterxml.jackson.databind.node.TreeTraversingParser                        : loaded 3 times (x 227B)
Class com.fasterxml.jackson.databind.deser.std.StdDeserializer                        : loaded 3 times (x 163B)
Class kotlin.text.StringsKt__StringNumberConversionsKt                                : loaded 3 times (x 73B)
Class com.fasterxml.jackson.databind.introspect.DefaultAccessorNamingStrategy$Provider: loaded 3 times (x 83B)
Class com.fasterxml.jackson.core.util.JacksonFeature                                  : loaded 3 times (x 72B)
Class com.fasterxml.jackson.databind.cfg.MapperConfig                                 : loaded 3 times (x 121B)
Class com.fasterxml.jackson.databind.ser.std.IterableSerializer                       : loaded 3 times (x 132B)
Class kotlin.collections.CollectionsKt__CollectionsJVMKt                              : loaded 3 times (x 73B)
Class com.fasterxml.jackson.databind.ObjectMapper                                     : loaded 3 times (x 341B)
Class com.fasterxml.jackson.databind.cfg.SerializerFactoryConfig                      : loaded 3 times (x 74B)
Class com.fasterxml.jackson.core.JsonParser$NumberType                                : loaded 3 times (x 81B)
Class com.fasterxml.jackson.databind.ser.std.SerializableSerializer                   : loaded 3 times (x 118B)
Class com.fasterxml.jackson.databind.ser.impl.FailingSerializer                       : loaded 3 times (x 116B)
Class com.fasterxml.jackson.databind.cfg.CoercionConfig                               : loaded 3 times (x 76B)
Class [Lcom.fasterxml.jackson.annotation.JsonInclude$Include;                         : loaded 3 times (x 71B)
Class com.fasterxml.jackson.databind.ser.DefaultSerializerProvider$Impl               : loaded 3 times (x 165B)
Class com.fasterxml.jackson.databind.util.StdDateFormat                               : loaded 3 times (x 111B)
Class com.fasterxml.jackson.databind.deser.std.StdKeyDeserializers                    : loaded 3 times (x 77B)
Class kotlin.text.StringsKt                                                           : loaded 3 times (x 73B)
Class com.fasterxml.jackson.core.JsonParser                                           : loaded 3 times (x 201B)
Class kotlin.collections.CollectionsKt__IteratorsKt                                   : loaded 3 times (x 73B)
Class com.fasterxml.jackson.databind.ser.std.NumberSerializers$LongSerializer         : loaded 3 times (x 120B)
Class com.fasterxml.jackson.databind.exc.UnrecognizedPropertyException                : loaded 3 times (x 106B)
Class com.fasterxml.jackson.core.util.RecyclerPool$ThreadLocalPoolBase                : loaded 3 times (x 85B)
Class com.fasterxml.jackson.databind.introspect.Annotated                             : loaded 3 times (x 84B)
Class com.fasterxml.jackson.databind.Module$SetupContext                              : loaded 3 times (x 72B)
Class com.google.common.collect.ImmutableSet$CachingAsList                            : loaded 2 times (x 150B)
Class com.google.common.util.concurrent.ListenableFuture                              : loaded 2 times (x 72B)
Class com.google.common.base.Converter                                                : loaded 2 times (x 92B)
Class com.google.common.cache.ReferenceEntry                                          : loaded 2 times (x 72B)
Class io.netty.util.AsciiString                                                       : loaded 2 times (x 90B)
Class io.netty.util.internal.PlatformDependent0$5                                     : loaded 2 times (x 77B)
Class io.netty.util.internal.shaded.org.jctools.queues.QueueProgressIndicators        : loaded 2 times (x 72B)
Class io.netty.handler.codec.CodecException                                           : loaded 2 times (x 84B)
Class io.netty.buffer.WrappedUnpooledUnsafeDirectByteBuf                              : loaded 2 times (x 318B)
Class com.google.common.collect.ImmutableCollection                                   : loaded 2 times (x 127B)
Class com.fasterxml.jackson.module.kotlin.KotlinInstantiators                         : loaded 2 times (x 77B)
Class com.google.common.collect.Iterators$9                                           : loaded 2 times (x 83B)
Class com.fasterxml.jackson.databind.annotation.JsonValueInstantiator                 : loaded 2 times (x 72B)
Class com.google.common.collect.ImmutableAsList                                       : loaded 2 times (x 211B)
Class com.google.common.util.concurrent.AbstractFuture                                : loaded 2 times (x 108B)
Class com.google.common.collect.AbstractMapBasedMultimap                              : loaded 2 times (x 140B)
Class com.google.common.base.FunctionalEquivalence                                    : loaded 2 times (x 85B)
Class io.netty.util.internal.PlatformDependent0$6                                     : loaded 2 times (x 77B)
Class io.github.oshai.kotlinlogging.internal.MessageInvokerKt                         : loaded 2 times (x 73B)
Class io.ktor.server.plugins.contentnegotiation.ContentNegotiationConfig              : loaded 2 times (x 77B)
Class kotlin.coroutines.intrinsics.IntrinsicsKt__IntrinsicsKt                         : loaded 2 times (x 73B)
Class io.netty.util.internal.PlatformDependent0$3                                     : loaded 2 times (x 77B)
Class com.github.benmanes.caffeine.cache.Ticker                                       : loaded 2 times (x 72B)
Class com.fasterxml.jackson.core.StreamWriteCapability                                : loaded 2 times (x 86B)
Class com.fasterxml.jackson.databind.annotation.JsonTypeResolver                      : loaded 2 times (x 72B)
Class com.fasterxml.jackson.core.exc.StreamReadException                              : loaded 2 times (x 94B)
Class com.google.common.cache.CacheLoader$SupplierToCacheLoader                       : loaded 2 times (x 77B)
Class com.github.benmanes.caffeine.cache.LoadingCache                                 : loaded 2 times (x 72B)
Class kotlin.LazyKt__LazyJVMKt                                                        : loaded 2 times (x 73B)
Class com.google.common.cache.LocalCache$LocalManualCache$1                           : loaded 2 times (x 77B)
Class com.fasterxml.jackson.core.exc.InputCoercionException                           : loaded 2 times (x 98B)
Class com.fasterxml.jackson.core.FormatFeature                                        : loaded 2 times (x 72B)
Class org.apache.commons.io.output.NullWriter                                         : loaded 2 times (x 101B)
Class com.fasterxml.jackson.databind.util.internal.PrivateMaxEntriesMap$Node          : loaded 2 times (x 80B)
Class io.netty.util.internal.logging.InternalLogLevel                                 : loaded 2 times (x 81B)
Class io.netty.util.internal.logging.InternalLoggerFactory                            : loaded 2 times (x 74B)
Class io.netty.util.internal.logging.AbstractInternalLogger                           : loaded 2 times (x 163B)
Class io.netty.util.internal.PlatformDependent0$2                                     : loaded 2 times (x 77B)
Class io.netty.handler.codec.MessageToMessageEncoder                                  : loaded 2 times (x 104B)
Class [Lio.netty.handler.logging.ByteBufFormat;                                       : loaded 2 times (x 71B)
Class [Lcom.google.common.cache.LocalCache$EntryFactory;                              : loaded 2 times (x 71B)
Class io.netty.handler.codec.http.HttpHeadersFactory                                  : loaded 2 times (x 72B)
Class io.netty.buffer.UnpooledUnsafeDirectByteBuf                                     : loaded 2 times (x 318B)
Class io.netty.channel.ChannelInitializer                                             : loaded 2 times (x 104B)
Class io.netty.util.internal.PlatformDependent0$9                                     : loaded 2 times (x 76B)
Class io.netty.buffer.ReadOnlyByteBuf                                                 : loaded 2 times (x 315B)
Class io.netty.buffer.UnpooledUnsafeHeapByteBuf                                       : loaded 2 times (x 311B)
Class com.github.benmanes.caffeine.cache.AsyncCacheLoader                             : loaded 2 times (x 72B)
Class com.fasterxml.jackson.annotation.JsonFilter                                     : loaded 2 times (x 72B)
Class com.google.common.cache.LocalCache$LocalManualCache                             : loaded 2 times (x 101B)
Class io.netty.handler.codec.http.CombinedHttpHeaders                                 : loaded 2 times (x 125B)
Class io.netty.handler.codec.EncoderException                                         : loaded 2 times (x 84B)
Class io.netty.util.internal.LongCounter                                              : loaded 2 times (x 72B)
Class org.apache.commons.io.CloseableURLConnection                                    : loaded 2 times (x 118B)
Class io.github.oshai.kotlinlogging.slf4j.Slf4jExtensionsKt                           : loaded 2 times (x 73B)
Class com.fasterxml.jackson.module.kotlin.InternalCommonsKt$defaultConstructorMarker$2: loaded 2 times (x 80B)
Class com.github.benmanes.caffeine.cache.CacheLoader                                  : loaded 2 times (x 72B)
Class com.google.common.util.concurrent.internal.InternalFutureFailureAccess          : loaded 2 times (x 74B)
Class com.google.common.collect.Iterators$5                                           : loaded 2 times (x 84B)
Class io.netty.util.internal.PlatformDependent0$1                                     : loaded 2 times (x 76B)
Class org.eclipse.lsp4j.SymbolKind                                                    : loaded 2 times (x 81B)
Class [Lcom.fasterxml.jackson.annotation.JsonFormat$Feature;                          : loaded 2 times (x 71B)
Class com.google.common.math.IntMath                                                  : loaded 2 times (x 73B)
Class io.netty.buffer.AbstractByteBufAllocator                                        : loaded 2 times (x 118B)
Class io.netty.buffer.WrappedByteBuf                                                  : loaded 2 times (x 286B)
Class oshi.jna.Struct$CloseablePerformanceInformation                                 : loaded 2 times (x 129B)
Class com.fasterxml.jackson.databind.introspect.NopAnnotationIntrospector$1           : loaded 2 times (x 162B)
Class io.netty.util.internal.ReflectionUtil                                           : loaded 2 times (x 73B)
Class io.netty.buffer.ByteBufAllocator                                                : loaded 2 times (x 72B)
Class com.google.common.cache.CacheLoader                                             : loaded 2 times (x 76B)
Class com.google.common.collect.Iterators$4                                           : loaded 2 times (x 84B)
Class io.netty.util.ResourceLeak                                                      : loaded 2 times (x 72B)
Class com.google.common.cache.LocalCache$Segment                                      : loaded 2 times (x 155B)
Class com.fasterxml.jackson.databind.type.ClassStack                                  : loaded 2 times (x 74B)
Class ai.grazie.model.cloud.exceptions.HTTPStatusException                            : loaded 2 times (x 85B)
Class com.fasterxml.jackson.databind.deser.impl.NullsConstantProvider                 : loaded 2 times (x 82B)
Class com.github.benmanes.caffeine.cache.UnboundedLocalCache                          : loaded 2 times (x 174B)
Class com.github.benmanes.caffeine.cache.stats.ConcurrentStatsCounter                 : loaded 2 times (x 84B)
Class io.netty.handler.codec.DecoderResult                                            : loaded 2 times (x 78B)
Class io.netty.handler.codec.DefaultHeaders$NameValidator$1                           : loaded 2 times (x 76B)
Class io.netty.handler.codec.http.LastHttpContent                                     : loaded 2 times (x 72B)
Class io.netty.channel.ChannelOutboundHandlerAdapter                                  : loaded 2 times (x 101B)
Class io.netty.channel.ChannelInboundHandler                                          : loaded 2 times (x 72B)
Class [Lorg.apache.commons.lang3.tuple.ImmutableTriple;                               : loaded 2 times (x 71B)
Class oshi.util.ParseUtil                                                             : loaded 2 times (x 73B)
Class com.fasterxml.jackson.module.kotlin.KotlinFeature$Companion                     : loaded 2 times (x 73B)
Class com.google.common.collect.AbstractMapBasedMultimap$AsMap$AsMapEntries           : loaded 2 times (x 140B)
Class com.fasterxml.jackson.databind.ser.Serializers$Base                             : loaded 2 times (x 89B)
Class io.netty.buffer.ReadOnlyUnsafeDirectByteBuf                                     : loaded 2 times (x 311B)
Class [Lcom.github.benmanes.caffeine.cache.DisabledTicker;                            : loaded 2 times (x 71B)
Class com.google.common.base.Equivalence                                              : loaded 2 times (x 84B)
Class com.google.common.base.Function                                                 : loaded 2 times (x 72B)
Class com.github.benmanes.caffeine.cache.stats.StatsCounter                           : loaded 2 times (x 72B)
Class io.netty.channel.ChannelDuplexHandler                                           : loaded 2 times (x 120B)
Class oshi.util.Memoizer                                                              : loaded 2 times (x 73B)
Class com.google.common.cache.LocalCache$ComputingValueReference                      : loaded 2 times (x 98B)
Class com.google.common.collect.ImmutableMap$IteratorBasedImmutableMap                : loaded 2 times (x 128B)
Class com.google.common.collect.SingletonImmutableSet                                 : loaded 2 times (x 148B)
Class com.intellij.ultimate.PluginVerifier                                            : loaded 2 times (x 73B)
Class io.ktor.server.plugins.contentnegotiation.ResponseConverterKt$convertResponseBody$1: loaded 2 times (x 97B)
Class com.google.common.base.Suppliers$SupplierOfInstance                             : loaded 2 times (x 81B)
Class com.google.common.collect.Iterators$1                                           : loaded 2 times (x 83B)
Class com.google.common.collect.RegularImmutableList                                  : loaded 2 times (x 215B)
Class com.google.common.cache.CacheBuilder$OneWeigher                                 : loaded 2 times (x 84B)
Class io.netty.handler.codec.ValueConverter                                           : loaded 2 times (x 72B)
Class io.netty.handler.codec.http.EmptyHttpHeaders                                    : loaded 2 times (x 123B)
Class io.netty.buffer.WrappedCompositeByteBuf                                         : loaded 2 times (x 406B)
Class org.apache.commons.io.output.AbstractByteArrayOutputStream                      : loaded 2 times (x 104B)
Class com.fasterxml.jackson.databind.util.ArrayBuilders                               : loaded 2 times (x 74B)
Class com.fasterxml.jackson.annotation.JacksonAnnotation                              : loaded 2 times (x 72B)
Class io.netty.channel.ChannelOutboundHandler                                         : loaded 2 times (x 72B)
Class io.netty.handler.logging.LoggingHandler                                         : loaded 2 times (x 126B)
Class io.netty.buffer.ByteBufAllocatorMetric                                          : loaded 2 times (x 72B)
Class io.netty.handler.codec.http.EmptyHttpHeaders$InstanceInitializer                : loaded 2 times (x 73B)
Class com.fasterxml.jackson.module.kotlin.InternalCommonsKt                           : loaded 2 times (x 73B)
Class io.netty.util.internal.shaded.org.jctools.queues.IndexedQueueSizeUtil$IndexedQueue: loaded 2 times (x 72B)
Class io.netty.util.internal.Cleaner                                                  : loaded 2 times (x 72B)
Class com.google.common.collect.ImmutableList$ReverseImmutableList                    : loaded 2 times (x 211B)
Class com.fasterxml.jackson.core.Version                                              : loaded 2 times (x 88B)
Class oshi.util.Util                                                                  : loaded 2 times (x 73B)
Class com.google.common.util.concurrent.Uninterruptibles                              : loaded 2 times (x 73B)
Class io.netty.resolver.AddressResolverGroup                                          : loaded 2 times (x 83B)
Class ai.grazie.model.cloud.exceptions.HTTPStatusException$NotFound                   : loaded 2 times (x 85B)
Class com.google.common.cache.CacheBuilder                                            : loaded 2 times (x 74B)
Class com.google.common.collect.SingletonImmutableList                                : loaded 2 times (x 209B)
Class com.fasterxml.jackson.databind.annotation.JacksonStdImpl                        : loaded 2 times (x 72B)
Class com.fasterxml.jackson.core.json.JsonReadContext                                 : loaded 2 times (x 86B)
Class com.google.common.util.concurrent.LazyLogger                                    : loaded 2 times (x 74B)
Class com.google.common.collect.Maps                                                  : loaded 2 times (x 73B)
Class io.netty.handler.codec.DefaultHeaders$HeaderEntry                               : loaded 2 times (x 82B)
Class io.netty.util.internal.UnpaddedInternalThreadLocalMap                           : loaded 2 times (x 73B)
Class com.fasterxml.jackson.databind.module.SimpleAbstractTypeResolver                : loaded 2 times (x 78B)
Class com.fasterxml.jackson.module.kotlin.ReflectionCache$Companion                   : loaded 2 times (x 73B)
Class oshi.hardware.HardwareAbstractionLayer                                          : loaded 2 times (x 72B)
Class org.apache.commons.io.IOUtils                                                   : loaded 2 times (x 73B)
Class io.netty.util.internal.logging.Slf4JLoggerFactory                               : loaded 2 times (x 74B)
Class io.netty.handler.codec.DecoderException                                         : loaded 2 times (x 84B)
Class io.netty.util.concurrent.GenericFutureListener                                  : loaded 2 times (x 72B)
Class io.netty.buffer.UnpooledByteBufAllocator$InstrumentedUnpooledUnsafeNoCleanerDirectByteBuf: loaded 2 times (x 319B)
Class io.netty.buffer.AbstractByteBuf                                                 : loaded 2 times (x 306B)
Class io.netty.handler.codec.http.HttpScheme                                          : loaded 2 times (x 74B)
Class org.apache.commons.io.file.PathFilter                                           : loaded 2 times (x 72B)
Class com.intellij.llmInstaller.common.LLMIcons$Previous                              : loaded 2 times (x 73B)
Class com.fasterxml.jackson.module.kotlin.KotlinModule$Companion                      : loaded 2 times (x 73B)
Class com.github.benmanes.caffeine.cache.LocalManualCache                             : loaded 2 times (x 72B)
Class com.google.common.base.ExtraObjectsMethodsForWeb                                : loaded 2 times (x 73B)
Class [Lcom.github.benmanes.caffeine.cache.stats.StatsCounter;                        : loaded 2 times (x 71B)
Class com.fasterxml.jackson.core.JsonStreamContext                                    : loaded 2 times (x 85B)
Class com.google.common.cache.LocalCache$LoadingValueReference                        : loaded 2 times (x 98B)
Class io.netty.channel.Channel                                                        : loaded 2 times (x 72B)
Class com.google.common.collect.Multimap                                              : loaded 2 times (x 72B)
Class io.netty.util.internal.logging.InternalLogger                                   : loaded 2 times (x 72B)
Class io.netty.channel.ChannelOption                                                  : loaded 2 times (x 83B)
Class com.google.common.cache.RemovalListener                                         : loaded 2 times (x 72B)
Class com.google.common.collect.AbstractMapBasedMultimap$AsMap                        : loaded 2 times (x 130B)
Class com.fasterxml.jackson.databind.type.TypeBindings$TypeParamStash                 : loaded 2 times (x 73B)
Class kotlin.SynchronizedLazyImpl                                                     : loaded 2 times (x 78B)
Class com.fasterxml.jackson.databind.deser.impl.JDKValueInstantiators                 : loaded 2 times (x 73B)
Class com.google.common.collect.AbstractMapBasedMultimap$AsMap$AsMapIterator          : loaded 2 times (x 85B)
Class com.fasterxml.jackson.core.util.VersionUtil                                     : loaded 2 times (x 74B)
Class org.apache.commons.io.filefilter.IOFileFilter                                   : loaded 2 times (x 72B)
Class io.netty.util.Constant                                                          : loaded 2 times (x 72B)
Class com.google.common.util.concurrent.AbstractFuture$Cancellation                   : loaded 2 times (x 74B)
Class org.apache.commons.io.Charsets                                                  : loaded 2 times (x 73B)
Class com.google.common.cache.Cache                                                   : loaded 2 times (x 72B)
Class com.fasterxml.jackson.core.util.JacksonFeatureSet                               : loaded 2 times (x 73B)
Class com.google.common.collect.Maps$8                                                : loaded 2 times (x 84B)
Class io.netty.channel.ChannelOption$1                                                : loaded 2 times (x 79B)
Class com.google.common.cache.LocalCache$Strength                                     : loaded 2 times (x 83B)
Class com.google.common.base.Stopwatch                                                : loaded 2 times (x 74B)
Class com.fasterxml.jackson.core.util.InternCache                                     : loaded 2 times (x 189B)
Class io.netty.handler.codec.http.HttpObjectAggregator                                : loaded 2 times (x 127B)
Class io.netty.buffer.Unpooled                                                        : loaded 2 times (x 73B)
Class com.google.common.cache.LocalCache$StrongValueReference                         : loaded 2 times (x 92B)
Class com.fasterxml.jackson.databind.introspect.AnnotationCollector$OneCollector      : loaded 2 times (x 79B)
Class com.google.common.collect.Sets$SetView                                          : loaded 2 times (x 140B)
Class [Lorg.apache.commons.lang3.tuple.Triple;                                        : loaded 2 times (x 71B)
Class kotlin.LazyKt__LazyKt                                                           : loaded 2 times (x 73B)
Class [Lio.netty.handler.codec.DefaultHeaders$HeaderEntry;                            : loaded 2 times (x 71B)
Class com.google.common.cache.Weigher                                                 : loaded 2 times (x 72B)
Class com.fasterxml.jackson.core.util.TextBuffer                                      : loaded 2 times (x 112B)
Class com.fasterxml.jackson.module.kotlin.KotlinFeature                               : loaded 2 times (x 81B)
Class kotlin.UNINITIALIZED_VALUE                                                      : loaded 2 times (x 73B)
Class io.ktor.server.plugins.contentnegotiation.ContentNegotiationKt$ContentNegotiation$1: loaded 2 times (x 131B)
Class io.github.oshai.kotlinlogging.SimpleMarker                                      : loaded 2 times (x 77B)
Class org.apache.commons.lang3.CharSequenceUtils                                      : loaded 2 times (x 73B)
Class org.apache.commons.io.output.NullOutputStream                                   : loaded 2 times (x 87B)
Class io.netty.handler.codec.http.HttpHeaderValues                                    : loaded 2 times (x 73B)
Class com.google.common.math.IntMath$1                                                : loaded 2 times (x 73B)
Class [Lcom.google.common.cache.CacheBuilder$NullListener;                            : loaded 2 times (x 71B)
Class com.github.benmanes.caffeine.cache.Expiry                                       : loaded 2 times (x 72B)
Class org.apache.commons.io.FileUtils                                                 : loaded 2 times (x 73B)
Class com.fasterxml.jackson.annotation.JsonIncludeProperties$Value                    : loaded 2 times (x 80B)
Class [Lio.github.oshai.kotlinlogging.Level;                                          : loaded 2 times (x 71B)
Class io.netty.buffer.AbstractReferenceCountedByteBuf                                 : loaded 2 times (x 308B)
Class kotlin.text.CharsKt__CharJVMKt                                                  : loaded 2 times (x 73B)
Class com.fasterxml.jackson.databind.type.TypeBindings$AsKey                          : loaded 2 times (x 74B)
Class io.github.oshai.kotlinlogging.slf4j.internal.LocationAwareKLogger               : loaded 2 times (x 290B)
Class io.netty.util.internal.StringUtil                                               : loaded 2 times (x 73B)
Class com.fasterxml.jackson.databind.util.Converter                                   : loaded 2 times (x 72B)
Class com.google.common.collect.ImmutableSet                                          : loaded 2 times (x 147B)
Class io.netty.util.AsciiString$1                                                     : loaded 2 times (x 77B)
Class io.netty.util.internal.PlatformDependent                                        : loaded 2 times (x 73B)
Class io.netty.handler.codec.DefaultHeaders$ValueValidator                            : loaded 2 times (x 72B)
Class com.google.common.collect.Multiset                                              : loaded 2 times (x 72B)
Class com.google.common.collect.AbstractIndexedListIterator                           : loaded 2 times (x 98B)
Class com.google.common.cache.CacheStats                                              : loaded 2 times (x 73B)
Class io.netty.buffer.EmptyByteBuf                                                    : loaded 2 times (x 286B)
Class io.netty.util.internal.TypeParameterMatcher                                     : loaded 2 times (x 74B)
Class io.netty.util.AsciiString$2                                                     : loaded 2 times (x 77B)
Class com.google.common.collect.ObjectArrays                                          : loaded 2 times (x 73B)
Class com.google.common.math.MathPreconditions                                        : loaded 2 times (x 73B)
Class com.fasterxml.jackson.databind.deser.impl.JDKValueInstantiators$TreeMapInstantiator: loaded 2 times (x 110B)
Class com.google.common.util.concurrent.AbstractFuture$Listener                       : loaded 2 times (x 74B)
Class io.netty.buffer.UnpooledUnsafeNoCleanerDirectByteBuf                            : loaded 2 times (x 319B)
Class kotlin.TuplesKt                                                                 : loaded 2 times (x 73B)
Class kotlin.collections.ArraysKt__ArraysKt                                           : loaded 2 times (x 73B)
Class kotlin.ResultKt                                                                 : loaded 2 times (x 73B)
Class io.netty.handler.codec.http.HttpContent                                         : loaded 2 times (x 72B)
Class io.netty.handler.codec.http.DefaultHttpHeadersFactory                           : loaded 2 times (x 78B)
Class com.google.common.base.Supplier                                                 : loaded 2 times (x 72B)
Class io.netty.handler.codec.Headers                                                  : loaded 2 times (x 72B)
Class [Lio.netty.util.AsciiString;                                                    : loaded 2 times (x 71B)
Class io.netty.util.internal.EmptyArrays                                              : loaded 2 times (x 73B)
Class io.netty.channel.ChannelInboundHandlerAdapter                                   : loaded 2 times (x 102B)
Class kotlin.collections.ArraysUtilJVM                                                : loaded 2 times (x 73B)
Class com.fasterxml.jackson.module.kotlin.KotlinModule$Builder$Companion              : loaded 2 times (x 73B)
Class com.github.benmanes.caffeine.cache.LocalLoadingCache                            : loaded 2 times (x 72B)
Class com.google.common.collect.AbstractIterator                                      : loaded 2 times (x 84B)
Class com.fasterxml.jackson.databind.util.internal.PrivateMaxEntriesMap$WeightedValue : loaded 2 times (x 74B)
Class com.fasterxml.jackson.module.kotlin.KotlinAnnotationIntrospector                : loaded 2 times (x 163B)
Class io.github.oshai.kotlinlogging.Marker                                            : loaded 2 times (x 72B)
Class io.netty.handler.codec.http.FullHttpMessage                                     : loaded 2 times (x 72B)
Class io.netty.buffer.FixedCompositeByteBuf                                           : loaded 2 times (x 309B)
Class io.netty.buffer.UnpooledByteBufAllocator$InstrumentedUnpooledDirectByteBuf      : loaded 2 times (x 315B)
Class io.netty.handler.codec.http.DefaultHttpHeadersFactory$3                         : loaded 2 times (x 76B)
Class ai.grazie.model.cloud.exceptions.HttpExceptionBase                              : loaded 2 times (x 84B)
Class com.google.common.collect.Sets                                                  : loaded 2 times (x 73B)
Class com.google.common.base.Ticker                                                   : loaded 2 times (x 74B)
Class io.netty.util.ConstantPool                                                      : loaded 2 times (x 79B)
Class com.google.common.collect.BiMap                                                 : loaded 2 times (x 72B)
Class com.fasterxml.jackson.core.JsonToken                                            : loaded 2 times (x 81B)
Class com.google.common.base.Objects                                                  : loaded 2 times (x 73B)
Class [Lcom.fasterxml.jackson.core.StreamWriteCapability;                             : loaded 2 times (x 71B)
Class com.fasterxml.jackson.annotation.JsonIgnoreProperties$Value                     : loaded 2 times (x 98B)
Class com.google.common.collect.ImmutableMap                                          : loaded 2 times (x 122B)
Class [Lcom.google.common.cache.LocalCache$Segment;                                   : loaded 2 times (x 71B)
Class com.google.common.base.Predicate                                                : loaded 2 times (x 72B)
Class [Lcom.google.common.cache.LocalCache$Strength;                                  : loaded 2 times (x 71B)
Class com.google.common.cache.CacheBuilder$1                                          : loaded 2 times (x 87B)
Class io.netty.handler.codec.http.HttpMessage                                         : loaded 2 times (x 72B)
Class io.netty.handler.codec.DefaultHeadersImpl                                       : loaded 2 times (x 279B)
Class io.netty.handler.codec.http.DefaultHttpHeadersFactory$2                         : loaded 2 times (x 76B)
Class com.google.common.cache.CacheLoader$UnsupportedLoadingOperationException        : loaded 2 times (x 84B)
Class com.fasterxml.jackson.databind.deser.impl.JDKValueInstantiators$JDKValueInstantiator: loaded 2 times (x 110B)
Class io.netty.handler.codec.http.DefaultHttpHeadersFactory$1                         : loaded 2 times (x 76B)
Class com.fasterxml.jackson.core.io.IOContext                                         : loaded 2 times (x 107B)
Class com.google.common.cache.LocalCache                                              : loaded 2 times (x 188B)
Class com.google.common.cache.CacheBuilder$2                                          : loaded 2 times (x 81B)
Class com.github.benmanes.caffeine.cache.RemovalListener                              : loaded 2 times (x 72B)
Class io.netty.util.AbstractConstant                                                  : loaded 2 times (x 82B)
Class io.netty.channel.ChannelHandler                                                 : loaded 2 times (x 72B)
Class com.fasterxml.jackson.databind.deser.impl.JDKValueInstantiators$LinkedHashMapInstantiator: loaded 2 times (x 110B)
Class com.fasterxml.jackson.core.JsonLocation                                         : loaded 2 times (x 83B)
Class io.github.oshai.kotlinlogging.DelegatingKLogger                                 : loaded 2 times (x 72B)
Class io.netty.util.internal.shaded.org.jctools.queues.MessagePassingQueue            : loaded 2 times (x 72B)
Class io.netty.handler.codec.http.DefaultHttpHeaders                                  : loaded 2 times (x 125B)
Class io.netty.buffer.SimpleLeakAwareCompositeByteBuf                                 : loaded 2 times (x 407B)
Class com.github.benmanes.caffeine.cache.Weigher                                      : loaded 2 times (x 72B)
Class com.google.common.util.concurrent.UncheckedExecutionException                   : loaded 2 times (x 84B)
Class com.google.common.cache.CacheBuilder$3                                          : loaded 2 times (x 74B)
Class io.netty.buffer.ByteBufAllocatorMetricProvider                                  : loaded 2 times (x 72B)
Class com.fasterxml.jackson.databind.deser.impl.JDKValueInstantiators$HashSetInstantiator: loaded 2 times (x 110B)
Class com.fasterxml.jackson.databind.util.AccessPattern                               : loaded 2 times (x 81B)
Class com.fasterxml.jackson.module.kotlin.KotlinNamesAnnotationIntrospector           : loaded 2 times (x 163B)
Class com.google.common.util.concurrent.AbstractFuture$Trusted                        : loaded 2 times (x 72B)
Class com.google.common.collect.Iterators                                             : loaded 2 times (x 73B)
Class [Lcom.fasterxml.jackson.core.FormatFeature;                                     : loaded 2 times (x 71B)
Class kotlin.text.CharsKt                                                             : loaded 2 times (x 73B)
Class com.google.common.collect.CollectPreconditions                                  : loaded 2 times (x 73B)
Class com.fasterxml.jackson.databind.deser.impl.JDKValueInstantiators$LinkedListInstantiator: loaded 2 times (x 110B)
Class com.fasterxml.jackson.core.util.BufferRecycler                                  : loaded 2 times (x 90B)
Class io.netty.util.AsciiString$CharEqualityComparator                                : loaded 2 times (x 72B)
Class org.apache.commons.io.StandardLineSeparator                                     : loaded 2 times (x 81B)
Class io.ktor.server.plugins.contentnegotiation.RequestConverterKt                    : loaded 2 times (x 73B)
Class kotlin.collections.ArraysKt___ArraysKt                                          : loaded 2 times (x 73B)
Class io.ktor.server.plugins.contentnegotiation.RequestConverterKt$convertRequestBody$1: loaded 2 times (x 97B)
Class com.fasterxml.jackson.module.kotlin.KotlinSerializers                           : loaded 2 times (x 90B)
Class oshi.util.tuples.Triplet                                                        : loaded 2 times (x 74B)
Class io.netty.handler.codec.http.HttpObject                                          : loaded 2 times (x 72B)
Class io.netty.handler.codec.http.DefaultHttpHeaders$HeaderValueConverter             : loaded 2 times (x 132B)
Class com.google.common.collect.SortedMapDifference                                   : loaded 2 times (x 72B)
Class io.netty.buffer.UnpooledHeapByteBuf                                             : loaded 2 times (x 311B)
Class io.ktor.server.plugins.contentnegotiation.ContentNegotiationConfigKt            : loaded 2 times (x 73B)
Class com.google.common.collect.RegularImmutableAsList                                : loaded 2 times (x 219B)
Class io.github.oshai.kotlinlogging.KMarkerFactory                                    : loaded 2 times (x 73B)
Class com.intellij.llmInstaller.common.branding.LLMInstallerAIAssistantBrandingIcons  : loaded 2 times (x 73B)
Class org.apache.commons.io.function.IOSupplier                                       : loaded 2 times (x 72B)
Class com.google.common.cache.LocalCache$EntryFactory                                 : loaded 2 times (x 85B)
Class io.netty.handler.codec.CharSequenceValueConverter                               : loaded 2 times (x 132B)
Class io.netty.resolver.DefaultAddressResolverGroup                                   : loaded 2 times (x 83B)
Class io.netty.handler.codec.http.HttpHeaders                                         : loaded 2 times (x 123B)
Class io.netty.handler.codec.DefaultHeaders$NameValidator                             : loaded 2 times (x 72B)
Class com.fasterxml.jackson.module.kotlin.ClosedRangeMixin                            : loaded 2 times (x 81B)
Class com.fasterxml.jackson.module.kotlin.KotlinAnnotationIntrospector$Companion      : loaded 2 times (x 73B)
Class com.github.benmanes.caffeine.cache.Cache                                        : loaded 2 times (x 72B)
Class com.google.common.cache.LocalCache$2                                            : loaded 2 times (x 144B)
Class com.google.common.collect.AbstractMultimap                                      : loaded 2 times (x 125B)
Class com.google.common.collect.AbstractSetMultimap                                   : loaded 2 times (x 175B)
Class com.fasterxml.jackson.databind.deser.ValueInstantiator$Base                     : loaded 2 times (x 110B)
Class com.google.common.collect.Sets$ImprovedAbstractSet                              : loaded 2 times (x 137B)
Class com.fasterxml.jackson.module.kotlin.KotlinModule                                : loaded 2 times (x 103B)
Class io.netty.util.ResourceLeakDetector                                              : loaded 2 times (x 81B)
Class io.netty.handler.logging.ByteBufFormat                                          : loaded 2 times (x 81B)
Class io.github.oshai.kotlinlogging.slf4j.internal.Slf4jLoggerFactory                 : loaded 2 times (x 73B)
Class org.apache.commons.io.FileExistsException                                       : loaded 2 times (x 84B)
Class io.netty.util.AttributeKey                                                      : loaded 2 times (x 82B)
Class io.netty.util.ResourceLeakDetector$Level                                        : loaded 2 times (x 81B)
Class com.google.common.cache.LocalCache$1                                            : loaded 2 times (x 91B)
Class com.fasterxml.jackson.core.JsonParseException                                   : loaded 2 times (x 96B)
Class com.fasterxml.jackson.annotation.JsonIncludeProperties                          : loaded 2 times (x 72B)
Class com.fasterxml.jackson.databind.deser.std.JsonLocationInstantiator               : loaded 2 times (x 110B)
Class com.google.common.collect.ImmutableSet$RegularSetBuilderImpl                    : loaded 2 times (x 78B)
Class com.google.common.cache.CacheLoader$InvalidCacheLoadException                   : loaded 2 times (x 84B)
Class com.github.benmanes.caffeine.cache.DisabledTicker                               : loaded 2 times (x 84B)
Class io.netty.buffer.UnpooledByteBufAllocator$InstrumentedUnpooledUnsafeDirectByteBuf: loaded 2 times (x 318B)
Class io.netty.channel.EventLoopGroup                                                 : loaded 2 times (x 72B)
Class kotlin.collections.EmptyMap                                                     : loaded 2 times (x 111B)
Class com.google.common.collect.Iterators$SingletonIterator                           : loaded 2 times (x 83B)
Class com.fasterxml.jackson.module.kotlin.KotlinKeyDeserializers                      : loaded 2 times (x 78B)
Class com.google.common.collect.AbstractMapEntry                                      : loaded 2 times (x 83B)
Class com.fasterxml.jackson.databind.deser.Deserializers$Base                         : loaded 2 times (x 95B)
Class com.intellij.llmInstaller.common.LLMIcons                                       : loaded 2 times (x 73B)
Class com.google.common.util.concurrent.AbstractFuture$TrustedFuture                  : loaded 2 times (x 116B)
Class com.google.common.cache.LoadingCache                                            : loaded 2 times (x 72B)
Class io.netty.util.internal.TypeParameterMatcher$1                                   : loaded 2 times (x 74B)
Class io.netty.util.internal.PlatformDependent0                                       : loaded 2 times (x 73B)
Class org.apache.commons.lang3.ArrayUtils                                             : loaded 2 times (x 73B)
Class kotlin.coroutines.intrinsics.IntrinsicsKt                                       : loaded 2 times (x 73B)
Class io.netty.handler.codec.http.HttpClientUpgradeHandler$SourceCodec                : loaded 2 times (x 72B)
Class io.netty.buffer.AbstractDerivedByteBuf                                          : loaded 2 times (x 314B)
Class com.google.common.collect.UnmodifiableIterator                                  : loaded 2 times (x 82B)
Class org.apache.commons.io.output.ByteArrayOutputStream                              : loaded 2 times (x 104B)
Class com.google.common.base.MoreObjects                                              : loaded 2 times (x 73B)
Class com.google.common.cache.CacheLoader$FunctionToCacheLoader                       : loaded 2 times (x 77B)
Class [Lorg.eclipse.lsp4j.SymbolKind;                                                 : loaded 2 times (x 71B)
Class [Lcom.google.common.cache.Weigher;                                              : loaded 2 times (x 71B)
Class io.netty.util.internal.OutOfDirectMemoryError                                   : loaded 2 times (x 84B)
Class com.google.common.collect.ImmutableCollection$Builder                           : loaded 2 times (x 78B)
Class com.fasterxml.jackson.databind.Module                                           : loaded 2 times (x 81B)
Class com.fasterxml.jackson.module.kotlin.KotlinModule$Builder                        : loaded 2 times (x 74B)
Class com.google.common.collect.Iterators$ArrayItr                                    : loaded 2 times (x 99B)
Class com.fasterxml.jackson.module.kotlin.ExtensionsKt                                : loaded 2 times (x 73B)
Class io.ktor.server.plugins.contentnegotiation.ContentNegotiationKt                  : loaded 2 times (x 73B)
Class oshi.util.Memoizer$1                                                            : loaded 2 times (x 78B)
Class org.apache.commons.lang3.StringUtils                                            : loaded 2 times (x 73B)
Class io.netty.util.internal.MathUtil                                                 : loaded 2 times (x 73B)
Class [Lio.netty.util.ResourceLeakDetector$Level;                                     : loaded 2 times (x 71B)
Class com.google.common.cache.CacheBuilder$NullListener                               : loaded 2 times (x 84B)
Class com.fasterxml.jackson.core.json.JsonWriteContext                                : loaded 2 times (x 97B)
Class com.fasterxml.jackson.core.util.BufferRecyclers                                 : loaded 2 times (x 73B)
Class [Lio.netty.util.internal.logging.InternalLogLevel;                              : loaded 2 times (x 71B)
Class io.netty.util.ReferenceCounted                                                  : loaded 2 times (x 72B)
Class io.netty.util.internal.CleanerJava9$1                                           : loaded 2 times (x 77B)
Class [Lcom.fasterxml.jackson.core.StreamReadCapability;                              : loaded 2 times (x 71B)
Class io.netty.buffer.UnpooledByteBufAllocator$UnpooledByteBufAllocatorMetric         : loaded 2 times (x 78B)
Class com.google.common.cache.LocalCache$ValueReference                               : loaded 2 times (x 72B)
Class kotlin.collections.ArraysKt                                                     : loaded 2 times (x 73B)
Class com.google.common.cache.LocalCache$Strength$3                                   : loaded 2 times (x 83B)
Class com.google.common.collect.MapDifference                                         : loaded 2 times (x 72B)
Class com.fasterxml.jackson.module.kotlin.KotlinAnnotationIntrospector$Companion$UNIT_TYPE$2: loaded 2 times (x 80B)
Class kotlin.collections.ArraysKt___ArraysJvmKt                                       : loaded 2 times (x 73B)
Class io.ktor.server.plugins.contentnegotiation.ConverterRegistration                 : loaded 2 times (x 74B)
Class kotlin.text.CharsKt__CharKt                                                     : loaded 2 times (x 73B)
Class com.google.common.util.concurrent.AbstractFuture$Failure                        : loaded 2 times (x 74B)
Class com.google.common.collect.Hashing                                               : loaded 2 times (x 73B)
Class com.google.common.base.Equivalence$Equals                                       : loaded 2 times (x 84B)
Class com.google.common.base.Preconditions                                            : loaded 2 times (x 73B)
Class io.netty.handler.codec.DefaultHeaders                                           : loaded 2 times (x 279B)
Class [Lio.netty.handler.logging.LogLevel;                                            : loaded 2 times (x 71B)
Class io.github.oshai.kotlinlogging.KLogger                                           : loaded 2 times (x 72B)
Class com.fasterxml.jackson.module.kotlin.ExtensionsKt$kotlinModule$1                 : loaded 2 times (x 80B)
Class org.apache.commons.io.output.QueueOutputStream                                  : loaded 2 times (x 89B)
Class com.google.common.cache.LocalCache$Strength$2                                   : loaded 2 times (x 83B)
Class com.google.common.collect.PeekingIterator                                       : loaded 2 times (x 72B)
Class io.netty.buffer.UnpooledByteBufAllocator                                        : loaded 2 times (x 121B)
Class kotlin.LazyKt                                                                   : loaded 2 times (x 73B)
Class oshi.SystemInfo$1                                                               : loaded 2 times (x 73B)
Class kotlin.collections.ArraysKt__ArraysJVMKt                                        : loaded 2 times (x 73B)
Class com.intellij.llmInstaller.common.LLMIcons$Rebranding                            : loaded 2 times (x 73B)
Class io.github.oshai.kotlinlogging.Level                                             : loaded 2 times (x 81B)
Class com.google.common.util.concurrent.SettableFuture                                : loaded 2 times (x 116B)
Class com.fasterxml.jackson.core.exc.StreamWriteException                             : loaded 2 times (x 91B)
Class com.fasterxml.jackson.module.kotlin.PackageVersion                              : loaded 2 times (x 76B)
Class io.netty.handler.codec.MessageAggregator                                        : loaded 2 times (x 117B)
Class io.netty.buffer.ByteBufConvertible                                              : loaded 2 times (x 72B)
Class io.netty.handler.codec.http.HttpUtil                                            : loaded 2 times (x 73B)
Class com.google.common.cache.LocalCache$Strength$1                                   : loaded 2 times (x 83B)
Class com.fasterxml.jackson.databind.util.internal.PrivateMaxEntriesMap$AddTask       : loaded 2 times (x 77B)
Class com.fasterxml.jackson.databind.PropertyName                                     : loaded 2 times (x 85B)
Class com.google.common.cache.LocalCache$EntryFactory$1                               : loaded 2 times (x 85B)
Class [Lcom.google.common.cache.RemovalListener;                                      : loaded 2 times (x 71B)
Class com.github.benmanes.caffeine.cache.Caffeine                                     : loaded 2 times (x 74B)
Class io.netty.util.internal.TypeParameterMatcher$ReflectiveMatcher                   : loaded 2 times (x 75B)
Class io.netty.util.internal.logging.Slf4JLoggerFactory$NopInstanceHolder             : loaded 2 times (x 73B)
Class com.fasterxml.jackson.core.io.JsonEOFException                                  : loaded 2 times (x 97B)
Class com.fasterxml.jackson.databind.type.ClassKey                                    : loaded 2 times (x 77B)
Class com.fasterxml.jackson.module.kotlin.ReflectionCache                             : loaded 2 times (x 74B)
Class com.google.common.collect.Sets$4                                                : loaded 2 times (x 141B)
Class oshi.software.os.OperatingSystem                                                : loaded 2 times (x 72B)
Class io.netty.buffer.ReadOnlyByteBufferBuf                                           : loaded 2 times (x 311B)
Class com.google.common.cache.LocalCache$LocalLoadingCache                            : loaded 2 times (x 136B)
Class com.google.common.collect.Sets$3                                                : loaded 2 times (x 141B)
Class io.github.oshai.kotlinlogging.internal.KLoggerFactory                           : loaded 2 times (x 73B)
Class com.fasterxml.jackson.databind.deser.impl.JDKValueInstantiators$ConstantValueInstantiator: loaded 2 times (x 110B)
Class [Lcom.fasterxml.jackson.core.JsonToken;                                         : loaded 2 times (x 71B)
Class com.google.common.cache.LocalCache$EntryFactory$2                               : loaded 2 times (x 85B)
Class oshi.PlatformEnum                                                               : loaded 2 times (x 81B)
Class io.ktor.server.plugins.contentnegotiation.ResponseConverterKt                   : loaded 2 times (x 73B)
Class io.netty.util.internal.CleanerJava9                                             : loaded 2 times (x 76B)
Class com.intellij.llmInstaller.common.branding.LLMInstallerAIAssistantBranding       : loaded 2 times (x 73B)
Class io.github.oshai.kotlinlogging.KotlinLogging                                     : loaded 2 times (x 73B)
Class com.google.common.collect.Sets$2                                                : loaded 2 times (x 141B)
Class com.google.common.collect.Maps$ViewCachingAbstractMap                           : loaded 2 times (x 127B)
Class com.fasterxml.jackson.annotation.JsonDeserializeAs                              : loaded 2 times (x 72B)
Class com.fasterxml.jackson.databind.deser.impl.JDKValueInstantiators$HashMapInstantiator: loaded 2 times (x 110B)
Class com.google.common.collect.Maps$BiMapConverter                                   : loaded 2 times (x 92B)
Class com.google.common.cache.LocalCache$EntryFactory$3                               : loaded 2 times (x 85B)
Class com.google.common.base.Ticker$1                                                 : loaded 2 times (x 74B)
Class [Lcom.fasterxml.jackson.module.kotlin.KotlinFeature;                            : loaded 2 times (x 71B)
Class com.fasterxml.jackson.module.kotlin.KotlinKeySerializers                        : loaded 2 times (x 90B)
Class io.netty.buffer.ByteBufHolder                                                   : loaded 2 times (x 72B)
Class com.fasterxml.jackson.core.StreamReadCapability                                 : loaded 2 times (x 86B)
Class com.google.common.collect.Sets$1                                                : loaded 2 times (x 141B)
Class io.github.oshai.kotlinlogging.slf4j.internal.Slf4jLogger$WhenMappings           : loaded 2 times (x 73B)
Class io.ktor.server.plugins.contentnegotiation.DefaultIgnoredTypesJvmKt              : loaded 2 times (x 73B)
Class com.google.common.collect.SetMultimap                                           : loaded 2 times (x 72B)
Class com.google.common.cache.LocalCache$EntryFactory$4                               : loaded 2 times (x 85B)
Class [Lcom.github.benmanes.caffeine.cache.stats.DisabledStatsCounter;                : loaded 2 times (x 71B)
Class io.netty.buffer.CompositeByteBuf                                                : loaded 2 times (x 406B)
Class io.netty.util.concurrent.Future                                                 : loaded 2 times (x 72B)
Class io.netty.handler.codec.DecoderResultProvider                                    : loaded 2 times (x 72B)
Class io.github.oshai.kotlinlogging.slf4j.Slf4jExtensionsKt$WhenMappings              : loaded 2 times (x 73B)
Class org.apache.commons.io.output.StringBuilderWriter                                : loaded 2 times (x 102B)
Class [Lorg.apache.commons.io.StandardLineSeparator;                                  : loaded 2 times (x 71B)
Class io.netty.util.AttributeKey$1                                                    : loaded 2 times (x 79B)
Class io.netty.util.AttributeMap                                                      : loaded 2 times (x 72B)
Class com.google.common.cache.LocalCache$EntryFactory$5                               : loaded 2 times (x 85B)
Class io.netty.buffer.UnpooledByteBufAllocator$InstrumentedUnpooledHeapByteBuf        : loaded 2 times (x 311B)
Class io.netty.handler.logging.LogLevel                                               : loaded 2 times (x 81B)
Class io.netty.util.internal.SystemPropertyUtil                                       : loaded 2 times (x 73B)
Class kotlin.jvm.internal.markers.KMappedMarker                                       : loaded 2 times (x 72B)
Class io.github.oshai.kotlinlogging.internal.KLoggerNameResolver                      : loaded 2 times (x 73B)
Class com.github.benmanes.caffeine.cache.Policy                                       : loaded 2 times (x 72B)
Class com.google.common.collect.ImmutableEnumMap                                      : loaded 2 times (x 128B)
Class com.fasterxml.jackson.core.JsonGenerationException                              : loaded 2 times (x 92B)
Class com.fasterxml.jackson.module.kotlin.KotlinDeserializers                         : loaded 2 times (x 96B)
Class io.netty.buffer.AdvancedLeakAwareCompositeByteBuf                               : loaded 2 times (x 407B)
Class com.fasterxml.jackson.databind.deser.ContextualKeyDeserializer                  : loaded 2 times (x 72B)
Class io.netty.util.internal.ObjectUtil                                               : loaded 2 times (x 73B)
Class com.fasterxml.jackson.annotation.JsonFormat$Feature                             : loaded 2 times (x 81B)
Class com.fasterxml.jackson.databind.util.IgnorePropertiesUtil                        : loaded 2 times (x 73B)
Class com.google.common.collect.HashMultimap                                          : loaded 2 times (x 175B)
Class com.google.common.cache.LocalCache$EntryFactory$6                               : loaded 2 times (x 85B)
Class [Lcom.github.benmanes.caffeine.cache.Ticker;                                    : loaded 2 times (x 71B)
Class io.netty.buffer.SimpleLeakAwareByteBuf                                          : loaded 2 times (x 287B)
Class io.netty.util.concurrent.Promise                                                : loaded 2 times (x 72B)
Class io.netty.util.internal.PlatformDependent$1                                      : loaded 2 times (x 76B)
Class org.apache.commons.io.output.AppendableWriter                                   : loaded 2 times (x 102B)
Class io.netty.util.internal.BoundedInputStream                                       : loaded 2 times (x 94B)
Class com.github.benmanes.caffeine.cache.UnboundedLocalCache$UnboundedLocalManualCache: loaded 2 times (x 126B)
Class com.github.benmanes.caffeine.cache.stats.DisabledStatsCounter                   : loaded 2 times (x 93B)
Class com.fasterxml.jackson.databind.RuntimeJsonMappingException                      : loaded 2 times (x 84B)
Class io.netty.buffer.ByteBuf                                                         : loaded 2 times (x 285B)
Class com.google.common.base.Suppliers                                                : loaded 2 times (x 73B)
Class com.google.common.collect.ImmutableList                                         : loaded 2 times (x 208B)
Class com.google.common.cache.LocalCache$EntryFactory$7                               : loaded 2 times (x 85B)
Class com.github.benmanes.caffeine.cache.LocalCache                                   : loaded 2 times (x 72B)
Class io.netty.buffer.UnpooledByteBufAllocator$InstrumentedUnpooledUnsafeHeapByteBuf  : loaded 2 times (x 311B)
Class kotlin.coroutines.jvm.internal.SpillingKt                                       : loaded 2 times (x 73B)
Class [Lcom.google.common.cache.CacheBuilder$OneWeigher;                              : loaded 2 times (x 71B)
Class com.fasterxml.jackson.databind.deser.ValueInstantiator                          : loaded 2 times (x 109B)
Class [Lcom.fasterxml.jackson.databind.util.AccessPattern;                            : loaded 2 times (x 71B)
Class com.fasterxml.jackson.annotation.JsonInclude                                    : loaded 2 times (x 72B)
Class io.netty.buffer.AdvancedLeakAwareByteBuf                                        : loaded 2 times (x 287B)
Class com.google.common.collect.Maps$EntrySet                                         : loaded 2 times (x 138B)
Class com.fasterxml.jackson.databind.deser.impl.JDKValueInstantiators$ArrayListInstantiator: loaded 2 times (x 110B)
Class com.google.common.collect.ImmutableSet$SetBuilderImpl                           : loaded 2 times (x 78B)
Class com.google.common.cache.LocalCache$EntryFactory$8                               : loaded 2 times (x 85B)
Class io.netty.channel.ChannelOutboundInvoker                                         : loaded 2 times (x 72B)
Class com.github.benmanes.caffeine.cache.AsyncCache                                   : loaded 2 times (x 72B)
Class com.fasterxml.jackson.databind.ser.impl.MapEntryAsPOJOSerializer                : loaded 2 times (x 117B)
Class com.google.common.collect.UnmodifiableListIterator                              : loaded 2 times (x 97B)
Class oshi.util.GlobalConfig                                                          : loaded 2 times (x 73B)
Class io.netty.util.HashingStrategy                                                   : loaded 2 times (x 72B)
Class oshi.jna.Struct                                                                 : loaded 2 times (x 72B)
Class com.fasterxml.jackson.annotation.JsonSerializeAs                                : loaded 2 times (x 72B)
Class io.netty.util.internal.logging.LocationAwareSlf4JLogger                         : loaded 2 times (x 163B)
Class com.google.common.collect.ImmutableList$SubList                                 : loaded 2 times (x 211B)
Class com.fasterxml.jackson.core.io.ContentReference                                  : loaded 2 times (x 88B)
Class com.google.common.cache.CacheLoader$1                                           : loaded 2 times (x 77B)
Class kotlin.coroutines.intrinsics.IntrinsicsKt__IntrinsicsJvmKt                      : loaded 2 times (x 73B)
Class com.google.common.util.concurrent.ExecutionError                                : loaded 2 times (x 84B)
Class com.fasterxml.jackson.databind.ObjectMapper$1                                   : loaded 2 times (x 132B)
Class com.google.common.collect.ImmutableEnumSet                                      : loaded 2 times (x 148B)
Class com.google.common.collect.ImmutableList$1                                       : loaded 2 times (x 99B)
Class org.apache.commons.lang3.tuple.ImmutableTriple                                  : loaded 2 times (x 83B)
Class com.fasterxml.jackson.databind.util.LinkedNode                                  : loaded 2 times (x 74B)
Class com.fasterxml.jackson.annotation.JsonIgnoreProperties                           : loaded 2 times (x 72B)
Class com.fasterxml.jackson.core.util.ReadConstrainedTextBuffer                       : loaded 2 times (x 112B)
Class com.google.common.cache.AbstractCache$StatsCounter                              : loaded 2 times (x 72B)
Class io.netty.buffer.UnreleasableByteBuf                                             : loaded 2 times (x 286B)
Class oshi.util.FileUtil                                                              : loaded 2 times (x 73B)
Class io.netty.channel.ChannelHandlerAdapter                                          : loaded 2 times (x 83B)
Class com.google.common.collect.Iterators$MergingIterator                             : loaded 2 times (x 83B)
Class com.google.common.collect.RegularImmutableSet                                   : loaded 2 times (x 150B)
Class io.netty.handler.codec.DefaultHeaders$ValueValidator$1                          : loaded 2 times (x 76B)
Class io.netty.util.internal.InternalThreadLocalMap                                   : loaded 2 times (x 74B)
Class io.netty.util.concurrent.EventExecutorGroup                                     : loaded 2 times (x 72B)
Class org.apache.commons.lang3.tuple.Triple                                           : loaded 2 times (x 82B)
Class oshi.SystemInfo                                                                 : loaded 2 times (x 76B)
Class io.github.oshai.kotlinlogging.KLoggingEventBuilder                              : loaded 2 times (x 74B)
Class io.github.oshai.kotlinlogging.slf4j.internal.Slf4jLogger                        : loaded 2 times (x 289B)
Class com.fasterxml.jackson.databind.module.SimpleModule                              : loaded 2 times (x 103B)
Class io.netty.util.concurrent.FastThreadLocalThread                                  : loaded 2 times (x 116B)
Class io.netty.buffer.UnpooledDirectByteBuf                                           : loaded 2 times (x 315B)
Class com.github.benmanes.caffeine.cache.AsyncLoadingCache                            : loaded 2 times (x 72B)
Class com.google.common.collect.Iterables                                             : loaded 2 times (x 73B)
Class com.fasterxml.jackson.databind.deser.std.StdKeyDeserializer$StringKD            : loaded 2 times (x 81B)
Class com.fasterxml.jackson.databind.deser.impl.JDKValueInstantiators$ConcurrentHashMapInstantiator: loaded 2 times (x 110B)
Class com.fasterxml.jackson.databind.util.ArrayIterator                               : loaded 2 times (x 92B)
Class [Loshi.PlatformEnum;                                                            : loaded 2 times (x 71B)
Class com.google.common.base.Equivalence$Identity                                     : loaded 2 times (x 84B)
Class com.google.common.base.PairwiseEquivalence                                      : loaded 2 times (x 85B)
Class io.github.oshai.kotlinlogging.slf4j.internal.Slf4jMarker                        : loaded 2 times (x 89B)
Class io.netty.util.internal.PlatformDependent0$4                                     : loaded 2 times (x 77B)
Class com.fasterxml.jackson.databind.deser.impl.JDKValueInstantiators$TreeSetInstantiator: loaded 2 times (x 110B)
Class io.netty.util.ResourceLeakTracker                                               : loaded 2 times (x 72B)
Class io.netty.handler.codec.MessageToMessageDecoder                                  : loaded 2 times (x 105B)
Class org.apache.commons.lang3.Validate                                               : loaded 2 times (x 73B)

---------------  S Y S T E M  ---------------

OS:
 Windows 11 , 64 bit Build 26100 (10.0.26100.4484)
OS uptime: 4 days 22:32 hours

CPU: total 20 (initial active 20) (10 cores per cpu, 2 threads per core) family 6 model 154 stepping 3 microcode 0x416, cx8, cmov, fxsr, ht, mmx, 3dnowpref, sse, sse2, sse3, ssse3, sse4.1, sse4.2, popcnt, lzcnt, tsc, tscinvbit, avx, avx2, aes, erms, clmul, bmi1, bmi2, adx, sha, fma, vzeroupper, clflush, clflushopt, clwb, serialize, rdtscp, rdpid, fsrm, gfni, f16c, pku, cet_ibt, cet_ss
Processor Information for processor 0
  Max Mhz: 2300, Current Mhz: 1506, Mhz Limit: 2300
Processor Information for processor 1
  Max Mhz: 2300, Current Mhz: 2300, Mhz Limit: 2300
Processor Information for processor 2
  Max Mhz: 2300, Current Mhz: 2300, Mhz Limit: 2300
Processor Information for processor 3
  Max Mhz: 2300, Current Mhz: 2300, Mhz Limit: 2300
Processor Information for processor 4
  Max Mhz: 2300, Current Mhz: 1506, Mhz Limit: 2300
Processor Information for processor 5
  Max Mhz: 2300, Current Mhz: 2300, Mhz Limit: 2300
Processor Information for processor 6
  Max Mhz: 2300, Current Mhz: 2300, Mhz Limit: 2300
Processor Information for processor 7
  Max Mhz: 2300, Current Mhz: 1506, Mhz Limit: 2300
Processor Information for processor 8
  Max Mhz: 2300, Current Mhz: 2300, Mhz Limit: 2300
Processor Information for processor 9
  Max Mhz: 2300, Current Mhz: 1506, Mhz Limit: 2300
Processor Information for processor 10
  Max Mhz: 2300, Current Mhz: 1506, Mhz Limit: 2300
Processor Information for processor 11
  Max Mhz: 2300, Current Mhz: 1506, Mhz Limit: 2300
Processor Information for processor 12
  Max Mhz: 2300, Current Mhz: 1700, Mhz Limit: 1679
Processor Information for processor 13
  Max Mhz: 2300, Current Mhz: 1700, Mhz Limit: 1679
Processor Information for processor 14
  Max Mhz: 2300, Current Mhz: 1700, Mhz Limit: 1679
Processor Information for processor 15
  Max Mhz: 2300, Current Mhz: 1700, Mhz Limit: 1679
Processor Information for processor 16
  Max Mhz: 2300, Current Mhz: 1700, Mhz Limit: 1679
Processor Information for processor 17
  Max Mhz: 2300, Current Mhz: 1700, Mhz Limit: 1679
Processor Information for processor 18
  Max Mhz: 2300, Current Mhz: 1700, Mhz Limit: 1679
Processor Information for processor 19
  Max Mhz: 2300, Current Mhz: 1700, Mhz Limit: 1679

Memory: 4k page, system-wide physical 16088M (551M free)
TotalPageFile size 48588M (AvailPageFile size 0M)
current process WorkingSet (physical memory assigned to process): 1069M, peak: 4169M
current process commit charge ("private bytes"): 3274M, peak: 4047M

vm_info: OpenJDK 64-Bit Server VM (25.0.3+9-b508.16) for windows-amd64 JRE (25.0.3+9-b508.16), built on 2026-06-22 with MS VC++ 17.14 (VS2022)

END.
