#
# There is insufficient memory for the Java Runtime Environment to continue.
# Native memory allocation (mmap) failed to map 94371840 bytes. Error detail: G1 virtual space
# Possible reasons:
#   The system is out of physical RAM or swap space
#   This process is running with CompressedOops enabled, and the Java Heap may be blocking the growth of the native heap
# Possible solutions:
#   Reduce memory load on the system
#   Increase physical memory or swap space
#   Check if swap backing store is full
#   Decrease Java heap size (-Xmx/-Xms)
#   Decrease number of Java threads
#   Decrease Java thread stack sizes (-Xss)
#   Set larger code cache with -XX:ReservedCodeCacheSize=
#   JVM is running with Unscaled Compressed Oops mode in which the Java heap is
#     placed in the first 4GB address space. The Java Heap base address is the
#     maximum limit for the native heap growth. Please use -XX:HeapBaseMinAddress
#     to set the Java Heap base and to place the Java Heap above 4GB virtual address.
# This output file may be truncated or incomplete.
#
#  Out of Memory Error (os_windows.cpp:3925), pid=38340, tid=49188
#
# JRE version: OpenJDK Runtime Environment JBR-21.0.8+1-1038.71-jcef (21.0.8+1) (build 21.0.8+1-b1038.71)
# Java VM: OpenJDK 64-Bit Server VM JBR-21.0.8+1-1038.71-jcef (21.0.8+1-b1038.71, mixed mode, sharing, tiered, compressed oops, compressed class ptrs, g1 gc, windows-amd64)
# No core dump will be written. Minidumps are not enabled by default on client versions of Windows
#

---------------  S U M M A R Y ------------

Command Line: abort vfprintf -XX:ErrorFile=C:\Users\Kenwen\java_error_in_rider_%p.log -XX:HeapDumpPath=C:\Users\Kenwen\java_error_in_rider.hprof -Xms128m -Xmx2048m -XX:JbrShrinkingGcMaxHeapFreeRatio=40 -XX:ReservedCodeCacheSize=512m -XX:+HeapDumpOnOutOfMemoryError -XX:-OmitStackTraceInFastThrow -XX:CICompilerCount=2 -XX:+IgnoreUnrecognizedVMOptions -XX:+UnlockDiagnosticVMOptions -XX:TieredOldPercentage=100000 -ea -Dsun.io.useCanonCaches=false -Dsun.java2d.metal=true -Djbr.catch.SIGABRT=true -Djdk.http.auth.tunneling.disabledSchemes="" -Djdk.attach.allowAttachSelf=true -Djdk.module.illegalAccess.silent=true -Djdk.nio.maxCachedBufferSize=2097152 -Djava.util.zip.use.nio.for.zip.file.access=true -Dkotlinx.coroutines.debug=off -Djava.nio.file.spi.DefaultFileSystemProvider=com.intellij.platform.core.nio.fs.MultiRoutingFileSystemProvider -Dllm.show.ai.promotion.window.on.start=false -Xms128m -Xmx2048m -XX:ReservedCodeCacheSize=512m -XX:+IgnoreUnrecognizedVMOptions -XX:+UseG1GC -XX:SoftRefLRUPolicyMSPerMB=50 -XX:CICompilerCount=2 -XX:+HeapDumpOnOutOfMemoryError -XX:-OmitStackTraceInFastThrow -ea -Dsun.io.useCanonCaches=false -Djdk.http.auth.tunneling.disabledSchemes="" -Djdk.attach.allowAttachSelf=true -Djdk.module.illegalAccess.silent=true -Dkotlinx.coroutines.debug=off -XX:ErrorFile=$USER_HOME/java_error_in_idea_%p.log -XX:HeapDumpPath=$USER_HOME/java_error_in_idea.hprof --add-opens=java.base/jdk.internal.org.objectweb.asm=ALL-UNNAMED --add-opens=java.base/jdk.internal.org.objectweb.asm.tree=ALL-UNNAMED -javaagent:D:\jetbra\jetbra\ja-netfilter.jar=jetbrains -Djb.vmOptionsFile=D:\jetbra\jetbra\vmoptions\rider.vmoptions -Xbootclasspath/a:E:\Rider\JetBrains Rider 2024.3.6\lib\nio-fs.jar -Djava.system.class.loader=com.intellij.util.lang.PathClassLoader -Didea.vendor.name=JetBrains -Didea.paths.selector=Rider2025.2 -Djna.boot.library.path=E:\Rider\JetBrains Rider 2024.3.6/lib/jna/amd64 -Djna.nosys=true -Djna.noclasspath=true -Dpty4j.preferred.native.folder=E:\Rider\JetBrains Rider 2024.3.6/lib/pty4j -Dio.netty.allocator.type=pooled -Dintellij.platform.runtime.repository.path=E:\Rider\JetBrains Rider 2024.3.6/modules/module-descriptors.dat -Didea.platform.prefix=Rider -Dwsl.use.remote.agent.for.nio.filesystem=true -Djava.nio.file.spi.DefaultFileSystemProvider=com.intellij.platform.core.nio.fs.MultiRoutingFileSystemProvider -Dide.native.launcher=true -Didea.class.before.app=com.jetbrains.rider.protocol.EarlyBackendStarter -Didea.show.customize.ide.wizard=true -DFilePageCache.THROW_ERROR_ON_DUPLICATE_STORAGE_REGISTRATION=false -Dsplash=true -Daether.connector.resumeDownloads=false -Dcompose.swing.render.on.graphics=true --add-opens=java.base/java.io=ALL-UNNAMED --add-opens=java.base/java.lang=ALL-UNNAMED --add-opens=java.base/java.lang.ref=ALL-UNNAMED --add-opens=java.base/java.lang.reflect=ALL-UNNAMED --add-opens=java.base/java.net=ALL-UNNAMED --add-opens=java.base/java.nio=ALL-UNNAMED --add-opens=java.base/java.nio.charset=ALL-UNNAMED --add-opens=java.base/java.text=ALL-UNNAMED --add-opens=java.base/java.time=ALL-UNNAMED --add-opens=java.base/java.util=ALL-UNNAMED --add-opens=java.base/java.util.concurrent=ALL-UNNAMED --add-opens=java.base/java.util.concurrent.atomic=ALL-UNNAMED --add-opens=java.base/java.util.concurrent.locks=ALL-UNNAMED --add-opens=java.base/jdk.internal.vm=ALL-UNNAMED --add-opens=java.base/sun.net.dns=ALL-UNNAMED --add-opens=java.base/sun.nio.ch=ALL-UNNAMED --add-opens=java.base/sun.nio.fs=ALL-UNNAMED --add-opens=java.base/sun.security.ssl=ALL-UNNAMED --add-opens=java.base/sun.security.util=ALL-UNNAMED --add-opens=java.desktop/com.sun.java.swing=ALL-UNNAMED --add-opens=java.desktop/java.awt=ALL-UNNAMED --add-opens=java.desktop/java.awt.dnd.peer=ALL-UNNAMED --add-opens=java.desktop/java.awt.event=ALL-UNNAMED --add-opens=java.desktop/java.awt.font=ALL-UNNAMED --add-opens=java.desktop/java.awt.image=ALL-UNNAMED --add-opens=java.desktop/java.awt.peer=ALL-UNNAMED --add-opens=java.desktop/javax.swing=ALL-UNNAMED --add-opens=java.desktop/javax.swing.plaf.basic=ALL-UNNAMED --add-opens=java.desktop/javax.swing.text=ALL-UNNAMED --add-opens=java.desktop/javax.swing.text.html=ALL-UNNAMED --add-opens=java.desktop/javax.swing.text.html.parser=ALL-UNNAMED --add-opens=java.desktop/sun.awt=ALL-UNNAMED --add-opens=java.desktop/sun.awt.datatransfer=ALL-UNNAMED --add-opens=java.desktop/sun.awt.image=ALL-UNNAMED --add-opens=java.desktop/sun.awt.windows=ALL-UNNAMED --add-opens=java.desktop/sun.font=ALL-UNNAMED --add-opens=java.desktop/sun.java2d=ALL-UNNAMED --add-opens=java.desktop/sun.swing=ALL-UNNAMED --add-opens=java.management/sun.management=ALL-UNNAMED --add-opens=jdk.attach/sun.tools.attach=ALL-UNNAMED --add-opens=jdk.compiler/com.sun.tools.javac.api=ALL-UNNAMED --add-opens=jdk.internal.jvmstat/sun.jvmstat.monitor=ALL-UNNAMED --add-opens=jdk.jdi/com.sun.tools.jdi=ALL-UNNAMED -Dide.native.launcher=true -Djcef.sandbox.ptr=00000226AB679700 -Djcef.sandbox.cefVersion=122.1.9+gd14e051+chromium-122.0.6261.94 com.intellij.idea.Main E:\Project\Git\Hodgepodge\Hodgepodge.uproject

Host: 12th Gen Intel(R) Core(TM) i7-12700H, 20 cores, 15G,  Windows 11 , 64 bit Build 26100 (10.0.26100.4484)
Time: Sun Aug  9 17:03:56 2026 中国标准时间 elapsed time: 4530.662827 seconds (0d 1h 15m 30s)

---------------  T H R E A D  ---------------

Current thread (0x00000226d873b6b0):  VMThread "VM Thread"          [id=49188, stack(0x00000055b0d00000,0x00000055b0e00000) (1024K)]

Stack: [0x00000055b0d00000,0x00000055b0e00000]
Native frames: (J=compiled Java code, j=interpreted, Vv=VM code, C=native code)
V  [jvm.dll+0x6ebeb9]
V  [jvm.dll+0x8cbec3]
V  [jvm.dll+0x8ce47e]
V  [jvm.dll+0x8ceb63]
V  [jvm.dll+0x28adf6]
V  [jvm.dll+0x6e8695]
V  [jvm.dll+0x6dbeea]
V  [jvm.dll+0x36689b]
V  [jvm.dll+0x36e466]
V  [jvm.dll+0x3c08c6]
V  [jvm.dll+0x3c0b98]
V  [jvm.dll+0x3390cc]
V  [jvm.dll+0x33ba66]
V  [jvm.dll+0x3459fd]
V  [jvm.dll+0x37d035]
V  [jvm.dll+0x8d48e8]
V  [jvm.dll+0x8d5c64]
V  [jvm.dll+0x8d61a0]
V  [jvm.dll+0x8d6433]
V  [jvm.dll+0x873a78]
V  [jvm.dll+0x6ea63d]
C  [ucrtbase.dll+0x37b0]
C  [KERNEL32.DLL+0x2e8d7]
C  [ntdll.dll+0x3c34c]

VM_Operation (0x00000055b08ff9f0): G1PauseRemark, mode: safepoint, requested by thread 0x00000226add59530


---------------  P R O C E S S  ---------------

Threads class SMR info:
_java_thread_list=0x00000227602b4030, length=251, elements={
0x00000226ab69c160, 0x00000226d8742dd0, 0x00000226d8751a50, 0x00000226d87545c0,
0x00000226d8757f70, 0x00000226d875aac0, 0x00000226d875b520, 0x00000226d875bf80,
0x00000226d875cd10, 0x00000226d8796780, 0x0000022749019470, 0x000002274969e3e0,
0x00000227496bb7c0, 0x00000227496bc4e0, 0x00000227496ba410, 0x00000227496bb130,
0x0000022749833b40, 0x0000022749831a70, 0x00000227498334b0, 0x00000227498306c0,
0x00000227498313e0, 0x00000227498341d0, 0x0000022749832790, 0x000002274a5507a0,
0x000002274a5542b0, 0x000002274a554940, 0x000002274a5514c0, 0x000002274a551b50,
0x000002274a557730, 0x000002274a555660, 0x000002274aa42cf0, 0x000002274aa3f870,
0x000002274aa43380, 0x000002274b441bc0, 0x000002274b4456d0, 0x000002274b445d60,
0x000002274b4428e0, 0x000002274b4463f0, 0x000002274b447110, 0x000002274b447e30,
0x000002274b4477a0, 0x000002274b4484c0, 0x000002274aa3ff00, 0x000002274bc1b290,
0x000002274bc1d360, 0x000002274bc1b920, 0x000002274bc1ac00, 0x000002274bc19ee0,
0x000002274bc1bfb0, 0x000002274bc1a570, 0x000002274bc1c640, 0x000002274bc1ccd0,
0x000002274b747c90, 0x000002274b747600, 0x000002274b749d60, 0x000002274b74a3f0,
0x000002274b748320, 0x000002274b7489b0, 0x000002274b749040, 0x000002274b7496d0,
0x000002274b746f70, 0x000002274b74b110, 0x000002274b74aa80, 0x000002274b74d1e0,
0x000002274b74c4c0, 0x000002274b74d870, 0x000002274b74e590, 0x000002274b74cb50,
0x000002274b74df00, 0x000002274bd4e360, 0x000002274bd4aee0, 0x000002274bd4e9f0,
0x000002268537d7d0, 0x00000226859a8cd0, 0x000002274afd6020, 0x00000227c846dbe0,
0x00000227c846a760, 0x0000022685378fa0, 0x00000227cc4728c0, 0x00000227cc474300,
0x00000227cc474990, 0x00000227cc479ee0, 0x00000227cc47e080, 0x00000227cc47e710,
0x00000227cc47b920, 0x00000227cc47b290, 0x00000227cc480e70, 0x00000227cc481500,
0x00000227cc47eda0, 0x00000227cc47f430, 0x00000227cc47fac0, 0x00000227d82c6070,
0x00000227d82c87d0, 0x00000227d82cfdf0, 0x00000227d82cdd20, 0x00000227d487ac00,
0x00000227d4877e10, 0x00000227d487c640, 0x00000227d487d360, 0x00000227d487e080,
0x00000227e04dc070, 0x00000227e04e08a0, 0x00000227e04ecd80, 0x00000227e04eacb0,
0x00000227e04f0200, 0x00000227e04e8550, 0x00000227f90ba850, 0x00000227f90baee0,
0x00000227f90b9b30, 0x00000227f90b8e10, 0x00000227f90bcfb0, 0x00000227f90be360,
0x00000227f90be9f0, 0x00000227f90bd640, 0x00000227f90c2500, 0x00000227f90c2b90,
0x00000227f90bf710, 0x00000227f98142a0, 0x00000227f97f5d00, 0x00000227f97f9ea0,
0x00000227f97f9810, 0x00000227f9803590, 0x00000227f9802f00, 0x00000227f9803c20,
0x00000227f9804940, 0x00000227f98042b0, 0x0000022802cbc070, 0x0000022802a465a0,
0x0000022803e9e5e0, 0x0000022803ea0d40, 0x0000022803e9ec70, 0x0000022803e9f300,
0x0000022803e9f990, 0x0000022803ea0020, 0x0000022802165380, 0x00000228032e17c0,
0x0000022801784ca0, 0x0000022801781820, 0x00000228017887b0, 0x0000022801787400,
0x00000228017866e0, 0x0000022801785330, 0x00000228017894d0, 0x0000022801786050,
0x000002280178a880, 0x000002280178b5a0, 0x000002280178bc30, 0x0000022801789b60,
0x0000022801788e40, 0x000002280178af10, 0x000002280178a1f0, 0x0000022809ad6340,
0x0000022809ad2ec0, 0x0000022809ad4270, 0x0000022809ad4900, 0x0000022809ad4f90,
0x000002280c3a58c0, 0x00000228095d8c90, 0x000002280faffa20, 0x0000022801790460,
0x000002280dab9390, 0x0000022801d646a0, 0x000002280cc227d0, 0x000002280bb1aee0,
0x000002280dab7950, 0x000002280c8f8170, 0x000002280c8be5d0, 0x0000022801792bc0,
0x000002274d2233e0, 0x00000228155be3d0, 0x000002281526f200, 0x000002274cf03470,
0x000002280178f740, 0x0000022815899980, 0x0000022815448dc0, 0x000002281544a170,
0x000002274f43db60, 0x000002274f43a6e0, 0x000002274f43c120, 0x000002274f43ce40,
0x000002281589b3c0, 0x000002281589a6a0, 0x00000227e41588f0, 0x000002274db090f0,
0x00000227e4156190, 0x00000227e4154750, 0x00000227f9b7f640, 0x0000022751fcde60,
0x0000022751fceb80, 0x0000022802ae2aa0, 0x0000022815a1f940, 0x00000227e4154de0,
0x000002274e8aceb0, 0x000002274e8aef80, 0x000002274e8ac190, 0x000002274e8b09c0,
0x000002274e8ae260, 0x000002274cf00d10, 0x0000022815a1ec20, 0x0000022751ad3e50,
0x000002275dbdcaa0, 0x000002281589ba50, 0x000002275d228770, 0x0000022751fcd7d0,
0x00000228026ebd70, 0x0000022753d8f410, 0x00000227594bac30, 0x00000227594b91f0,
0x000002275a7d8640, 0x00000228156569c0, 0x0000022753d914e0, 0x000002275a7d5850,
0x0000022801793250, 0x0000022801795320, 0x00000227594b9880, 0x0000022759c1a140,
0x0000022803127640, 0x0000022751ad2410, 0x000002280dab65a0, 0x000002281589c0e0,
0x000002280dab6c30, 0x000002275a1d8490, 0x0000022809273cb0, 0x000002280179af00,
0x0000022801798110, 0x000002280179c940, 0x000002280179dcf0, 0x000002280179b590,
0x000002281043ec70, 0x000002281043f300, 0x000002275da83c30, 0x000002274cf02750,
0x0000022766a5fb80, 0x0000022766a608a0, 0x0000022809272270, 0x000002275a1d6a50,
0x0000022802ae3130, 0x000002280179bc20, 0x000002275a7d5ee0, 0x000002275a1d70e0,
0x000002275a608090, 0x000002275d62c210, 0x000002275d628d90, 0x000002275a7d6c00,
0x0000022751fcc420, 0x000002275a60f020, 0x0000022766a5ee60, 0x00000227594bc670,
0x0000022751fce4f0, 0x0000022801781190, 0x000002280179c2b0
}

Java Threads: ( => current thread )
  0x00000226ab69c160 JavaThread "main"                              [_thread_blocked, id=48952, stack(0x00000055b0500000,0x00000055b0700000) (2048K)]
  0x00000226d8742dd0 JavaThread "Common-Cleaner"             daemon [_thread_blocked, id=11000, stack(0x00000055b0e00000,0x00000055b0f00000) (1024K)]
  0x00000226d8751a50 JavaThread "Reference Handler"          daemon [_thread_blocked, id=37988, stack(0x00000055b0f00000,0x00000055b1000000) (1024K)]
  0x00000226d87545c0 JavaThread "Finalizer"                  daemon [_thread_blocked, id=19108, stack(0x00000055b1000000,0x00000055b1100000) (1024K)]
  0x00000226d8757f70 JavaThread "Signal Dispatcher"          daemon [_thread_blocked, id=30356, stack(0x00000055b1100000,0x00000055b1200000) (1024K)]
  0x00000226d875aac0 JavaThread "Attach Listener"            daemon [_thread_blocked, id=27948, stack(0x00000055b1200000,0x00000055b1300000) (1024K)]
  0x00000226d875b520 JavaThread "Service Thread"             daemon [_thread_blocked, id=44580, stack(0x00000055b1300000,0x00000055b1400000) (1024K)]
  0x00000226d875bf80 JavaThread "Monitor Deflation Thread"   daemon [_thread_blocked, id=3336, stack(0x00000055b1400000,0x00000055b1500000) (1024K)]
  0x00000226d875cd10 JavaThread "C2 CompilerThread0"         daemon [_thread_blocked, id=46672, stack(0x00000055b1500000,0x00000055b1600000) (1024K)]
  0x00000226d8796780 JavaThread "C1 CompilerThread0"         daemon [_thread_blocked, id=3920, stack(0x00000055b1600000,0x00000055b1700000) (1024K)]
  0x0000022749019470 JavaThread "Notification Thread"        daemon [_thread_blocked, id=45992, stack(0x00000055b1700000,0x00000055b1800000) (1024K)]
  0x000002274969e3e0 JavaThread "DefaultDispatcher-worker-4" daemon [_thread_blocked, id=32852, stack(0x00000055b2100000,0x00000055b2200000) (1024K)]
  0x00000227496bb7c0 JavaThread "DefaultDispatcher-worker-7" daemon [_thread_blocked, id=28956, stack(0x00000055b2400000,0x00000055b2500000) (1024K)]
  0x00000227496bc4e0 JavaThread "DefaultDispatcher-worker-9" daemon [_thread_blocked, id=46548, stack(0x00000055b2600000,0x00000055b2700000) (1024K)]
  0x00000227496ba410 JavaThread "DefaultDispatcher-worker-10" daemon [_thread_blocked, id=19072, stack(0x00000055b2700000,0x00000055b2800000) (1024K)]
  0x00000227496bb130 JavaThread "DefaultDispatcher-worker-12" daemon [_thread_blocked, id=28600, stack(0x00000055b2900000,0x00000055b2a00000) (1024K)]
  0x0000022749833b40 JavaThread "DefaultDispatcher-worker-14" daemon [_thread_blocked, id=42628, stack(0x00000055b2b00000,0x00000055b2c00000) (1024K)]
  0x0000022749831a70 JavaThread "DefaultDispatcher-worker-15" daemon [_thread_blocked, id=29704, stack(0x00000055b2c00000,0x00000055b2d00000) (1024K)]
  0x00000227498334b0 JavaThread "DefaultDispatcher-worker-16" daemon [_thread_blocked, id=30460, stack(0x00000055b2d00000,0x00000055b2e00000) (1024K)]
  0x00000227498306c0 JavaThread "DefaultDispatcher-worker-17" daemon [_thread_blocked, id=25672, stack(0x00000055b2e00000,0x00000055b2f00000) (1024K)]
  0x00000227498313e0 JavaThread "DefaultDispatcher-worker-18" daemon [_thread_blocked, id=8492, stack(0x00000055b2f00000,0x00000055b3000000) (1024K)]
  0x00000227498341d0 JavaThread "DefaultDispatcher-worker-19" daemon [_thread_blocked, id=26912, stack(0x00000055b3000000,0x00000055b3100000) (1024K)]
  0x0000022749832790 JavaThread "DefaultDispatcher-worker-20" daemon [_thread_blocked, id=41292, stack(0x00000055b3100000,0x00000055b3200000) (1024K)]
  0x000002274a5507a0 JavaThread "Kernel event loop thread vejl50sl5bpr13r3bfq0" daemon [_thread_blocked, id=37616, stack(0x00000055b3200000,0x00000055b3300000) (1024K)]
  0x000002274a5542b0 JavaThread "Java2D Disposer"            daemon [_thread_blocked, id=41748, stack(0x00000055b3300000,0x00000055b3400000) (1024K)]
  0x000002274a554940 JavaThread "AWT-Shutdown"                      [_thread_blocked, id=39016, stack(0x00000055b3400000,0x00000055b3500000) (1024K)]
  0x000002274a5514c0 JavaThread "AWT-Windows"                daemon [_thread_in_native, id=43468, stack(0x00000055b3500000,0x00000055b3600000) (1024K)]
  0x000002274a551b50 JavaThread "AWT-EventQueue-0"                  [_thread_blocked, id=45528, stack(0x00000055b3600000,0x00000055b3700000) (1024K)]
  0x000002274a557730 JavaThread "External Command Listener"  daemon [_thread_in_native, id=5516, stack(0x00000055b3700000,0x00000055b3800000) (1024K)]
  0x000002274a555660 JavaThread "kotlinx.coroutines.DefaultExecutor" daemon [_thread_blocked, id=26836, stack(0x00000055b3800000,0x00000055b3900000) (1024K)]
  0x000002274aa42cf0 JavaThread "EarlyStartServerWire/Sender" daemon [_thread_blocked, id=26576, stack(0x00000055b4400000,0x00000055b4500000) (1024K)]
  0x000002274aa3f870 JavaThread "EarlyStartServerWire"       daemon [_thread_in_native, id=48600, stack(0x00000055b4500000,0x00000055b4600000) (1024K)]
  0x000002274aa43380 JavaThread "SerializersBackgroundRegistrar" daemon [_thread_blocked, id=25668, stack(0x00000055b4600000,0x00000055b4700000) (1024K)]
  0x000002274b441bc0 JavaThread "DefaultDispatcher-worker-21" daemon [_thread_blocked, id=42436, stack(0x00000055b4700000,0x00000055b4800000) (1024K)]
  0x000002274b4456d0 JavaThread "DefaultDispatcher-worker-22" daemon [_thread_blocked, id=18124, stack(0x00000055b4800000,0x00000055b4900000) (1024K)]
  0x000002274b445d60 JavaThread "DefaultDispatcher-worker-25" daemon [_thread_blocked, id=25420, stack(0x00000055b4a00000,0x00000055b4b00000) (1024K)]
  0x000002274b4428e0 JavaThread "DefaultDispatcher-worker-24" daemon [_thread_blocked, id=47956, stack(0x00000055b4b00000,0x00000055b4c00000) (1024K)]
  0x000002274b4463f0 JavaThread "DefaultDispatcher-worker-26" daemon [_thread_blocked, id=15048, stack(0x00000055b4c00000,0x00000055b4d00000) (1024K)]
  0x000002274b447110 JavaThread "DefaultDispatcher-worker-27" daemon [_thread_blocked, id=34704, stack(0x00000055b4d00000,0x00000055b4e00000) (1024K)]
  0x000002274b447e30 JavaThread "DefaultDispatcher-worker-28" daemon [_thread_blocked, id=47572, stack(0x00000055b4e00000,0x00000055b4f00000) (1024K)]
  0x000002274b4477a0 JavaThread "DefaultDispatcher-worker-30" daemon [_thread_blocked, id=44336, stack(0x00000055b5000000,0x00000055b5100000) (1024K)]
  0x000002274b4484c0 JavaThread "DefaultDispatcher-worker-32" daemon [_thread_blocked, id=32604, stack(0x00000055b5100000,0x00000055b5200000) (1024K)]
  0x000002274aa3ff00 JavaThread "DefaultDispatcher-worker-34" daemon [_thread_blocked, id=2888, stack(0x00000055b5300000,0x00000055b5400000) (1024K)]
  0x000002274bc1b290 JavaThread "DefaultDispatcher-worker-36" daemon [_thread_blocked, id=30480, stack(0x00000055b5400000,0x00000055b5500000) (1024K)]
  0x000002274bc1d360 JavaThread "DefaultDispatcher-worker-35" daemon [_thread_blocked, id=45024, stack(0x00000055b5500000,0x00000055b5600000) (1024K)]
  0x000002274bc1b920 JavaThread "DefaultDispatcher-worker-31" daemon [_thread_blocked, id=21796, stack(0x00000055b5600000,0x00000055b5700000) (1024K)]
  0x000002274bc1ac00 JavaThread "DefaultDispatcher-worker-37" daemon [_thread_blocked, id=23336, stack(0x00000055b5700000,0x00000055b5800000) (1024K)]
  0x000002274bc19ee0 JavaThread "DefaultDispatcher-worker-40" daemon [_thread_blocked, id=540, stack(0x00000055b5800000,0x00000055b5900000) (1024K)]
  0x000002274bc1bfb0 JavaThread "DefaultDispatcher-worker-41" daemon [_thread_blocked, id=39592, stack(0x00000055b5900000,0x00000055b5a00000) (1024K)]
  0x000002274bc1a570 JavaThread "DefaultDispatcher-worker-42" daemon [_thread_blocked, id=25172, stack(0x00000055b5a00000,0x00000055b5b00000) (1024K)]
  0x000002274bc1c640 JavaThread "DefaultDispatcher-worker-39" daemon [_thread_blocked, id=18852, stack(0x00000055b5b00000,0x00000055b5c00000) (1024K)]
  0x000002274bc1ccd0 JavaThread "DefaultDispatcher-worker-38" daemon [_thread_blocked, id=30764, stack(0x00000055b5c00000,0x00000055b5d00000) (1024K)]
  0x000002274b747c90 JavaThread "DefaultDispatcher-worker-43" daemon [_thread_blocked, id=26996, stack(0x00000055b5d00000,0x00000055b5e00000) (1024K)]
  0x000002274b747600 JavaThread "DefaultDispatcher-worker-44" daemon [_thread_blocked, id=36536, stack(0x00000055b5e00000,0x00000055b5f00000) (1024K)]
  0x000002274b749d60 JavaThread "DefaultDispatcher-worker-45" daemon [_thread_blocked, id=43360, stack(0x00000055b5f00000,0x00000055b6000000) (1024K)]
  0x000002274b74a3f0 JavaThread "DefaultDispatcher-worker-46" daemon [_thread_blocked, id=42844, stack(0x00000055b6000000,0x00000055b6100000) (1024K)]
  0x000002274b748320 JavaThread "DefaultDispatcher-worker-48" daemon [_thread_blocked, id=9172, stack(0x00000055b6100000,0x00000055b6200000) (1024K)]
  0x000002274b7489b0 JavaThread "DefaultDispatcher-worker-49" daemon [_thread_blocked, id=19240, stack(0x00000055b6200000,0x00000055b6300000) (1024K)]
  0x000002274b749040 JavaThread "DefaultDispatcher-worker-47" daemon [_thread_blocked, id=46808, stack(0x00000055b6300000,0x00000055b6400000) (1024K)]
  0x000002274b7496d0 JavaThread "DefaultDispatcher-worker-50" daemon [_thread_blocked, id=23460, stack(0x00000055b6400000,0x00000055b6500000) (1024K)]
  0x000002274b746f70 JavaThread "DefaultDispatcher-worker-51" daemon [_thread_blocked, id=24508, stack(0x00000055b6500000,0x00000055b6600000) (1024K)]
  0x000002274b74b110 JavaThread "DefaultDispatcher-worker-54" daemon [_thread_blocked, id=34432, stack(0x00000055b6600000,0x00000055b6700000) (1024K)]
  0x000002274b74aa80 JavaThread "DefaultDispatcher-worker-52" daemon [_thread_blocked, id=28492, stack(0x00000055b6700000,0x00000055b6800000) (1024K)]
  0x000002274b74d1e0 JavaThread "DefaultDispatcher-worker-53" daemon [_thread_blocked, id=30228, stack(0x00000055b6800000,0x00000055b6900000) (1024K)]
  0x000002274b74c4c0 JavaThread "DefaultDispatcher-worker-56" daemon [_thread_blocked, id=11012, stack(0x00000055b6a00000,0x00000055b6b00000) (1024K)]
  0x000002274b74d870 JavaThread "DefaultDispatcher-worker-57" daemon [_thread_blocked, id=10796, stack(0x00000055b6b00000,0x00000055b6c00000) (1024K)]
  0x000002274b74e590 JavaThread "DefaultDispatcher-worker-58" daemon [_thread_blocked, id=5956, stack(0x00000055b6c00000,0x00000055b6d00000) (1024K)]
  0x000002274b74cb50 JavaThread "DefaultDispatcher-worker-60" daemon [_thread_blocked, id=39012, stack(0x00000055b6e00000,0x00000055b6f00000) (1024K)]
  0x000002274b74df00 JavaThread "DefaultDispatcher-worker-61" daemon [_thread_blocked, id=49552, stack(0x00000055b6f00000,0x00000055b7000000) (1024K)]
  0x000002274bd4e360 JavaThread "JetBrains"                         [_thread_in_native, id=10380, stack(0x00000055b7000000,0x00000055b7100000) (1024K)]
  0x000002274bd4aee0 JavaThread "BaseDataReader: output stream of JetBrains"        [_thread_in_native, id=6104, stack(0x00000055b7100000,0x00000055b7200000) (1024K)]
  0x000002274bd4e9f0 JavaThread "BaseDataReader: error stream of JetBrains"        [_thread_in_native, id=2236, stack(0x00000055b7200000,0x00000055b7300000) (1024K)]
  0x000002268537d7d0 JavaThread "PeriodicMetricReader"       daemon [_thread_blocked, id=31764, stack(0x00000055b7400000,0x00000055b7500000) (1024K)]
  0x00000226859a8cd0 JavaThread "Coroutines Debugger Cleaner" daemon [_thread_blocked, id=26436, stack(0x00000055b7500000,0x00000055b7600000) (1024K)]
  0x000002274afd6020 JavaThread "Periodic tasks thread"      daemon [_thread_blocked, id=41316, stack(0x00000055b7600000,0x00000055b7700000) (1024K)]
  0x00000227c846dbe0 JavaThread "JNA Cleaner"                daemon [_thread_blocked, id=32544, stack(0x00000055b7800000,0x00000055b7900000) (1024K)]
  0x00000227c846a760 JavaThread "Windows Shell integration"  daemon [_thread_blocked, id=45012, stack(0x00000055b7900000,0x00000055b7a00000) (1024K)]
  0x0000022685378fa0 JavaThread "fsnotifier.exe"                    [_thread_in_native, id=35656, stack(0x00000055b7c00000,0x00000055b7d00000) (1024K)]
  0x00000227cc4728c0 JavaThread "BaseDataReader: error stream of fsnotifier.exe"        [_thread_in_native, id=49156, stack(0x00000055b7e00000,0x00000055b7f00000) (1024K)]
  0x00000227cc474300 JavaThread "BaseDataReader: output stream of fsnotifier.exe"        [_thread_blocked, id=34276, stack(0x00000055b7f00000,0x00000055b8000000) (1024K)]
  0x00000227cc474990 JavaThread "Netty Builtin Server 1"     daemon [_thread_blocked, id=35636, stack(0x00000055b8000000,0x00000055b8100000) (1024K)]
  0x00000227cc479ee0 JavaThread "pool-10-thread-1"                  [_thread_blocked, id=34188, stack(0x00000055b7300000,0x00000055b7400000) (1024K)]
  0x00000227cc47e080 JavaThread "pool-10-thread-2"                  [_thread_blocked, id=6272, stack(0x00000055b8100000,0x00000055b8200000) (1024K)]
  0x00000227cc47e710 JavaThread "pool-10-thread-3"                  [_thread_blocked, id=5428, stack(0x00000055b8200000,0x00000055b8300000) (1024K)]
  0x00000227cc47b920 JavaThread "DefaultDispatcher-worker-1" daemon [_thread_blocked, id=7320, stack(0x00000055b8300000,0x00000055b8400000) (1024K)]
  0x00000227cc47b290 JavaThread "DefaultDispatcher-worker-2" daemon [_thread_blocked, id=30816, stack(0x00000055b8400000,0x00000055b8500000) (1024K)]
  0x00000227cc480e70 JavaThread "DefaultDispatcher-worker-3" daemon [_thread_blocked, id=42676, stack(0x00000055b8500000,0x00000055b8600000) (1024K)]
  0x00000227cc481500 JavaThread "pool-10-thread-4"                  [_thread_blocked, id=7688, stack(0x00000055b8600000,0x00000055b8700000) (1024K)]
  0x00000227cc47eda0 JavaThread "pool-10-thread-5"                  [_thread_blocked, id=36816, stack(0x00000055b8700000,0x00000055b8800000) (1024K)]
  0x00000227cc47f430 JavaThread "pool-7-thread-1"                   [_thread_blocked, id=22296, stack(0x00000055b8800000,0x00000055b8900000) (1024K)]
  0x00000227cc47fac0 JavaThread "kotlinx.coroutines.DefaultExecutor" daemon [_thread_blocked, id=37920, stack(0x00000055b8900000,0x00000055b8a00000) (1024K)]
  0x00000227d82c6070 JavaThread "Netty Station Client 1-1"   daemon [_thread_in_native, id=24500, stack(0x00000055b8d00000,0x00000055b8e00000) (1024K)]
  0x00000227d82c87d0 JavaThread "HttpClient-1-SelectorManager" daemon [_thread_in_native, id=18992, stack(0x00000055b9400000,0x00000055b9500000) (1024K)]
  0x00000227d82cfdf0 JavaThread "smart-input-caller"                [_thread_blocked, id=45728, stack(0x00000055b9600000,0x00000055b9700000) (1024K)]
  0x00000227d82cdd20 JavaThread "pool-19-thread-1"                  [_thread_blocked, id=17580, stack(0x00000055b9700000,0x00000055b9800000) (1024K)]
  0x00000227d487ac00 JavaThread "DefaultDispatcher-worker-4" daemon [_thread_blocked, id=10052, stack(0x00000055b9a00000,0x00000055b9b00000) (1024K)]
  0x00000227d4877e10 JavaThread "DefaultDispatcher-worker-5" daemon [_thread_blocked, id=34824, stack(0x00000055b9b00000,0x00000055b9c00000) (1024K)]
  0x00000227d487c640 JavaThread "DefaultDispatcher-worker-6" daemon [_thread_blocked, id=15632, stack(0x00000055b9c00000,0x00000055b9d00000) (1024K)]
  0x00000227d487d360 JavaThread "DefaultDispatcher-worker-7" daemon [_thread_blocked, id=40164, stack(0x00000055b9d00000,0x00000055b9e00000) (1024K)]
  0x00000227d487e080 JavaThread "DefaultDispatcher-worker-8" daemon [_thread_blocked, id=39436, stack(0x00000055b9e00000,0x00000055b9f00000) (1024K)]
  0x00000227e04dc070 JavaThread "TimerQueue"                 daemon [_thread_blocked, id=13608, stack(0x00000055ba200000,0x00000055ba300000) (1024K)]
  0x00000227e04e08a0 JavaThread "Jndi-Dns-address-change-listener" daemon [_thread_in_native, id=37164, stack(0x00000055ba500000,0x00000055ba600000) (1024K)]
  0x00000227e04ecd80 JavaThread "pool-19-thread-2"                  [_thread_blocked, id=31384, stack(0x00000055baa00000,0x00000055bab00000) (1024K)]
  0x00000227e04eacb0 JavaThread "smart-input-abort"                 [_thread_blocked, id=5900, stack(0x00000055bab00000,0x00000055bac00000) (1024K)]
  0x00000227e04f0200 JavaThread "smart-input-caller"                [_thread_blocked, id=19216, stack(0x00000055bac00000,0x00000055bad00000) (1024K)]
  0x00000227e04e8550 JavaThread "Netty Station Client 1-2"   daemon [_thread_in_native, id=25236, stack(0x00000055b9500000,0x00000055b9600000) (1024K)]
  0x00000227f90ba850 JavaThread "DefaultDispatcher-worker-63" daemon [_thread_blocked, id=44956, stack(0x00000055ba800000,0x00000055ba900000) (1024K)]
  0x00000227f90baee0 JavaThread "DefaultDispatcher-worker-64" daemon [_thread_blocked, id=24664, stack(0x00000055bae00000,0x00000055baf00000) (1024K)]
  0x00000227f90b9b30 JavaThread "DefaultDispatcher-worker-65" daemon [_thread_blocked, id=12192, stack(0x00000055baf00000,0x00000055bb000000) (1024K)]
  0x00000227f90b8e10 JavaThread "DefaultDispatcher-worker-5" daemon [_thread_blocked, id=47624, stack(0x00000055bb000000,0x00000055bb100000) (1024K)]
  0x00000227f90bcfb0 JavaThread "DefaultDispatcher-worker-29" daemon [_thread_blocked, id=47428, stack(0x00000055bb200000,0x00000055bb300000) (1024K)]
  0x00000227f90be360 JavaThread "DefaultDispatcher-worker-62" daemon [_thread_blocked, id=12232, stack(0x00000055bb300000,0x00000055bb400000) (1024K)]
  0x00000227f90be9f0 JavaThread "DefaultDispatcher-worker-3" daemon [_thread_blocked, id=48700, stack(0x00000055bb400000,0x00000055bb500000) (1024K)]
  0x00000227f90bd640 JavaThread "DefaultDispatcher-worker-13" daemon [_thread_blocked, id=13372, stack(0x00000055bb600000,0x00000055bb700000) (1024K)]
  0x00000227f90c2500 JavaThread "DefaultDispatcher-worker-8" daemon [_thread_blocked, id=29556, stack(0x00000055bb900000,0x00000055bba00000) (1024K)]
  0x00000227f90c2b90 JavaThread "DefaultDispatcher-worker-2" daemon [_thread_blocked, id=23368, stack(0x00000055bbb00000,0x00000055bbc00000) (1024K)]
  0x00000227f90bf710 JavaThread "DefaultDispatcher-worker-23" daemon [_thread_blocked, id=38976, stack(0x00000055bbc00000,0x00000055bbd00000) (1024K)]
  0x00000227f98142a0 JavaThread "JetBrains.DPA.Protocol.Backend_Server/Sender" daemon [_thread_blocked, id=49340, stack(0x00000055bbe00000,0x00000055bbf00000) (1024K)]
  0x00000227f97f5d00 JavaThread "JetBrains.DPA.Protocol.Backend_Server" daemon [_thread_in_native, id=49524, stack(0x00000055bbf00000,0x00000055bc000000) (1024K)]
  0x00000227f97f9ea0 JavaThread "JetBrains.DPA.Protocol.Backend_Render_Server/Sender" daemon [_thread_blocked, id=47704, stack(0x00000055bc000000,0x00000055bc100000) (1024K)]
  0x00000227f97f9810 JavaThread "JetBrains.DPA.Protocol.Backend_Render_Server" daemon [_thread_in_native, id=17788, stack(0x00000055bc100000,0x00000055bc200000) (1024K)]
  0x00000227f9803590 JavaThread "dotnet.exe"                        [_thread_in_native, id=31316, stack(0x00000055bc800000,0x00000055bc900000) (1024K)]
  0x00000227f9802f00 JavaThread "BaseDataReader: output stream of copilot-language-server.exe"        [_thread_in_native, id=11512, stack(0x00000055bca00000,0x00000055bcb00000) (1024K)]
  0x00000227f9803c20 JavaThread "BaseDataReader: error stream of dotnet.exe"        [_thread_blocked, id=47416, stack(0x00000055bcb00000,0x00000055bcc00000) (1024K)]
  0x00000227f9804940 JavaThread "copilot-language-server.exe"        [_thread_in_native, id=33664, stack(0x00000055bce00000,0x00000055bcf00000) (1024K)]
  0x00000227f98042b0 JavaThread "BaseDataReader: error stream of copilot-language-server.exe"        [_thread_in_native, id=44380, stack(0x00000055bd000000,0x00000055bd100000) (1024K)]
  0x0000022802cbc070 JavaThread "MVStore background writer C:/Users/Kenwen/AppData/Local/github-copilot/rd/bg-agent-sessions/3HEAH6aVqbIVs8XPRP99xun6pNw/copilot-agent-snapshots.db" daemon [_thread_blocked, id=8572, stack(0x00000055bd100000,0x00000055bd200000) (1024K)]
  0x0000022802a465a0 JavaThread "MVStore background writer C:/Users/Kenwen/AppData/Local/github-copilot/rd/chat-agent-sessions/3HEAH6aVqbIVs8XPRP99xun6pNw/copilot-agent-sessions-nitrite.db" daemon [_thread_blocked, id=49456, stack(0x00000055bd200000,0x00000055bd300000) (1024K)]
  0x0000022803e9e5e0 JavaThread "LocalFileLoader-0"          daemon [_thread_blocked, id=36240, stack(0x00000055bd600000,0x00000055bd700000) (1024K)]
  0x0000022803ea0d40 JavaThread "LocalFilePurger-0"          daemon [_thread_blocked, id=10220, stack(0x00000055bd700000,0x00000055bd800000) (1024K)]
  0x0000022803e9ec70 JavaThread "LocalFileLoader-0"          daemon [_thread_blocked, id=31612, stack(0x00000055bd900000,0x00000055bda00000) (1024K)]
  0x0000022803e9f300 JavaThread "LocalFilePurger-0"          daemon [_thread_blocked, id=24888, stack(0x00000055bda00000,0x00000055bdb00000) (1024K)]
  0x0000022803e9f990 JavaThread "CustomerSdkStats-0"         daemon [_thread_blocked, id=26560, stack(0x00000055bdb00000,0x00000055bdc00000) (1024K)]
  0x0000022803ea0020 JavaThread "BatchLogRecordProcessor_WorkerThread-1" daemon [_thread_blocked, id=36856, stack(0x00000055bdc00000,0x00000055bdd00000) (1024K)]
  0x0000022802165380 JavaThread "H2-serialization"           daemon [_thread_blocked, id=43988, stack(0x00000055bdd00000,0x00000055bde00000) (1024K)]
  0x00000228032e17c0 JavaThread "H2-save"                    daemon [_thread_blocked, id=45604, stack(0x00000055bde00000,0x00000055bdf00000) (1024K)]
  0x0000022801784ca0 JavaThread "reactor-http-nio-1"         daemon [_thread_in_native, id=14420, stack(0x00000055bdf00000,0x00000055be000000) (1024K)]
  0x0000022801781820 JavaThread "reactor-http-nio-2"         daemon [_thread_in_native, id=34436, stack(0x00000055be000000,0x00000055be100000) (1024K)]
  0x00000228017887b0 JavaThread "reactor-http-nio-3"         daemon [_thread_in_native, id=40668, stack(0x00000055be100000,0x00000055be200000) (1024K)]
  0x0000022801787400 JavaThread "reactor-http-nio-4"         daemon [_thread_in_native, id=47784, stack(0x00000055be200000,0x00000055be300000) (1024K)]
  0x00000228017866e0 JavaThread "reactor-http-nio-5"         daemon [_thread_in_native, id=1916, stack(0x00000055be300000,0x00000055be400000) (1024K)]
  0x0000022801785330 JavaThread "reactor-http-nio-6"         daemon [_thread_in_native, id=33276, stack(0x00000055be400000,0x00000055be500000) (1024K)]
  0x00000228017894d0 JavaThread "reactor-http-nio-7"         daemon [_thread_in_native, id=41152, stack(0x00000055be500000,0x00000055be600000) (1024K)]
  0x0000022801786050 JavaThread "reactor-http-nio-8"         daemon [_thread_in_native, id=6632, stack(0x00000055be600000,0x00000055be700000) (1024K)]
  0x000002280178a880 JavaThread "reactor-http-nio-9"         daemon [_thread_in_native, id=37400, stack(0x00000055be700000,0x00000055be800000) (1024K)]
  0x000002280178b5a0 JavaThread "reactor-http-nio-10"        daemon [_thread_in_native, id=41052, stack(0x00000055be800000,0x00000055be900000) (1024K)]
  0x000002280178bc30 JavaThread "reactor-http-nio-11"        daemon [_thread_in_native, id=20784, stack(0x00000055be900000,0x00000055bea00000) (1024K)]
  0x0000022801789b60 JavaThread "reactor-http-nio-12"        daemon [_thread_in_native, id=29700, stack(0x00000055bea00000,0x00000055beb00000) (1024K)]
  0x0000022801788e40 JavaThread "reactor-http-nio-13"        daemon [_thread_in_native, id=39692, stack(0x00000055beb00000,0x00000055bec00000) (1024K)]
  0x000002280178af10 JavaThread "reactor-http-nio-14"        daemon [_thread_in_native, id=35504, stack(0x00000055bec00000,0x00000055bed00000) (1024K)]
  0x000002280178a1f0 JavaThread "reactor-http-nio-15"        daemon [_thread_in_native, id=41456, stack(0x00000055bed00000,0x00000055bee00000) (1024K)]
  0x0000022809ad6340 JavaThread "reactor-http-nio-16"        daemon [_thread_in_native, id=44052, stack(0x00000055bee00000,0x00000055bef00000) (1024K)]
  0x0000022809ad2ec0 JavaThread "reactor-http-nio-17"        daemon [_thread_in_native, id=10568, stack(0x00000055bef00000,0x00000055bf000000) (1024K)]
  0x0000022809ad4270 JavaThread "reactor-http-nio-18"        daemon [_thread_in_native, id=16868, stack(0x00000055bf000000,0x00000055bf100000) (1024K)]
  0x0000022809ad4900 JavaThread "reactor-http-nio-19"        daemon [_thread_in_native, id=46476, stack(0x00000055bf100000,0x00000055bf200000) (1024K)]
  0x0000022809ad4f90 JavaThread "reactor-http-nio-20"        daemon [_thread_in_native, id=47300, stack(0x00000055bf200000,0x00000055bf300000) (1024K)]
  0x000002280c3a58c0 JavaThread "Netty Station Server 1-1"   daemon [_thread_in_native, id=10404, stack(0x00000055bf400000,0x00000055bf500000) (1024K)]
  0x00000228095d8c90 JavaThread "GitHub Copilot agent"       daemon [_thread_blocked, id=20952, stack(0x00000055c0700000,0x00000055c0800000) (1024K)]
  0x000002280faffa20 JavaThread "pool-27-thread-1"                  [_thread_blocked, id=23700, stack(0x00000055c0a00000,0x00000055c0b00000) (1024K)]
  0x0000022801790460 JavaThread "pool-17-thread-1"                  [_thread_blocked, id=28760, stack(0x00000055c0b00000,0x00000055c0c00000) (1024K)]
  0x000002280dab9390 JavaThread "FileSystemWatchService"     daemon [_thread_in_native, id=37352, stack(0x00000055c0c00000,0x00000055c0d00000) (1024K)]
  0x0000022801d646a0 JavaThread "FileSystemWatchService"     daemon [_thread_in_native, id=37992, stack(0x00000055c0d00000,0x00000055c0e00000) (1024K)]
  0x000002280cc227d0 JavaThread "pool-28-thread-1"                  [_thread_blocked, id=46916, stack(0x00000055c0e00000,0x00000055c0f00000) (1024K)]
  0x000002280bb1aee0 JavaThread "pool-30-thread-1"                  [_thread_blocked, id=21776, stack(0x00000055c0f00000,0x00000055c1000000) (1024K)]
  0x000002280dab7950 JavaThread "pool-31-thread-1"                  [_thread_blocked, id=49888, stack(0x00000055c1000000,0x00000055c1100000) (1024K)]
  0x000002280c8f8170 JavaThread "pool-31-thread-2"                  [_thread_blocked, id=24596, stack(0x00000055c1100000,0x00000055c1200000) (1024K)]
  0x000002280c8be5d0 JavaThread "QuickPulseDataSender"       daemon [_thread_blocked, id=23960, stack(0x00000055c1200000,0x00000055c1300000) (1024K)]
  0x0000022801792bc0 JavaThread "JVMResponsivenessMonitor"   daemon [_thread_blocked, id=26968, stack(0x00000055bd800000,0x00000055bd900000) (1024K)]
  0x000002274d2233e0 JavaThread "boundedElastic-evictor-1"   daemon [_thread_blocked, id=31444, stack(0x00000055c1a00000,0x00000055c1b00000) (1024K)]
  0x00000228155be3d0 JavaThread "aiServer-errorStream"              [_thread_in_native, id=23136, stack(0x00000055c1300000,0x00000055c1400000) (1024K)]
  0x000002281526f200 JavaThread "aha-ipc-client-io"                 [_thread_blocked, id=48016, stack(0x00000055c1c00000,0x00000055c1d00000) (1024K)]
  0x000002274cf03470 JavaThread "pool-35-thread-1"                  [_thread_blocked, id=49344, stack(0x00000055c2500000,0x00000055c2600000) (1024K)]
  0x000002280178f740 JavaThread "BaseDataReader: output stream of dotnet.exe"        [_thread_blocked, id=19948, stack(0x00000055c2600000,0x00000055c2700000) (1024K)]
  0x0000022815899980 JavaThread "pool-31-thread-3"                  [_thread_blocked, id=36492, stack(0x00000055c0900000,0x00000055c0a00000) (1024K)]
  0x0000022815448dc0 JavaThread "pool-36-thread-1"                  [_thread_blocked, id=23000, stack(0x00000055c2c00000,0x00000055c2d00000) (1024K)]
  0x000002281544a170 JavaThread "pool-11-thread-1"                  [_thread_blocked, id=43912, stack(0x00000055c2d00000,0x00000055c2e00000) (1024K)]
  0x000002274f43db60 JavaThread "pool-11-thread-2"                  [_thread_blocked, id=27908, stack(0x00000055c2e00000,0x00000055c2f00000) (1024K)]
  0x000002274f43a6e0 JavaThread "pool-11-thread-3"                  [_thread_blocked, id=49780, stack(0x00000055c2f00000,0x00000055c3000000) (1024K)]
  0x000002274f43c120 JavaThread "pool-11-thread-4"                  [_thread_blocked, id=34140, stack(0x00000055c3000000,0x00000055c3100000) (1024K)]
  0x000002274f43ce40 JavaThread "pool-11-thread-5"                  [_thread_blocked, id=49908, stack(0x00000055c3100000,0x00000055c3200000) (1024K)]
  0x000002281589b3c0 JavaThread "ServerSocket/Sender"        daemon [_thread_blocked, id=19064, stack(0x00000055c3200000,0x00000055c3300000) (1024K)]
  0x000002281589a6a0 JavaThread "ServerSocket"               daemon [_thread_in_native, id=46064, stack(0x00000055c3300000,0x00000055c3400000) (1024K)]
  0x00000227e41588f0 JavaThread "OpenTelemetry.protocol"     daemon [_thread_blocked, id=49948, stack(0x00000055c3400000,0x00000055c3500000) (1024K)]
  0x000002274db090f0 JavaThread "pool-15-thread-1"                  [_thread_blocked, id=10880, stack(0x00000055c3500000,0x00000055c3600000) (1024K)]
  0x00000227e4156190 JavaThread "pool-4-thread-1"                   [_thread_blocked, id=38064, stack(0x00000055c3600000,0x00000055c3700000) (1024K)]
  0x00000227e4154750 JavaThread "BackgroundScheduler"        daemon [_thread_blocked, id=30220, stack(0x00000055c3700000,0x00000055c3800000) (1024K)]
  0x00000227f9b7f640 JavaThread "pool-40-thread-1"                  [_thread_blocked, id=21576, stack(0x00000055c3800000,0x00000055c3900000) (1024K)]
  0x0000022751fcde60 JavaThread "FrontendToClrStackWorker/Sender" daemon [_thread_blocked, id=46580, stack(0x00000055bad00000,0x00000055bae00000) (1024K)]
  0x0000022751fceb80 JavaThread "FrontendToClrStackWorker"   daemon [_thread_in_native, id=19540, stack(0x00000055c3900000,0x00000055c3a00000) (1024K)]
  0x0000022802ae2aa0 JavaThread "pool-42-thread-1"                  [_thread_blocked, id=48584, stack(0x00000055c3a00000,0x00000055c3b00000) (1024K)]
  0x0000022815a1f940 JavaThread "pool-31-thread-4"                  [_thread_blocked, id=46084, stack(0x00000055c3c00000,0x00000055c3d00000) (1024K)]
  0x00000227e4154de0 JavaThread "WorkspaceModelUpdater"      daemon [_thread_blocked, id=49956, stack(0x00000055c3d00000,0x00000055c3e00000) (1024K)]
  0x000002274e8aceb0 JavaThread "DefaultDispatcher-worker-11" daemon [_thread_blocked, id=23512, stack(0x00000055c3e00000,0x00000055c3f00000) (1024K)]
  0x000002274e8aef80 JavaThread "DefaultDispatcher-worker-6" daemon [_thread_blocked, id=39364, stack(0x00000055c3f00000,0x00000055c4000000) (1024K)]
  0x000002274e8ac190 JavaThread "DefaultDispatcher-worker-33" daemon [_thread_blocked, id=47920, stack(0x00000055c4000000,0x00000055c4100000) (1024K)]
  0x000002274e8b09c0 JavaThread "DefaultDispatcher-worker-55" daemon [_thread_blocked, id=42684, stack(0x00000055c4200000,0x00000055c4300000) (1024K)]
  0x000002274e8ae260 JavaThread "DefaultDispatcher-worker-59" daemon [_thread_blocked, id=35528, stack(0x00000055c4300000,0x00000055c4400000) (1024K)]
  0x000002274cf00d10 JavaThread "DefaultDispatcher-worker-1" daemon [_thread_in_native, id=10800, stack(0x00000055c4400000,0x00000055c4500000) (1024K)]
  0x0000022815a1ec20 JavaThread "Timer-0"                           [_thread_blocked, id=32344, stack(0x00000055c4500000,0x00000055c4600000) (1024K)]
  0x0000022751ad3e50 JavaThread "pool-23-thread-1"                  [_thread_blocked, id=50144, stack(0x00000055bcc00000,0x00000055bcd00000) (1024K)]
  0x000002275dbdcaa0 JavaThread "pool-24-thread-1"                  [_thread_blocked, id=40404, stack(0x00000055b0300000,0x00000055b0400000) (1024K)]
  0x000002281589ba50 JavaThread "HttpClient-6-SelectorManager" daemon [_thread_in_native, id=33256, stack(0x00000055bcd00000,0x00000055bce00000) (1024K)]
  0x000002275d228770 JavaThread "HttpClient-7-SelectorManager" daemon [_thread_in_native, id=23308, stack(0x00000055bcf00000,0x00000055bd000000) (1024K)]
  0x0000022751fcd7d0 JavaThread "HttpClient-15-SelectorManager" daemon [_thread_in_native, id=35316, stack(0x00000055b4900000,0x00000055b4a00000) (1024K)]
  0x00000228026ebd70 JavaThread "HttpClient-16-SelectorManager" daemon [_thread_in_native, id=35068, stack(0x00000055b6900000,0x00000055b6a00000) (1024K)]
  0x0000022753d8f410 JavaThread "pool-31-thread-5"                  [_thread_blocked, id=16176, stack(0x00000055b2000000,0x00000055b2100000) (1024K)]
  0x00000227594bac30 JavaThread "pool-31-thread-6"                  [_thread_blocked, id=49320, stack(0x00000055b2200000,0x00000055b2300000) (1024K)]
  0x00000227594b91f0 JavaThread "ApplicationImpl pooled thread 20"        [_thread_blocked, id=22392, stack(0x00000055b1f00000,0x00000055b2000000) (1024K)]
  0x000002275a7d8640 JavaThread "OkHttp TaskRunner"          daemon [_thread_blocked, id=25288, stack(0x00000055b2a00000,0x00000055b2b00000) (1024K)]
  0x00000228156569c0 JavaThread "LLDBFrontend.exe"                  [_thread_in_native, id=47244, stack(0x00000055b0400000,0x00000055b0500000) (1024K)]
  0x0000022753d914e0 JavaThread "pool-31-thread-7"                  [_thread_blocked, id=36988, stack(0x00000055b2800000,0x00000055b2900000) (1024K)]
  0x000002275a7d5850 JavaThread "JobScheduler FJ pool 3/19"  daemon [_thread_blocked, id=33952, stack(0x00000055b7700000,0x00000055b7800000) (1024K)]
  0x0000022801793250 JavaThread "BaseDataReader: output stream of LLDBFrontend.exe"        [_thread_in_native, id=16372, stack(0x00000055b7b00000,0x00000055b7c00000) (1024K)]
  0x0000022801795320 JavaThread "BaseDataReader: error stream of LLDBFrontend.exe"        [_thread_in_native, id=43900, stack(0x00000055b8a00000,0x00000055b8b00000) (1024K)]
  0x00000227594b9880 JavaThread "pool-31-thread-8"                  [_thread_blocked, id=43112, stack(0x00000055b0200000,0x00000055b0300000) (1024K)]
  0x0000022759c1a140 JavaThread "ApplicationImpl pooled thread 21"        [_thread_in_native, id=13792, stack(0x00000055b5200000,0x00000055b5300000) (1024K)]
  0x0000022803127640 JavaThread "JobScheduler FJ pool 0/19"  daemon [_thread_blocked, id=44652, stack(0x00000055b6d00000,0x00000055b6e00000) (1024K)]
  0x0000022751ad2410 JavaThread "JobScheduler FJ pool 1/19"  daemon [_thread_blocked, id=47396, stack(0x00000055b7a00000,0x00000055b7b00000) (1024K)]
  0x000002280dab65a0 JavaThread "JobScheduler FJ pool 2/19"  daemon [_thread_blocked, id=7644, stack(0x00000055b8b00000,0x00000055b8c00000) (1024K)]
  0x000002281589c0e0 JavaThread "JobScheduler FJ pool 4/19"  daemon [_thread_blocked, id=30300, stack(0x00000055b8c00000,0x00000055b8d00000) (1024K)]
  0x000002280dab6c30 JavaThread "JobScheduler FJ pool 5/19"  daemon [_thread_blocked, id=21016, stack(0x00000055b8e00000,0x00000055b8f00000) (1024K)]
  0x000002275a1d8490 JavaThread "JobScheduler FJ pool 6/19"  daemon [_thread_blocked, id=9944, stack(0x00000055b8f00000,0x00000055b9000000) (1024K)]
  0x0000022809273cb0 JavaThread "JetBrains.ProcessEnumerator.Worker.exe"        [_thread_in_native, id=1156, stack(0x00000055b9100000,0x00000055b9200000) (1024K)]
  0x000002280179af00 JavaThread "idle-timeout-task"          daemon [_thread_blocked, id=45376, stack(0x00000055b9200000,0x00000055b9300000) (1024K)]
  0x0000022801798110 JavaThread "HTTP-Dispatcher"                   [_thread_in_native, id=48316, stack(0x00000055b9300000,0x00000055b9400000) (1024K)]
  0x000002280179c940 JavaThread "idle-timeout-task"          daemon [_thread_blocked, id=36408, stack(0x00000055b9800000,0x00000055b9900000) (1024K)]
  0x000002280179dcf0 JavaThread "HttpClient-45-SelectorManager" daemon [_thread_in_native, id=25040, stack(0x00000055b9900000,0x00000055b9a00000) (1024K)]
  0x000002280179b590 JavaThread "HTTP-Dispatcher"                   [_thread_in_native, id=47544, stack(0x00000055b9f00000,0x00000055ba000000) (1024K)]
  0x000002281043ec70 JavaThread "JobScheduler FJ pool 8/19"  daemon [_thread_blocked, id=21960, stack(0x00000055ba000000,0x00000055ba100000) (1024K)]
  0x000002281043f300 JavaThread "JobScheduler FJ pool 11/19" daemon [_thread_blocked, id=41872, stack(0x00000055ba100000,0x00000055ba200000) (1024K)]
  0x000002275da83c30 JavaThread "JobScheduler FJ pool 9/19"  daemon [_thread_blocked, id=23244, stack(0x00000055ba300000,0x00000055ba400000) (1024K)]
  0x000002274cf02750 JavaThread "JobScheduler FJ pool 10/19" daemon [_thread_blocked, id=5912, stack(0x00000055ba600000,0x00000055ba700000) (1024K)]
  0x0000022766a5fb80 JavaThread "JobScheduler FJ pool 16/19" daemon [_thread_blocked, id=11784, stack(0x00000055ba700000,0x00000055ba800000) (1024K)]
  0x0000022766a608a0 JavaThread "JobScheduler FJ pool 7/19"  daemon [_thread_blocked, id=46088, stack(0x00000055ba900000,0x00000055baa00000) (1024K)]
  0x0000022809272270 JavaThread "JobScheduler FJ pool 17/19" daemon [_thread_blocked, id=42092, stack(0x00000055bb100000,0x00000055bb200000) (1024K)]
  0x000002275a1d6a50 JavaThread "JobScheduler FJ pool 13/19" daemon [_thread_blocked, id=47848, stack(0x00000055bb500000,0x00000055bb600000) (1024K)]
  0x0000022802ae3130 JavaThread "JobScheduler FJ pool 14/19" daemon [_thread_blocked, id=26368, stack(0x00000055bb700000,0x00000055bb800000) (1024K)]
  0x000002280179bc20 JavaThread "JobScheduler FJ pool 15/19" daemon [_thread_blocked, id=34604, stack(0x00000055bb800000,0x00000055bb900000) (1024K)]
  0x000002275a7d5ee0 JavaThread "JobScheduler FJ pool 12/19" daemon [_thread_blocked, id=28368, stack(0x00000055bba00000,0x00000055bbb00000) (1024K)]
  0x000002275a1d70e0 JavaThread "JobScheduler FJ pool 18/19" daemon [_thread_blocked, id=4880, stack(0x00000055bbd00000,0x00000055bbe00000) (1024K)]
  0x000002275a608090 JavaThread "BaseDataReader: error stream of JetBrains.ProcessEnumerator.Worker.exe"        [_thread_blocked, id=14056, stack(0x00000055b4f00000,0x00000055b5000000) (1024K)]
  0x000002275d62c210 JavaThread "BaseDataReader: output stream of JetBrains.ProcessEnumerator.Worker.exe"        [_thread_blocked, id=16896, stack(0x00000055bc300000,0x00000055bc400000) (1024K)]
  0x000002275d628d90 JavaThread "com.jetbrains.rider.debugger.attach.processes.MsClrLocalAttachableHolder" daemon [_thread_blocked, id=9620, stack(0x00000055bc400000,0x00000055bc500000) (1024K)]
  0x000002275a7d6c00 JavaThread "FrontendToProcessEnumerator.JetBrains.ProcessEnumerator.Worker.exe/Sender" daemon [_thread_blocked, id=42644, stack(0x00000055bc500000,0x00000055bc600000) (1024K)]
  0x0000022751fcc420 JavaThread "FrontendToProcessEnumerator.JetBrains.ProcessEnumerator.Worker.exe" daemon [_thread_in_native, id=6900, stack(0x00000055bc600000,0x00000055bc700000) (1024K)]
  0x000002275a60f020 JavaThread "pool-45-thread-1"                  [_thread_blocked, id=33396, stack(0x00000055bc700000,0x00000055bc800000) (1024K)]
  0x0000022766a5ee60 JavaThread "I/O pool 72"                       [_thread_blocked, id=35444, stack(0x00000055bd300000,0x00000055bd400000) (1024K)]
  0x00000227594bc670 JavaThread "pool-31-thread-9"                  [_thread_blocked, id=35212, stack(0x00000055bf300000,0x00000055bf400000) (1024K)]
  0x0000022751fce4f0 JavaThread "ApplicationImpl pooled thread 24"        [_thread_blocked, id=33348, stack(0x00000055b1e00000,0x00000055b1f00000) (1024K)]
  0x0000022801781190 JavaThread "I/O pool 75"                       [_thread_blocked, id=11068, stack(0x00000055b2300000,0x00000055b2400000) (1024K)]
  0x000002280179c2b0 JavaThread "I/O pool 76"                       [_thread_blocked, id=40660, stack(0x00000055b9000000,0x00000055b9100000) (1024K)]
Total: 251

Other Threads:
=>0x00000226d873b6b0 VMThread "VM Thread"                           [id=49188, stack(0x00000055b0d00000,0x00000055b0e00000) (1024K)]
  0x00000226d76f6180 WatcherThread "VM Periodic Task Thread"        [id=4708, stack(0x00000055b0c00000,0x00000055b0d00000) (1024K)]
  0x00000226add4a540 WorkerThread "GC Thread#0"                     [id=40116, stack(0x00000055b0700000,0x00000055b0800000) (1024K)]
  0x0000022748c80c50 WorkerThread "GC Thread#1"                     [id=13844, stack(0x00000055b1800000,0x00000055b1900000) (1024K)]
  0x0000022748c80ff0 WorkerThread "GC Thread#2"                     [id=13868, stack(0x00000055b1900000,0x00000055b1a00000) (1024K)]
  0x0000022748b36050 WorkerThread "GC Thread#3"                     [id=23028, stack(0x00000055b1a00000,0x00000055b1b00000) (1024K)]
  0x00000226d8aa2ac0 WorkerThread "GC Thread#4"                     [id=28596, stack(0x00000055b1b00000,0x00000055b1c00000) (1024K)]
  0x00000226d8aa3270 WorkerThread "GC Thread#5"                     [id=37192, stack(0x00000055b1c00000,0x00000055b1d00000) (1024K)]
  0x0000022748cb5c50 WorkerThread "GC Thread#6"                     [id=31740, stack(0x00000055b1d00000,0x00000055b1e00000) (1024K)]
  0x000002274a038f50 WorkerThread "GC Thread#7"                     [id=33280, stack(0x00000055b3900000,0x00000055b3a00000) (1024K)]
  0x000002274a0392f0 WorkerThread "GC Thread#8"                     [id=23484, stack(0x00000055b3a00000,0x00000055b3b00000) (1024K)]
  0x000002274a039690 WorkerThread "GC Thread#9"                     [id=30660, stack(0x00000055b3b00000,0x00000055b3c00000) (1024K)]
  0x000002274af62120 WorkerThread "GC Thread#10"                    [id=38616, stack(0x00000055b3c00000,0x00000055b3d00000) (1024K)]
  0x000002274af5f940 WorkerThread "GC Thread#11"                    [id=8424, stack(0x00000055b3d00000,0x00000055b3e00000) (1024K)]
  0x000002274af60b60 WorkerThread "GC Thread#12"                    [id=15272, stack(0x00000055b3e00000,0x00000055b3f00000) (1024K)]
  0x000002274af619e0 WorkerThread "GC Thread#13"                    [id=44808, stack(0x00000055b3f00000,0x00000055b4000000) (1024K)]
  0x000002274af5e720 WorkerThread "GC Thread#14"                    [id=15300, stack(0x00000055b4000000,0x00000055b4100000) (1024K)]
  0x00000226add59530 ConcurrentGCThread "G1 Main Marker"            [id=45232, stack(0x00000055b0800000,0x00000055b0900000) (1024K)]
  0x00000226add5a480 WorkerThread "G1 Conc#0"                       [id=17084, stack(0x00000055b0900000,0x00000055b0a00000) (1024K)]
  0x000002274af61d80 WorkerThread "G1 Conc#1"                       [id=33660, stack(0x00000055b4100000,0x00000055b4200000) (1024K)]
  0x000002274af607c0 WorkerThread "G1 Conc#2"                       [id=24528, stack(0x00000055b4200000,0x00000055b4300000) (1024K)]
  0x000002274af60f00 WorkerThread "G1 Conc#3"                       [id=25344, stack(0x00000055b4300000,0x00000055b4400000) (1024K)]
  0x00000226d75bc570 ConcurrentGCThread "G1 Refine#0"               [id=44420, stack(0x00000055b0a00000,0x00000055b0b00000) (1024K)]
  0x00000226d75bcd90 ConcurrentGCThread "G1 Service"                [id=23640, stack(0x00000055b0b00000,0x00000055b0c00000) (1024K)]
Total: 24

Threads with active compile tasks:
Total: 0

VM state: at safepoint (normal execution)

VM Mutex/Monitor currently owned by a thread:  ([mutex/lock_event])
[0x00007fff86857c58] Threads_lock - owner thread: 0x00000226d873b6b0
[0x00007fff86857d58] Heap_lock - owner thread: 0x00000226add59530

Heap address: 0x0000000080000000, size: 2048 MB, Compressed Oops mode: 32-bit

CDS archive(s) mapped at: [0x00000226d9000000-0x00000226dac00000-0x00000226dac00000), size 29360128, SharedBaseAddress: 0x00000226d9000000, ArchiveRelocationMode: 1.
Compressed class space mapped at: 0x00000226db000000-0x000002271b000000, reserved size: 1073741824
Narrow klass base: 0x00000226d9000000, Narrow klass shift: 0, Narrow klass range: 0x100000000

GC Precious Log:
 CardTable entry size: 512
 Card Set container configuration: InlinePtr #cards 5 size 8 Array Of Cards #cards 12 size 40 Howl #buckets 4 coarsen threshold 1843 Howl Bitmap #cards 512 size 80 coarsen threshold 460 Card regions per heap region 1 cards per card region 2048
 CPUs: 20 total, 20 available
 Memory: 16088M
 Large Page Support: Disabled
 NUMA Support: Disabled
 Compressed Oops: Enabled (32-bit)
 Heap Region Size: 1M
 Heap Min Capacity: 128M
 Heap Initial Capacity: 128M
 Heap Max Capacity: 2G
 Pre-touch: Disabled
 Parallel Workers: 15
 Concurrent Workers: 4
 Concurrent Refinement Workers: 15
 Periodic GC: Disabled

Heap:
 garbage-first heap   total 1162240K, used 782020K [0x0000000080000000, 0x0000000100000000)
  region size 1024K, 48 young (49152K), 13 survivors (13312K)
 Metaspace       used 442182K, committed 448576K, reserved 1441792K
  class space    used 54888K, committed 57728K, reserved 1048576K

Heap Regions: E=young(eden), S=young(survivor), O=old, HS=humongous(starts), HC=humongous(continues), CS=collection set, F=free, TAMS=top-at-mark-start, PB=parsable bottom
|   0|0x0000000080000000, 0x0000000080100000, 0x0000000080100000|100%|HS|  |TAMS 0x0000000080100000| PB 0x0000000080000000| Complete 
|   1|0x0000000080100000, 0x0000000080200000, 0x0000000080200000|100%|HS|  |TAMS 0x0000000080200000| PB 0x0000000080100000| Complete 
|   2|0x0000000080200000, 0x00000000802fffa8, 0x0000000080300000| 99%| O|  |TAMS 0x00000000802fffa8| PB 0x00000000802fffa8| Untracked 
|   3|0x0000000080300000, 0x0000000080400000, 0x0000000080400000|100%|HS|  |TAMS 0x0000000080400000| PB 0x0000000080300000| Complete 
|   4|0x0000000080400000, 0x0000000080500000, 0x0000000080500000|100%|HC|  |TAMS 0x0000000080500000| PB 0x0000000080400000| Complete 
|   5|0x0000000080500000, 0x0000000080600000, 0x0000000080600000|100%|HS|  |TAMS 0x0000000080600000| PB 0x0000000080500000| Complete 
|   6|0x0000000080600000, 0x0000000080700000, 0x0000000080700000|100%|HC|  |TAMS 0x0000000080700000| PB 0x0000000080600000| Complete 
|   7|0x0000000080700000, 0x0000000080800000, 0x0000000080800000|100%|HS|  |TAMS 0x0000000080800000| PB 0x0000000080700000| Complete 
|   8|0x0000000080800000, 0x0000000080900000, 0x0000000080900000|100%|HS|  |TAMS 0x0000000080900000| PB 0x0000000080800000| Complete 
|   9|0x0000000080900000, 0x0000000080a00000, 0x0000000080a00000|100%| O|  |TAMS 0x0000000080a00000| PB 0x0000000080a00000| Untracked 
|  10|0x0000000080a00000, 0x0000000080b00000, 0x0000000080b00000|100%| O|  |TAMS 0x0000000080b00000| PB 0x0000000080b00000| Untracked 
|  11|0x0000000080b00000, 0x0000000080bfffc8, 0x0000000080c00000| 99%| O|  |TAMS 0x0000000080bfffc8| PB 0x0000000080bfffc8| Untracked 
|  12|0x0000000080c00000, 0x0000000080cfe778, 0x0000000080d00000| 99%| O|  |TAMS 0x0000000080cfe778| PB 0x0000000080cfe778| Untracked 
|  13|0x0000000080d00000, 0x0000000080dffff0, 0x0000000080e00000| 99%| O|  |TAMS 0x0000000080dffff0| PB 0x0000000080dffff0| Untracked 
|  14|0x0000000080e00000, 0x0000000080efffe8, 0x0000000080f00000| 99%| O|  |TAMS 0x0000000080efffe8| PB 0x0000000080efffe8| Untracked 
|  15|0x0000000080f00000, 0x0000000080fffff0, 0x0000000081000000| 99%| O|  |TAMS 0x0000000080fffff0| PB 0x0000000080fffff0| Untracked 
|  16|0x0000000081000000, 0x0000000081100000, 0x0000000081100000|100%| O|  |TAMS 0x0000000081100000| PB 0x0000000081100000| Untracked 
|  17|0x0000000081100000, 0x00000000811fffe8, 0x0000000081200000| 99%| O|  |TAMS 0x00000000811fffe8| PB 0x00000000811fffe8| Untracked 
|  18|0x0000000081200000, 0x00000000812fbea0, 0x0000000081300000| 98%| O|  |TAMS 0x00000000812fbea0| PB 0x00000000812fbea0| Untracked 
|  19|0x0000000081300000, 0x00000000813ffff8, 0x0000000081400000| 99%| O|  |TAMS 0x00000000813ffff8| PB 0x00000000813ffff8| Untracked 
|  20|0x0000000081400000, 0x00000000814fffa0, 0x0000000081500000| 99%| O|  |TAMS 0x00000000814fffa0| PB 0x00000000814fffa0| Untracked 
|  21|0x0000000081500000, 0x0000000081600000, 0x0000000081600000|100%| O|  |TAMS 0x0000000081600000| PB 0x0000000081600000| Untracked 
|  22|0x0000000081600000, 0x00000000816ffff0, 0x0000000081700000| 99%| O|  |TAMS 0x00000000816ffff0| PB 0x00000000816ffff0| Untracked 
|  23|0x0000000081700000, 0x00000000817ffff8, 0x0000000081800000| 99%| O|  |TAMS 0x00000000817ffff8| PB 0x00000000817ffff8| Untracked 
|  24|0x0000000081800000, 0x00000000818ffff8, 0x0000000081900000| 99%| O|  |TAMS 0x00000000818ffff8| PB 0x00000000818ffff8| Untracked 
|  25|0x0000000081900000, 0x00000000819fffd0, 0x0000000081a00000| 99%| O|  |TAMS 0x00000000819fffd0| PB 0x00000000819fffd0| Untracked 
|  26|0x0000000081a00000, 0x0000000081b00000, 0x0000000081b00000|100%|HS|  |TAMS 0x0000000081b00000| PB 0x0000000081a00000| Complete 
|  27|0x0000000081b00000, 0x0000000081c00000, 0x0000000081c00000|100%|HC|  |TAMS 0x0000000081c00000| PB 0x0000000081b00000| Complete 
|  28|0x0000000081c00000, 0x0000000081cffff8, 0x0000000081d00000| 99%| O|  |TAMS 0x0000000081cffff8| PB 0x0000000081cffff8| Untracked 
|  29|0x0000000081d00000, 0x0000000081e00000, 0x0000000081e00000|100%| O|  |TAMS 0x0000000081e00000| PB 0x0000000081e00000| Untracked 
|  30|0x0000000081e00000, 0x0000000081ef8350, 0x0000000081f00000| 96%| O|  |TAMS 0x0000000081ef8350| PB 0x0000000081ef8350| Untracked 
|  31|0x0000000081f00000, 0x0000000081ffffe8, 0x0000000082000000| 99%| O|  |TAMS 0x0000000081ffffe8| PB 0x0000000081ffffe8| Untracked 
|  32|0x0000000082000000, 0x0000000082100000, 0x0000000082100000|100%| O|  |TAMS 0x0000000082100000| PB 0x0000000082100000| Untracked 
|  33|0x0000000082100000, 0x00000000821fffa8, 0x0000000082200000| 99%| O|  |TAMS 0x00000000821fffa8| PB 0x00000000821fffa8| Untracked 
|  34|0x0000000082200000, 0x00000000822fffe8, 0x0000000082300000| 99%| O|  |TAMS 0x00000000822fffe8| PB 0x00000000822fffe8| Untracked 
|  35|0x0000000082300000, 0x00000000823ffff0, 0x0000000082400000| 99%| O|  |TAMS 0x00000000823ffff0| PB 0x00000000823ffff0| Untracked 
|  36|0x0000000082400000, 0x0000000082500000, 0x0000000082500000|100%|HS|  |TAMS 0x0000000082500000| PB 0x0000000082400000| Complete 
|  37|0x0000000082500000, 0x00000000825fffd0, 0x0000000082600000| 99%| O|  |TAMS 0x00000000825fffd0| PB 0x00000000825fffd0| Untracked 
|  38|0x0000000082600000, 0x00000000826ffff0, 0x0000000082700000| 99%| O|  |TAMS 0x00000000826ffff0| PB 0x00000000826ffff0| Untracked 
|  39|0x0000000082700000, 0x0000000082800000, 0x0000000082800000|100%|HS|  |TAMS 0x0000000082800000| PB 0x0000000082700000| Complete 
|  40|0x0000000082800000, 0x00000000828f6e30, 0x0000000082900000| 96%| O|  |TAMS 0x00000000828f6e30| PB 0x00000000828f6e30| Untracked 
|  41|0x0000000082900000, 0x00000000829fe998, 0x0000000082a00000| 99%| O|  |TAMS 0x00000000829fe998| PB 0x00000000829fe998| Untracked 
|  42|0x0000000082a00000, 0x0000000082b00000, 0x0000000082b00000|100%|HS|  |TAMS 0x0000000082b00000| PB 0x0000000082a00000| Complete 
|  43|0x0000000082b00000, 0x0000000082c00000, 0x0000000082c00000|100%|HS|  |TAMS 0x0000000082c00000| PB 0x0000000082b00000| Untracked 
|  44|0x0000000082c00000, 0x0000000082d00000, 0x0000000082d00000|100%|HS|  |TAMS 0x0000000082d00000| PB 0x0000000082c00000| Complete 
|  45|0x0000000082d00000, 0x0000000082e00000, 0x0000000082e00000|100%|HC|  |TAMS 0x0000000082e00000| PB 0x0000000082d00000| Complete 
|  46|0x0000000082e00000, 0x0000000082effeb0, 0x0000000082f00000| 99%| O|  |TAMS 0x0000000082effeb0| PB 0x0000000082effeb0| Untracked 
|  47|0x0000000082f00000, 0x0000000082fffff8, 0x0000000083000000| 99%| O|  |TAMS 0x0000000082fffff8| PB 0x0000000082fffff8| Untracked 
|  48|0x0000000083000000, 0x00000000830fffe0, 0x0000000083100000| 99%| O|  |TAMS 0x00000000830fffe0| PB 0x00000000830fffe0| Untracked 
|  49|0x0000000083100000, 0x00000000831ffff8, 0x0000000083200000| 99%| O|  |TAMS 0x00000000831ffff8| PB 0x00000000831ffff8| Untracked 
|  50|0x0000000083200000, 0x0000000083300000, 0x0000000083300000|100%| O|  |TAMS 0x0000000083300000| PB 0x0000000083300000| Untracked 
|  51|0x0000000083300000, 0x0000000083400000, 0x0000000083400000|100%| O|  |TAMS 0x0000000083400000| PB 0x0000000083400000| Untracked 
|  52|0x0000000083400000, 0x00000000834fffe8, 0x0000000083500000| 99%| O|  |TAMS 0x00000000834fffe8| PB 0x00000000834fffe8| Untracked 
|  53|0x0000000083500000, 0x00000000835ffff0, 0x0000000083600000| 99%| O|  |TAMS 0x00000000835ffff0| PB 0x00000000835ffff0| Untracked 
|  54|0x0000000083600000, 0x0000000083700000, 0x0000000083700000|100%| O|  |TAMS 0x0000000083700000| PB 0x0000000083700000| Untracked 
|  55|0x0000000083700000, 0x00000000837ffff0, 0x0000000083800000| 99%| O|  |TAMS 0x00000000837ffff0| PB 0x00000000837ffff0| Untracked 
|  56|0x0000000083800000, 0x00000000838ffe38, 0x0000000083900000| 99%| O|  |TAMS 0x00000000838ffe38| PB 0x00000000838ffe38| Untracked 
|  57|0x0000000083900000, 0x0000000083a00000, 0x0000000083a00000|100%| O|  |TAMS 0x0000000083a00000| PB 0x0000000083a00000| Untracked 
|  58|0x0000000083a00000, 0x0000000083aff5c0, 0x0000000083b00000| 99%| O|  |TAMS 0x0000000083aff5c0| PB 0x0000000083aff5c0| Untracked 
|  59|0x0000000083b00000, 0x0000000083bffff8, 0x0000000083c00000| 99%| O|  |TAMS 0x0000000083bffff8| PB 0x0000000083bffff8| Untracked 
|  60|0x0000000083c00000, 0x0000000083cffff0, 0x0000000083d00000| 99%| O|  |TAMS 0x0000000083cffff0| PB 0x0000000083cffff0| Untracked 
|  61|0x0000000083d00000, 0x0000000083dfffe8, 0x0000000083e00000| 99%| O|  |TAMS 0x0000000083dfffe8| PB 0x0000000083dfffe8| Untracked 
|  62|0x0000000083e00000, 0x0000000083f00000, 0x0000000083f00000|100%| O|  |TAMS 0x0000000083f00000| PB 0x0000000083f00000| Untracked 
|  63|0x0000000083f00000, 0x0000000083fffff0, 0x0000000084000000| 99%| O|  |TAMS 0x0000000083fffff0| PB 0x0000000083fffff0| Untracked 
|  64|0x0000000084000000, 0x00000000840fffe8, 0x0000000084100000| 99%| O|  |TAMS 0x00000000840fffe8| PB 0x00000000840fffe8| Untracked 
|  65|0x0000000084100000, 0x00000000841ffff0, 0x0000000084200000| 99%| O|  |TAMS 0x00000000841ffff0| PB 0x00000000841ffff0| Untracked 
|  66|0x0000000084200000, 0x00000000842fea80, 0x0000000084300000| 99%| O|  |TAMS 0x00000000842fea80| PB 0x00000000842fea80| Untracked 
|  67|0x0000000084300000, 0x00000000843ffff0, 0x0000000084400000| 99%| O|  |TAMS 0x00000000843ffff0| PB 0x00000000843ffff0| Untracked 
|  68|0x0000000084400000, 0x00000000844ffd70, 0x0000000084500000| 99%| O|  |TAMS 0x00000000844ffd70| PB 0x00000000844ffd70| Untracked 
|  69|0x0000000084500000, 0x00000000845ffc30, 0x0000000084600000| 99%| O|  |TAMS 0x00000000845ffc30| PB 0x00000000845ffc30| Untracked 
|  70|0x0000000084600000, 0x00000000846f9438, 0x0000000084700000| 97%| O|  |TAMS 0x00000000846f9438| PB 0x00000000846f9438| Untracked 
|  71|0x0000000084700000, 0x0000000084800000, 0x0000000084800000|100%| O|  |TAMS 0x0000000084800000| PB 0x0000000084800000| Untracked 
|  72|0x0000000084800000, 0x0000000084900000, 0x0000000084900000|100%|HS|  |TAMS 0x0000000084900000| PB 0x0000000084800000| Complete 
|  73|0x0000000084900000, 0x0000000084a00000, 0x0000000084a00000|100%|HC|  |TAMS 0x0000000084a00000| PB 0x0000000084900000| Complete 
|  74|0x0000000084a00000, 0x0000000084afffa0, 0x0000000084b00000| 99%| O|  |TAMS 0x0000000084afffa0| PB 0x0000000084afffa0| Untracked 
|  75|0x0000000084b00000, 0x0000000084c00000, 0x0000000084c00000|100%| O|  |TAMS 0x0000000084c00000| PB 0x0000000084c00000| Untracked 
|  76|0x0000000084c00000, 0x0000000084cffff8, 0x0000000084d00000| 99%| O|  |TAMS 0x0000000084cffff8| PB 0x0000000084cffff8| Untracked 
|  77|0x0000000084d00000, 0x0000000084dffff0, 0x0000000084e00000| 99%| O|  |TAMS 0x0000000084dffff0| PB 0x0000000084dffff0| Untracked 
|  78|0x0000000084e00000, 0x0000000084effff8, 0x0000000084f00000| 99%| O|  |TAMS 0x0000000084effff8| PB 0x0000000084effff8| Untracked 
|  79|0x0000000084f00000, 0x0000000084ffffd8, 0x0000000085000000| 99%| O|  |TAMS 0x0000000084ffffd8| PB 0x0000000084ffffd8| Untracked 
|  80|0x0000000085000000, 0x00000000850ffff0, 0x0000000085100000| 99%| O|  |TAMS 0x00000000850ffff0| PB 0x00000000850ffff0| Untracked 
|  81|0x0000000085100000, 0x0000000085200000, 0x0000000085200000|100%| O|  |TAMS 0x0000000085200000| PB 0x0000000085200000| Untracked 
|  82|0x0000000085200000, 0x00000000852ffff8, 0x0000000085300000| 99%| O|  |TAMS 0x00000000852ffff8| PB 0x00000000852ffff8| Untracked 
|  83|0x0000000085300000, 0x00000000853fffe8, 0x0000000085400000| 99%| O|  |TAMS 0x00000000853fffe8| PB 0x00000000853fffe8| Untracked 
|  84|0x0000000085400000, 0x00000000854fffe8, 0x0000000085500000| 99%| O|  |TAMS 0x00000000854fffe8| PB 0x00000000854fffe8| Untracked 
|  85|0x0000000085500000, 0x0000000085600000, 0x0000000085600000|100%| O|  |TAMS 0x0000000085600000| PB 0x0000000085600000| Untracked 
|  86|0x0000000085600000, 0x00000000856fffe8, 0x0000000085700000| 99%| O|  |TAMS 0x00000000856fffe8| PB 0x00000000856fffe8| Untracked 
|  87|0x0000000085700000, 0x0000000085800000, 0x0000000085800000|100%| O|  |TAMS 0x0000000085800000| PB 0x0000000085800000| Untracked 
|  88|0x0000000085800000, 0x0000000085900000, 0x0000000085900000|100%| O|  |TAMS 0x0000000085900000| PB 0x0000000085900000| Untracked 
|  89|0x0000000085900000, 0x00000000859fffd8, 0x0000000085a00000| 99%| O|  |TAMS 0x00000000859fffd8| PB 0x00000000859fffd8| Untracked 
|  90|0x0000000085a00000, 0x0000000085b00000, 0x0000000085b00000|100%| O|  |TAMS 0x0000000085b00000| PB 0x0000000085b00000| Untracked 
|  91|0x0000000085b00000, 0x0000000085bff890, 0x0000000085c00000| 99%| O|  |TAMS 0x0000000085bff890| PB 0x0000000085bff890| Untracked 
|  92|0x0000000085c00000, 0x0000000085d00000, 0x0000000085d00000|100%| O|  |TAMS 0x0000000085d00000| PB 0x0000000085d00000| Untracked 
|  93|0x0000000085d00000, 0x0000000085dffff8, 0x0000000085e00000| 99%| O|  |TAMS 0x0000000085dffff8| PB 0x0000000085dffff8| Untracked 
|  94|0x0000000085e00000, 0x0000000085f00000, 0x0000000085f00000|100%| O|  |TAMS 0x0000000085f00000| PB 0x0000000085f00000| Untracked 
|  95|0x0000000085f00000, 0x0000000085ffffa0, 0x0000000086000000| 99%| O|  |TAMS 0x0000000085ffffa0| PB 0x0000000085ffffa0| Untracked 
|  96|0x0000000086000000, 0x0000000086100000, 0x0000000086100000|100%| O|  |TAMS 0x0000000086100000| PB 0x0000000086100000| Untracked 
|  97|0x0000000086100000, 0x00000000861fffe0, 0x0000000086200000| 99%| O|  |TAMS 0x00000000861fffe0| PB 0x00000000861fffe0| Untracked 
|  98|0x0000000086200000, 0x0000000086300000, 0x0000000086300000|100%| O|  |TAMS 0x0000000086300000| PB 0x0000000086300000| Untracked 
|  99|0x0000000086300000, 0x0000000086400000, 0x0000000086400000|100%| O|  |TAMS 0x0000000086400000| PB 0x0000000086400000| Untracked 
| 100|0x0000000086400000, 0x0000000086500000, 0x0000000086500000|100%| O|  |TAMS 0x0000000086500000| PB 0x0000000086500000| Untracked 
| 101|0x0000000086500000, 0x00000000865fffc8, 0x0000000086600000| 99%| O|  |TAMS 0x00000000865fffc8| PB 0x00000000865fffc8| Untracked 
| 102|0x0000000086600000, 0x00000000866ffff8, 0x0000000086700000| 99%| O|  |TAMS 0x00000000866ffff8| PB 0x00000000866ffff8| Untracked 
| 103|0x0000000086700000, 0x0000000086800000, 0x0000000086800000|100%| O|  |TAMS 0x0000000086800000| PB 0x0000000086800000| Untracked 
| 104|0x0000000086800000, 0x0000000086900000, 0x0000000086900000|100%| O|  |TAMS 0x0000000086900000| PB 0x0000000086900000| Untracked 
| 105|0x0000000086900000, 0x00000000869ffc58, 0x0000000086a00000| 99%| O|  |TAMS 0x00000000869ffc58| PB 0x00000000869ffc58| Untracked 
| 106|0x0000000086a00000, 0x0000000086b00000, 0x0000000086b00000|100%| O|  |TAMS 0x0000000086b00000| PB 0x0000000086b00000| Untracked 
| 107|0x0000000086b00000, 0x0000000086bfffe8, 0x0000000086c00000| 99%| O|  |TAMS 0x0000000086bfffe8| PB 0x0000000086bfffe8| Untracked 
| 108|0x0000000086c00000, 0x0000000086d00000, 0x0000000086d00000|100%| O|  |TAMS 0x0000000086d00000| PB 0x0000000086d00000| Untracked 
| 109|0x0000000086d00000, 0x0000000086e00000, 0x0000000086e00000|100%| O|  |TAMS 0x0000000086e00000| PB 0x0000000086e00000| Untracked 
| 110|0x0000000086e00000, 0x0000000086f00000, 0x0000000086f00000|100%| O|  |TAMS 0x0000000086f00000| PB 0x0000000086f00000| Untracked 
| 111|0x0000000086f00000, 0x0000000087000000, 0x0000000087000000|100%| O|  |TAMS 0x0000000087000000| PB 0x0000000087000000| Untracked 
| 112|0x0000000087000000, 0x0000000087100000, 0x0000000087100000|100%| O|  |TAMS 0x0000000087100000| PB 0x0000000087100000| Untracked 
| 113|0x0000000087100000, 0x0000000087200000, 0x0000000087200000|100%| O|  |TAMS 0x0000000087200000| PB 0x0000000087200000| Untracked 
| 114|0x0000000087200000, 0x0000000087300000, 0x0000000087300000|100%| O|  |TAMS 0x0000000087300000| PB 0x0000000087300000| Untracked 
| 115|0x0000000087300000, 0x0000000087400000, 0x0000000087400000|100%| O|  |TAMS 0x0000000087400000| PB 0x0000000087400000| Untracked 
| 116|0x0000000087400000, 0x0000000087500000, 0x0000000087500000|100%| O|  |TAMS 0x0000000087500000| PB 0x0000000087500000| Untracked 
| 117|0x0000000087500000, 0x0000000087600000, 0x0000000087600000|100%| O|  |TAMS 0x0000000087600000| PB 0x0000000087600000| Untracked 
| 118|0x0000000087600000, 0x00000000876fffe8, 0x0000000087700000| 99%| O|  |TAMS 0x00000000876fffe8| PB 0x00000000876fffe8| Untracked 
| 119|0x0000000087700000, 0x0000000087800000, 0x0000000087800000|100%| O|  |TAMS 0x0000000087800000| PB 0x0000000087800000| Untracked 
| 120|0x0000000087800000, 0x00000000878fffc8, 0x0000000087900000| 99%| O|  |TAMS 0x00000000878fffc8| PB 0x00000000878fffc8| Untracked 
| 121|0x0000000087900000, 0x0000000087a00000, 0x0000000087a00000|100%| O|  |TAMS 0x0000000087a00000| PB 0x0000000087a00000| Untracked 
| 122|0x0000000087a00000, 0x0000000087afffc8, 0x0000000087b00000| 99%| O|  |TAMS 0x0000000087afffc8| PB 0x0000000087afffc8| Untracked 
| 123|0x0000000087b00000, 0x0000000087c00000, 0x0000000087c00000|100%| O|  |TAMS 0x0000000087c00000| PB 0x0000000087c00000| Untracked 
| 124|0x0000000087c00000, 0x0000000087d00000, 0x0000000087d00000|100%| O|  |TAMS 0x0000000087d00000| PB 0x0000000087d00000| Untracked 
| 125|0x0000000087d00000, 0x0000000087dffff8, 0x0000000087e00000| 99%| O|  |TAMS 0x0000000087dffff8| PB 0x0000000087dffff8| Untracked 
| 126|0x0000000087e00000, 0x0000000087effff8, 0x0000000087f00000| 99%| O|  |TAMS 0x0000000087effff8| PB 0x0000000087effff8| Untracked 
| 127|0x0000000087f00000, 0x0000000087ffffe8, 0x0000000088000000| 99%| O|  |TAMS 0x0000000087ffffe8| PB 0x0000000087ffffe8| Untracked 
| 128|0x0000000088000000, 0x0000000088100000, 0x0000000088100000|100%| O|  |TAMS 0x0000000088100000| PB 0x0000000088100000| Untracked 
| 129|0x0000000088100000, 0x00000000881ffff0, 0x0000000088200000| 99%| O|  |TAMS 0x00000000881ffff0| PB 0x00000000881ffff0| Untracked 
| 130|0x0000000088200000, 0x00000000882ffff0, 0x0000000088300000| 99%| O|  |TAMS 0x00000000882ffff0| PB 0x00000000882ffff0| Untracked 
| 131|0x0000000088300000, 0x00000000883fffe8, 0x0000000088400000| 99%| O|  |TAMS 0x00000000883fffe8| PB 0x00000000883fffe8| Untracked 
| 132|0x0000000088400000, 0x0000000088500000, 0x0000000088500000|100%| O|  |TAMS 0x0000000088500000| PB 0x0000000088500000| Untracked 
| 133|0x0000000088500000, 0x0000000088600000, 0x0000000088600000|100%| O|  |TAMS 0x0000000088600000| PB 0x0000000088600000| Untracked 
| 134|0x0000000088600000, 0x00000000886ff478, 0x0000000088700000| 99%| O|  |TAMS 0x00000000886ff478| PB 0x00000000886ff478| Untracked 
| 135|0x0000000088700000, 0x00000000887fffe8, 0x0000000088800000| 99%| O|  |TAMS 0x00000000887fffe8| PB 0x00000000887fffe8| Untracked 
| 136|0x0000000088800000, 0x0000000088900000, 0x0000000088900000|100%| O|  |TAMS 0x0000000088900000| PB 0x0000000088900000| Untracked 
| 137|0x0000000088900000, 0x00000000889ffff0, 0x0000000088a00000| 99%| O|  |TAMS 0x00000000889ffff0| PB 0x00000000889ffff0| Untracked 
| 138|0x0000000088a00000, 0x0000000088b00000, 0x0000000088b00000|100%| O|  |TAMS 0x0000000088b00000| PB 0x0000000088b00000| Untracked 
| 139|0x0000000088b00000, 0x0000000088bfffe0, 0x0000000088c00000| 99%| O|  |TAMS 0x0000000088bfffe0| PB 0x0000000088bfffe0| Untracked 
| 140|0x0000000088c00000, 0x0000000088d00000, 0x0000000088d00000|100%| O|  |TAMS 0x0000000088d00000| PB 0x0000000088d00000| Untracked 
| 141|0x0000000088d00000, 0x0000000088dfffe8, 0x0000000088e00000| 99%| O|  |TAMS 0x0000000088dfffe8| PB 0x0000000088dfffe8| Untracked 
| 142|0x0000000088e00000, 0x0000000088effff8, 0x0000000088f00000| 99%| O|  |TAMS 0x0000000088effff8| PB 0x0000000088effff8| Untracked 
| 143|0x0000000088f00000, 0x0000000089000000, 0x0000000089000000|100%| O|  |TAMS 0x0000000089000000| PB 0x0000000089000000| Untracked 
| 144|0x0000000089000000, 0x0000000089100000, 0x0000000089100000|100%| O|  |TAMS 0x0000000089100000| PB 0x0000000089100000| Untracked 
| 145|0x0000000089100000, 0x00000000891ffff0, 0x0000000089200000| 99%| O|  |TAMS 0x00000000891ffff0| PB 0x00000000891ffff0| Untracked 
| 146|0x0000000089200000, 0x00000000892fffd0, 0x0000000089300000| 99%| O|  |TAMS 0x00000000892fffd0| PB 0x00000000892fffd0| Untracked 
| 147|0x0000000089300000, 0x00000000893fffe0, 0x0000000089400000| 99%| O|  |TAMS 0x00000000893fffe0| PB 0x00000000893fffe0| Untracked 
| 148|0x0000000089400000, 0x0000000089500000, 0x0000000089500000|100%|HS|  |TAMS 0x0000000089500000| PB 0x0000000089400000| Complete 
| 149|0x0000000089500000, 0x0000000089600000, 0x0000000089600000|100%|HC|  |TAMS 0x0000000089600000| PB 0x0000000089500000| Complete 
| 150|0x0000000089600000, 0x0000000089700000, 0x0000000089700000|100%|HS|  |TAMS 0x0000000089700000| PB 0x0000000089600000| Complete 
| 151|0x0000000089700000, 0x0000000089800000, 0x0000000089800000|100%|HC|  |TAMS 0x0000000089800000| PB 0x0000000089700000| Complete 
| 152|0x0000000089800000, 0x0000000089900000, 0x0000000089900000|100%| O|  |TAMS 0x0000000089900000| PB 0x0000000089900000| Untracked 
| 153|0x0000000089900000, 0x00000000899fffb8, 0x0000000089a00000| 99%| O|  |TAMS 0x00000000899fffb8| PB 0x00000000899fffb8| Untracked 
| 154|0x0000000089a00000, 0x0000000089b00000, 0x0000000089b00000|100%|HS|  |TAMS 0x0000000089b00000| PB 0x0000000089a00000| Complete 
| 155|0x0000000089b00000, 0x0000000089c00000, 0x0000000089c00000|100%|HC|  |TAMS 0x0000000089c00000| PB 0x0000000089b00000| Complete 
| 156|0x0000000089c00000, 0x0000000089d00000, 0x0000000089d00000|100%|HC|  |TAMS 0x0000000089d00000| PB 0x0000000089c00000| Complete 
| 157|0x0000000089d00000, 0x0000000089e00000, 0x0000000089e00000|100%|HC|  |TAMS 0x0000000089e00000| PB 0x0000000089d00000| Complete 
| 158|0x0000000089e00000, 0x0000000089f00000, 0x0000000089f00000|100%|HC|  |TAMS 0x0000000089f00000| PB 0x0000000089e00000| Complete 
| 159|0x0000000089f00000, 0x000000008a000000, 0x000000008a000000|100%|HC|  |TAMS 0x000000008a000000| PB 0x0000000089f00000| Complete 
| 160|0x000000008a000000, 0x000000008a100000, 0x000000008a100000|100%|HC|  |TAMS 0x000000008a100000| PB 0x000000008a000000| Complete 
| 161|0x000000008a100000, 0x000000008a200000, 0x000000008a200000|100%|HC|  |TAMS 0x000000008a200000| PB 0x000000008a100000| Complete 
| 162|0x000000008a200000, 0x000000008a300000, 0x000000008a300000|100%|HC|  |TAMS 0x000000008a300000| PB 0x000000008a200000| Complete 
| 163|0x000000008a300000, 0x000000008a400000, 0x000000008a400000|100%| O|  |TAMS 0x000000008a400000| PB 0x000000008a400000| Untracked 
| 164|0x000000008a400000, 0x000000008a4fffe0, 0x000000008a500000| 99%| O|  |TAMS 0x000000008a4fffe0| PB 0x000000008a4fffe0| Untracked 
| 165|0x000000008a500000, 0x000000008a5ffff8, 0x000000008a600000| 99%| O|  |TAMS 0x000000008a5ffff8| PB 0x000000008a5ffff8| Untracked 
| 166|0x000000008a600000, 0x000000008a6fffe8, 0x000000008a700000| 99%| O|  |TAMS 0x000000008a6fffe8| PB 0x000000008a6fffe8| Untracked 
| 167|0x000000008a700000, 0x000000008a800000, 0x000000008a800000|100%| O|  |TAMS 0x000000008a800000| PB 0x000000008a800000| Untracked 
| 168|0x000000008a800000, 0x000000008a8ffff0, 0x000000008a900000| 99%| O|  |TAMS 0x000000008a8ffff0| PB 0x000000008a8ffff0| Untracked 
| 169|0x000000008a900000, 0x000000008a9ffff8, 0x000000008aa00000| 99%| O|  |TAMS 0x000000008a9ffff8| PB 0x000000008a9ffff8| Untracked 
| 170|0x000000008aa00000, 0x000000008aaffff0, 0x000000008ab00000| 99%| O|  |TAMS 0x000000008aaffff0| PB 0x000000008aaffff0| Untracked 
| 171|0x000000008ab00000, 0x000000008ac00000, 0x000000008ac00000|100%| O|  |TAMS 0x000000008ac00000| PB 0x000000008ac00000| Untracked 
| 172|0x000000008ac00000, 0x000000008ad00000, 0x000000008ad00000|100%| O|  |TAMS 0x000000008ad00000| PB 0x000000008ad00000| Untracked 
| 173|0x000000008ad00000, 0x000000008adffff8, 0x000000008ae00000| 99%| O|  |TAMS 0x000000008adffff8| PB 0x000000008adffff8| Untracked 
| 174|0x000000008ae00000, 0x000000008aeffff8, 0x000000008af00000| 99%| O|  |TAMS 0x000000008aeffff8| PB 0x000000008aeffff8| Untracked 
| 175|0x000000008af00000, 0x000000008b000000, 0x000000008b000000|100%| O|  |TAMS 0x000000008b000000| PB 0x000000008b000000| Untracked 
| 176|0x000000008b000000, 0x000000008b0ffff0, 0x000000008b100000| 99%| O|  |TAMS 0x000000008b0ffff0| PB 0x000000008b0ffff0| Untracked 
| 177|0x000000008b100000, 0x000000008b200000, 0x000000008b200000|100%|HS|  |TAMS 0x000000008b200000| PB 0x000000008b100000| Complete 
| 178|0x000000008b200000, 0x000000008b2fff48, 0x000000008b300000| 99%| O|  |TAMS 0x000000008b2fff48| PB 0x000000008b2fff48| Untracked 
| 179|0x000000008b300000, 0x000000008b400000, 0x000000008b400000|100%| O|  |TAMS 0x000000008b400000| PB 0x000000008b400000| Untracked 
| 180|0x000000008b400000, 0x000000008b4fffe0, 0x000000008b500000| 99%| O|  |TAMS 0x000000008b4fffe0| PB 0x000000008b4fffe0| Untracked 
| 181|0x000000008b500000, 0x000000008b600000, 0x000000008b600000|100%| O|  |TAMS 0x000000008b600000| PB 0x000000008b600000| Untracked 
| 182|0x000000008b600000, 0x000000008b6fffd8, 0x000000008b700000| 99%| O|  |TAMS 0x000000008b6fffd8| PB 0x000000008b6fffd8| Untracked 
| 183|0x000000008b700000, 0x000000008b800000, 0x000000008b800000|100%| O|  |TAMS 0x000000008b800000| PB 0x000000008b800000| Untracked 
| 184|0x000000008b800000, 0x000000008b8ffff8, 0x000000008b900000| 99%| O|  |TAMS 0x000000008b8ffff8| PB 0x000000008b8ffff8| Untracked 
| 185|0x000000008b900000, 0x000000008b9fffe8, 0x000000008ba00000| 99%| O|  |TAMS 0x000000008b9fffe8| PB 0x000000008b9fffe8| Untracked 
| 186|0x000000008ba00000, 0x000000008bafffe0, 0x000000008bb00000| 99%| O|  |TAMS 0x000000008bafffe0| PB 0x000000008bafffe0| Untracked 
| 187|0x000000008bb00000, 0x000000008bbfffe8, 0x000000008bc00000| 99%| O|  |TAMS 0x000000008bbfffe8| PB 0x000000008bbfffe8| Untracked 
| 188|0x000000008bc00000, 0x000000008bd00000, 0x000000008bd00000|100%| O|  |TAMS 0x000000008bd00000| PB 0x000000008bd00000| Untracked 
| 189|0x000000008bd00000, 0x000000008be00000, 0x000000008be00000|100%|HS|  |TAMS 0x000000008be00000| PB 0x000000008bd00000| Untracked 
| 190|0x000000008be00000, 0x000000008bf00000, 0x000000008bf00000|100%|HS|  |TAMS 0x000000008bf00000| PB 0x000000008be00000| Untracked 
| 191|0x000000008bf00000, 0x000000008c000000, 0x000000008c000000|100%| O|  |TAMS 0x000000008c000000| PB 0x000000008c000000| Untracked 
| 192|0x000000008c000000, 0x000000008c0ffff8, 0x000000008c100000| 99%| O|  |TAMS 0x000000008c0ffff8| PB 0x000000008c0ffff8| Untracked 
| 193|0x000000008c100000, 0x000000008c1ffff0, 0x000000008c200000| 99%| O|  |TAMS 0x000000008c1ffff0| PB 0x000000008c1ffff0| Untracked 
| 194|0x000000008c200000, 0x000000008c300000, 0x000000008c300000|100%| O|  |TAMS 0x000000008c300000| PB 0x000000008c300000| Untracked 
| 195|0x000000008c300000, 0x000000008c400000, 0x000000008c400000|100%| O|  |TAMS 0x000000008c400000| PB 0x000000008c400000| Untracked 
| 196|0x000000008c400000, 0x000000008c500000, 0x000000008c500000|100%| O|  |TAMS 0x000000008c500000| PB 0x000000008c500000| Untracked 
| 197|0x000000008c500000, 0x000000008c600000, 0x000000008c600000|100%| O|  |TAMS 0x000000008c600000| PB 0x000000008c600000| Untracked 
| 198|0x000000008c600000, 0x000000008c6ffff8, 0x000000008c700000| 99%| O|  |TAMS 0x000000008c6ffff8| PB 0x000000008c6ffff8| Untracked 
| 199|0x000000008c700000, 0x000000008c800000, 0x000000008c800000|100%| O|  |TAMS 0x000000008c800000| PB 0x000000008c800000| Untracked 
| 200|0x000000008c800000, 0x000000008c8ffff0, 0x000000008c900000| 99%| O|  |TAMS 0x000000008c8ffff0| PB 0x000000008c8ffff0| Untracked 
| 201|0x000000008c900000, 0x000000008c9ffff0, 0x000000008ca00000| 99%| O|  |TAMS 0x000000008c9ffff0| PB 0x000000008c9ffff0| Untracked 
| 202|0x000000008ca00000, 0x000000008cb00000, 0x000000008cb00000|100%| O|  |TAMS 0x000000008cb00000| PB 0x000000008cb00000| Untracked 
| 203|0x000000008cb00000, 0x000000008cbfff98, 0x000000008cc00000| 99%| O|  |TAMS 0x000000008cbfff98| PB 0x000000008cbfff98| Untracked 
| 204|0x000000008cc00000, 0x000000008cd00000, 0x000000008cd00000|100%| O|  |TAMS 0x000000008cd00000| PB 0x000000008cd00000| Untracked 
| 205|0x000000008cd00000, 0x000000008cdffff8, 0x000000008ce00000| 99%| O|  |TAMS 0x000000008cdffff8| PB 0x000000008cdffff8| Untracked 
| 206|0x000000008ce00000, 0x000000008ceffff0, 0x000000008cf00000| 99%| O|  |TAMS 0x000000008ceffff0| PB 0x000000008ceffff0| Untracked 
| 207|0x000000008cf00000, 0x000000008d000000, 0x000000008d000000|100%| O|  |TAMS 0x000000008d000000| PB 0x000000008d000000| Untracked 
| 208|0x000000008d000000, 0x000000008d0ffff0, 0x000000008d100000| 99%| O|  |TAMS 0x000000008d0ffff0| PB 0x000000008d0ffff0| Untracked 
| 209|0x000000008d100000, 0x000000008d200000, 0x000000008d200000|100%| O|  |TAMS 0x000000008d200000| PB 0x000000008d200000| Untracked 
| 210|0x000000008d200000, 0x000000008d2ffff0, 0x000000008d300000| 99%| O|  |TAMS 0x000000008d2ffff0| PB 0x000000008d2ffff0| Untracked 
| 211|0x000000008d300000, 0x000000008d3f8928, 0x000000008d400000| 97%| O|  |TAMS 0x000000008d3f8928| PB 0x000000008d3f8928| Untracked 
| 212|0x000000008d400000, 0x000000008d500000, 0x000000008d500000|100%| O|  |TAMS 0x000000008d500000| PB 0x000000008d500000| Untracked 
| 213|0x000000008d500000, 0x000000008d5fffe8, 0x000000008d600000| 99%| O|  |TAMS 0x000000008d5fffe8| PB 0x000000008d5fffe8| Untracked 
| 214|0x000000008d600000, 0x000000008d6ffff0, 0x000000008d700000| 99%| O|  |TAMS 0x000000008d6ffff0| PB 0x000000008d6ffff0| Untracked 
| 215|0x000000008d700000, 0x000000008d7ffec8, 0x000000008d800000| 99%| O|  |TAMS 0x000000008d7ffec8| PB 0x000000008d7ffec8| Untracked 
| 216|0x000000008d800000, 0x000000008d900000, 0x000000008d900000|100%|HS|  |TAMS 0x000000008d900000| PB 0x000000008d800000| Complete 
| 217|0x000000008d900000, 0x000000008da00000, 0x000000008da00000|100%|HC|  |TAMS 0x000000008da00000| PB 0x000000008d900000| Complete 
| 218|0x000000008da00000, 0x000000008db00000, 0x000000008db00000|100%|HC|  |TAMS 0x000000008db00000| PB 0x000000008da00000| Complete 
| 219|0x000000008db00000, 0x000000008dc00000, 0x000000008dc00000|100%|HC|  |TAMS 0x000000008dc00000| PB 0x000000008db00000| Complete 
| 220|0x000000008dc00000, 0x000000008dd00000, 0x000000008dd00000|100%|HC|  |TAMS 0x000000008dd00000| PB 0x000000008dc00000| Complete 
| 221|0x000000008dd00000, 0x000000008de00000, 0x000000008de00000|100%|HC|  |TAMS 0x000000008de00000| PB 0x000000008dd00000| Complete 
| 222|0x000000008de00000, 0x000000008df00000, 0x000000008df00000|100%|HC|  |TAMS 0x000000008df00000| PB 0x000000008de00000| Complete 
| 223|0x000000008df00000, 0x000000008e000000, 0x000000008e000000|100%|HC|  |TAMS 0x000000008e000000| PB 0x000000008df00000| Complete 
| 224|0x000000008e000000, 0x000000008e100000, 0x000000008e100000|100%|HS|  |TAMS 0x000000008e100000| PB 0x000000008e000000| Untracked 
| 225|0x000000008e100000, 0x000000008e200000, 0x000000008e200000|100%|HS|  |TAMS 0x000000008e200000| PB 0x000000008e100000| Untracked 
| 226|0x000000008e200000, 0x000000008e2fffe8, 0x000000008e300000| 99%| O|  |TAMS 0x000000008e2fffe8| PB 0x000000008e2fffe8| Untracked 
| 227|0x000000008e300000, 0x000000008e3ffff0, 0x000000008e400000| 99%| O|  |TAMS 0x000000008e3ffff0| PB 0x000000008e3ffff0| Untracked 
| 228|0x000000008e400000, 0x000000008e4ffb30, 0x000000008e500000| 99%| O|  |TAMS 0x000000008e4ffb30| PB 0x000000008e4ffb30| Untracked 
| 229|0x000000008e500000, 0x000000008e5f5bf0, 0x000000008e600000| 95%| O|  |TAMS 0x000000008e5f5bf0| PB 0x000000008e5f5bf0| Untracked 
| 230|0x000000008e600000, 0x000000008e6fffe8, 0x000000008e700000| 99%| O|  |TAMS 0x000000008e6fffe8| PB 0x000000008e6fffe8| Untracked 
| 231|0x000000008e700000, 0x000000008e7ffff8, 0x000000008e800000| 99%| O|  |TAMS 0x000000008e7ffff8| PB 0x000000008e7ffff8| Untracked 
| 232|0x000000008e800000, 0x000000008e8ffc68, 0x000000008e900000| 99%| O|  |TAMS 0x000000008e8ffc68| PB 0x000000008e8ffc68| Untracked 
| 233|0x000000008e900000, 0x000000008ea00000, 0x000000008ea00000|100%| O|  |TAMS 0x000000008ea00000| PB 0x000000008ea00000| Untracked 
| 234|0x000000008ea00000, 0x000000008eb00000, 0x000000008eb00000|100%| O|  |TAMS 0x000000008eb00000| PB 0x000000008eb00000| Untracked 
| 235|0x000000008eb00000, 0x000000008ebffff8, 0x000000008ec00000| 99%| O|  |TAMS 0x000000008ebffff8| PB 0x000000008ebffff8| Untracked 
| 236|0x000000008ec00000, 0x000000008ecffff0, 0x000000008ed00000| 99%| O|  |TAMS 0x000000008ecffff0| PB 0x000000008ecffff0| Untracked 
| 237|0x000000008ed00000, 0x000000008edffff0, 0x000000008ee00000| 99%| O|  |TAMS 0x000000008edffff0| PB 0x000000008edffff0| Untracked 
| 238|0x000000008ee00000, 0x000000008eefffd0, 0x000000008ef00000| 99%| O|  |TAMS 0x000000008eefffd0| PB 0x000000008eefffd0| Untracked 
| 239|0x000000008ef00000, 0x000000008effffe8, 0x000000008f000000| 99%| O|  |TAMS 0x000000008effffe8| PB 0x000000008effffe8| Untracked 
| 240|0x000000008f000000, 0x000000008f0fff88, 0x000000008f100000| 99%| O|  |TAMS 0x000000008f0fff88| PB 0x000000008f0fff88| Untracked 
| 241|0x000000008f100000, 0x000000008f1ffff0, 0x000000008f200000| 99%| O|  |TAMS 0x000000008f1ffff0| PB 0x000000008f1ffff0| Untracked 
| 242|0x000000008f200000, 0x000000008f2fffe8, 0x000000008f300000| 99%| O|  |TAMS 0x000000008f2fffe8| PB 0x000000008f2fffe8| Untracked 
| 243|0x000000008f300000, 0x000000008f3ffff8, 0x000000008f400000| 99%| O|  |TAMS 0x000000008f3ffff8| PB 0x000000008f3ffff8| Untracked 
| 244|0x000000008f400000, 0x000000008f4ffff8, 0x000000008f500000| 99%| O|  |TAMS 0x000000008f4ffff8| PB 0x000000008f4ffff8| Untracked 
| 245|0x000000008f500000, 0x000000008f600000, 0x000000008f600000|100%| O|  |TAMS 0x000000008f600000| PB 0x000000008f600000| Untracked 
| 246|0x000000008f600000, 0x000000008f6ffff8, 0x000000008f700000| 99%| O|  |TAMS 0x000000008f6ffff8| PB 0x000000008f6ffff8| Untracked 
| 247|0x000000008f700000, 0x000000008f800000, 0x000000008f800000|100%| O|  |TAMS 0x000000008f800000| PB 0x000000008f800000| Untracked 
| 248|0x000000008f800000, 0x000000008f900000, 0x000000008f900000|100%| O|  |TAMS 0x000000008f900000| PB 0x000000008f900000| Untracked 
| 249|0x000000008f900000, 0x000000008f9fffe8, 0x000000008fa00000| 99%| O|  |TAMS 0x000000008f9fffe8| PB 0x000000008f9fffe8| Untracked 
| 250|0x000000008fa00000, 0x000000008fafffe8, 0x000000008fb00000| 99%| O|  |TAMS 0x000000008fafffe8| PB 0x000000008fafffe8| Untracked 
| 251|0x000000008fb00000, 0x000000008fbffff8, 0x000000008fc00000| 99%| O|  |TAMS 0x000000008fbffff8| PB 0x000000008fbffff8| Untracked 
| 252|0x000000008fc00000, 0x000000008fd00000, 0x000000008fd00000|100%| O|  |TAMS 0x000000008fd00000| PB 0x000000008fd00000| Untracked 
| 253|0x000000008fd00000, 0x000000008fdffff8, 0x000000008fe00000| 99%| O|  |TAMS 0x000000008fdffff8| PB 0x000000008fdffff8| Untracked 
| 254|0x000000008fe00000, 0x000000008ff00000, 0x000000008ff00000|100%| O|  |TAMS 0x000000008ff00000| PB 0x000000008ff00000| Untracked 
| 255|0x000000008ff00000, 0x0000000090000000, 0x0000000090000000|100%|HS|  |TAMS 0x0000000090000000| PB 0x000000008ff00000| Complete 
| 256|0x0000000090000000, 0x0000000090100000, 0x0000000090100000|100%| O|  |TAMS 0x0000000090100000| PB 0x0000000090100000| Untracked 
| 257|0x0000000090100000, 0x0000000090200000, 0x0000000090200000|100%|HS|  |TAMS 0x0000000090200000| PB 0x0000000090100000| Updating 
| 258|0x0000000090200000, 0x0000000090300000, 0x0000000090300000|100%| O|  |TAMS 0x0000000090300000| PB 0x0000000090300000| Untracked 
| 259|0x0000000090300000, 0x00000000903fffa8, 0x0000000090400000| 99%| O|  |TAMS 0x00000000903fffa8| PB 0x00000000903fffa8| Untracked 
| 260|0x0000000090400000, 0x00000000904ffff0, 0x0000000090500000| 99%| O|  |TAMS 0x00000000904ffff0| PB 0x00000000904ffff0| Untracked 
| 261|0x0000000090500000, 0x0000000090600000, 0x0000000090600000|100%|HS|  |TAMS 0x0000000090600000| PB 0x0000000090500000| Complete 
| 262|0x0000000090600000, 0x0000000090700000, 0x0000000090700000|100%|HC|  |TAMS 0x0000000090700000| PB 0x0000000090600000| Complete 
| 263|0x0000000090700000, 0x00000000907fffd8, 0x0000000090800000| 99%| O|  |TAMS 0x00000000907fffd8| PB 0x00000000907fffd8| Untracked 
| 264|0x0000000090800000, 0x0000000090900000, 0x0000000090900000|100%| O|  |TAMS 0x0000000090900000| PB 0x0000000090900000| Untracked 
| 265|0x0000000090900000, 0x00000000909ffff0, 0x0000000090a00000| 99%| O|  |TAMS 0x00000000909ffff0| PB 0x00000000909ffff0| Untracked 
| 266|0x0000000090a00000, 0x0000000090afffa8, 0x0000000090b00000| 99%| O|  |TAMS 0x0000000090afffa8| PB 0x0000000090afffa8| Untracked 
| 267|0x0000000090b00000, 0x0000000090bffff8, 0x0000000090c00000| 99%| O|  |TAMS 0x0000000090bffff8| PB 0x0000000090bffff8| Untracked 
| 268|0x0000000090c00000, 0x0000000090d00000, 0x0000000090d00000|100%| O|  |TAMS 0x0000000090d00000| PB 0x0000000090d00000| Untracked 
| 269|0x0000000090d00000, 0x0000000090df50e8, 0x0000000090e00000| 95%| O|  |TAMS 0x0000000090df50e8| PB 0x0000000090df50e8| Untracked 
| 270|0x0000000090e00000, 0x0000000090efffe8, 0x0000000090f00000| 99%| O|  |TAMS 0x0000000090efffe8| PB 0x0000000090efffe8| Untracked 
| 271|0x0000000090f00000, 0x0000000090fffff8, 0x0000000091000000| 99%| O|  |TAMS 0x0000000090fffff8| PB 0x0000000090fffff8| Untracked 
| 272|0x0000000091000000, 0x0000000091100000, 0x0000000091100000|100%|HS|  |TAMS 0x0000000091100000| PB 0x0000000091000000| Untracked 
| 273|0x0000000091100000, 0x0000000091200000, 0x0000000091200000|100%|HS|  |TAMS 0x0000000091200000| PB 0x0000000091100000| Untracked 
| 274|0x0000000091200000, 0x0000000091300000, 0x0000000091300000|100%|HS|  |TAMS 0x0000000091300000| PB 0x0000000091200000| Untracked 
| 275|0x0000000091300000, 0x0000000091400000, 0x0000000091400000|100%|HS|  |TAMS 0x0000000091400000| PB 0x0000000091300000| Complete 
| 276|0x0000000091400000, 0x0000000091500000, 0x0000000091500000|100%|HS|  |TAMS 0x0000000091500000| PB 0x0000000091400000| Untracked 
| 277|0x0000000091500000, 0x00000000915ffff8, 0x0000000091600000| 99%| O|  |TAMS 0x00000000915ffff8| PB 0x00000000915ffff8| Untracked 
| 278|0x0000000091600000, 0x00000000916ffff8, 0x0000000091700000| 99%| O|  |TAMS 0x00000000916ffff8| PB 0x00000000916ffff8| Untracked 
| 279|0x0000000091700000, 0x0000000091800000, 0x0000000091800000|100%| O|  |TAMS 0x0000000091800000| PB 0x0000000091800000| Untracked 
| 280|0x0000000091800000, 0x00000000918fffe8, 0x0000000091900000| 99%| O|  |TAMS 0x00000000918fffe8| PB 0x00000000918fffe8| Untracked 
| 281|0x0000000091900000, 0x0000000091a00000, 0x0000000091a00000|100%| O|  |TAMS 0x0000000091a00000| PB 0x0000000091a00000| Untracked 
| 282|0x0000000091a00000, 0x0000000091b00000, 0x0000000091b00000|100%|HS|  |TAMS 0x0000000091b00000| PB 0x0000000091a00000| Complete 
| 283|0x0000000091b00000, 0x0000000091c00000, 0x0000000091c00000|100%|HC|  |TAMS 0x0000000091c00000| PB 0x0000000091b00000| Complete 
| 284|0x0000000091c00000, 0x0000000091d00000, 0x0000000091d00000|100%| O|  |TAMS 0x0000000091d00000| PB 0x0000000091d00000| Untracked 
| 285|0x0000000091d00000, 0x0000000091dffff8, 0x0000000091e00000| 99%| O|  |TAMS 0x0000000091dffff8| PB 0x0000000091dffff8| Untracked 
| 286|0x0000000091e00000, 0x0000000091eff410, 0x0000000091f00000| 99%| O|  |TAMS 0x0000000091eff410| PB 0x0000000091eff410| Untracked 
| 287|0x0000000091f00000, 0x0000000091fffff8, 0x0000000092000000| 99%| O|  |TAMS 0x0000000091fffff8| PB 0x0000000091fffff8| Untracked 
| 288|0x0000000092000000, 0x00000000920fffd0, 0x0000000092100000| 99%| O|  |TAMS 0x00000000920fffd0| PB 0x00000000920fffd0| Untracked 
| 289|0x0000000092100000, 0x00000000921ffff0, 0x0000000092200000| 99%| O|  |TAMS 0x00000000921ffff0| PB 0x00000000921ffff0| Untracked 
| 290|0x0000000092200000, 0x00000000922ffff8, 0x0000000092300000| 99%| O|  |TAMS 0x00000000922ffff8| PB 0x00000000922ffff8| Untracked 
| 291|0x0000000092300000, 0x00000000923ffff0, 0x0000000092400000| 99%| O|  |TAMS 0x00000000923ffff0| PB 0x00000000923ffff0| Untracked 
| 292|0x0000000092400000, 0x00000000924fffb0, 0x0000000092500000| 99%| O|  |TAMS 0x00000000924fffb0| PB 0x00000000924fffb0| Untracked 
| 293|0x0000000092500000, 0x0000000092600000, 0x0000000092600000|100%| O|  |TAMS 0x0000000092600000| PB 0x0000000092600000| Untracked 
| 294|0x0000000092600000, 0x0000000092700000, 0x0000000092700000|100%| O|  |TAMS 0x0000000092700000| PB 0x0000000092700000| Untracked 
| 295|0x0000000092700000, 0x0000000092800000, 0x0000000092800000|100%| O|  |TAMS 0x0000000092800000| PB 0x0000000092800000| Untracked 
| 296|0x0000000092800000, 0x00000000928fff88, 0x0000000092900000| 99%| O|  |TAMS 0x00000000928fff88| PB 0x00000000928fff88| Untracked 
| 297|0x0000000092900000, 0x00000000929d7af8, 0x0000000092a00000| 84%| O|  |TAMS 0x00000000929d7af8| PB 0x00000000929d7af8| Updating 
| 298|0x0000000092a00000, 0x0000000092affff8, 0x0000000092b00000| 99%| O|  |TAMS 0x0000000092affff8| PB 0x0000000092affff8| Untracked 
| 299|0x0000000092b00000, 0x0000000092bffff0, 0x0000000092c00000| 99%| O|  |TAMS 0x0000000092bffff0| PB 0x0000000092bffff0| Untracked 
| 300|0x0000000092c00000, 0x0000000092cfffe0, 0x0000000092d00000| 99%| O|  |TAMS 0x0000000092cfffe0| PB 0x0000000092cfffe0| Untracked 
| 301|0x0000000092d00000, 0x0000000092dffff0, 0x0000000092e00000| 99%| O|  |TAMS 0x0000000092dffff0| PB 0x0000000092dffff0| Untracked 
| 302|0x0000000092e00000, 0x0000000092effff8, 0x0000000092f00000| 99%| O|  |TAMS 0x0000000092effff8| PB 0x0000000092effff8| Untracked 
| 303|0x0000000092f00000, 0x0000000092fff328, 0x0000000093000000| 99%| O|  |TAMS 0x0000000092fff328| PB 0x0000000092fff328| Untracked 
| 304|0x0000000093000000, 0x00000000930ffff8, 0x0000000093100000| 99%| O|  |TAMS 0x00000000930ffff8| PB 0x00000000930ffff8| Untracked 
| 305|0x0000000093100000, 0x00000000931ffff8, 0x0000000093200000| 99%| O|  |TAMS 0x00000000931ffff8| PB 0x00000000931ffff8| Untracked 
| 306|0x0000000093200000, 0x00000000932fff98, 0x0000000093300000| 99%| O|  |TAMS 0x00000000932fff98| PB 0x00000000932fff98| Untracked 
| 307|0x0000000093300000, 0x00000000933ffff8, 0x0000000093400000| 99%| O|  |TAMS 0x00000000933ffff8| PB 0x00000000933ffff8| Untracked 
| 308|0x0000000093400000, 0x00000000934f5a48, 0x0000000093500000| 95%| O|  |TAMS 0x00000000934f5a48| PB 0x00000000934f5a48| Untracked 
| 309|0x0000000093500000, 0x0000000093600000, 0x0000000093600000|100%| O|  |TAMS 0x0000000093600000| PB 0x0000000093600000| Untracked 
| 310|0x0000000093600000, 0x0000000093700000, 0x0000000093700000|100%|HS|  |TAMS 0x0000000093700000| PB 0x0000000093600000| Complete 
| 311|0x0000000093700000, 0x0000000093800000, 0x0000000093800000|100%|HS|  |TAMS 0x0000000093800000| PB 0x0000000093700000| Complete 
| 312|0x0000000093800000, 0x0000000093900000, 0x0000000093900000|100%| O|  |TAMS 0x0000000093900000| PB 0x0000000093900000| Untracked 
| 313|0x0000000093900000, 0x0000000093a00000, 0x0000000093a00000|100%| O|  |TAMS 0x0000000093a00000| PB 0x0000000093a00000| Untracked 
| 314|0x0000000093a00000, 0x0000000093b00000, 0x0000000093b00000|100%| O|  |TAMS 0x0000000093b00000| PB 0x0000000093b00000| Untracked 
| 315|0x0000000093b00000, 0x0000000093c00000, 0x0000000093c00000|100%| O|  |TAMS 0x0000000093c00000| PB 0x0000000093c00000| Untracked 
| 316|0x0000000093c00000, 0x0000000093d00000, 0x0000000093d00000|100%| O|  |TAMS 0x0000000093d00000| PB 0x0000000093d00000| Untracked 
| 317|0x0000000093d00000, 0x0000000093dfffc0, 0x0000000093e00000| 99%| O|  |TAMS 0x0000000093dfffc0| PB 0x0000000093dfffc0| Untracked 
| 318|0x0000000093e00000, 0x0000000093effff0, 0x0000000093f00000| 99%| O|  |TAMS 0x0000000093effff0| PB 0x0000000093effff0| Untracked 
| 319|0x0000000093f00000, 0x0000000094000000, 0x0000000094000000|100%| O|  |TAMS 0x0000000094000000| PB 0x0000000094000000| Untracked 
| 320|0x0000000094000000, 0x00000000940ffff8, 0x0000000094100000| 99%| O|  |TAMS 0x00000000940ffff8| PB 0x00000000940ffff8| Untracked 
| 321|0x0000000094100000, 0x0000000094200000, 0x0000000094200000|100%| O|  |TAMS 0x0000000094200000| PB 0x0000000094200000| Untracked 
| 322|0x0000000094200000, 0x0000000094300000, 0x0000000094300000|100%| O|  |TAMS 0x0000000094300000| PB 0x0000000094300000| Untracked 
| 323|0x0000000094300000, 0x0000000094400000, 0x0000000094400000|100%| O|  |TAMS 0x0000000094400000| PB 0x0000000094400000| Untracked 
| 324|0x0000000094400000, 0x00000000944ffff8, 0x0000000094500000| 99%| O|  |TAMS 0x00000000944ffff8| PB 0x00000000944ffff8| Untracked 
| 325|0x0000000094500000, 0x00000000945ffff8, 0x0000000094600000| 99%| O|  |TAMS 0x00000000945ffff8| PB 0x00000000945ffff8| Untracked 
| 326|0x0000000094600000, 0x00000000946fff68, 0x0000000094700000| 99%| O|  |TAMS 0x00000000946fff68| PB 0x00000000946fff68| Untracked 
| 327|0x0000000094700000, 0x0000000094800000, 0x0000000094800000|100%| O|  |TAMS 0x0000000094800000| PB 0x0000000094800000| Untracked 
| 328|0x0000000094800000, 0x0000000094900000, 0x0000000094900000|100%| O|  |TAMS 0x0000000094900000| PB 0x0000000094900000| Untracked 
| 329|0x0000000094900000, 0x0000000094a00000, 0x0000000094a00000|100%| O|  |TAMS 0x0000000094a00000| PB 0x0000000094a00000| Untracked 
| 330|0x0000000094a00000, 0x0000000094affff8, 0x0000000094b00000| 99%| O|  |TAMS 0x0000000094affff8| PB 0x0000000094affff8| Untracked 
| 331|0x0000000094b00000, 0x0000000094bfffe8, 0x0000000094c00000| 99%| O|  |TAMS 0x0000000094bfffe8| PB 0x0000000094bfffe8| Untracked 
| 332|0x0000000094c00000, 0x0000000094cfffc0, 0x0000000094d00000| 99%| O|  |TAMS 0x0000000094cfffc0| PB 0x0000000094cfffc0| Untracked 
| 333|0x0000000094d00000, 0x0000000094e00000, 0x0000000094e00000|100%| O|  |TAMS 0x0000000094e00000| PB 0x0000000094e00000| Untracked 
| 334|0x0000000094e00000, 0x0000000094f00000, 0x0000000094f00000|100%|HS|  |TAMS 0x0000000094f00000| PB 0x0000000094e00000| Complete 
| 335|0x0000000094f00000, 0x0000000095000000, 0x0000000095000000|100%|HC|  |TAMS 0x0000000095000000| PB 0x0000000094f00000| Complete 
| 336|0x0000000095000000, 0x0000000095100000, 0x0000000095100000|100%|HS|  |TAMS 0x0000000095100000| PB 0x0000000095000000| Untracked 
| 337|0x0000000095100000, 0x00000000951fffe8, 0x0000000095200000| 99%| O|  |TAMS 0x00000000951fffe8| PB 0x00000000951fffe8| Untracked 
| 338|0x0000000095200000, 0x0000000095300000, 0x0000000095300000|100%| O|  |TAMS 0x0000000095300000| PB 0x0000000095300000| Untracked 
| 339|0x0000000095300000, 0x00000000953fffe0, 0x0000000095400000| 99%| O|  |TAMS 0x00000000953fffe0| PB 0x00000000953fffe0| Untracked 
| 340|0x0000000095400000, 0x0000000095500000, 0x0000000095500000|100%|HS|  |TAMS 0x0000000095500000| PB 0x0000000095400000| Complete 
| 341|0x0000000095500000, 0x0000000095600000, 0x0000000095600000|100%|HC|  |TAMS 0x0000000095600000| PB 0x0000000095500000| Complete 
| 342|0x0000000095600000, 0x0000000095700000, 0x0000000095700000|100%|HC|  |TAMS 0x0000000095700000| PB 0x0000000095600000| Complete 
| 343|0x0000000095700000, 0x00000000957ffff8, 0x0000000095800000| 99%| O|  |TAMS 0x00000000957ffff8| PB 0x00000000957ffff8| Untracked 
| 344|0x0000000095800000, 0x00000000958fffd8, 0x0000000095900000| 99%| O|  |TAMS 0x00000000958fffd8| PB 0x00000000958fffd8| Untracked 
| 345|0x0000000095900000, 0x0000000095a00000, 0x0000000095a00000|100%| O|  |TAMS 0x0000000095a00000| PB 0x0000000095a00000| Untracked 
| 346|0x0000000095a00000, 0x0000000095afffb0, 0x0000000095b00000| 99%| O|  |TAMS 0x0000000095afffb0| PB 0x0000000095afffb0| Untracked 
| 347|0x0000000095b00000, 0x0000000095bffff8, 0x0000000095c00000| 99%| O|  |TAMS 0x0000000095bffff8| PB 0x0000000095bffff8| Untracked 
| 348|0x0000000095c00000, 0x0000000095d00000, 0x0000000095d00000|100%| O|  |TAMS 0x0000000095d00000| PB 0x0000000095d00000| Untracked 
| 349|0x0000000095d00000, 0x0000000095e00000, 0x0000000095e00000|100%| O|  |TAMS 0x0000000095e00000| PB 0x0000000095e00000| Untracked 
| 350|0x0000000095e00000, 0x0000000095effff0, 0x0000000095f00000| 99%| O|  |TAMS 0x0000000095effff0| PB 0x0000000095effff0| Untracked 
| 351|0x0000000095f00000, 0x0000000096000000, 0x0000000096000000|100%| O|  |TAMS 0x0000000096000000| PB 0x0000000096000000| Untracked 
| 352|0x0000000096000000, 0x0000000096100000, 0x0000000096100000|100%| O|  |TAMS 0x0000000096100000| PB 0x0000000096100000| Untracked 
| 353|0x0000000096100000, 0x0000000096200000, 0x0000000096200000|100%| O|  |TAMS 0x0000000096200000| PB 0x0000000096200000| Untracked 
| 354|0x0000000096200000, 0x00000000962ffff0, 0x0000000096300000| 99%| O|  |TAMS 0x00000000962ffff0| PB 0x00000000962ffff0| Untracked 
| 355|0x0000000096300000, 0x00000000963fffb8, 0x0000000096400000| 99%| O|  |TAMS 0x00000000963fffb8| PB 0x00000000963fffb8| Untracked 
| 356|0x0000000096400000, 0x00000000964ffff8, 0x0000000096500000| 99%| O|  |TAMS 0x00000000964ffff8| PB 0x00000000964ffff8| Untracked 
| 357|0x0000000096500000, 0x00000000965fffe8, 0x0000000096600000| 99%| O|  |TAMS 0x00000000965fffe8| PB 0x00000000965fffe8| Untracked 
| 358|0x0000000096600000, 0x00000000966fffe0, 0x0000000096700000| 99%| O|  |TAMS 0x00000000966fffe0| PB 0x00000000966fffe0| Untracked 
| 359|0x0000000096700000, 0x0000000096800000, 0x0000000096800000|100%| O|  |TAMS 0x0000000096800000| PB 0x0000000096800000| Untracked 
| 360|0x0000000096800000, 0x00000000968ffff8, 0x0000000096900000| 99%| O|  |TAMS 0x00000000968ffff8| PB 0x00000000968ffff8| Untracked 
| 361|0x0000000096900000, 0x00000000969fffa8, 0x0000000096a00000| 99%| O|  |TAMS 0x00000000969fffa8| PB 0x00000000969fffa8| Untracked 
| 362|0x0000000096a00000, 0x0000000096afe448, 0x0000000096b00000| 99%| O|  |TAMS 0x0000000096afe448| PB 0x0000000096afe448| Untracked 
| 363|0x0000000096b00000, 0x0000000096bff778, 0x0000000096c00000| 99%| O|  |TAMS 0x0000000096bff778| PB 0x0000000096bff778| Untracked 
| 364|0x0000000096c00000, 0x0000000096d00000, 0x0000000096d00000|100%| O|  |TAMS 0x0000000096d00000| PB 0x0000000096d00000| Untracked 
| 365|0x0000000096d00000, 0x0000000096dffff8, 0x0000000096e00000| 99%| O|  |TAMS 0x0000000096dffff8| PB 0x0000000096dffff8| Untracked 
| 366|0x0000000096e00000, 0x0000000096effff8, 0x0000000096f00000| 99%| O|  |TAMS 0x0000000096effff8| PB 0x0000000096effff8| Untracked 
| 367|0x0000000096f00000, 0x0000000096ffffc0, 0x0000000097000000| 99%| O|  |TAMS 0x0000000096ffffc0| PB 0x0000000096ffffc0| Untracked 
| 368|0x0000000097000000, 0x00000000970fffa8, 0x0000000097100000| 99%| O|  |TAMS 0x00000000970fffa8| PB 0x00000000970fffa8| Untracked 
| 369|0x0000000097100000, 0x0000000097200000, 0x0000000097200000|100%| O|  |TAMS 0x0000000097200000| PB 0x0000000097200000| Untracked 
| 370|0x0000000097200000, 0x00000000972fffe8, 0x0000000097300000| 99%| O|  |TAMS 0x00000000972fffe8| PB 0x00000000972fffe8| Untracked 
| 371|0x0000000097300000, 0x0000000097400000, 0x0000000097400000|100%| O|  |TAMS 0x0000000097400000| PB 0x0000000097400000| Untracked 
| 372|0x0000000097400000, 0x00000000974ffff8, 0x0000000097500000| 99%| O|  |TAMS 0x00000000974ffff8| PB 0x00000000974ffff8| Untracked 
| 373|0x0000000097500000, 0x00000000975ffff8, 0x0000000097600000| 99%| O|  |TAMS 0x00000000975ffff8| PB 0x00000000975ffff8| Untracked 
| 374|0x0000000097600000, 0x00000000976fffe8, 0x0000000097700000| 99%| O|  |TAMS 0x00000000976fffe8| PB 0x00000000976fffe8| Untracked 
| 375|0x0000000097700000, 0x00000000977fffe8, 0x0000000097800000| 99%| O|  |TAMS 0x00000000977fffe8| PB 0x00000000977fffe8| Untracked 
| 376|0x0000000097800000, 0x00000000978fffd8, 0x0000000097900000| 99%| O|  |TAMS 0x00000000978fffd8| PB 0x00000000978fffd8| Untracked 
| 377|0x0000000097900000, 0x00000000979d9628, 0x0000000097a00000| 84%| O|  |TAMS 0x00000000979d9628| PB 0x00000000979d9628| Updating 
| 378|0x0000000097a00000, 0x0000000097b00000, 0x0000000097b00000|100%| O|  |TAMS 0x0000000097b00000| PB 0x0000000097b00000| Untracked 
| 379|0x0000000097b00000, 0x0000000097bffff0, 0x0000000097c00000| 99%| O|  |TAMS 0x0000000097bffff0| PB 0x0000000097bffff0| Untracked 
| 380|0x0000000097c00000, 0x0000000097cffff8, 0x0000000097d00000| 99%| O|  |TAMS 0x0000000097cffff8| PB 0x0000000097cffff8| Untracked 
| 381|0x0000000097d00000, 0x0000000097dfffd8, 0x0000000097e00000| 99%| O|  |TAMS 0x0000000097dfffd8| PB 0x0000000097dfffd8| Untracked 
| 382|0x0000000097e00000, 0x0000000097efffe8, 0x0000000097f00000| 99%| O|  |TAMS 0x0000000097efffe8| PB 0x0000000097efffe8| Untracked 
| 383|0x0000000097f00000, 0x0000000098000000, 0x0000000098000000|100%| O|  |TAMS 0x0000000098000000| PB 0x0000000098000000| Untracked 
| 384|0x0000000098000000, 0x0000000098100000, 0x0000000098100000|100%| O|  |TAMS 0x0000000098100000| PB 0x0000000098100000| Untracked 
| 385|0x0000000098100000, 0x0000000098200000, 0x0000000098200000|100%| O|  |TAMS 0x0000000098200000| PB 0x0000000098200000| Untracked 
| 386|0x0000000098200000, 0x00000000982fffe0, 0x0000000098300000| 99%| O|  |TAMS 0x00000000982fffe0| PB 0x00000000982fffe0| Untracked 
| 387|0x0000000098300000, 0x00000000983fffb0, 0x0000000098400000| 99%| O|  |TAMS 0x00000000983fffb0| PB 0x00000000983fffb0| Untracked 
| 388|0x0000000098400000, 0x00000000984ffff0, 0x0000000098500000| 99%| O|  |TAMS 0x00000000984ffff0| PB 0x00000000984ffff0| Untracked 
| 389|0x0000000098500000, 0x0000000098600000, 0x0000000098600000|100%| O|  |TAMS 0x0000000098600000| PB 0x0000000098600000| Untracked 
| 390|0x0000000098600000, 0x00000000986ffff8, 0x0000000098700000| 99%| O|  |TAMS 0x00000000986ffff8| PB 0x00000000986ffff8| Untracked 
| 391|0x0000000098700000, 0x00000000987ffff0, 0x0000000098800000| 99%| O|  |TAMS 0x00000000987ffff0| PB 0x00000000987ffff0| Untracked 
| 392|0x0000000098800000, 0x0000000098900000, 0x0000000098900000|100%|HS|  |TAMS 0x0000000098900000| PB 0x0000000098800000| Untracked 
| 393|0x0000000098900000, 0x00000000989ffff0, 0x0000000098a00000| 99%| O|  |TAMS 0x00000000989ffff0| PB 0x00000000989ffff0| Untracked 
| 394|0x0000000098a00000, 0x0000000098afffe8, 0x0000000098b00000| 99%| O|  |TAMS 0x0000000098afffe8| PB 0x0000000098afffe8| Untracked 
| 395|0x0000000098b00000, 0x0000000098c00000, 0x0000000098c00000|100%| O|  |TAMS 0x0000000098c00000| PB 0x0000000098c00000| Untracked 
| 396|0x0000000098c00000, 0x0000000098cffff8, 0x0000000098d00000| 99%| O|  |TAMS 0x0000000098cffff8| PB 0x0000000098cffff8| Untracked 
| 397|0x0000000098d00000, 0x0000000098dfff78, 0x0000000098e00000| 99%| O|  |TAMS 0x0000000098dfff78| PB 0x0000000098dfff78| Untracked 
| 398|0x0000000098e00000, 0x0000000098efffe8, 0x0000000098f00000| 99%| O|  |TAMS 0x0000000098efffe8| PB 0x0000000098efffe8| Untracked 
| 399|0x0000000098f00000, 0x0000000099000000, 0x0000000099000000|100%| O|  |TAMS 0x0000000099000000| PB 0x0000000099000000| Untracked 
| 400|0x0000000099000000, 0x00000000990fffd0, 0x0000000099100000| 99%| O|  |TAMS 0x00000000990fffd0| PB 0x00000000990fffd0| Untracked 
| 401|0x0000000099100000, 0x00000000991ffff0, 0x0000000099200000| 99%| O|  |TAMS 0x00000000991ffff0| PB 0x00000000991ffff0| Untracked 
| 402|0x0000000099200000, 0x00000000992ffff0, 0x0000000099300000| 99%| O|  |TAMS 0x00000000992ffff0| PB 0x00000000992ffff0| Untracked 
| 403|0x0000000099300000, 0x00000000993ffff8, 0x0000000099400000| 99%| O|  |TAMS 0x00000000993ffff8| PB 0x00000000993ffff8| Untracked 
| 404|0x0000000099400000, 0x0000000099500000, 0x0000000099500000|100%| O|  |TAMS 0x0000000099500000| PB 0x0000000099500000| Untracked 
| 405|0x0000000099500000, 0x00000000995fffe8, 0x0000000099600000| 99%| O|  |TAMS 0x00000000995fffe8| PB 0x00000000995fffe8| Untracked 
| 406|0x0000000099600000, 0x0000000099700000, 0x0000000099700000|100%| O|  |TAMS 0x0000000099700000| PB 0x0000000099700000| Untracked 
| 407|0x0000000099700000, 0x0000000099800000, 0x0000000099800000|100%| O|  |TAMS 0x0000000099800000| PB 0x0000000099800000| Untracked 
| 408|0x0000000099800000, 0x00000000998ffff0, 0x0000000099900000| 99%| O|  |TAMS 0x00000000998ffff0| PB 0x00000000998ffff0| Untracked 
| 409|0x0000000099900000, 0x0000000099a00000, 0x0000000099a00000|100%| O|  |TAMS 0x0000000099a00000| PB 0x0000000099a00000| Untracked 
| 410|0x0000000099a00000, 0x0000000099affff0, 0x0000000099b00000| 99%| O|  |TAMS 0x0000000099affff0| PB 0x0000000099affff0| Untracked 
| 411|0x0000000099b00000, 0x0000000099bffff0, 0x0000000099c00000| 99%| O|  |TAMS 0x0000000099bffff0| PB 0x0000000099bffff0| Untracked 
| 412|0x0000000099c00000, 0x0000000099cfcab8, 0x0000000099d00000| 98%| O|  |TAMS 0x0000000099cfcab8| PB 0x0000000099cfcab8| Untracked 
| 413|0x0000000099d00000, 0x0000000099dffff0, 0x0000000099e00000| 99%| O|  |TAMS 0x0000000099dffff0| PB 0x0000000099dffff0| Untracked 
| 414|0x0000000099e00000, 0x0000000099effee0, 0x0000000099f00000| 99%| O|  |TAMS 0x0000000099effee0| PB 0x0000000099effee0| Untracked 
| 415|0x0000000099f00000, 0x0000000099ffffe0, 0x000000009a000000| 99%| O|  |TAMS 0x0000000099ffffe0| PB 0x0000000099ffffe0| Untracked 
| 416|0x000000009a000000, 0x000000009a100000, 0x000000009a100000|100%| O|  |TAMS 0x000000009a100000| PB 0x000000009a100000| Untracked 
| 417|0x000000009a100000, 0x000000009a1fffe0, 0x000000009a200000| 99%| O|  |TAMS 0x000000009a1fffe0| PB 0x000000009a1fffe0| Untracked 
| 418|0x000000009a200000, 0x000000009a2ffff8, 0x000000009a300000| 99%| O|  |TAMS 0x000000009a2ffff8| PB 0x000000009a2ffff8| Untracked 
| 419|0x000000009a300000, 0x000000009a3fffa0, 0x000000009a400000| 99%| O|  |TAMS 0x000000009a3fffa0| PB 0x000000009a3fffa0| Untracked 
| 420|0x000000009a400000, 0x000000009a4fffe0, 0x000000009a500000| 99%| O|  |TAMS 0x000000009a4fffe0| PB 0x000000009a4fffe0| Untracked 
| 421|0x000000009a500000, 0x000000009a600000, 0x000000009a600000|100%| O|  |TAMS 0x000000009a600000| PB 0x000000009a600000| Untracked 
| 422|0x000000009a600000, 0x000000009a6fffa8, 0x000000009a700000| 99%| O|  |TAMS 0x000000009a6fffa8| PB 0x000000009a6fffa8| Untracked 
| 423|0x000000009a700000, 0x000000009a800000, 0x000000009a800000|100%| O|  |TAMS 0x000000009a800000| PB 0x000000009a800000| Untracked 
| 424|0x000000009a800000, 0x000000009a8ffcc8, 0x000000009a900000| 99%| O|  |TAMS 0x000000009a8ffcc8| PB 0x000000009a8ffcc8| Untracked 
| 425|0x000000009a900000, 0x000000009a9ffff8, 0x000000009aa00000| 99%| O|  |TAMS 0x000000009a9ffff8| PB 0x000000009a9ffff8| Untracked 
| 426|0x000000009aa00000, 0x000000009aaffff0, 0x000000009ab00000| 99%| O|  |TAMS 0x000000009aaffff0| PB 0x000000009aaffff0| Untracked 
| 427|0x000000009ab00000, 0x000000009abffff0, 0x000000009ac00000| 99%| O|  |TAMS 0x000000009abffff0| PB 0x000000009abffff0| Untracked 
| 428|0x000000009ac00000, 0x000000009acfffd8, 0x000000009ad00000| 99%| O|  |TAMS 0x000000009acfffd8| PB 0x000000009acfffd8| Untracked 
| 429|0x000000009ad00000, 0x000000009adffff8, 0x000000009ae00000| 99%| O|  |TAMS 0x000000009adffff8| PB 0x000000009adffff8| Untracked 
| 430|0x000000009ae00000, 0x000000009aef93c8, 0x000000009af00000| 97%| O|  |TAMS 0x000000009aef93c8| PB 0x000000009aef93c8| Untracked 
| 431|0x000000009af00000, 0x000000009affffd0, 0x000000009b000000| 99%| O|  |TAMS 0x000000009affffd0| PB 0x000000009affffd0| Untracked 
| 432|0x000000009b000000, 0x000000009b0fffb0, 0x000000009b100000| 99%| O|  |TAMS 0x000000009b0fffb0| PB 0x000000009b0fffb0| Untracked 
| 433|0x000000009b100000, 0x000000009b1ffff0, 0x000000009b200000| 99%| O|  |TAMS 0x000000009b1ffff0| PB 0x000000009b1ffff0| Untracked 
| 434|0x000000009b200000, 0x000000009b2fff78, 0x000000009b300000| 99%| O|  |TAMS 0x000000009b2fff78| PB 0x000000009b2fff78| Untracked 
| 435|0x000000009b300000, 0x000000009b3ffff8, 0x000000009b400000| 99%| O|  |TAMS 0x000000009b3ffff8| PB 0x000000009b3ffff8| Untracked 
| 436|0x000000009b400000, 0x000000009b500000, 0x000000009b500000|100%| O|  |TAMS 0x000000009b500000| PB 0x000000009b500000| Untracked 
| 437|0x000000009b500000, 0x000000009b600000, 0x000000009b600000|100%| O|  |TAMS 0x000000009b600000| PB 0x000000009b600000| Untracked 
| 438|0x000000009b600000, 0x000000009b6ffff8, 0x000000009b700000| 99%| O|  |TAMS 0x000000009b6ffff8| PB 0x000000009b6ffff8| Untracked 
| 439|0x000000009b700000, 0x000000009b7ffff8, 0x000000009b800000| 99%| O|  |TAMS 0x000000009b7ffff8| PB 0x000000009b7ffff8| Untracked 
| 440|0x000000009b800000, 0x000000009b8ffff8, 0x000000009b900000| 99%| O|  |TAMS 0x000000009b8ffff8| PB 0x000000009b8ffff8| Untracked 
| 441|0x000000009b900000, 0x000000009b9ffff8, 0x000000009ba00000| 99%| O|  |TAMS 0x000000009b9ffff8| PB 0x000000009b9ffff8| Updating 
| 442|0x000000009ba00000, 0x000000009bafffe0, 0x000000009bb00000| 99%| O|  |TAMS 0x000000009bafffe0| PB 0x000000009bafffe0| Untracked 
| 443|0x000000009bb00000, 0x000000009bbffff8, 0x000000009bc00000| 99%| O|  |TAMS 0x000000009bbffff8| PB 0x000000009bbffff8| Untracked 
| 444|0x000000009bc00000, 0x000000009bcfffc0, 0x000000009bd00000| 99%| O|  |TAMS 0x000000009bcfffc0| PB 0x000000009bcfffc0| Untracked 
| 445|0x000000009bd00000, 0x000000009bdffff8, 0x000000009be00000| 99%| O|  |TAMS 0x000000009bdffff8| PB 0x000000009bdffff8| Updating 
| 446|0x000000009be00000, 0x000000009befffc8, 0x000000009bf00000| 99%| O|  |TAMS 0x000000009befffc8| PB 0x000000009befffc8| Untracked 
| 447|0x000000009bf00000, 0x000000009bffffc8, 0x000000009c000000| 99%| O|  |TAMS 0x000000009bffffc8| PB 0x000000009bffffc8| Untracked 
| 448|0x000000009c000000, 0x000000009c0ffff8, 0x000000009c100000| 99%| O|  |TAMS 0x000000009c0ffff8| PB 0x000000009c0ffff8| Untracked 
| 449|0x000000009c100000, 0x000000009c200000, 0x000000009c200000|100%| O|  |TAMS 0x000000009c200000| PB 0x000000009c200000| Untracked 
| 450|0x000000009c200000, 0x000000009c2fffe8, 0x000000009c300000| 99%| O|  |TAMS 0x000000009c2fffe8| PB 0x000000009c2fffe8| Updating 
| 451|0x000000009c300000, 0x000000009c400000, 0x000000009c400000|100%|HS|  |TAMS 0x000000009c400000| PB 0x000000009c300000| Complete 
| 452|0x000000009c400000, 0x000000009c500000, 0x000000009c500000|100%|HC|  |TAMS 0x000000009c500000| PB 0x000000009c400000| Complete 
| 453|0x000000009c500000, 0x000000009c5fd378, 0x000000009c600000| 98%| O|  |TAMS 0x000000009c5fd378| PB 0x000000009c5fd378| Untracked 
| 454|0x000000009c600000, 0x000000009c6ffff8, 0x000000009c700000| 99%| O|  |TAMS 0x000000009c6ffff8| PB 0x000000009c6ffff8| Untracked 
| 455|0x000000009c700000, 0x000000009c800000, 0x000000009c800000|100%| O|  |TAMS 0x000000009c800000| PB 0x000000009c800000| Untracked 
| 456|0x000000009c800000, 0x000000009c8ffff0, 0x000000009c900000| 99%| O|  |TAMS 0x000000009c8ffff0| PB 0x000000009c8ffff0| Untracked 
| 457|0x000000009c900000, 0x000000009c9fffc0, 0x000000009ca00000| 99%| O|  |TAMS 0x000000009c9fffc0| PB 0x000000009c9fffc0| Untracked 
| 458|0x000000009ca00000, 0x000000009cafffe8, 0x000000009cb00000| 99%| O|  |TAMS 0x000000009cafffe8| PB 0x000000009cafffe8| Untracked 
| 459|0x000000009cb00000, 0x000000009cbffff0, 0x000000009cc00000| 99%| O|  |TAMS 0x000000009cbffff0| PB 0x000000009cbffff0| Untracked 
| 460|0x000000009cc00000, 0x000000009cd00000, 0x000000009cd00000|100%|HS|  |TAMS 0x000000009cd00000| PB 0x000000009cc00000| Untracked 
| 461|0x000000009cd00000, 0x000000009cdffff8, 0x000000009ce00000| 99%| O|  |TAMS 0x000000009cdffff8| PB 0x000000009cdffff8| Untracked 
| 462|0x000000009ce00000, 0x000000009cf00000, 0x000000009cf00000|100%| O|  |TAMS 0x000000009cf00000| PB 0x000000009cf00000| Untracked 
| 463|0x000000009cf00000, 0x000000009cfffff0, 0x000000009d000000| 99%| O|  |TAMS 0x000000009cfffff0| PB 0x000000009cfffff0| Untracked 
| 464|0x000000009d000000, 0x000000009d100000, 0x000000009d100000|100%| O|  |TAMS 0x000000009d100000| PB 0x000000009d100000| Untracked 
| 465|0x000000009d100000, 0x000000009d200000, 0x000000009d200000|100%| O|  |TAMS 0x000000009d200000| PB 0x000000009d200000| Untracked 
| 466|0x000000009d200000, 0x000000009d2ffff8, 0x000000009d300000| 99%| O|  |TAMS 0x000000009d2ffff8| PB 0x000000009d2ffff8| Untracked 
| 467|0x000000009d300000, 0x000000009d400000, 0x000000009d400000|100%| O|  |TAMS 0x000000009d400000| PB 0x000000009d400000| Untracked 
| 468|0x000000009d400000, 0x000000009d500000, 0x000000009d500000|100%| O|  |TAMS 0x000000009d500000| PB 0x000000009d500000| Untracked 
| 469|0x000000009d500000, 0x000000009d600000, 0x000000009d600000|100%| O|  |TAMS 0x000000009d600000| PB 0x000000009d600000| Untracked 
| 470|0x000000009d600000, 0x000000009d700000, 0x000000009d700000|100%| O|  |TAMS 0x000000009d700000| PB 0x000000009d700000| Untracked 
| 471|0x000000009d700000, 0x000000009d7fffe0, 0x000000009d800000| 99%| O|  |TAMS 0x000000009d7fffe0| PB 0x000000009d7fffe0| Untracked 
| 472|0x000000009d800000, 0x000000009d900000, 0x000000009d900000|100%| O|  |TAMS 0x000000009d900000| PB 0x000000009d900000| Untracked 
| 473|0x000000009d900000, 0x000000009d9ffff8, 0x000000009da00000| 99%| O|  |TAMS 0x000000009d9ffff8| PB 0x000000009d9ffff8| Untracked 
| 474|0x000000009da00000, 0x000000009daffff0, 0x000000009db00000| 99%| O|  |TAMS 0x000000009daffff0| PB 0x000000009daffff0| Untracked 
| 475|0x000000009db00000, 0x000000009dc00000, 0x000000009dc00000|100%| O|  |TAMS 0x000000009dc00000| PB 0x000000009dc00000| Untracked 
| 476|0x000000009dc00000, 0x000000009dd00000, 0x000000009dd00000|100%| O|  |TAMS 0x000000009dd00000| PB 0x000000009dd00000| Updating 
| 477|0x000000009dd00000, 0x000000009de00000, 0x000000009de00000|100%|HS|  |TAMS 0x000000009de00000| PB 0x000000009dd00000| Complete 
| 478|0x000000009de00000, 0x000000009df00000, 0x000000009df00000|100%|HC|  |TAMS 0x000000009df00000| PB 0x000000009de00000| Complete 
| 479|0x000000009df00000, 0x000000009e000000, 0x000000009e000000|100%|HS|  |TAMS 0x000000009e000000| PB 0x000000009df00000| Complete 
| 480|0x000000009e000000, 0x000000009e100000, 0x000000009e100000|100%|HC|  |TAMS 0x000000009e100000| PB 0x000000009e000000| Complete 
| 481|0x000000009e100000, 0x000000009e200000, 0x000000009e200000|100%|HC|  |TAMS 0x000000009e200000| PB 0x000000009e100000| Complete 
| 482|0x000000009e200000, 0x000000009e300000, 0x000000009e300000|100%|HC|  |TAMS 0x000000009e300000| PB 0x000000009e200000| Complete 
| 483|0x000000009e300000, 0x000000009e400000, 0x000000009e400000|100%|HC|  |TAMS 0x000000009e400000| PB 0x000000009e300000| Complete 
| 484|0x000000009e400000, 0x000000009e500000, 0x000000009e500000|100%| O|  |TAMS 0x000000009e500000| PB 0x000000009e500000| Untracked 
| 485|0x000000009e500000, 0x000000009e5ffff8, 0x000000009e600000| 99%| O|  |TAMS 0x000000009e5ffff8| PB 0x000000009e5ffff8| Untracked 
| 486|0x000000009e600000, 0x000000009e6ffff8, 0x000000009e700000| 99%| O|  |TAMS 0x000000009e6ffff8| PB 0x000000009e6ffff8| Untracked 
| 487|0x000000009e700000, 0x000000009e800000, 0x000000009e800000|100%| O|  |TAMS 0x000000009e800000| PB 0x000000009e800000| Untracked 
| 488|0x000000009e800000, 0x000000009e900000, 0x000000009e900000|100%| O|  |TAMS 0x000000009e900000| PB 0x000000009e900000| Untracked 
| 489|0x000000009e900000, 0x000000009e9ffff8, 0x000000009ea00000| 99%| O|  |TAMS 0x000000009e9ffff8| PB 0x000000009e9ffff8| Untracked 
| 490|0x000000009ea00000, 0x000000009eafffe0, 0x000000009eb00000| 99%| O|  |TAMS 0x000000009eafffe0| PB 0x000000009eafffe0| Updating 
| 491|0x000000009eb00000, 0x000000009ebffff0, 0x000000009ec00000| 99%| O|  |TAMS 0x000000009ebffff0| PB 0x000000009ebffff0| Untracked 
| 492|0x000000009ec00000, 0x000000009ecf7a58, 0x000000009ed00000| 96%| O|  |TAMS 0x000000009ecf7a58| PB 0x000000009ecf7a58| Untracked 
| 493|0x000000009ed00000, 0x000000009ed97b58, 0x000000009ee00000| 59%| O|  |TAMS 0x000000009ed97b58| PB 0x000000009ed97b58| Updating 
| 494|0x000000009ee00000, 0x000000009ef00000, 0x000000009ef00000|100%| O|  |TAMS 0x000000009ef00000| PB 0x000000009ef00000| Updating 
| 495|0x000000009ef00000, 0x000000009efffff8, 0x000000009f000000| 99%| O|  |TAMS 0x000000009efffff8| PB 0x000000009efffff8| Untracked 
| 496|0x000000009f000000, 0x000000009f0ffff8, 0x000000009f100000| 99%| O|  |TAMS 0x000000009f0ffff8| PB 0x000000009f0ffff8| Untracked 
| 497|0x000000009f100000, 0x000000009f1ffff0, 0x000000009f200000| 99%| O|  |TAMS 0x000000009f1ffff0| PB 0x000000009f1ffff0| Updating 
| 498|0x000000009f200000, 0x000000009f2ffff0, 0x000000009f300000| 99%| O|  |TAMS 0x000000009f2ffff0| PB 0x000000009f2ffff0| Untracked 
| 499|0x000000009f300000, 0x000000009f372308, 0x000000009f400000| 44%| O|  |TAMS 0x000000009f372308| PB 0x000000009f372308| Updating 
| 500|0x000000009f400000, 0x000000009f4fffe8, 0x000000009f500000| 99%| O|  |TAMS 0x000000009f4fffe8| PB 0x000000009f4fffe8| Updating 
| 501|0x000000009f500000, 0x000000009f5fffe0, 0x000000009f600000| 99%| O|  |TAMS 0x000000009f5fffe0| PB 0x000000009f5fffe0| Untracked 
| 502|0x000000009f600000, 0x000000009f6ec740, 0x000000009f700000| 92%| O|  |TAMS 0x000000009f6ec740| PB 0x000000009f6ec740| Updating 
| 503|0x000000009f700000, 0x000000009f7fffc8, 0x000000009f800000| 99%| O|  |TAMS 0x000000009f7fffc8| PB 0x000000009f7fffc8| Untracked 
| 504|0x000000009f800000, 0x000000009f900000, 0x000000009f900000|100%| O|  |TAMS 0x000000009f900000| PB 0x000000009f900000| Untracked 
| 505|0x000000009f900000, 0x000000009fa00000, 0x000000009fa00000|100%| O|  |TAMS 0x000000009fa00000| PB 0x000000009fa00000| Untracked 
| 506|0x000000009fa00000, 0x000000009fafc020, 0x000000009fb00000| 98%| O|  |TAMS 0x000000009fafc020| PB 0x000000009fafc020| Updating 
| 507|0x000000009fb00000, 0x000000009fbf4b30, 0x000000009fc00000| 95%| O|  |TAMS 0x000000009fbf4b30| PB 0x000000009fbf4b30| Updating 
| 508|0x000000009fc00000, 0x000000009fcffff0, 0x000000009fd00000| 99%| O|  |TAMS 0x000000009fcffff0| PB 0x000000009fcffff0| Untracked 
| 509|0x000000009fd00000, 0x000000009fdf2ea0, 0x000000009fe00000| 94%| O|  |TAMS 0x000000009fdf2ea0| PB 0x000000009fdf2ea0| Untracked 
| 510|0x000000009fe00000, 0x000000009fefffc0, 0x000000009ff00000| 99%| O|  |TAMS 0x000000009fefffc0| PB 0x000000009fefffc0| Untracked 
| 511|0x000000009ff00000, 0x000000009fffffe8, 0x00000000a0000000| 99%| O|  |TAMS 0x000000009fffffe8| PB 0x000000009fffffe8| Untracked 
| 512|0x00000000a0000000, 0x00000000a0000000, 0x00000000a0100000|  0%| F|  |TAMS 0x00000000a0000000| PB 0x00000000a0000000| Untracked 
| 513|0x00000000a0100000, 0x00000000a0100000, 0x00000000a0200000|  0%| F|  |TAMS 0x00000000a0100000| PB 0x00000000a0100000| Untracked 
| 514|0x00000000a0200000, 0x00000000a025c028, 0x00000000a0300000| 35%| O|  |TAMS 0x00000000a025c028| PB 0x00000000a025c028| Updating 
| 515|0x00000000a0300000, 0x00000000a03a3780, 0x00000000a0400000| 63%| O|  |TAMS 0x00000000a03a3780| PB 0x00000000a03a3780| Updating 
| 516|0x00000000a0400000, 0x00000000a04fe438, 0x00000000a0500000| 99%| O|  |TAMS 0x00000000a04fe438| PB 0x00000000a04fe438| Untracked 
| 517|0x00000000a0500000, 0x00000000a0600000, 0x00000000a0600000|100%| O|  |TAMS 0x00000000a0600000| PB 0x00000000a0600000| Untracked 
| 518|0x00000000a0600000, 0x00000000a0700000, 0x00000000a0700000|100%| O|  |TAMS 0x00000000a0700000| PB 0x00000000a0700000| Updating 
| 519|0x00000000a0700000, 0x00000000a07ffff8, 0x00000000a0800000| 99%| O|  |TAMS 0x00000000a07ffff8| PB 0x00000000a07ffff8| Untracked 
| 520|0x00000000a0800000, 0x00000000a0900000, 0x00000000a0900000|100%| O|  |TAMS 0x00000000a0900000| PB 0x00000000a0900000| Untracked 
| 521|0x00000000a0900000, 0x00000000a0900000, 0x00000000a0a00000|  0%| F|  |TAMS 0x00000000a0900000| PB 0x00000000a0900000| Untracked 
| 522|0x00000000a0a00000, 0x00000000a0ad5708, 0x00000000a0b00000| 83%| O|  |TAMS 0x00000000a0ad5708| PB 0x00000000a0ad5708| Updating 
| 523|0x00000000a0b00000, 0x00000000a0bf0668, 0x00000000a0c00000| 93%| O|  |TAMS 0x00000000a0bf0668| PB 0x00000000a0bf0668| Updating 
| 524|0x00000000a0c00000, 0x00000000a0d00000, 0x00000000a0d00000|100%| O|  |TAMS 0x00000000a0d00000| PB 0x00000000a0d00000| Untracked 
| 525|0x00000000a0d00000, 0x00000000a0dfffe8, 0x00000000a0e00000| 99%| O|  |TAMS 0x00000000a0dfffe8| PB 0x00000000a0dfffe8| Updating 
| 526|0x00000000a0e00000, 0x00000000a0f00000, 0x00000000a0f00000|100%| O|  |TAMS 0x00000000a0f00000| PB 0x00000000a0f00000| Untracked 
| 527|0x00000000a0f00000, 0x00000000a1000000, 0x00000000a1000000|100%| O|  |TAMS 0x00000000a1000000| PB 0x00000000a1000000| Untracked 
| 528|0x00000000a1000000, 0x00000000a1100000, 0x00000000a1100000|100%|HS|  |TAMS 0x00000000a1100000| PB 0x00000000a1000000| Complete 
| 529|0x00000000a1100000, 0x00000000a1200000, 0x00000000a1200000|100%|HC|  |TAMS 0x00000000a1200000| PB 0x00000000a1100000| Complete 
| 530|0x00000000a1200000, 0x00000000a1300000, 0x00000000a1300000|100%|HC|  |TAMS 0x00000000a1300000| PB 0x00000000a1200000| Complete 
| 531|0x00000000a1300000, 0x00000000a1400000, 0x00000000a1400000|100%|HC|  |TAMS 0x00000000a1400000| PB 0x00000000a1300000| Complete 
| 532|0x00000000a1400000, 0x00000000a1500000, 0x00000000a1500000|100%|HC|  |TAMS 0x00000000a1500000| PB 0x00000000a1400000| Complete 
| 533|0x00000000a1500000, 0x00000000a1600000, 0x00000000a1600000|100%|HC|  |TAMS 0x00000000a1600000| PB 0x00000000a1500000| Complete 
| 534|0x00000000a1600000, 0x00000000a16ffff0, 0x00000000a1700000| 99%| O|  |TAMS 0x00000000a16ffff0| PB 0x00000000a16ffff0| Untracked 
| 535|0x00000000a1700000, 0x00000000a1800000, 0x00000000a1800000|100%| O|  |TAMS 0x00000000a1800000| PB 0x00000000a1800000| Untracked 
| 536|0x00000000a1800000, 0x00000000a18a49c8, 0x00000000a1900000| 64%| O|  |TAMS 0x00000000a18a49c8| PB 0x00000000a18a49c8| Updating 
| 537|0x00000000a1900000, 0x00000000a1a00000, 0x00000000a1a00000|100%| O|  |TAMS 0x00000000a1a00000| PB 0x00000000a1a00000| Untracked 
| 538|0x00000000a1a00000, 0x00000000a1affff8, 0x00000000a1b00000| 99%| O|  |TAMS 0x00000000a1affff8| PB 0x00000000a1affff8| Updating 
| 539|0x00000000a1b00000, 0x00000000a1c00000, 0x00000000a1c00000|100%|HS|  |TAMS 0x00000000a1c00000| PB 0x00000000a1b00000| Complete 
| 540|0x00000000a1c00000, 0x00000000a1cffff8, 0x00000000a1d00000| 99%| O|  |TAMS 0x00000000a1cffff8| PB 0x00000000a1cffff8| Untracked 
| 541|0x00000000a1d00000, 0x00000000a1e00000, 0x00000000a1e00000|100%| O|  |TAMS 0x00000000a1e00000| PB 0x00000000a1e00000| Untracked 
| 542|0x00000000a1e00000, 0x00000000a1f00000, 0x00000000a1f00000|100%| O|  |TAMS 0x00000000a1f00000| PB 0x00000000a1f00000| Untracked 
| 543|0x00000000a1f00000, 0x00000000a2000000, 0x00000000a2000000|100%| O|  |TAMS 0x00000000a2000000| PB 0x00000000a2000000| Updating 
| 544|0x00000000a2000000, 0x00000000a2000000, 0x00000000a2100000|  0%| F|  |TAMS 0x00000000a2000000| PB 0x00000000a2000000| Untracked 
| 545|0x00000000a2100000, 0x00000000a2100000, 0x00000000a2200000|  0%| F|  |TAMS 0x00000000a2100000| PB 0x00000000a2100000| Untracked 
| 546|0x00000000a2200000, 0x00000000a2200000, 0x00000000a2300000|  0%| F|  |TAMS 0x00000000a2200000| PB 0x00000000a2200000| Untracked 
| 547|0x00000000a2300000, 0x00000000a2400000, 0x00000000a2400000|100%| O|  |TAMS 0x00000000a2400000| PB 0x00000000a2400000| Updating 
| 548|0x00000000a2400000, 0x00000000a2500000, 0x00000000a2500000|100%| O|  |TAMS 0x00000000a2500000| PB 0x00000000a2500000| Untracked 
| 549|0x00000000a2500000, 0x00000000a2500000, 0x00000000a2600000|  0%| F|  |TAMS 0x00000000a2500000| PB 0x00000000a2500000| Untracked 
| 550|0x00000000a2600000, 0x00000000a2700000, 0x00000000a2700000|100%| O|  |TAMS 0x00000000a2700000| PB 0x00000000a2700000| Updating 
| 551|0x00000000a2700000, 0x00000000a2700000, 0x00000000a2800000|  0%| F|  |TAMS 0x00000000a2700000| PB 0x00000000a2700000| Untracked 
| 552|0x00000000a2800000, 0x00000000a2800000, 0x00000000a2900000|  0%| F|  |TAMS 0x00000000a2800000| PB 0x00000000a2800000| Untracked 
| 553|0x00000000a2900000, 0x00000000a2900000, 0x00000000a2a00000|  0%| F|  |TAMS 0x00000000a2900000| PB 0x00000000a2900000| Untracked 
| 554|0x00000000a2a00000, 0x00000000a2a4e060, 0x00000000a2b00000| 30%| O|  |TAMS 0x00000000a2a4e060| PB 0x00000000a2a4e060| Updating 
| 555|0x00000000a2b00000, 0x00000000a2bab8a8, 0x00000000a2c00000| 67%| O|  |TAMS 0x00000000a2bab8a8| PB 0x00000000a2bab8a8| Updating 
| 556|0x00000000a2c00000, 0x00000000a2c00000, 0x00000000a2d00000|  0%| F|  |TAMS 0x00000000a2c00000| PB 0x00000000a2c00000| Untracked 
| 557|0x00000000a2d00000, 0x00000000a2d00000, 0x00000000a2e00000|  0%| F|  |TAMS 0x00000000a2d00000| PB 0x00000000a2d00000| Untracked 
| 558|0x00000000a2e00000, 0x00000000a2efffe0, 0x00000000a2f00000| 99%| O|  |TAMS 0x00000000a2efffe0| PB 0x00000000a2efffe0| Untracked 
| 559|0x00000000a2f00000, 0x00000000a2f00000, 0x00000000a3000000|  0%| F|  |TAMS 0x00000000a2f00000| PB 0x00000000a2f00000| Untracked 
| 560|0x00000000a3000000, 0x00000000a3100000, 0x00000000a3100000|100%| O|  |TAMS 0x00000000a3100000| PB 0x00000000a3100000| Updating 
| 561|0x00000000a3100000, 0x00000000a3100000, 0x00000000a3200000|  0%| F|  |TAMS 0x00000000a3100000| PB 0x00000000a3100000| Untracked 
| 562|0x00000000a3200000, 0x00000000a3300000, 0x00000000a3300000|100%| O|  |TAMS 0x00000000a3300000| PB 0x00000000a3300000| Updating 
| 563|0x00000000a3300000, 0x00000000a3400000, 0x00000000a3400000|100%| O|  |TAMS 0x00000000a3400000| PB 0x00000000a3400000| Untracked 
| 564|0x00000000a3400000, 0x00000000a3500000, 0x00000000a3500000|100%| O|  |TAMS 0x00000000a3500000| PB 0x00000000a3500000| Updating 
| 565|0x00000000a3500000, 0x00000000a3500000, 0x00000000a3600000|  0%| F|  |TAMS 0x00000000a3500000| PB 0x00000000a3500000| Untracked 
| 566|0x00000000a3600000, 0x00000000a3600000, 0x00000000a3700000|  0%| F|  |TAMS 0x00000000a3600000| PB 0x00000000a3600000| Untracked 
| 567|0x00000000a3700000, 0x00000000a3800000, 0x00000000a3800000|100%| O|  |TAMS 0x00000000a3800000| PB 0x00000000a3800000| Untracked 
| 568|0x00000000a3800000, 0x00000000a3900000, 0x00000000a3900000|100%| O|  |TAMS 0x00000000a3900000| PB 0x00000000a3900000| Updating 
| 569|0x00000000a3900000, 0x00000000a3a00000, 0x00000000a3a00000|100%| O|  |TAMS 0x00000000a3a00000| PB 0x00000000a3a00000| Updating 
| 570|0x00000000a3a00000, 0x00000000a3a00000, 0x00000000a3b00000|  0%| F|  |TAMS 0x00000000a3a00000| PB 0x00000000a3a00000| Untracked 
| 571|0x00000000a3b00000, 0x00000000a3c00000, 0x00000000a3c00000|100%| O|  |TAMS 0x00000000a3c00000| PB 0x00000000a3c00000| Untracked 
| 572|0x00000000a3c00000, 0x00000000a3d00000, 0x00000000a3d00000|100%| O|  |TAMS 0x00000000a3d00000| PB 0x00000000a3d00000| Updating 
| 573|0x00000000a3d00000, 0x00000000a3d00000, 0x00000000a3e00000|  0%| F|  |TAMS 0x00000000a3d00000| PB 0x00000000a3d00000| Untracked 
| 574|0x00000000a3e00000, 0x00000000a3f00000, 0x00000000a3f00000|100%| O|  |TAMS 0x00000000a3f00000| PB 0x00000000a3f00000| Updating 
| 575|0x00000000a3f00000, 0x00000000a4000000, 0x00000000a4000000|100%| O|  |TAMS 0x00000000a3f00000| PB 0x00000000a3f00000| Untracked 
| 576|0x00000000a4000000, 0x00000000a40a9b70, 0x00000000a4100000| 66%| O|  |TAMS 0x00000000a40a9b70| PB 0x00000000a40a9b70| Updating 
| 577|0x00000000a4100000, 0x00000000a4200000, 0x00000000a4200000|100%| O|  |TAMS 0x00000000a4200000| PB 0x00000000a4200000| Updating 
| 578|0x00000000a4200000, 0x00000000a4300000, 0x00000000a4300000|100%| O|  |TAMS 0x00000000a4300000| PB 0x00000000a4300000| Updating 
| 579|0x00000000a4300000, 0x00000000a4400000, 0x00000000a4400000|100%| O|  |TAMS 0x00000000a4400000| PB 0x00000000a4400000| Updating 
| 580|0x00000000a4400000, 0x00000000a4500000, 0x00000000a4500000|100%| O|  |TAMS 0x00000000a4500000| PB 0x00000000a4500000| Updating 
| 581|0x00000000a4500000, 0x00000000a4600000, 0x00000000a4600000|100%| O|  |TAMS 0x00000000a4600000| PB 0x00000000a4600000| Updating 
| 582|0x00000000a4600000, 0x00000000a4700000, 0x00000000a4700000|100%| O|  |TAMS 0x00000000a4700000| PB 0x00000000a4700000| Updating 
| 583|0x00000000a4700000, 0x00000000a4800000, 0x00000000a4800000|100%| O|  |TAMS 0x00000000a4800000| PB 0x00000000a4800000| Updating 
| 584|0x00000000a4800000, 0x00000000a4900000, 0x00000000a4900000|100%| O|  |TAMS 0x00000000a4900000| PB 0x00000000a4900000| Updating 
| 585|0x00000000a4900000, 0x00000000a4a00000, 0x00000000a4a00000|100%| O|  |TAMS 0x00000000a4a00000| PB 0x00000000a4a00000| Updating 
| 586|0x00000000a4a00000, 0x00000000a4b00000, 0x00000000a4b00000|100%| O|  |TAMS 0x00000000a4b00000| PB 0x00000000a4b00000| Updating 
| 587|0x00000000a4b00000, 0x00000000a4b00000, 0x00000000a4c00000|  0%| F|  |TAMS 0x00000000a4b00000| PB 0x00000000a4b00000| Untracked 
| 588|0x00000000a4c00000, 0x00000000a4c00000, 0x00000000a4d00000|  0%| F|  |TAMS 0x00000000a4c00000| PB 0x00000000a4c00000| Untracked 
| 589|0x00000000a4d00000, 0x00000000a4e00000, 0x00000000a4e00000|100%| O|  |TAMS 0x00000000a4d00000| PB 0x00000000a4d00000| Untracked 
| 590|0x00000000a4e00000, 0x00000000a4e00000, 0x00000000a4f00000|  0%| F|  |TAMS 0x00000000a4e00000| PB 0x00000000a4e00000| Untracked 
| 591|0x00000000a4f00000, 0x00000000a4f00000, 0x00000000a5000000|  0%| F|  |TAMS 0x00000000a4f00000| PB 0x00000000a4f00000| Untracked 
| 592|0x00000000a5000000, 0x00000000a5100000, 0x00000000a5100000|100%| O|  |TAMS 0x00000000a5000000| PB 0x00000000a5000000| Untracked 
| 593|0x00000000a5100000, 0x00000000a5200000, 0x00000000a5200000|100%| O|  |TAMS 0x00000000a5100000| PB 0x00000000a5100000| Untracked 
| 594|0x00000000a5200000, 0x00000000a5200000, 0x00000000a5300000|  0%| F|  |TAMS 0x00000000a5200000| PB 0x00000000a5200000| Untracked 
| 595|0x00000000a5300000, 0x00000000a5300000, 0x00000000a5400000|  0%| F|  |TAMS 0x00000000a5300000| PB 0x00000000a5300000| Untracked 
| 596|0x00000000a5400000, 0x00000000a5400000, 0x00000000a5500000|  0%| F|  |TAMS 0x00000000a5400000| PB 0x00000000a5400000| Untracked 
| 597|0x00000000a5500000, 0x00000000a5600000, 0x00000000a5600000|100%| O|  |TAMS 0x00000000a5500000| PB 0x00000000a5500000| Untracked 
| 598|0x00000000a5600000, 0x00000000a5700000, 0x00000000a5700000|100%| O|  |TAMS 0x00000000a5600000| PB 0x00000000a5600000| Untracked 
| 599|0x00000000a5700000, 0x00000000a5800000, 0x00000000a5800000|100%| O|  |TAMS 0x00000000a5700000| PB 0x00000000a5700000| Untracked 
| 600|0x00000000a5800000, 0x00000000a5800000, 0x00000000a5900000|  0%| F|  |TAMS 0x00000000a5800000| PB 0x00000000a5800000| Untracked 
| 601|0x00000000a5900000, 0x00000000a5900000, 0x00000000a5a00000|  0%| F|  |TAMS 0x00000000a5900000| PB 0x00000000a5900000| Untracked 
| 602|0x00000000a5a00000, 0x00000000a5a00000, 0x00000000a5b00000|  0%| F|  |TAMS 0x00000000a5a00000| PB 0x00000000a5a00000| Untracked 
| 603|0x00000000a5b00000, 0x00000000a5b00000, 0x00000000a5c00000|  0%| F|  |TAMS 0x00000000a5b00000| PB 0x00000000a5b00000| Untracked 
| 604|0x00000000a5c00000, 0x00000000a5c00000, 0x00000000a5d00000|  0%| F|  |TAMS 0x00000000a5c00000| PB 0x00000000a5c00000| Untracked 
| 605|0x00000000a5d00000, 0x00000000a5e00000, 0x00000000a5e00000|100%| O|  |TAMS 0x00000000a5e00000| PB 0x00000000a5e00000| Updating 
| 606|0x00000000a5e00000, 0x00000000a5f00000, 0x00000000a5f00000|100%| O|  |TAMS 0x00000000a5f00000| PB 0x00000000a5f00000| Updating 
| 607|0x00000000a5f00000, 0x00000000a5f00000, 0x00000000a6000000|  0%| F|  |TAMS 0x00000000a5f00000| PB 0x00000000a5f00000| Untracked 
| 608|0x00000000a6000000, 0x00000000a6100000, 0x00000000a6100000|100%| O|  |TAMS 0x00000000a6000000| PB 0x00000000a6000000| Untracked 
| 609|0x00000000a6100000, 0x00000000a6200000, 0x00000000a6200000|100%| O|  |TAMS 0x00000000a6100000| PB 0x00000000a6100000| Untracked 
| 610|0x00000000a6200000, 0x00000000a6300000, 0x00000000a6300000|100%| O|  |TAMS 0x00000000a6200000| PB 0x00000000a6200000| Untracked 
| 611|0x00000000a6300000, 0x00000000a6400000, 0x00000000a6400000|100%| O|  |TAMS 0x00000000a6300000| PB 0x00000000a6300000| Untracked 
| 612|0x00000000a6400000, 0x00000000a6500000, 0x00000000a6500000|100%| O|  |TAMS 0x00000000a6400000| PB 0x00000000a6400000| Untracked 
| 613|0x00000000a6500000, 0x00000000a6500000, 0x00000000a6600000|  0%| F|  |TAMS 0x00000000a6500000| PB 0x00000000a6500000| Untracked 
| 614|0x00000000a6600000, 0x00000000a6600000, 0x00000000a6700000|  0%| F|  |TAMS 0x00000000a6600000| PB 0x00000000a6600000| Untracked 
| 615|0x00000000a6700000, 0x00000000a6700000, 0x00000000a6800000|  0%| F|  |TAMS 0x00000000a6700000| PB 0x00000000a6700000| Untracked 
| 616|0x00000000a6800000, 0x00000000a6800000, 0x00000000a6900000|  0%| F|  |TAMS 0x00000000a6800000| PB 0x00000000a6800000| Untracked 
| 617|0x00000000a6900000, 0x00000000a6900000, 0x00000000a6a00000|  0%| F|  |TAMS 0x00000000a6900000| PB 0x00000000a6900000| Untracked 
| 618|0x00000000a6a00000, 0x00000000a6a00000, 0x00000000a6b00000|  0%| F|  |TAMS 0x00000000a6a00000| PB 0x00000000a6a00000| Untracked 
| 619|0x00000000a6b00000, 0x00000000a6b00000, 0x00000000a6c00000|  0%| F|  |TAMS 0x00000000a6b00000| PB 0x00000000a6b00000| Untracked 
| 620|0x00000000a6c00000, 0x00000000a6c00000, 0x00000000a6d00000|  0%| F|  |TAMS 0x00000000a6c00000| PB 0x00000000a6c00000| Untracked 
| 621|0x00000000a6d00000, 0x00000000a6d00000, 0x00000000a6e00000|  0%| F|  |TAMS 0x00000000a6d00000| PB 0x00000000a6d00000| Untracked 
| 622|0x00000000a6e00000, 0x00000000a6f00000, 0x00000000a6f00000|100%| O|  |TAMS 0x00000000a6f00000| PB 0x00000000a6f00000| Updating 
| 623|0x00000000a6f00000, 0x00000000a7000000, 0x00000000a7000000|100%| O|  |TAMS 0x00000000a6f00000| PB 0x00000000a6f00000| Untracked 
| 624|0x00000000a7000000, 0x00000000a7100000, 0x00000000a7100000|100%| O|  |TAMS 0x00000000a7100000| PB 0x00000000a7100000| Updating 
| 625|0x00000000a7100000, 0x00000000a7200000, 0x00000000a7200000|100%| O|  |TAMS 0x00000000a7200000| PB 0x00000000a7200000| Updating 
| 626|0x00000000a7200000, 0x00000000a7200000, 0x00000000a7300000|  0%| F|  |TAMS 0x00000000a7200000| PB 0x00000000a7200000| Untracked 
| 627|0x00000000a7300000, 0x00000000a7400000, 0x00000000a7400000|100%| O|  |TAMS 0x00000000a7400000| PB 0x00000000a7400000| Updating 
| 628|0x00000000a7400000, 0x00000000a7500000, 0x00000000a7500000|100%| O|  |TAMS 0x00000000a7400000| PB 0x00000000a7400000| Untracked 
| 629|0x00000000a7500000, 0x00000000a7600000, 0x00000000a7600000|100%| O|  |TAMS 0x00000000a7600000| PB 0x00000000a7600000| Updating 
| 630|0x00000000a7600000, 0x00000000a7700000, 0x00000000a7700000|100%| O|  |TAMS 0x00000000a7700000| PB 0x00000000a7700000| Untracked 
| 631|0x00000000a7700000, 0x00000000a7700000, 0x00000000a7800000|  0%| F|  |TAMS 0x00000000a7700000| PB 0x00000000a7700000| Untracked 
| 632|0x00000000a7800000, 0x00000000a7800000, 0x00000000a7900000|  0%| F|  |TAMS 0x00000000a7800000| PB 0x00000000a7800000| Untracked 
| 633|0x00000000a7900000, 0x00000000a7a00000, 0x00000000a7a00000|100%| O|  |TAMS 0x00000000a7900000| PB 0x00000000a7900000| Untracked 
| 634|0x00000000a7a00000, 0x00000000a7b00000, 0x00000000a7b00000|100%| O|  |TAMS 0x00000000a7a00000| PB 0x00000000a7a00000| Untracked 
| 635|0x00000000a7b00000, 0x00000000a7c00000, 0x00000000a7c00000|100%| O|  |TAMS 0x00000000a7b00000| PB 0x00000000a7b00000| Untracked 
| 636|0x00000000a7c00000, 0x00000000a7d00000, 0x00000000a7d00000|100%| O|  |TAMS 0x00000000a7d00000| PB 0x00000000a7d00000| Updating 
| 637|0x00000000a7d00000, 0x00000000a7d00000, 0x00000000a7e00000|  0%| F|  |TAMS 0x00000000a7d00000| PB 0x00000000a7d00000| Untracked 
| 638|0x00000000a7e00000, 0x00000000a7e00000, 0x00000000a7f00000|  0%| F|  |TAMS 0x00000000a7e00000| PB 0x00000000a7e00000| Untracked 
| 639|0x00000000a7f00000, 0x00000000a7f00000, 0x00000000a8000000|  0%| F|  |TAMS 0x00000000a7f00000| PB 0x00000000a7f00000| Untracked 
| 640|0x00000000a8000000, 0x00000000a8100000, 0x00000000a8100000|100%| O|  |TAMS 0x00000000a8000000| PB 0x00000000a8000000| Untracked 
| 641|0x00000000a8100000, 0x00000000a8100000, 0x00000000a8200000|  0%| F|  |TAMS 0x00000000a8100000| PB 0x00000000a8100000| Untracked 
| 642|0x00000000a8200000, 0x00000000a8200000, 0x00000000a8300000|  0%| F|  |TAMS 0x00000000a8200000| PB 0x00000000a8200000| Untracked 
| 643|0x00000000a8300000, 0x00000000a8300000, 0x00000000a8400000|  0%| F|  |TAMS 0x00000000a8300000| PB 0x00000000a8300000| Untracked 
| 644|0x00000000a8400000, 0x00000000a8400000, 0x00000000a8500000|  0%| F|  |TAMS 0x00000000a8400000| PB 0x00000000a8400000| Untracked 
| 645|0x00000000a8500000, 0x00000000a8500000, 0x00000000a8600000|  0%| F|  |TAMS 0x00000000a8500000| PB 0x00000000a8500000| Untracked 
| 646|0x00000000a8600000, 0x00000000a8600000, 0x00000000a8700000|  0%| F|  |TAMS 0x00000000a8600000| PB 0x00000000a8600000| Untracked 
| 647|0x00000000a8700000, 0x00000000a8700000, 0x00000000a8800000|  0%| F|  |TAMS 0x00000000a8700000| PB 0x00000000a8700000| Untracked 
| 648|0x00000000a8800000, 0x00000000a8800000, 0x00000000a8900000|  0%| F|  |TAMS 0x00000000a8800000| PB 0x00000000a8800000| Untracked 
| 649|0x00000000a8900000, 0x00000000a8900000, 0x00000000a8a00000|  0%| F|  |TAMS 0x00000000a8900000| PB 0x00000000a8900000| Untracked 
| 650|0x00000000a8a00000, 0x00000000a8b00000, 0x00000000a8b00000|100%| O|  |TAMS 0x00000000a8a00000| PB 0x00000000a8a00000| Untracked 
| 651|0x00000000a8b00000, 0x00000000a8c00000, 0x00000000a8c00000|100%| O|  |TAMS 0x00000000a8b00000| PB 0x00000000a8b00000| Untracked 
| 652|0x00000000a8c00000, 0x00000000a8d00000, 0x00000000a8d00000|100%| O|  |TAMS 0x00000000a8c00000| PB 0x00000000a8c00000| Untracked 
| 653|0x00000000a8d00000, 0x00000000a8e00000, 0x00000000a8e00000|100%| O|  |TAMS 0x00000000a8d00000| PB 0x00000000a8d00000| Untracked 
| 654|0x00000000a8e00000, 0x00000000a8f00000, 0x00000000a8f00000|100%| O|  |TAMS 0x00000000a8e00000| PB 0x00000000a8e00000| Untracked 
| 655|0x00000000a8f00000, 0x00000000a9000000, 0x00000000a9000000|100%| O|  |TAMS 0x00000000a8f00000| PB 0x00000000a8f00000| Untracked 
| 656|0x00000000a9000000, 0x00000000a9100000, 0x00000000a9100000|100%| O|  |TAMS 0x00000000a9000000| PB 0x00000000a9000000| Untracked 
| 657|0x00000000a9100000, 0x00000000a9200000, 0x00000000a9200000|100%| O|  |TAMS 0x00000000a9100000| PB 0x00000000a9100000| Untracked 
| 658|0x00000000a9200000, 0x00000000a9300000, 0x00000000a9300000|100%| O|  |TAMS 0x00000000a9200000| PB 0x00000000a9200000| Untracked 
| 659|0x00000000a9300000, 0x00000000a9400000, 0x00000000a9400000|100%| O|  |TAMS 0x00000000a9300000| PB 0x00000000a9300000| Untracked 
| 660|0x00000000a9400000, 0x00000000a9500000, 0x00000000a9500000|100%| O|  |TAMS 0x00000000a9400000| PB 0x00000000a9400000| Untracked 
| 661|0x00000000a9500000, 0x00000000a9600000, 0x00000000a9600000|100%| O|  |TAMS 0x00000000a9500000| PB 0x00000000a9500000| Untracked 
| 662|0x00000000a9600000, 0x00000000a9700000, 0x00000000a9700000|100%| O|  |TAMS 0x00000000a9700000| PB 0x00000000a9700000| Updating 
| 663|0x00000000a9700000, 0x00000000a9800000, 0x00000000a9800000|100%| O|  |TAMS 0x00000000a9800000| PB 0x00000000a9800000| Updating 
| 664|0x00000000a9800000, 0x00000000a9900000, 0x00000000a9900000|100%| O|  |TAMS 0x00000000a9800000| PB 0x00000000a9800000| Untracked 
| 665|0x00000000a9900000, 0x00000000a9a00000, 0x00000000a9a00000|100%| O|  |TAMS 0x00000000a9900000| PB 0x00000000a9900000| Untracked 
| 666|0x00000000a9a00000, 0x00000000a9b00000, 0x00000000a9b00000|100%| O|  |TAMS 0x00000000a9b00000| PB 0x00000000a9b00000| Updating 
| 667|0x00000000a9b00000, 0x00000000a9c00000, 0x00000000a9c00000|100%| O|  |TAMS 0x00000000a9b00000| PB 0x00000000a9b00000| Untracked 
| 668|0x00000000a9c00000, 0x00000000a9d00000, 0x00000000a9d00000|100%| O|  |TAMS 0x00000000a9d00000| PB 0x00000000a9d00000| Updating 
| 669|0x00000000a9d00000, 0x00000000a9e00000, 0x00000000a9e00000|100%| O|  |TAMS 0x00000000a9d00000| PB 0x00000000a9d00000| Untracked 
| 670|0x00000000a9e00000, 0x00000000a9f00000, 0x00000000a9f00000|100%| O|  |TAMS 0x00000000a9f00000| PB 0x00000000a9f00000| Updating 
| 671|0x00000000a9f00000, 0x00000000a9f00000, 0x00000000aa000000|  0%| F|  |TAMS 0x00000000a9f00000| PB 0x00000000a9f00000| Untracked 
| 672|0x00000000aa000000, 0x00000000aa000000, 0x00000000aa100000|  0%| F|  |TAMS 0x00000000aa000000| PB 0x00000000aa000000| Untracked 
| 673|0x00000000aa100000, 0x00000000aa100000, 0x00000000aa200000|  0%| F|  |TAMS 0x00000000aa100000| PB 0x00000000aa100000| Untracked 
| 674|0x00000000aa200000, 0x00000000aa200000, 0x00000000aa300000|  0%| F|  |TAMS 0x00000000aa200000| PB 0x00000000aa200000| Untracked 
| 675|0x00000000aa300000, 0x00000000aa300000, 0x00000000aa400000|  0%| F|  |TAMS 0x00000000aa300000| PB 0x00000000aa300000| Untracked 
| 676|0x00000000aa400000, 0x00000000aa500000, 0x00000000aa500000|100%| O|  |TAMS 0x00000000aa500000| PB 0x00000000aa500000| Updating 
| 677|0x00000000aa500000, 0x00000000aa600000, 0x00000000aa600000|100%| O|  |TAMS 0x00000000aa600000| PB 0x00000000aa600000| Updating 
| 678|0x00000000aa600000, 0x00000000aa600000, 0x00000000aa700000|  0%| F|  |TAMS 0x00000000aa600000| PB 0x00000000aa600000| Untracked 
| 679|0x00000000aa700000, 0x00000000aa700000, 0x00000000aa800000|  0%| F|  |TAMS 0x00000000aa700000| PB 0x00000000aa700000| Untracked 
| 680|0x00000000aa800000, 0x00000000aa900000, 0x00000000aa900000|100%| O|  |TAMS 0x00000000aa900000| PB 0x00000000aa900000| Updating 
| 681|0x00000000aa900000, 0x00000000aa900000, 0x00000000aaa00000|  0%| F|  |TAMS 0x00000000aa900000| PB 0x00000000aa900000| Untracked 
| 682|0x00000000aaa00000, 0x00000000aaa00000, 0x00000000aab00000|  0%| F|  |TAMS 0x00000000aaa00000| PB 0x00000000aaa00000| Untracked 
| 683|0x00000000aab00000, 0x00000000aab00000, 0x00000000aac00000|  0%| F|  |TAMS 0x00000000aab00000| PB 0x00000000aab00000| Untracked 
| 684|0x00000000aac00000, 0x00000000aac00000, 0x00000000aad00000|  0%| F|  |TAMS 0x00000000aac00000| PB 0x00000000aac00000| Untracked 
| 685|0x00000000aad00000, 0x00000000aad00000, 0x00000000aae00000|  0%| F|  |TAMS 0x00000000aad00000| PB 0x00000000aad00000| Untracked 
| 686|0x00000000aae00000, 0x00000000aaf00000, 0x00000000aaf00000|100%| O|  |TAMS 0x00000000aaf00000| PB 0x00000000aaf00000| Updating 
| 687|0x00000000aaf00000, 0x00000000ab000000, 0x00000000ab000000|100%| O|  |TAMS 0x00000000ab000000| PB 0x00000000ab000000| Updating 
| 688|0x00000000ab000000, 0x00000000ab100000, 0x00000000ab100000|100%| O|  |TAMS 0x00000000ab100000| PB 0x00000000ab100000| Updating 
| 689|0x00000000ab100000, 0x00000000ab200000, 0x00000000ab200000|100%| O|  |TAMS 0x00000000ab200000| PB 0x00000000ab200000| Updating 
| 690|0x00000000ab200000, 0x00000000ab200000, 0x00000000ab300000|  0%| F|  |TAMS 0x00000000ab200000| PB 0x00000000ab200000| Untracked 
| 691|0x00000000ab300000, 0x00000000ab400000, 0x00000000ab400000|100%| O|  |TAMS 0x00000000ab400000| PB 0x00000000ab400000| Updating 
| 692|0x00000000ab400000, 0x00000000ab500000, 0x00000000ab500000|100%| O|  |TAMS 0x00000000ab500000| PB 0x00000000ab500000| Updating 
| 693|0x00000000ab500000, 0x00000000ab600000, 0x00000000ab600000|100%| O|  |TAMS 0x00000000ab600000| PB 0x00000000ab600000| Updating 
| 694|0x00000000ab600000, 0x00000000ab700000, 0x00000000ab700000|100%| O|  |TAMS 0x00000000ab700000| PB 0x00000000ab700000| Updating 
| 695|0x00000000ab700000, 0x00000000ab700000, 0x00000000ab800000|  0%| F|  |TAMS 0x00000000ab700000| PB 0x00000000ab700000| Untracked 
| 696|0x00000000ab800000, 0x00000000ab800000, 0x00000000ab900000|  0%| F|  |TAMS 0x00000000ab800000| PB 0x00000000ab800000| Untracked 
| 697|0x00000000ab900000, 0x00000000ab900000, 0x00000000aba00000|  0%| F|  |TAMS 0x00000000ab900000| PB 0x00000000ab900000| Untracked 
| 698|0x00000000aba00000, 0x00000000aba00000, 0x00000000abb00000|  0%| F|  |TAMS 0x00000000aba00000| PB 0x00000000aba00000| Untracked 
| 699|0x00000000abb00000, 0x00000000abb00000, 0x00000000abc00000|  0%| F|  |TAMS 0x00000000abb00000| PB 0x00000000abb00000| Untracked 
| 700|0x00000000abc00000, 0x00000000abc00000, 0x00000000abd00000|  0%| F|  |TAMS 0x00000000abc00000| PB 0x00000000abc00000| Untracked 
| 701|0x00000000abd00000, 0x00000000abd00000, 0x00000000abe00000|  0%| F|  |TAMS 0x00000000abd00000| PB 0x00000000abd00000| Untracked 
| 702|0x00000000abe00000, 0x00000000abe00000, 0x00000000abf00000|  0%| F|  |TAMS 0x00000000abe00000| PB 0x00000000abe00000| Untracked 
| 703|0x00000000abf00000, 0x00000000abf00000, 0x00000000ac000000|  0%| F|  |TAMS 0x00000000abf00000| PB 0x00000000abf00000| Untracked 
| 704|0x00000000ac000000, 0x00000000ac100000, 0x00000000ac100000|100%| O|  |TAMS 0x00000000ac100000| PB 0x00000000ac100000| Updating 
| 705|0x00000000ac100000, 0x00000000ac200000, 0x00000000ac200000|100%|HS|  |TAMS 0x00000000ac200000| PB 0x00000000ac100000| Complete 
| 706|0x00000000ac200000, 0x00000000ac300000, 0x00000000ac300000|100%|HC|  |TAMS 0x00000000ac300000| PB 0x00000000ac200000| Complete 
| 707|0x00000000ac300000, 0x00000000ac400000, 0x00000000ac400000|100%|HC|  |TAMS 0x00000000ac400000| PB 0x00000000ac300000| Complete 
| 708|0x00000000ac400000, 0x00000000ac500000, 0x00000000ac500000|100%|HC|  |TAMS 0x00000000ac500000| PB 0x00000000ac400000| Complete 
| 709|0x00000000ac500000, 0x00000000ac600000, 0x00000000ac600000|100%|HS|  |TAMS 0x00000000ac600000| PB 0x00000000ac500000| Complete 
| 710|0x00000000ac600000, 0x00000000ac700000, 0x00000000ac700000|100%|HC|  |TAMS 0x00000000ac700000| PB 0x00000000ac600000| Complete 
| 711|0x00000000ac700000, 0x00000000ac800000, 0x00000000ac800000|100%|HC|  |TAMS 0x00000000ac800000| PB 0x00000000ac700000| Complete 
| 712|0x00000000ac800000, 0x00000000ac900000, 0x00000000ac900000|100%|HC|  |TAMS 0x00000000ac900000| PB 0x00000000ac800000| Complete 
| 713|0x00000000ac900000, 0x00000000aca00000, 0x00000000aca00000|100%|HC|  |TAMS 0x00000000aca00000| PB 0x00000000ac900000| Complete 
| 714|0x00000000aca00000, 0x00000000acb00000, 0x00000000acb00000|100%|HS|  |TAMS 0x00000000acb00000| PB 0x00000000aca00000| Complete 
| 715|0x00000000acb00000, 0x00000000acc00000, 0x00000000acc00000|100%|HC|  |TAMS 0x00000000acc00000| PB 0x00000000acb00000| Complete 
| 716|0x00000000acc00000, 0x00000000acd00000, 0x00000000acd00000|100%|HC|  |TAMS 0x00000000acd00000| PB 0x00000000acc00000| Complete 
| 717|0x00000000acd00000, 0x00000000ace00000, 0x00000000ace00000|100%|HC|  |TAMS 0x00000000ace00000| PB 0x00000000acd00000| Complete 
| 718|0x00000000ace00000, 0x00000000acf00000, 0x00000000acf00000|100%|HC|  |TAMS 0x00000000acf00000| PB 0x00000000ace00000| Complete 
| 719|0x00000000acf00000, 0x00000000ad000000, 0x00000000ad000000|100%| O|  |TAMS 0x00000000ad000000| PB 0x00000000ad000000| Updating 
| 720|0x00000000ad000000, 0x00000000ad000000, 0x00000000ad100000|  0%| F|  |TAMS 0x00000000ad000000| PB 0x00000000ad000000| Untracked 
| 721|0x00000000ad100000, 0x00000000ad100000, 0x00000000ad200000|  0%| F|  |TAMS 0x00000000ad100000| PB 0x00000000ad100000| Untracked 
| 722|0x00000000ad200000, 0x00000000ad200000, 0x00000000ad300000|  0%| F|  |TAMS 0x00000000ad200000| PB 0x00000000ad200000| Untracked 
| 723|0x00000000ad300000, 0x00000000ad300000, 0x00000000ad400000|  0%| F|  |TAMS 0x00000000ad300000| PB 0x00000000ad300000| Untracked 
| 724|0x00000000ad400000, 0x00000000ad400000, 0x00000000ad500000|  0%| F|  |TAMS 0x00000000ad400000| PB 0x00000000ad400000| Untracked 
| 725|0x00000000ad500000, 0x00000000ad500000, 0x00000000ad600000|  0%| F|  |TAMS 0x00000000ad500000| PB 0x00000000ad500000| Untracked 
| 726|0x00000000ad600000, 0x00000000ad700000, 0x00000000ad700000|100%| O|  |TAMS 0x00000000ad700000| PB 0x00000000ad700000| Updating 
| 727|0x00000000ad700000, 0x00000000ad700000, 0x00000000ad800000|  0%| F|  |TAMS 0x00000000ad700000| PB 0x00000000ad700000| Untracked 
| 728|0x00000000ad800000, 0x00000000ad800000, 0x00000000ad900000|  0%| F|  |TAMS 0x00000000ad800000| PB 0x00000000ad800000| Untracked 
| 729|0x00000000ad900000, 0x00000000ada00000, 0x00000000ada00000|100%| O|  |TAMS 0x00000000ad900000| PB 0x00000000ad900000| Untracked 
| 730|0x00000000ada00000, 0x00000000adb00000, 0x00000000adb00000|100%| O|  |TAMS 0x00000000adb00000| PB 0x00000000adb00000| Updating 
| 731|0x00000000adb00000, 0x00000000adb00000, 0x00000000adc00000|  0%| F|  |TAMS 0x00000000adb00000| PB 0x00000000adb00000| Untracked 
| 732|0x00000000adc00000, 0x00000000add00000, 0x00000000add00000|100%| O|  |TAMS 0x00000000add00000| PB 0x00000000add00000| Updating 
| 733|0x00000000add00000, 0x00000000ade00000, 0x00000000ade00000|100%| O|  |TAMS 0x00000000ade00000| PB 0x00000000ade00000| Updating 
| 734|0x00000000ade00000, 0x00000000adf00000, 0x00000000adf00000|100%| O|  |TAMS 0x00000000adf00000| PB 0x00000000adf00000| Updating 
| 735|0x00000000adf00000, 0x00000000ae000000, 0x00000000ae000000|100%| O|  |TAMS 0x00000000ae000000| PB 0x00000000ae000000| Updating 
| 736|0x00000000ae000000, 0x00000000ae100000, 0x00000000ae100000|100%| O|  |TAMS 0x00000000ae100000| PB 0x00000000ae100000| Updating 
| 737|0x00000000ae100000, 0x00000000ae200000, 0x00000000ae200000|100%| O|  |TAMS 0x00000000ae200000| PB 0x00000000ae200000| Updating 
| 738|0x00000000ae200000, 0x00000000ae300000, 0x00000000ae300000|100%| O|  |TAMS 0x00000000ae300000| PB 0x00000000ae300000| Updating 
| 739|0x00000000ae300000, 0x00000000ae400000, 0x00000000ae400000|100%| O|  |TAMS 0x00000000ae400000| PB 0x00000000ae400000| Updating 
| 740|0x00000000ae400000, 0x00000000ae500000, 0x00000000ae500000|100%| O|  |TAMS 0x00000000ae500000| PB 0x00000000ae500000| Updating 
| 741|0x00000000ae500000, 0x00000000ae600000, 0x00000000ae600000|100%| O|  |TAMS 0x00000000ae600000| PB 0x00000000ae600000| Updating 
| 742|0x00000000ae600000, 0x00000000ae700000, 0x00000000ae700000|100%| O|  |TAMS 0x00000000ae700000| PB 0x00000000ae700000| Updating 
| 743|0x00000000ae700000, 0x00000000ae800000, 0x00000000ae800000|100%| O|  |TAMS 0x00000000ae800000| PB 0x00000000ae800000| Updating 
| 744|0x00000000ae800000, 0x00000000ae900000, 0x00000000ae900000|100%| O|  |TAMS 0x00000000ae900000| PB 0x00000000ae900000| Updating 
| 745|0x00000000ae900000, 0x00000000ae900000, 0x00000000aea00000|  0%| F|  |TAMS 0x00000000ae900000| PB 0x00000000ae900000| Untracked 
| 746|0x00000000aea00000, 0x00000000aeb00000, 0x00000000aeb00000|100%| O|  |TAMS 0x00000000aeb00000| PB 0x00000000aeb00000| Updating 
| 747|0x00000000aeb00000, 0x00000000aeb00000, 0x00000000aec00000|  0%| F|  |TAMS 0x00000000aeb00000| PB 0x00000000aeb00000| Untracked 
| 748|0x00000000aec00000, 0x00000000aed00000, 0x00000000aed00000|100%| O|  |TAMS 0x00000000aed00000| PB 0x00000000aed00000| Updating 
| 749|0x00000000aed00000, 0x00000000aed00000, 0x00000000aee00000|  0%| F|  |TAMS 0x00000000aed00000| PB 0x00000000aed00000| Untracked 
| 750|0x00000000aee00000, 0x00000000aef00000, 0x00000000aef00000|100%| O|  |TAMS 0x00000000aef00000| PB 0x00000000aef00000| Updating 
| 751|0x00000000aef00000, 0x00000000af000000, 0x00000000af000000|100%| O|  |TAMS 0x00000000af000000| PB 0x00000000af000000| Updating 
| 752|0x00000000af000000, 0x00000000af100000, 0x00000000af100000|100%| O|  |TAMS 0x00000000af100000| PB 0x00000000af100000| Updating 
| 753|0x00000000af100000, 0x00000000af200000, 0x00000000af200000|100%| O|  |TAMS 0x00000000af200000| PB 0x00000000af200000| Updating 
| 754|0x00000000af200000, 0x00000000af300000, 0x00000000af300000|100%| O|  |TAMS 0x00000000af300000| PB 0x00000000af300000| Updating 
| 755|0x00000000af300000, 0x00000000af300000, 0x00000000af400000|  0%| F|  |TAMS 0x00000000af300000| PB 0x00000000af300000| Untracked 
| 756|0x00000000af400000, 0x00000000af500000, 0x00000000af500000|100%| O|  |TAMS 0x00000000af400000| PB 0x00000000af400000| Untracked 
| 757|0x00000000af500000, 0x00000000af600000, 0x00000000af600000|100%| O|  |TAMS 0x00000000af600000| PB 0x00000000af600000| Updating 
| 758|0x00000000af600000, 0x00000000af700000, 0x00000000af700000|100%| O|  |TAMS 0x00000000af700000| PB 0x00000000af700000| Updating 
| 759|0x00000000af700000, 0x00000000af700000, 0x00000000af800000|  0%| F|  |TAMS 0x00000000af700000| PB 0x00000000af700000| Untracked 
| 760|0x00000000af800000, 0x00000000af800000, 0x00000000af900000|  0%| F|  |TAMS 0x00000000af800000| PB 0x00000000af800000| Untracked 
| 761|0x00000000af900000, 0x00000000af900000, 0x00000000afa00000|  0%| F|  |TAMS 0x00000000af900000| PB 0x00000000af900000| Untracked 
| 762|0x00000000afa00000, 0x00000000afb00000, 0x00000000afb00000|100%| O|  |TAMS 0x00000000afb00000| PB 0x00000000afb00000| Updating 
| 763|0x00000000afb00000, 0x00000000afb00000, 0x00000000afc00000|  0%| F|  |TAMS 0x00000000afb00000| PB 0x00000000afb00000| Untracked 
| 764|0x00000000afc00000, 0x00000000afc00000, 0x00000000afd00000|  0%| F|  |TAMS 0x00000000afc00000| PB 0x00000000afc00000| Untracked 
| 765|0x00000000afd00000, 0x00000000afd00000, 0x00000000afe00000|  0%| F|  |TAMS 0x00000000afd00000| PB 0x00000000afd00000| Untracked 
| 766|0x00000000afe00000, 0x00000000afe00000, 0x00000000aff00000|  0%| F|  |TAMS 0x00000000afe00000| PB 0x00000000afe00000| Untracked 
| 767|0x00000000aff00000, 0x00000000aff00000, 0x00000000b0000000|  0%| F|  |TAMS 0x00000000aff00000| PB 0x00000000aff00000| Untracked 
| 768|0x00000000b0000000, 0x00000000b0000000, 0x00000000b0100000|  0%| F|  |TAMS 0x00000000b0000000| PB 0x00000000b0000000| Untracked 
| 769|0x00000000b0100000, 0x00000000b0100000, 0x00000000b0200000|  0%| F|  |TAMS 0x00000000b0100000| PB 0x00000000b0100000| Untracked 
| 770|0x00000000b0200000, 0x00000000b0200000, 0x00000000b0300000|  0%| F|  |TAMS 0x00000000b0200000| PB 0x00000000b0200000| Untracked 
| 771|0x00000000b0300000, 0x00000000b0300000, 0x00000000b0400000|  0%| F|  |TAMS 0x00000000b0300000| PB 0x00000000b0300000| Untracked 
| 772|0x00000000b0400000, 0x00000000b0400000, 0x00000000b0500000|  0%| F|  |TAMS 0x00000000b0400000| PB 0x00000000b0400000| Untracked 
| 773|0x00000000b0500000, 0x00000000b0600000, 0x00000000b0600000|100%| O|  |TAMS 0x00000000b0600000| PB 0x00000000b0600000| Updating 
| 774|0x00000000b0600000, 0x00000000b0700000, 0x00000000b0700000|100%| O|  |TAMS 0x00000000b0700000| PB 0x00000000b0700000| Updating 
| 775|0x00000000b0700000, 0x00000000b0800000, 0x00000000b0800000|100%| O|  |TAMS 0x00000000b0800000| PB 0x00000000b0800000| Untracked 
| 776|0x00000000b0800000, 0x00000000b0800000, 0x00000000b0900000|  0%| F|  |TAMS 0x00000000b0800000| PB 0x00000000b0800000| Untracked 
| 777|0x00000000b0900000, 0x00000000b0900000, 0x00000000b0a00000|  0%| F|  |TAMS 0x00000000b0900000| PB 0x00000000b0900000| Untracked 
| 778|0x00000000b0a00000, 0x00000000b0a00000, 0x00000000b0b00000|  0%| F|  |TAMS 0x00000000b0a00000| PB 0x00000000b0a00000| Untracked 
| 779|0x00000000b0b00000, 0x00000000b0b00000, 0x00000000b0c00000|  0%| F|  |TAMS 0x00000000b0b00000| PB 0x00000000b0b00000| Untracked 
| 780|0x00000000b0c00000, 0x00000000b0c00000, 0x00000000b0d00000|  0%| F|  |TAMS 0x00000000b0c00000| PB 0x00000000b0c00000| Untracked 
| 781|0x00000000b0d00000, 0x00000000b0e00000, 0x00000000b0e00000|100%| O|  |TAMS 0x00000000b0e00000| PB 0x00000000b0e00000| Updating 
| 782|0x00000000b0e00000, 0x00000000b0e00000, 0x00000000b0f00000|  0%| F|  |TAMS 0x00000000b0e00000| PB 0x00000000b0e00000| Untracked 
| 783|0x00000000b0f00000, 0x00000000b1000000, 0x00000000b1000000|100%| O|  |TAMS 0x00000000b1000000| PB 0x00000000b1000000| Updating 
| 784|0x00000000b1000000, 0x00000000b1000000, 0x00000000b1100000|  0%| F|  |TAMS 0x00000000b1000000| PB 0x00000000b1000000| Untracked 
| 785|0x00000000b1100000, 0x00000000b1100000, 0x00000000b1200000|  0%| F|  |TAMS 0x00000000b1100000| PB 0x00000000b1100000| Untracked 
| 786|0x00000000b1200000, 0x00000000b1300000, 0x00000000b1300000|100%| O|  |TAMS 0x00000000b1300000| PB 0x00000000b1300000| Updating 
| 787|0x00000000b1300000, 0x00000000b1400000, 0x00000000b1400000|100%| O|  |TAMS 0x00000000b1400000| PB 0x00000000b1400000| Updating 
| 788|0x00000000b1400000, 0x00000000b1500000, 0x00000000b1500000|100%| O|  |TAMS 0x00000000b1500000| PB 0x00000000b1500000| Updating 
| 789|0x00000000b1500000, 0x00000000b1500000, 0x00000000b1600000|  0%| F|  |TAMS 0x00000000b1500000| PB 0x00000000b1500000| Untracked 
| 790|0x00000000b1600000, 0x00000000b1600000, 0x00000000b1700000|  0%| F|  |TAMS 0x00000000b1600000| PB 0x00000000b1600000| Untracked 
| 791|0x00000000b1700000, 0x00000000b1800000, 0x00000000b1800000|100%| O|  |TAMS 0x00000000b1800000| PB 0x00000000b1800000| Updating 
| 792|0x00000000b1800000, 0x00000000b1800000, 0x00000000b1900000|  0%| F|  |TAMS 0x00000000b1800000| PB 0x00000000b1800000| Untracked 
| 793|0x00000000b1900000, 0x00000000b1a00000, 0x00000000b1a00000|100%| O|  |TAMS 0x00000000b1a00000| PB 0x00000000b1a00000| Updating 
| 794|0x00000000b1a00000, 0x00000000b1b00000, 0x00000000b1b00000|100%| O|  |TAMS 0x00000000b1b00000| PB 0x00000000b1b00000| Updating 
| 795|0x00000000b1b00000, 0x00000000b1c00000, 0x00000000b1c00000|100%| O|  |TAMS 0x00000000b1c00000| PB 0x00000000b1c00000| Updating 
| 796|0x00000000b1c00000, 0x00000000b1d00000, 0x00000000b1d00000|100%| O|  |TAMS 0x00000000b1d00000| PB 0x00000000b1d00000| Updating 
| 797|0x00000000b1d00000, 0x00000000b1e00000, 0x00000000b1e00000|100%| O|  |TAMS 0x00000000b1e00000| PB 0x00000000b1e00000| Updating 
| 798|0x00000000b1e00000, 0x00000000b1f00000, 0x00000000b1f00000|100%| O|  |TAMS 0x00000000b1f00000| PB 0x00000000b1f00000| Updating 
| 799|0x00000000b1f00000, 0x00000000b2000000, 0x00000000b2000000|100%| O|  |TAMS 0x00000000b2000000| PB 0x00000000b2000000| Updating 
| 800|0x00000000b2000000, 0x00000000b2100000, 0x00000000b2100000|100%| O|  |TAMS 0x00000000b2100000| PB 0x00000000b2100000| Updating 
| 801|0x00000000b2100000, 0x00000000b2200000, 0x00000000b2200000|100%| O|  |TAMS 0x00000000b2200000| PB 0x00000000b2200000| Updating 
| 802|0x00000000b2200000, 0x00000000b2300000, 0x00000000b2300000|100%| O|  |TAMS 0x00000000b2300000| PB 0x00000000b2300000| Updating 
| 803|0x00000000b2300000, 0x00000000b2400000, 0x00000000b2400000|100%| O|  |TAMS 0x00000000b2400000| PB 0x00000000b2400000| Updating 
| 804|0x00000000b2400000, 0x00000000b2500000, 0x00000000b2500000|100%|HS|  |TAMS 0x00000000b2400000| PB 0x00000000b2400000| Complete 
| 805|0x00000000b2500000, 0x00000000b2600000, 0x00000000b2600000|100%|HC|  |TAMS 0x00000000b2500000| PB 0x00000000b2500000| Complete 
| 806|0x00000000b2600000, 0x00000000b2700000, 0x00000000b2700000|100%|HC|  |TAMS 0x00000000b2600000| PB 0x00000000b2600000| Complete 
| 807|0x00000000b2700000, 0x00000000b2800000, 0x00000000b2800000|100%|HC|  |TAMS 0x00000000b2700000| PB 0x00000000b2700000| Complete 
| 808|0x00000000b2800000, 0x00000000b2900000, 0x00000000b2900000|100%|HC|  |TAMS 0x00000000b2800000| PB 0x00000000b2800000| Complete 
| 809|0x00000000b2900000, 0x00000000b2a00000, 0x00000000b2a00000|100%|HC|  |TAMS 0x00000000b2900000| PB 0x00000000b2900000| Complete 
| 810|0x00000000b2a00000, 0x00000000b2b00000, 0x00000000b2b00000|100%|HC|  |TAMS 0x00000000b2a00000| PB 0x00000000b2a00000| Complete 
| 811|0x00000000b2b00000, 0x00000000b2c00000, 0x00000000b2c00000|100%|HC|  |TAMS 0x00000000b2b00000| PB 0x00000000b2b00000| Complete 
| 812|0x00000000b2c00000, 0x00000000b2d00000, 0x00000000b2d00000|100%|HC|  |TAMS 0x00000000b2c00000| PB 0x00000000b2c00000| Complete 
| 813|0x00000000b2d00000, 0x00000000b2e00000, 0x00000000b2e00000|100%|HS|  |TAMS 0x00000000b2d00000| PB 0x00000000b2d00000| Complete 
| 814|0x00000000b2e00000, 0x00000000b2f00000, 0x00000000b2f00000|100%|HC|  |TAMS 0x00000000b2e00000| PB 0x00000000b2e00000| Complete 
| 815|0x00000000b2f00000, 0x00000000b3000000, 0x00000000b3000000|100%|HC|  |TAMS 0x00000000b2f00000| PB 0x00000000b2f00000| Complete 
| 816|0x00000000b3000000, 0x00000000b3100000, 0x00000000b3100000|100%|HC|  |TAMS 0x00000000b3000000| PB 0x00000000b3000000| Complete 
| 817|0x00000000b3100000, 0x00000000b3200000, 0x00000000b3200000|100%|HC|  |TAMS 0x00000000b3100000| PB 0x00000000b3100000| Complete 
| 818|0x00000000b3200000, 0x00000000b3300000, 0x00000000b3300000|100%|HC|  |TAMS 0x00000000b3200000| PB 0x00000000b3200000| Complete 
| 819|0x00000000b3300000, 0x00000000b3400000, 0x00000000b3400000|100%|HC|  |TAMS 0x00000000b3300000| PB 0x00000000b3300000| Complete 
| 820|0x00000000b3400000, 0x00000000b3500000, 0x00000000b3500000|100%|HC|  |TAMS 0x00000000b3400000| PB 0x00000000b3400000| Complete 
| 821|0x00000000b3500000, 0x00000000b3600000, 0x00000000b3600000|100%|HC|  |TAMS 0x00000000b3500000| PB 0x00000000b3500000| Complete 
| 822|0x00000000b3600000, 0x00000000b3600000, 0x00000000b3700000|  0%| F|  |TAMS 0x00000000b3600000| PB 0x00000000b3600000| Untracked 
| 823|0x00000000b3700000, 0x00000000b3700000, 0x00000000b3800000|  0%| F|  |TAMS 0x00000000b3700000| PB 0x00000000b3700000| Untracked 
| 824|0x00000000b3800000, 0x00000000b3800000, 0x00000000b3900000|  0%| F|  |TAMS 0x00000000b3800000| PB 0x00000000b3800000| Untracked 
| 825|0x00000000b3900000, 0x00000000b3900000, 0x00000000b3a00000|  0%| F|  |TAMS 0x00000000b3900000| PB 0x00000000b3900000| Untracked 
| 826|0x00000000b3a00000, 0x00000000b3a00000, 0x00000000b3b00000|  0%| F|  |TAMS 0x00000000b3a00000| PB 0x00000000b3a00000| Untracked 
| 827|0x00000000b3b00000, 0x00000000b3b00000, 0x00000000b3c00000|  0%| F|  |TAMS 0x00000000b3b00000| PB 0x00000000b3b00000| Untracked 
| 828|0x00000000b3c00000, 0x00000000b3c00000, 0x00000000b3d00000|  0%| F|  |TAMS 0x00000000b3c00000| PB 0x00000000b3c00000| Untracked 
| 829|0x00000000b3d00000, 0x00000000b3d00000, 0x00000000b3e00000|  0%| F|  |TAMS 0x00000000b3d00000| PB 0x00000000b3d00000| Untracked 
| 830|0x00000000b3e00000, 0x00000000b3e00000, 0x00000000b3f00000|  0%| F|  |TAMS 0x00000000b3e00000| PB 0x00000000b3e00000| Untracked 
| 831|0x00000000b3f00000, 0x00000000b3f00000, 0x00000000b4000000|  0%| F|  |TAMS 0x00000000b3f00000| PB 0x00000000b3f00000| Untracked 
| 832|0x00000000b4000000, 0x00000000b4000000, 0x00000000b4100000|  0%| F|  |TAMS 0x00000000b4000000| PB 0x00000000b4000000| Untracked 
| 833|0x00000000b4100000, 0x00000000b4100000, 0x00000000b4200000|  0%| F|  |TAMS 0x00000000b4100000| PB 0x00000000b4100000| Untracked 
| 834|0x00000000b4200000, 0x00000000b4200000, 0x00000000b4300000|  0%| F|  |TAMS 0x00000000b4200000| PB 0x00000000b4200000| Untracked 
| 835|0x00000000b4300000, 0x00000000b4300000, 0x00000000b4400000|  0%| F|  |TAMS 0x00000000b4300000| PB 0x00000000b4300000| Untracked 
| 836|0x00000000b4400000, 0x00000000b4400000, 0x00000000b4500000|  0%| F|  |TAMS 0x00000000b4400000| PB 0x00000000b4400000| Untracked 
| 837|0x00000000b4500000, 0x00000000b4500000, 0x00000000b4600000|  0%| F|  |TAMS 0x00000000b4500000| PB 0x00000000b4500000| Untracked 
| 838|0x00000000b4600000, 0x00000000b4600000, 0x00000000b4700000|  0%| F|  |TAMS 0x00000000b4600000| PB 0x00000000b4600000| Untracked 
| 839|0x00000000b4700000, 0x00000000b4800000, 0x00000000b4800000|100%| O|  |TAMS 0x00000000b4700000| PB 0x00000000b4700000| Untracked 
| 840|0x00000000b4800000, 0x00000000b4880000, 0x00000000b4900000| 50%| O|  |TAMS 0x00000000b4800000| PB 0x00000000b4800000| Updating 
| 841|0x00000000b4900000, 0x00000000b4900000, 0x00000000b4a00000|  0%| F|  |TAMS 0x00000000b4900000| PB 0x00000000b4900000| Untracked 
| 842|0x00000000b4a00000, 0x00000000b4a00000, 0x00000000b4b00000|  0%| F|  |TAMS 0x00000000b4a00000| PB 0x00000000b4a00000| Untracked 
| 843|0x00000000b4b00000, 0x00000000b4b00000, 0x00000000b4c00000|  0%| F|  |TAMS 0x00000000b4b00000| PB 0x00000000b4b00000| Untracked 
| 844|0x00000000b4c00000, 0x00000000b4c00000, 0x00000000b4d00000|  0%| F|  |TAMS 0x00000000b4c00000| PB 0x00000000b4c00000| Untracked 
| 845|0x00000000b4d00000, 0x00000000b4d00000, 0x00000000b4e00000|  0%| F|  |TAMS 0x00000000b4d00000| PB 0x00000000b4d00000| Untracked 
| 846|0x00000000b4e00000, 0x00000000b4e00000, 0x00000000b4f00000|  0%| F|  |TAMS 0x00000000b4e00000| PB 0x00000000b4e00000| Untracked 
| 847|0x00000000b4f00000, 0x00000000b4f00000, 0x00000000b5000000|  0%| F|  |TAMS 0x00000000b4f00000| PB 0x00000000b4f00000| Untracked 
| 848|0x00000000b5000000, 0x00000000b5000000, 0x00000000b5100000|  0%| F|  |TAMS 0x00000000b5000000| PB 0x00000000b5000000| Untracked 
| 849|0x00000000b5100000, 0x00000000b5100000, 0x00000000b5200000|  0%| F|  |TAMS 0x00000000b5100000| PB 0x00000000b5100000| Untracked 
| 850|0x00000000b5200000, 0x00000000b5200000, 0x00000000b5300000|  0%| F|  |TAMS 0x00000000b5200000| PB 0x00000000b5200000| Untracked 
| 851|0x00000000b5300000, 0x00000000b5300000, 0x00000000b5400000|  0%| F|  |TAMS 0x00000000b5300000| PB 0x00000000b5300000| Untracked 
| 852|0x00000000b5400000, 0x00000000b5400000, 0x00000000b5500000|  0%| F|  |TAMS 0x00000000b5400000| PB 0x00000000b5400000| Untracked 
| 853|0x00000000b5500000, 0x00000000b5500000, 0x00000000b5600000|  0%| F|  |TAMS 0x00000000b5500000| PB 0x00000000b5500000| Untracked 
| 854|0x00000000b5600000, 0x00000000b5600000, 0x00000000b5700000|  0%| F|  |TAMS 0x00000000b5600000| PB 0x00000000b5600000| Untracked 
| 855|0x00000000b5700000, 0x00000000b5700000, 0x00000000b5800000|  0%| F|  |TAMS 0x00000000b5700000| PB 0x00000000b5700000| Untracked 
| 856|0x00000000b5800000, 0x00000000b5800000, 0x00000000b5900000|  0%| F|  |TAMS 0x00000000b5800000| PB 0x00000000b5800000| Untracked 
| 857|0x00000000b5900000, 0x00000000b5900000, 0x00000000b5a00000|  0%| F|  |TAMS 0x00000000b5900000| PB 0x00000000b5900000| Untracked 
| 858|0x00000000b5a00000, 0x00000000b5a00000, 0x00000000b5b00000|  0%| F|  |TAMS 0x00000000b5a00000| PB 0x00000000b5a00000| Untracked 
| 859|0x00000000b5b00000, 0x00000000b5b00000, 0x00000000b5c00000|  0%| F|  |TAMS 0x00000000b5b00000| PB 0x00000000b5b00000| Untracked 
| 860|0x00000000b5c00000, 0x00000000b5c00000, 0x00000000b5d00000|  0%| F|  |TAMS 0x00000000b5c00000| PB 0x00000000b5c00000| Untracked 
| 861|0x00000000b5d00000, 0x00000000b5d00000, 0x00000000b5e00000|  0%| F|  |TAMS 0x00000000b5d00000| PB 0x00000000b5d00000| Untracked 
| 862|0x00000000b5e00000, 0x00000000b5e00000, 0x00000000b5f00000|  0%| F|  |TAMS 0x00000000b5e00000| PB 0x00000000b5e00000| Untracked 
| 863|0x00000000b5f00000, 0x00000000b5f00000, 0x00000000b6000000|  0%| F|  |TAMS 0x00000000b5f00000| PB 0x00000000b5f00000| Untracked 
| 864|0x00000000b6000000, 0x00000000b6000000, 0x00000000b6100000|  0%| F|  |TAMS 0x00000000b6000000| PB 0x00000000b6000000| Untracked 
| 865|0x00000000b6100000, 0x00000000b6100000, 0x00000000b6200000|  0%| F|  |TAMS 0x00000000b6100000| PB 0x00000000b6100000| Untracked 
| 866|0x00000000b6200000, 0x00000000b6200000, 0x00000000b6300000|  0%| F|  |TAMS 0x00000000b6200000| PB 0x00000000b6200000| Untracked 
| 867|0x00000000b6300000, 0x00000000b6300000, 0x00000000b6400000|  0%| F|  |TAMS 0x00000000b6300000| PB 0x00000000b6300000| Untracked 
| 868|0x00000000b6400000, 0x00000000b6400000, 0x00000000b6500000|  0%| F|  |TAMS 0x00000000b6400000| PB 0x00000000b6400000| Untracked 
| 869|0x00000000b6500000, 0x00000000b6500000, 0x00000000b6600000|  0%| F|  |TAMS 0x00000000b6500000| PB 0x00000000b6500000| Untracked 
| 870|0x00000000b6600000, 0x00000000b6600000, 0x00000000b6700000|  0%| F|  |TAMS 0x00000000b6600000| PB 0x00000000b6600000| Untracked 
| 871|0x00000000b6700000, 0x00000000b6700000, 0x00000000b6800000|  0%| F|  |TAMS 0x00000000b6700000| PB 0x00000000b6700000| Untracked 
| 872|0x00000000b6800000, 0x00000000b6800000, 0x00000000b6900000|  0%| F|  |TAMS 0x00000000b6800000| PB 0x00000000b6800000| Untracked 
| 873|0x00000000b6900000, 0x00000000b6900000, 0x00000000b6a00000|  0%| F|  |TAMS 0x00000000b6900000| PB 0x00000000b6900000| Untracked 
| 874|0x00000000b6a00000, 0x00000000b6a00000, 0x00000000b6b00000|  0%| F|  |TAMS 0x00000000b6a00000| PB 0x00000000b6a00000| Untracked 
| 875|0x00000000b6b00000, 0x00000000b6b00000, 0x00000000b6c00000|  0%| F|  |TAMS 0x00000000b6b00000| PB 0x00000000b6b00000| Untracked 
| 876|0x00000000b6c00000, 0x00000000b6c00000, 0x00000000b6d00000|  0%| F|  |TAMS 0x00000000b6c00000| PB 0x00000000b6c00000| Untracked 
| 877|0x00000000b6d00000, 0x00000000b6d00000, 0x00000000b6e00000|  0%| F|  |TAMS 0x00000000b6d00000| PB 0x00000000b6d00000| Untracked 
| 878|0x00000000b6e00000, 0x00000000b6e00000, 0x00000000b6f00000|  0%| F|  |TAMS 0x00000000b6e00000| PB 0x00000000b6e00000| Untracked 
| 879|0x00000000b6f00000, 0x00000000b6f00000, 0x00000000b7000000|  0%| F|  |TAMS 0x00000000b6f00000| PB 0x00000000b6f00000| Untracked 
| 880|0x00000000b7000000, 0x00000000b7000000, 0x00000000b7100000|  0%| F|  |TAMS 0x00000000b7000000| PB 0x00000000b7000000| Untracked 
| 881|0x00000000b7100000, 0x00000000b7100000, 0x00000000b7200000|  0%| F|  |TAMS 0x00000000b7100000| PB 0x00000000b7100000| Untracked 
| 882|0x00000000b7200000, 0x00000000b7200000, 0x00000000b7300000|  0%| F|  |TAMS 0x00000000b7200000| PB 0x00000000b7200000| Untracked 
| 883|0x00000000b7300000, 0x00000000b7300000, 0x00000000b7400000|  0%| F|  |TAMS 0x00000000b7300000| PB 0x00000000b7300000| Untracked 
| 884|0x00000000b7400000, 0x00000000b7400000, 0x00000000b7500000|  0%| F|  |TAMS 0x00000000b7400000| PB 0x00000000b7400000| Untracked 
| 885|0x00000000b7500000, 0x00000000b7500000, 0x00000000b7600000|  0%| F|  |TAMS 0x00000000b7500000| PB 0x00000000b7500000| Untracked 
| 886|0x00000000b7600000, 0x00000000b7600000, 0x00000000b7700000|  0%| F|  |TAMS 0x00000000b7600000| PB 0x00000000b7600000| Untracked 
| 887|0x00000000b7700000, 0x00000000b7700000, 0x00000000b7800000|  0%| F|  |TAMS 0x00000000b7700000| PB 0x00000000b7700000| Untracked 
| 888|0x00000000b7800000, 0x00000000b7800000, 0x00000000b7900000|  0%| F|  |TAMS 0x00000000b7800000| PB 0x00000000b7800000| Untracked 
| 889|0x00000000b7900000, 0x00000000b7900000, 0x00000000b7a00000|  0%| F|  |TAMS 0x00000000b7900000| PB 0x00000000b7900000| Untracked 
| 890|0x00000000b7a00000, 0x00000000b7a00000, 0x00000000b7b00000|  0%| F|  |TAMS 0x00000000b7a00000| PB 0x00000000b7a00000| Untracked 
| 891|0x00000000b7b00000, 0x00000000b7b00000, 0x00000000b7c00000|  0%| F|  |TAMS 0x00000000b7b00000| PB 0x00000000b7b00000| Untracked 
| 892|0x00000000b7c00000, 0x00000000b7c00000, 0x00000000b7d00000|  0%| F|  |TAMS 0x00000000b7c00000| PB 0x00000000b7c00000| Untracked 
| 893|0x00000000b7d00000, 0x00000000b7d00000, 0x00000000b7e00000|  0%| F|  |TAMS 0x00000000b7d00000| PB 0x00000000b7d00000| Untracked 
| 894|0x00000000b7e00000, 0x00000000b7e00000, 0x00000000b7f00000|  0%| F|  |TAMS 0x00000000b7e00000| PB 0x00000000b7e00000| Untracked 
| 895|0x00000000b7f00000, 0x00000000b7f00000, 0x00000000b8000000|  0%| F|  |TAMS 0x00000000b7f00000| PB 0x00000000b7f00000| Untracked 
| 896|0x00000000b8000000, 0x00000000b8000000, 0x00000000b8100000|  0%| F|  |TAMS 0x00000000b8000000| PB 0x00000000b8000000| Untracked 
| 897|0x00000000b8100000, 0x00000000b8100000, 0x00000000b8200000|  0%| F|  |TAMS 0x00000000b8100000| PB 0x00000000b8100000| Untracked 
| 898|0x00000000b8200000, 0x00000000b8200000, 0x00000000b8300000|  0%| F|  |TAMS 0x00000000b8200000| PB 0x00000000b8200000| Untracked 
| 899|0x00000000b8300000, 0x00000000b8300000, 0x00000000b8400000|  0%| F|  |TAMS 0x00000000b8300000| PB 0x00000000b8300000| Untracked 
| 900|0x00000000b8400000, 0x00000000b8400000, 0x00000000b8500000|  0%| F|  |TAMS 0x00000000b8400000| PB 0x00000000b8400000| Untracked 
| 901|0x00000000b8500000, 0x00000000b8500000, 0x00000000b8600000|  0%| F|  |TAMS 0x00000000b8500000| PB 0x00000000b8500000| Untracked 
| 902|0x00000000b8600000, 0x00000000b8600000, 0x00000000b8700000|  0%| F|  |TAMS 0x00000000b8600000| PB 0x00000000b8600000| Untracked 
| 903|0x00000000b8700000, 0x00000000b8700000, 0x00000000b8800000|  0%| F|  |TAMS 0x00000000b8700000| PB 0x00000000b8700000| Untracked 
| 904|0x00000000b8800000, 0x00000000b8800000, 0x00000000b8900000|  0%| F|  |TAMS 0x00000000b8800000| PB 0x00000000b8800000| Untracked 
| 905|0x00000000b8900000, 0x00000000b8900000, 0x00000000b8a00000|  0%| F|  |TAMS 0x00000000b8900000| PB 0x00000000b8900000| Untracked 
| 906|0x00000000b8a00000, 0x00000000b8a00000, 0x00000000b8b00000|  0%| F|  |TAMS 0x00000000b8a00000| PB 0x00000000b8a00000| Untracked 
| 907|0x00000000b8b00000, 0x00000000b8b00000, 0x00000000b8c00000|  0%| F|  |TAMS 0x00000000b8b00000| PB 0x00000000b8b00000| Untracked 
| 908|0x00000000b8c00000, 0x00000000b8c00000, 0x00000000b8d00000|  0%| F|  |TAMS 0x00000000b8c00000| PB 0x00000000b8c00000| Untracked 
| 909|0x00000000b8d00000, 0x00000000b8d00000, 0x00000000b8e00000|  0%| F|  |TAMS 0x00000000b8d00000| PB 0x00000000b8d00000| Untracked 
| 910|0x00000000b8e00000, 0x00000000b8e00000, 0x00000000b8f00000|  0%| F|  |TAMS 0x00000000b8e00000| PB 0x00000000b8e00000| Untracked 
| 911|0x00000000b8f00000, 0x00000000b8f00000, 0x00000000b9000000|  0%| F|  |TAMS 0x00000000b8f00000| PB 0x00000000b8f00000| Untracked 
| 912|0x00000000b9000000, 0x00000000b9000000, 0x00000000b9100000|  0%| F|  |TAMS 0x00000000b9000000| PB 0x00000000b9000000| Untracked 
| 913|0x00000000b9100000, 0x00000000b9100000, 0x00000000b9200000|  0%| F|  |TAMS 0x00000000b9100000| PB 0x00000000b9100000| Untracked 
| 914|0x00000000b9200000, 0x00000000b9200000, 0x00000000b9300000|  0%| F|  |TAMS 0x00000000b9200000| PB 0x00000000b9200000| Untracked 
| 915|0x00000000b9300000, 0x00000000b9300000, 0x00000000b9400000|  0%| F|  |TAMS 0x00000000b9300000| PB 0x00000000b9300000| Untracked 
| 916|0x00000000b9400000, 0x00000000b9400000, 0x00000000b9500000|  0%| F|  |TAMS 0x00000000b9400000| PB 0x00000000b9400000| Untracked 
| 917|0x00000000b9500000, 0x00000000b9500000, 0x00000000b9600000|  0%| F|  |TAMS 0x00000000b9500000| PB 0x00000000b9500000| Untracked 
| 918|0x00000000b9600000, 0x00000000b9600000, 0x00000000b9700000|  0%| F|  |TAMS 0x00000000b9600000| PB 0x00000000b9600000| Untracked 
| 919|0x00000000b9700000, 0x00000000b9700000, 0x00000000b9800000|  0%| F|  |TAMS 0x00000000b9700000| PB 0x00000000b9700000| Untracked 
| 920|0x00000000b9800000, 0x00000000b9800000, 0x00000000b9900000|  0%| F|  |TAMS 0x00000000b9800000| PB 0x00000000b9800000| Untracked 
| 921|0x00000000b9900000, 0x00000000b9900000, 0x00000000b9a00000|  0%| F|  |TAMS 0x00000000b9900000| PB 0x00000000b9900000| Untracked 
| 922|0x00000000b9a00000, 0x00000000b9a00000, 0x00000000b9b00000|  0%| F|  |TAMS 0x00000000b9a00000| PB 0x00000000b9a00000| Untracked 
| 923|0x00000000b9b00000, 0x00000000b9b00000, 0x00000000b9c00000|  0%| F|  |TAMS 0x00000000b9b00000| PB 0x00000000b9b00000| Untracked 
| 924|0x00000000b9c00000, 0x00000000b9c00000, 0x00000000b9d00000|  0%| F|  |TAMS 0x00000000b9c00000| PB 0x00000000b9c00000| Untracked 
| 925|0x00000000b9d00000, 0x00000000b9d00000, 0x00000000b9e00000|  0%| F|  |TAMS 0x00000000b9d00000| PB 0x00000000b9d00000| Untracked 
| 926|0x00000000b9e00000, 0x00000000b9e00000, 0x00000000b9f00000|  0%| F|  |TAMS 0x00000000b9e00000| PB 0x00000000b9e00000| Untracked 
| 927|0x00000000b9f00000, 0x00000000b9f00000, 0x00000000ba000000|  0%| F|  |TAMS 0x00000000b9f00000| PB 0x00000000b9f00000| Untracked 
| 928|0x00000000ba000000, 0x00000000ba000000, 0x00000000ba100000|  0%| F|  |TAMS 0x00000000ba000000| PB 0x00000000ba000000| Untracked 
| 929|0x00000000ba100000, 0x00000000ba100000, 0x00000000ba200000|  0%| F|  |TAMS 0x00000000ba100000| PB 0x00000000ba100000| Untracked 
| 930|0x00000000ba200000, 0x00000000ba200000, 0x00000000ba300000|  0%| F|  |TAMS 0x00000000ba200000| PB 0x00000000ba200000| Untracked 
| 931|0x00000000ba300000, 0x00000000ba300000, 0x00000000ba400000|  0%| F|  |TAMS 0x00000000ba300000| PB 0x00000000ba300000| Untracked 
| 932|0x00000000ba400000, 0x00000000ba400000, 0x00000000ba500000|  0%| F|  |TAMS 0x00000000ba400000| PB 0x00000000ba400000| Untracked 
| 933|0x00000000ba500000, 0x00000000ba500000, 0x00000000ba600000|  0%| F|  |TAMS 0x00000000ba500000| PB 0x00000000ba500000| Untracked 
| 934|0x00000000ba600000, 0x00000000ba600000, 0x00000000ba700000|  0%| F|  |TAMS 0x00000000ba600000| PB 0x00000000ba600000| Untracked 
| 935|0x00000000ba700000, 0x00000000ba700000, 0x00000000ba800000|  0%| F|  |TAMS 0x00000000ba700000| PB 0x00000000ba700000| Untracked 
| 936|0x00000000ba800000, 0x00000000ba800000, 0x00000000ba900000|  0%| F|  |TAMS 0x00000000ba800000| PB 0x00000000ba800000| Untracked 
| 937|0x00000000ba900000, 0x00000000ba900000, 0x00000000baa00000|  0%| F|  |TAMS 0x00000000ba900000| PB 0x00000000ba900000| Untracked 
| 938|0x00000000baa00000, 0x00000000baa00000, 0x00000000bab00000|  0%| F|  |TAMS 0x00000000baa00000| PB 0x00000000baa00000| Untracked 
| 939|0x00000000bab00000, 0x00000000bab00000, 0x00000000bac00000|  0%| F|  |TAMS 0x00000000bab00000| PB 0x00000000bab00000| Untracked 
| 940|0x00000000bac00000, 0x00000000bac00000, 0x00000000bad00000|  0%| F|  |TAMS 0x00000000bac00000| PB 0x00000000bac00000| Untracked 
| 941|0x00000000bad00000, 0x00000000bad00000, 0x00000000bae00000|  0%| F|  |TAMS 0x00000000bad00000| PB 0x00000000bad00000| Untracked 
| 942|0x00000000bae00000, 0x00000000bae00000, 0x00000000baf00000|  0%| F|  |TAMS 0x00000000bae00000| PB 0x00000000bae00000| Untracked 
| 943|0x00000000baf00000, 0x00000000baf00000, 0x00000000bb000000|  0%| F|  |TAMS 0x00000000baf00000| PB 0x00000000baf00000| Untracked 
| 944|0x00000000bb000000, 0x00000000bb000000, 0x00000000bb100000|  0%| F|  |TAMS 0x00000000bb000000| PB 0x00000000bb000000| Untracked 
| 945|0x00000000bb100000, 0x00000000bb100000, 0x00000000bb200000|  0%| F|  |TAMS 0x00000000bb100000| PB 0x00000000bb100000| Untracked 
| 946|0x00000000bb200000, 0x00000000bb200000, 0x00000000bb300000|  0%| F|  |TAMS 0x00000000bb200000| PB 0x00000000bb200000| Untracked 
| 947|0x00000000bb300000, 0x00000000bb300000, 0x00000000bb400000|  0%| F|  |TAMS 0x00000000bb300000| PB 0x00000000bb300000| Untracked 
| 948|0x00000000bb400000, 0x00000000bb400000, 0x00000000bb500000|  0%| F|  |TAMS 0x00000000bb400000| PB 0x00000000bb400000| Untracked 
| 949|0x00000000bb500000, 0x00000000bb500000, 0x00000000bb600000|  0%| F|  |TAMS 0x00000000bb500000| PB 0x00000000bb500000| Untracked 
| 950|0x00000000bb600000, 0x00000000bb600000, 0x00000000bb700000|  0%| F|  |TAMS 0x00000000bb600000| PB 0x00000000bb600000| Untracked 
| 951|0x00000000bb700000, 0x00000000bb700000, 0x00000000bb800000|  0%| F|  |TAMS 0x00000000bb700000| PB 0x00000000bb700000| Untracked 
| 952|0x00000000bb800000, 0x00000000bb800000, 0x00000000bb900000|  0%| F|  |TAMS 0x00000000bb800000| PB 0x00000000bb800000| Untracked 
| 953|0x00000000bb900000, 0x00000000bb900000, 0x00000000bba00000|  0%| F|  |TAMS 0x00000000bb900000| PB 0x00000000bb900000| Untracked 
| 954|0x00000000bba00000, 0x00000000bba00000, 0x00000000bbb00000|  0%| F|  |TAMS 0x00000000bba00000| PB 0x00000000bba00000| Untracked 
| 955|0x00000000bbb00000, 0x00000000bbb00000, 0x00000000bbc00000|  0%| F|  |TAMS 0x00000000bbb00000| PB 0x00000000bbb00000| Untracked 
| 956|0x00000000bbc00000, 0x00000000bbc00000, 0x00000000bbd00000|  0%| F|  |TAMS 0x00000000bbc00000| PB 0x00000000bbc00000| Untracked 
| 957|0x00000000bbd00000, 0x00000000bbd00000, 0x00000000bbe00000|  0%| F|  |TAMS 0x00000000bbd00000| PB 0x00000000bbd00000| Untracked 
| 958|0x00000000bbe00000, 0x00000000bbe00000, 0x00000000bbf00000|  0%| F|  |TAMS 0x00000000bbe00000| PB 0x00000000bbe00000| Untracked 
| 959|0x00000000bbf00000, 0x00000000bbf00000, 0x00000000bc000000|  0%| F|  |TAMS 0x00000000bbf00000| PB 0x00000000bbf00000| Untracked 
| 960|0x00000000bc000000, 0x00000000bc000000, 0x00000000bc100000|  0%| F|  |TAMS 0x00000000bc000000| PB 0x00000000bc000000| Untracked 
| 961|0x00000000bc100000, 0x00000000bc100000, 0x00000000bc200000|  0%| F|  |TAMS 0x00000000bc100000| PB 0x00000000bc100000| Untracked 
| 962|0x00000000bc200000, 0x00000000bc200000, 0x00000000bc300000|  0%| F|  |TAMS 0x00000000bc200000| PB 0x00000000bc200000| Untracked 
| 963|0x00000000bc300000, 0x00000000bc300000, 0x00000000bc400000|  0%| F|  |TAMS 0x00000000bc300000| PB 0x00000000bc300000| Untracked 
| 964|0x00000000bc400000, 0x00000000bc400000, 0x00000000bc500000|  0%| F|  |TAMS 0x00000000bc400000| PB 0x00000000bc400000| Untracked 
| 965|0x00000000bc500000, 0x00000000bc500000, 0x00000000bc600000|  0%| F|  |TAMS 0x00000000bc500000| PB 0x00000000bc500000| Untracked 
| 966|0x00000000bc600000, 0x00000000bc600000, 0x00000000bc700000|  0%| F|  |TAMS 0x00000000bc600000| PB 0x00000000bc600000| Untracked 
| 967|0x00000000bc700000, 0x00000000bc700000, 0x00000000bc800000|  0%| F|  |TAMS 0x00000000bc700000| PB 0x00000000bc700000| Untracked 
| 968|0x00000000bc800000, 0x00000000bc800000, 0x00000000bc900000|  0%| F|  |TAMS 0x00000000bc800000| PB 0x00000000bc800000| Untracked 
| 969|0x00000000bc900000, 0x00000000bc900000, 0x00000000bca00000|  0%| F|  |TAMS 0x00000000bc900000| PB 0x00000000bc900000| Untracked 
| 970|0x00000000bca00000, 0x00000000bca00000, 0x00000000bcb00000|  0%| F|  |TAMS 0x00000000bca00000| PB 0x00000000bca00000| Untracked 
| 971|0x00000000bcb00000, 0x00000000bcb00000, 0x00000000bcc00000|  0%| F|  |TAMS 0x00000000bcb00000| PB 0x00000000bcb00000| Untracked 
| 972|0x00000000bcc00000, 0x00000000bcc00000, 0x00000000bcd00000|  0%| F|  |TAMS 0x00000000bcc00000| PB 0x00000000bcc00000| Untracked 
| 973|0x00000000bcd00000, 0x00000000bcd00000, 0x00000000bce00000|  0%| F|  |TAMS 0x00000000bcd00000| PB 0x00000000bcd00000| Untracked 
| 974|0x00000000bce00000, 0x00000000bce00000, 0x00000000bcf00000|  0%| F|  |TAMS 0x00000000bce00000| PB 0x00000000bce00000| Untracked 
| 975|0x00000000bcf00000, 0x00000000bcf00000, 0x00000000bd000000|  0%| F|  |TAMS 0x00000000bcf00000| PB 0x00000000bcf00000| Untracked 
| 976|0x00000000bd000000, 0x00000000bd000000, 0x00000000bd100000|  0%| F|  |TAMS 0x00000000bd000000| PB 0x00000000bd000000| Untracked 
| 977|0x00000000bd100000, 0x00000000bd100000, 0x00000000bd200000|  0%| F|  |TAMS 0x00000000bd100000| PB 0x00000000bd100000| Untracked 
| 978|0x00000000bd200000, 0x00000000bd200000, 0x00000000bd300000|  0%| F|  |TAMS 0x00000000bd200000| PB 0x00000000bd200000| Untracked 
| 979|0x00000000bd300000, 0x00000000bd300000, 0x00000000bd400000|  0%| F|  |TAMS 0x00000000bd300000| PB 0x00000000bd300000| Untracked 
| 980|0x00000000bd400000, 0x00000000bd400000, 0x00000000bd500000|  0%| F|  |TAMS 0x00000000bd400000| PB 0x00000000bd400000| Untracked 
| 981|0x00000000bd500000, 0x00000000bd500000, 0x00000000bd600000|  0%| F|  |TAMS 0x00000000bd500000| PB 0x00000000bd500000| Untracked 
| 982|0x00000000bd600000, 0x00000000bd600000, 0x00000000bd700000|  0%| F|  |TAMS 0x00000000bd600000| PB 0x00000000bd600000| Untracked 
| 983|0x00000000bd700000, 0x00000000bd700000, 0x00000000bd800000|  0%| F|  |TAMS 0x00000000bd700000| PB 0x00000000bd700000| Untracked 
| 984|0x00000000bd800000, 0x00000000bd800000, 0x00000000bd900000|  0%| F|  |TAMS 0x00000000bd800000| PB 0x00000000bd800000| Untracked 
| 985|0x00000000bd900000, 0x00000000bd900000, 0x00000000bda00000|  0%| F|  |TAMS 0x00000000bd900000| PB 0x00000000bd900000| Untracked 
| 986|0x00000000bda00000, 0x00000000bda00000, 0x00000000bdb00000|  0%| F|  |TAMS 0x00000000bda00000| PB 0x00000000bda00000| Untracked 
| 987|0x00000000bdb00000, 0x00000000bdb00000, 0x00000000bdc00000|  0%| F|  |TAMS 0x00000000bdb00000| PB 0x00000000bdb00000| Untracked 
| 988|0x00000000bdc00000, 0x00000000bdc00000, 0x00000000bdd00000|  0%| F|  |TAMS 0x00000000bdc00000| PB 0x00000000bdc00000| Untracked 
| 989|0x00000000bdd00000, 0x00000000bdd00000, 0x00000000bde00000|  0%| F|  |TAMS 0x00000000bdd00000| PB 0x00000000bdd00000| Untracked 
| 990|0x00000000bde00000, 0x00000000bde00000, 0x00000000bdf00000|  0%| F|  |TAMS 0x00000000bde00000| PB 0x00000000bde00000| Untracked 
| 991|0x00000000bdf00000, 0x00000000bdf00000, 0x00000000be000000|  0%| F|  |TAMS 0x00000000bdf00000| PB 0x00000000bdf00000| Untracked 
| 992|0x00000000be000000, 0x00000000be000000, 0x00000000be100000|  0%| F|  |TAMS 0x00000000be000000| PB 0x00000000be000000| Untracked 
| 993|0x00000000be100000, 0x00000000be100000, 0x00000000be200000|  0%| F|  |TAMS 0x00000000be100000| PB 0x00000000be100000| Untracked 
| 994|0x00000000be200000, 0x00000000be200000, 0x00000000be300000|  0%| F|  |TAMS 0x00000000be200000| PB 0x00000000be200000| Untracked 
| 995|0x00000000be300000, 0x00000000be300000, 0x00000000be400000|  0%| F|  |TAMS 0x00000000be300000| PB 0x00000000be300000| Untracked 
| 996|0x00000000be400000, 0x00000000be400000, 0x00000000be500000|  0%| F|  |TAMS 0x00000000be400000| PB 0x00000000be400000| Untracked 
| 997|0x00000000be500000, 0x00000000be500000, 0x00000000be600000|  0%| F|  |TAMS 0x00000000be500000| PB 0x00000000be500000| Untracked 
| 998|0x00000000be600000, 0x00000000be600000, 0x00000000be700000|  0%| F|  |TAMS 0x00000000be600000| PB 0x00000000be600000| Untracked 
| 999|0x00000000be700000, 0x00000000be700000, 0x00000000be800000|  0%| F|  |TAMS 0x00000000be700000| PB 0x00000000be700000| Untracked 
|1000|0x00000000be800000, 0x00000000be800000, 0x00000000be900000|  0%| F|  |TAMS 0x00000000be800000| PB 0x00000000be800000| Untracked 
|1001|0x00000000be900000, 0x00000000be900000, 0x00000000bea00000|  0%| F|  |TAMS 0x00000000be900000| PB 0x00000000be900000| Untracked 
|1002|0x00000000bea00000, 0x00000000bea00000, 0x00000000beb00000|  0%| F|  |TAMS 0x00000000bea00000| PB 0x00000000bea00000| Untracked 
|1003|0x00000000beb00000, 0x00000000beb00000, 0x00000000bec00000|  0%| F|  |TAMS 0x00000000beb00000| PB 0x00000000beb00000| Untracked 
|1004|0x00000000bec00000, 0x00000000bec00000, 0x00000000bed00000|  0%| F|  |TAMS 0x00000000bec00000| PB 0x00000000bec00000| Untracked 
|1005|0x00000000bed00000, 0x00000000bed00000, 0x00000000bee00000|  0%| F|  |TAMS 0x00000000bed00000| PB 0x00000000bed00000| Untracked 
|1006|0x00000000bee00000, 0x00000000bee00000, 0x00000000bef00000|  0%| F|  |TAMS 0x00000000bee00000| PB 0x00000000bee00000| Untracked 
|1007|0x00000000bef00000, 0x00000000bef00000, 0x00000000bf000000|  0%| F|  |TAMS 0x00000000bef00000| PB 0x00000000bef00000| Untracked 
|1008|0x00000000bf000000, 0x00000000bf000000, 0x00000000bf100000|  0%| F|  |TAMS 0x00000000bf000000| PB 0x00000000bf000000| Untracked 
|1009|0x00000000bf100000, 0x00000000bf100000, 0x00000000bf200000|  0%| F|  |TAMS 0x00000000bf100000| PB 0x00000000bf100000| Untracked 
|1010|0x00000000bf200000, 0x00000000bf200000, 0x00000000bf300000|  0%| F|  |TAMS 0x00000000bf200000| PB 0x00000000bf200000| Untracked 
|1011|0x00000000bf300000, 0x00000000bf300000, 0x00000000bf400000|  0%| F|  |TAMS 0x00000000bf300000| PB 0x00000000bf300000| Untracked 
|1012|0x00000000bf400000, 0x00000000bf400000, 0x00000000bf500000|  0%| F|  |TAMS 0x00000000bf400000| PB 0x00000000bf400000| Untracked 
|1013|0x00000000bf500000, 0x00000000bf500000, 0x00000000bf600000|  0%| F|  |TAMS 0x00000000bf500000| PB 0x00000000bf500000| Untracked 
|1014|0x00000000bf600000, 0x00000000bf600000, 0x00000000bf700000|  0%| F|  |TAMS 0x00000000bf600000| PB 0x00000000bf600000| Untracked 
|1015|0x00000000bf700000, 0x00000000bf700000, 0x00000000bf800000|  0%| F|  |TAMS 0x00000000bf700000| PB 0x00000000bf700000| Untracked 
|1016|0x00000000bf800000, 0x00000000bf800000, 0x00000000bf900000|  0%| F|  |TAMS 0x00000000bf800000| PB 0x00000000bf800000| Untracked 
|1017|0x00000000bf900000, 0x00000000bf900000, 0x00000000bfa00000|  0%| F|  |TAMS 0x00000000bf900000| PB 0x00000000bf900000| Untracked 
|1018|0x00000000bfa00000, 0x00000000bfa00000, 0x00000000bfb00000|  0%| F|  |TAMS 0x00000000bfa00000| PB 0x00000000bfa00000| Untracked 
|1019|0x00000000bfb00000, 0x00000000bfb00000, 0x00000000bfc00000|  0%| F|  |TAMS 0x00000000bfb00000| PB 0x00000000bfb00000| Untracked 
|1020|0x00000000bfc00000, 0x00000000bfc00000, 0x00000000bfd00000|  0%| F|  |TAMS 0x00000000bfc00000| PB 0x00000000bfc00000| Untracked 
|1021|0x00000000bfd00000, 0x00000000bfd00000, 0x00000000bfe00000|  0%| F|  |TAMS 0x00000000bfd00000| PB 0x00000000bfd00000| Untracked 
|1022|0x00000000bfe00000, 0x00000000bfe00000, 0x00000000bff00000|  0%| F|  |TAMS 0x00000000bfe00000| PB 0x00000000bfe00000| Untracked 
|1023|0x00000000bff00000, 0x00000000bff00000, 0x00000000c0000000|  0%| F|  |TAMS 0x00000000bff00000| PB 0x00000000bff00000| Untracked 
|1024|0x00000000c0000000, 0x00000000c0000000, 0x00000000c0100000|  0%| F|  |TAMS 0x00000000c0000000| PB 0x00000000c0000000| Untracked 
|1025|0x00000000c0100000, 0x00000000c0100000, 0x00000000c0200000|  0%| F|  |TAMS 0x00000000c0100000| PB 0x00000000c0100000| Untracked 
|1026|0x00000000c0200000, 0x00000000c0200000, 0x00000000c0300000|  0%| F|  |TAMS 0x00000000c0200000| PB 0x00000000c0200000| Untracked 
|1027|0x00000000c0300000, 0x00000000c0300000, 0x00000000c0400000|  0%| F|  |TAMS 0x00000000c0300000| PB 0x00000000c0300000| Untracked 
|1028|0x00000000c0400000, 0x00000000c0400000, 0x00000000c0500000|  0%| F|  |TAMS 0x00000000c0400000| PB 0x00000000c0400000| Untracked 
|1029|0x00000000c0500000, 0x00000000c0500000, 0x00000000c0600000|  0%| F|  |TAMS 0x00000000c0500000| PB 0x00000000c0500000| Untracked 
|1030|0x00000000c0600000, 0x00000000c0600000, 0x00000000c0700000|  0%| F|  |TAMS 0x00000000c0600000| PB 0x00000000c0600000| Untracked 
|1031|0x00000000c0700000, 0x00000000c0700000, 0x00000000c0800000|  0%| F|  |TAMS 0x00000000c0700000| PB 0x00000000c0700000| Untracked 
|1032|0x00000000c0800000, 0x00000000c0800000, 0x00000000c0900000|  0%| F|  |TAMS 0x00000000c0800000| PB 0x00000000c0800000| Untracked 
|1033|0x00000000c0900000, 0x00000000c0900000, 0x00000000c0a00000|  0%| F|  |TAMS 0x00000000c0900000| PB 0x00000000c0900000| Untracked 
|1034|0x00000000c0a00000, 0x00000000c0a00000, 0x00000000c0b00000|  0%| F|  |TAMS 0x00000000c0a00000| PB 0x00000000c0a00000| Untracked 
|1035|0x00000000c0b00000, 0x00000000c0b00000, 0x00000000c0c00000|  0%| F|  |TAMS 0x00000000c0b00000| PB 0x00000000c0b00000| Untracked 
|1036|0x00000000c0c00000, 0x00000000c0c00000, 0x00000000c0d00000|  0%| F|  |TAMS 0x00000000c0c00000| PB 0x00000000c0c00000| Untracked 
|1037|0x00000000c0d00000, 0x00000000c0d00000, 0x00000000c0e00000|  0%| F|  |TAMS 0x00000000c0d00000| PB 0x00000000c0d00000| Untracked 
|1038|0x00000000c0e00000, 0x00000000c0e00000, 0x00000000c0f00000|  0%| F|  |TAMS 0x00000000c0e00000| PB 0x00000000c0e00000| Untracked 
|1039|0x00000000c0f00000, 0x00000000c0f00000, 0x00000000c1000000|  0%| F|  |TAMS 0x00000000c0f00000| PB 0x00000000c0f00000| Untracked 
|1040|0x00000000c1000000, 0x00000000c1000000, 0x00000000c1100000|  0%| F|  |TAMS 0x00000000c1000000| PB 0x00000000c1000000| Untracked 
|1041|0x00000000c1100000, 0x00000000c1100000, 0x00000000c1200000|  0%| F|  |TAMS 0x00000000c1100000| PB 0x00000000c1100000| Untracked 
|1042|0x00000000c1200000, 0x00000000c1200000, 0x00000000c1300000|  0%| F|  |TAMS 0x00000000c1200000| PB 0x00000000c1200000| Untracked 
|1043|0x00000000c1300000, 0x00000000c1300000, 0x00000000c1400000|  0%| F|  |TAMS 0x00000000c1300000| PB 0x00000000c1300000| Untracked 
|1044|0x00000000c1400000, 0x00000000c1400000, 0x00000000c1500000|  0%| F|  |TAMS 0x00000000c1400000| PB 0x00000000c1400000| Untracked 
|1045|0x00000000c1500000, 0x00000000c1500000, 0x00000000c1600000|  0%| F|  |TAMS 0x00000000c1500000| PB 0x00000000c1500000| Untracked 
|1046|0x00000000c1600000, 0x00000000c1600000, 0x00000000c1700000|  0%| F|  |TAMS 0x00000000c1600000| PB 0x00000000c1600000| Untracked 
|1047|0x00000000c1700000, 0x00000000c1700000, 0x00000000c1800000|  0%| F|  |TAMS 0x00000000c1700000| PB 0x00000000c1700000| Untracked 
|1048|0x00000000c1800000, 0x00000000c1800000, 0x00000000c1900000|  0%| F|  |TAMS 0x00000000c1800000| PB 0x00000000c1800000| Untracked 
|1049|0x00000000c1900000, 0x00000000c1900000, 0x00000000c1a00000|  0%| F|  |TAMS 0x00000000c1900000| PB 0x00000000c1900000| Untracked 
|1050|0x00000000c1a00000, 0x00000000c1a00000, 0x00000000c1b00000|  0%| F|  |TAMS 0x00000000c1a00000| PB 0x00000000c1a00000| Untracked 
|1051|0x00000000c1b00000, 0x00000000c1b00000, 0x00000000c1c00000|  0%| F|  |TAMS 0x00000000c1b00000| PB 0x00000000c1b00000| Untracked 
|1052|0x00000000c1c00000, 0x00000000c1c00000, 0x00000000c1d00000|  0%| F|  |TAMS 0x00000000c1c00000| PB 0x00000000c1c00000| Untracked 
|1053|0x00000000c1d00000, 0x00000000c1d00000, 0x00000000c1e00000|  0%| F|  |TAMS 0x00000000c1d00000| PB 0x00000000c1d00000| Untracked 
|1054|0x00000000c1e00000, 0x00000000c1e00000, 0x00000000c1f00000|  0%| F|  |TAMS 0x00000000c1e00000| PB 0x00000000c1e00000| Untracked 
|1055|0x00000000c1f00000, 0x00000000c1f00000, 0x00000000c2000000|  0%| F|  |TAMS 0x00000000c1f00000| PB 0x00000000c1f00000| Untracked 
|1056|0x00000000c2000000, 0x00000000c2000000, 0x00000000c2100000|  0%| F|  |TAMS 0x00000000c2000000| PB 0x00000000c2000000| Untracked 
|1057|0x00000000c2100000, 0x00000000c2100000, 0x00000000c2200000|  0%| F|  |TAMS 0x00000000c2100000| PB 0x00000000c2100000| Untracked 
|1058|0x00000000c2200000, 0x00000000c2200000, 0x00000000c2300000|  0%| F|  |TAMS 0x00000000c2200000| PB 0x00000000c2200000| Untracked 
|1059|0x00000000c2300000, 0x00000000c2300000, 0x00000000c2400000|  0%| F|  |TAMS 0x00000000c2300000| PB 0x00000000c2300000| Untracked 
|1060|0x00000000c2400000, 0x00000000c2400000, 0x00000000c2500000|  0%| F|  |TAMS 0x00000000c2400000| PB 0x00000000c2400000| Untracked 
|1061|0x00000000c2500000, 0x00000000c2500000, 0x00000000c2600000|  0%| F|  |TAMS 0x00000000c2500000| PB 0x00000000c2500000| Untracked 
|1062|0x00000000c2600000, 0x00000000c2600000, 0x00000000c2700000|  0%| F|  |TAMS 0x00000000c2600000| PB 0x00000000c2600000| Untracked 
|1063|0x00000000c2700000, 0x00000000c2700000, 0x00000000c2800000|  0%| F|  |TAMS 0x00000000c2700000| PB 0x00000000c2700000| Untracked 
|1064|0x00000000c2800000, 0x00000000c2800000, 0x00000000c2900000|  0%| F|  |TAMS 0x00000000c2800000| PB 0x00000000c2800000| Untracked 
|1065|0x00000000c2900000, 0x00000000c2900000, 0x00000000c2a00000|  0%| F|  |TAMS 0x00000000c2900000| PB 0x00000000c2900000| Untracked 
|1066|0x00000000c2a00000, 0x00000000c2a00000, 0x00000000c2b00000|  0%| F|  |TAMS 0x00000000c2a00000| PB 0x00000000c2a00000| Untracked 
|1067|0x00000000c2b00000, 0x00000000c2bb97c0, 0x00000000c2c00000| 72%| E|  |TAMS 0x00000000c2b00000| PB 0x00000000c2b00000| Complete 
|1068|0x00000000c2c00000, 0x00000000c2d00000, 0x00000000c2d00000|100%| E|CS|TAMS 0x00000000c2c00000| PB 0x00000000c2c00000| Complete 
|1069|0x00000000c2d00000, 0x00000000c2e00000, 0x00000000c2e00000|100%| E|CS|TAMS 0x00000000c2d00000| PB 0x00000000c2d00000| Complete 
|1070|0x00000000c2e00000, 0x00000000c2f00000, 0x00000000c2f00000|100%| E|CS|TAMS 0x00000000c2e00000| PB 0x00000000c2e00000| Complete 
|1071|0x00000000c2f00000, 0x00000000c3000000, 0x00000000c3000000|100%| E|CS|TAMS 0x00000000c2f00000| PB 0x00000000c2f00000| Complete 
|1072|0x00000000c3000000, 0x00000000c3100000, 0x00000000c3100000|100%| E|CS|TAMS 0x00000000c3000000| PB 0x00000000c3000000| Complete 
|1073|0x00000000c3100000, 0x00000000c3200000, 0x00000000c3200000|100%| E|CS|TAMS 0x00000000c3100000| PB 0x00000000c3100000| Complete 
|1074|0x00000000c3200000, 0x00000000c3300000, 0x00000000c3300000|100%| E|CS|TAMS 0x00000000c3200000| PB 0x00000000c3200000| Complete 
|1075|0x00000000c3300000, 0x00000000c3400000, 0x00000000c3400000|100%| E|CS|TAMS 0x00000000c3300000| PB 0x00000000c3300000| Complete 
|1076|0x00000000c3400000, 0x00000000c3500000, 0x00000000c3500000|100%| E|CS|TAMS 0x00000000c3400000| PB 0x00000000c3400000| Complete 
|1077|0x00000000c3500000, 0x00000000c3600000, 0x00000000c3600000|100%| E|CS|TAMS 0x00000000c3500000| PB 0x00000000c3500000| Complete 
|1078|0x00000000c3600000, 0x00000000c3700000, 0x00000000c3700000|100%| E|CS|TAMS 0x00000000c3600000| PB 0x00000000c3600000| Complete 
|1079|0x00000000c3700000, 0x00000000c3800000, 0x00000000c3800000|100%| E|CS|TAMS 0x00000000c3700000| PB 0x00000000c3700000| Complete 
|1080|0x00000000c3800000, 0x00000000c3900000, 0x00000000c3900000|100%| E|CS|TAMS 0x00000000c3800000| PB 0x00000000c3800000| Complete 
|1081|0x00000000c3900000, 0x00000000c3a00000, 0x00000000c3a00000|100%| E|CS|TAMS 0x00000000c3900000| PB 0x00000000c3900000| Complete 
|1082|0x00000000c3a00000, 0x00000000c3b00000, 0x00000000c3b00000|100%| S|CS|TAMS 0x00000000c3a00000| PB 0x00000000c3a00000| Complete 
|1083|0x00000000c3b00000, 0x00000000c3c00000, 0x00000000c3c00000|100%| S|CS|TAMS 0x00000000c3b00000| PB 0x00000000c3b00000| Complete 
|1084|0x00000000c3c00000, 0x00000000c3d00000, 0x00000000c3d00000|100%| S|CS|TAMS 0x00000000c3c00000| PB 0x00000000c3c00000| Complete 
|1085|0x00000000c3d00000, 0x00000000c3e00000, 0x00000000c3e00000|100%| S|CS|TAMS 0x00000000c3d00000| PB 0x00000000c3d00000| Complete 
|1086|0x00000000c3e00000, 0x00000000c3f00000, 0x00000000c3f00000|100%| S|CS|TAMS 0x00000000c3e00000| PB 0x00000000c3e00000| Complete 
|1087|0x00000000c3f00000, 0x00000000c4000000, 0x00000000c4000000|100%| S|CS|TAMS 0x00000000c3f00000| PB 0x00000000c3f00000| Complete 
|1088|0x00000000c4000000, 0x00000000c4100000, 0x00000000c4100000|100%| S|CS|TAMS 0x00000000c4000000| PB 0x00000000c4000000| Complete 
|1089|0x00000000c4100000, 0x00000000c4200000, 0x00000000c4200000|100%| S|CS|TAMS 0x00000000c4100000| PB 0x00000000c4100000| Complete 
|1090|0x00000000c4200000, 0x00000000c4300000, 0x00000000c4300000|100%| S|CS|TAMS 0x00000000c4200000| PB 0x00000000c4200000| Complete 
|1091|0x00000000c4300000, 0x00000000c4400000, 0x00000000c4400000|100%| S|CS|TAMS 0x00000000c4300000| PB 0x00000000c4300000| Complete 
|1092|0x00000000c4400000, 0x00000000c4500000, 0x00000000c4500000|100%| S|CS|TAMS 0x00000000c4400000| PB 0x00000000c4400000| Complete 
|1093|0x00000000c4500000, 0x00000000c4600000, 0x00000000c4600000|100%| S|CS|TAMS 0x00000000c4500000| PB 0x00000000c4500000| Complete 
|1094|0x00000000c4600000, 0x00000000c4700000, 0x00000000c4700000|100%| S|CS|TAMS 0x00000000c4600000| PB 0x00000000c4600000| Complete 
|1095|0x00000000c4700000, 0x00000000c4800000, 0x00000000c4800000|100%| E|CS|TAMS 0x00000000c4700000| PB 0x00000000c4700000| Complete 
|1096|0x00000000c4800000, 0x00000000c4900000, 0x00000000c4900000|100%| E|CS|TAMS 0x00000000c4800000| PB 0x00000000c4800000| Complete 
|1097|0x00000000c4900000, 0x00000000c4a00000, 0x00000000c4a00000|100%| E|CS|TAMS 0x00000000c4900000| PB 0x00000000c4900000| Complete 
|1098|0x00000000c4a00000, 0x00000000c4b00000, 0x00000000c4b00000|100%| E|CS|TAMS 0x00000000c4a00000| PB 0x00000000c4a00000| Complete 
|1099|0x00000000c4b00000, 0x00000000c4c00000, 0x00000000c4c00000|100%| E|CS|TAMS 0x00000000c4b00000| PB 0x00000000c4b00000| Complete 
|1100|0x00000000c4c00000, 0x00000000c4d00000, 0x00000000c4d00000|100%| E|CS|TAMS 0x00000000c4c00000| PB 0x00000000c4c00000| Complete 
|1101|0x00000000c4d00000, 0x00000000c4e00000, 0x00000000c4e00000|100%| E|CS|TAMS 0x00000000c4d00000| PB 0x00000000c4d00000| Complete 
|1102|0x00000000c4e00000, 0x00000000c4f00000, 0x00000000c4f00000|100%| E|CS|TAMS 0x00000000c4e00000| PB 0x00000000c4e00000| Complete 
|1103|0x00000000c4f00000, 0x00000000c5000000, 0x00000000c5000000|100%| E|CS|TAMS 0x00000000c4f00000| PB 0x00000000c4f00000| Complete 
|1104|0x00000000c5000000, 0x00000000c5100000, 0x00000000c5100000|100%| E|CS|TAMS 0x00000000c5000000| PB 0x00000000c5000000| Complete 
|1105|0x00000000c5100000, 0x00000000c5200000, 0x00000000c5200000|100%| E|CS|TAMS 0x00000000c5100000| PB 0x00000000c5100000| Complete 
|2019|0x00000000fe300000, 0x00000000fe400000, 0x00000000fe400000|100%| O|  |TAMS 0x00000000fe380000| PB 0x00000000fe380000| Updating 
|2020|0x00000000fe400000, 0x00000000fe500000, 0x00000000fe500000|100%| O|  |TAMS 0x00000000fe500000| PB 0x00000000fe500000| Updating 
|2021|0x00000000fe500000, 0x00000000fe600000, 0x00000000fe600000|100%| O|  |TAMS 0x00000000fe600000| PB 0x00000000fe600000| Updating 
|2022|0x00000000fe600000, 0x00000000fe600000, 0x00000000fe700000|  0%| F|  |TAMS 0x00000000fe600000| PB 0x00000000fe600000| Untracked 
|2023|0x00000000fe700000, 0x00000000fe800000, 0x00000000fe800000|100%| O|  |TAMS 0x00000000fe800000| PB 0x00000000fe800000| Updating 
|2024|0x00000000fe800000, 0x00000000fe900000, 0x00000000fe900000|100%| O|  |TAMS 0x00000000fe900000| PB 0x00000000fe900000| Updating 
|2025|0x00000000fe900000, 0x00000000fea00000, 0x00000000fea00000|100%| O|  |TAMS 0x00000000fea00000| PB 0x00000000fea00000| Updating 
|2026|0x00000000fea00000, 0x00000000feb00000, 0x00000000feb00000|100%| O|  |TAMS 0x00000000feb00000| PB 0x00000000feb00000| Updating 
|2027|0x00000000feb00000, 0x00000000fec00000, 0x00000000fec00000|100%| O|  |TAMS 0x00000000fec00000| PB 0x00000000fec00000| Updating 
|2028|0x00000000fec00000, 0x00000000fed00000, 0x00000000fed00000|100%| O|  |TAMS 0x00000000fed00000| PB 0x00000000fed00000| Updating 
|2029|0x00000000fed00000, 0x00000000fed00000, 0x00000000fee00000|  0%| F|  |TAMS 0x00000000fed00000| PB 0x00000000fed00000| Untracked 
|2030|0x00000000fee00000, 0x00000000fef00000, 0x00000000fef00000|100%| O|  |TAMS 0x00000000fef00000| PB 0x00000000fef00000| Updating 
|2031|0x00000000fef00000, 0x00000000ff000000, 0x00000000ff000000|100%| O|  |TAMS 0x00000000ff000000| PB 0x00000000ff000000| Updating 
|2032|0x00000000ff000000, 0x00000000ff100000, 0x00000000ff100000|100%| O|  |TAMS 0x00000000ff100000| PB 0x00000000ff100000| Updating 
|2033|0x00000000ff100000, 0x00000000ff100000, 0x00000000ff200000|  0%| F|  |TAMS 0x00000000ff100000| PB 0x00000000ff100000| Untracked 
|2034|0x00000000ff200000, 0x00000000ff200000, 0x00000000ff300000|  0%| F|  |TAMS 0x00000000ff200000| PB 0x00000000ff200000| Untracked 
|2035|0x00000000ff300000, 0x00000000ff400000, 0x00000000ff400000|100%| E|CS|TAMS 0x00000000ff300000| PB 0x00000000ff300000| Complete 
|2036|0x00000000ff400000, 0x00000000ff500000, 0x00000000ff500000|100%| E|CS|TAMS 0x00000000ff400000| PB 0x00000000ff400000| Complete 
|2037|0x00000000ff500000, 0x00000000ff600000, 0x00000000ff600000|100%| E|CS|TAMS 0x00000000ff500000| PB 0x00000000ff500000| Complete 
|2038|0x00000000ff600000, 0x00000000ff600000, 0x00000000ff700000|  0%| F|  |TAMS 0x00000000ff600000| PB 0x00000000ff600000| Untracked 
|2039|0x00000000ff700000, 0x00000000ff800000, 0x00000000ff800000|100%| E|CS|TAMS 0x00000000ff700000| PB 0x00000000ff700000| Complete 
|2040|0x00000000ff800000, 0x00000000ff900000, 0x00000000ff900000|100%| E|CS|TAMS 0x00000000ff800000| PB 0x00000000ff800000| Complete 
|2041|0x00000000ff900000, 0x00000000ffa00000, 0x00000000ffa00000|100%| E|CS|TAMS 0x00000000ff900000| PB 0x00000000ff900000| Complete 
|2042|0x00000000ffa00000, 0x00000000ffb00000, 0x00000000ffb00000|100%| E|CS|TAMS 0x00000000ffa00000| PB 0x00000000ffa00000| Complete 
|2043|0x00000000ffb00000, 0x00000000ffc00000, 0x00000000ffc00000|100%| E|CS|TAMS 0x00000000ffb00000| PB 0x00000000ffb00000| Complete 
|2044|0x00000000ffc00000, 0x00000000ffd00000, 0x00000000ffd00000|100%| E|CS|TAMS 0x00000000ffc00000| PB 0x00000000ffc00000| Complete 
|2045|0x00000000ffd00000, 0x00000000ffd00000, 0x00000000ffe00000|  0%| F|  |TAMS 0x00000000ffd00000| PB 0x00000000ffd00000| Untracked 
|2046|0x00000000ffe00000, 0x00000000ffe00000, 0x00000000fff00000|  0%| F|  |TAMS 0x00000000ffe00000| PB 0x00000000ffe00000| Untracked 
|2047|0x00000000fff00000, 0x00000000fff00000, 0x0000000100000000|  0%| F|  |TAMS 0x00000000fff00000| PB 0x00000000fff00000| Untracked 

Card table byte_map: [0x00000226d2ee0000,0x00000226d32e0000] _byte_map_base: 0x00000226d2ae0000

Marking Bits: (CMBitMap*) 0x00000226add4aae0
 Bits: [0x00000226d32e0000, 0x00000226d52e0000)

Polling page: 0x00000226ab5b0000

Metaspace:

Usage:
  Non-class:    378.22 MB used.
      Class:     53.60 MB used.
       Both:    431.82 MB used.

Virtual space:
  Non-class space:      384.00 MB reserved,     381.69 MB (>99%) committed,  6 nodes.
      Class space:        1.00 GB reserved,      56.38 MB (  6%) committed,  1 nodes.
             Both:        1.38 GB reserved,     438.06 MB ( 31%) committed. 

Chunk freelists:
   Non-Class:  2.85 MB
       Class:  8.00 MB
        Both:  10.86 MB

MaxMetaspaceSize: unlimited
CompressedClassSpaceSize: 1.00 GB
Initial GC threshold: 21.00 MB
Current GC threshold: 731.19 MB
CDS: on
 - commit_granule_bytes: 65536.
 - commit_granule_words: 8192.
 - virtual_space_node_default_size: 8388608.
 - enlarge_chunks_in_place: 1.
 - use_allocation_guard: 0.


Internal statistics:

num_allocs_failed_limit: 32.
num_arena_births: 10296.
num_arena_deaths: 4440.
num_vsnodes_births: 7.
num_vsnodes_deaths: 0.
num_space_committed: 7013.
num_space_uncommitted: 5.
num_chunks_returned_to_freelist: 5449.
num_chunks_taken_from_freelist: 36513.
num_chunk_merges: 1601.
num_chunk_splits: 19880.
num_chunks_enlarged: 9691.
num_inconsistent_stats: 0.

CodeHeap 'non-profiled nmethods': size=259328Kb used=23984Kb max_used=27158Kb free=235343Kb
 bounds [0x00000226c1fb0000, 0x00000226c3a40000, 0x00000226d1cf0000]
CodeHeap 'profiled nmethods': size=259264Kb used=59933Kb max_used=76024Kb free=199331Kb
 bounds [0x00000226b1cf0000, 0x00000226b6740000, 0x00000226c1a20000]
CodeHeap 'non-nmethods': size=5696Kb used=3866Kb max_used=3912Kb free=1829Kb
 bounds [0x00000226c1a20000, 0x00000226c1e20000, 0x00000226c1fb0000]
CodeCache: size=524288Kb, used=87783Kb, max_used=107094Kb, free=436503Kb
 total_blobs=29537, nmethods=27141, adapters=2295, full_count=0
Compilation: enabled, stopped_count=0, restarted_count=0

Compilation events (20 events):
Event: 4530.067 Thread 0x00000226d8796780 nmethod 69014 0x00000226b3f40590 code [0x00000226b3f40860, 0x00000226b3f41650]
Event: 4530.099 Thread 0x00000226d875cd10 nmethod 69013 0x00000226c3073c10 code [0x00000226c3073f60, 0x00000226c3075c98]
Event: 4530.299 Thread 0x00000226d8796780 69015       3       com.intellij.openapi.editor.impl.IntervalTreeImpl::deleteNode (82 bytes)
Event: 4530.300 Thread 0x00000226d8796780 nmethod 69015 0x00000226b3608f10 code [0x00000226b3609160, 0x00000226b36099a8]
Event: 4530.302 Thread 0x00000226d8796780 69016       3       com.intellij.execution.impl.ConsoleViewImpl::updateFoldings$lambda$41 (1113 bytes)
Event: 4530.307 Thread 0x00000226d8796780 nmethod 69016 0x00000226b6124290 code [0x00000226b6124f20, 0x00000226b612dcf0]
Event: 4530.307 Thread 0x00000226d8796780 69017       3       O00oo::O000000o (33 bytes)
Event: 4530.308 Thread 0x00000226d8796780 nmethod 69017 0x00000226b39f1410 code [0x00000226b39f1720, 0x00000226b39f2b50]
Event: 4530.309 Thread 0x00000226d875cd10 69018       4       sun.java2d.marlin.DMarlinRenderingEngine$NormalizingPathIterator::currentSegment (288 bytes)
Event: 4530.313 Thread 0x00000226d875cd10 nmethod 69018 0x00000226c2513090 code [0x00000226c2513280, 0x00000226c25136c8]
Event: 4530.344 Thread 0x00000226d8796780 69019       3       com.intellij.openapi.editor.impl.view.LineLayout$BidiRun::getChunkCount (20 bytes)
Event: 4530.344 Thread 0x00000226d8796780 nmethod 69019 0x00000226b254db10 code [0x00000226b254dca0, 0x00000226b254dde0]
Event: 4530.344 Thread 0x00000226d8796780 69020       3       com.intellij.util.EventDispatcher::create (18 bytes)
Event: 4530.345 Thread 0x00000226d8796780 nmethod 69020 0x00000226b33b2090 code [0x00000226b33b22c0, 0x00000226b33b2b80]
Event: 4530.346 Thread 0x00000226d875cd10 69021       4       java.security.AccessControlContext::optimize (319 bytes)
Event: 4530.349 Thread 0x00000226d875cd10 nmethod 69021 0x00000226c2bb5490 code [0x00000226c2bb5680, 0x00000226c2bb5b98]
Event: 4530.407 Thread 0x00000226d8796780 69022       3       javax.swing.plaf.basic.BasicScrollPaneUI$Handler::stateChanged (104 bytes)
Event: 4530.408 Thread 0x00000226d8796780 nmethod 69022 0x00000226b443fe10 code [0x00000226b4440040, 0x00000226b4440d20]
Event: 4530.408 Thread 0x00000226d875cd10 69023       4       com.intellij.openapi.editor.impl.CaretImpl::assertNotUpdating (34 bytes)
Event: 4530.409 Thread 0x00000226d875cd10 nmethod 69023 0x00000226c2fb7410 code [0x00000226c2fb75a0, 0x00000226c2fb7660]

GC Heap History (20 events):
Event: 4401.089 GC heap before
{Heap before GC invocations=173 (full 4):
 garbage-first heap   total 1123328K, used 789637K [0x0000000080000000, 0x0000000100000000)
  region size 1024K, 95 young (97280K), 7 survivors (7168K)
 Metaspace       used 442768K, committed 448704K, reserved 1441792K
  class space    used 55202K, committed 57920K, reserved 1048576K
}
Event: 4401.094 GC heap after
{Heap after GC invocations=174 (full 4):
 garbage-first heap   total 1123328K, used 700049K [0x0000000080000000, 0x0000000100000000)
  region size 1024K, 6 young (6144K), 6 survivors (6144K)
 Metaspace       used 442768K, committed 448704K, reserved 1441792K
  class space    used 55202K, committed 57920K, reserved 1048576K
}
Event: 4441.972 GC heap before
{Heap before GC invocations=175 (full 4):
 garbage-first heap   total 1136640K, used 978577K [0x0000000080000000, 0x0000000100000000)
  region size 1024K, 281 young (287744K), 6 survivors (6144K)
 Metaspace       used 442911K, committed 448960K, reserved 1441792K
  class space    used 55203K, committed 57920K, reserved 1048576K
}
Event: 4442.005 GC heap after
{Heap after GC invocations=176 (full 4):
 garbage-first heap   total 1136640K, used 737644K [0x0000000080000000, 0x0000000100000000)
  region size 1024K, 36 young (36864K), 36 survivors (36864K)
 Metaspace       used 442911K, committed 448960K, reserved 1441792K
  class space    used 55203K, committed 57920K, reserved 1048576K
}
Event: 4458.801 GC heap before
{Heap before GC invocations=176 (full 4):
 garbage-first heap   total 1136640K, used 814444K [0x0000000080000000, 0x0000000100000000)
  region size 1024K, 112 young (114688K), 36 survivors (36864K)
 Metaspace       used 443174K, committed 449216K, reserved 1441792K
  class space    used 55222K, committed 57984K, reserved 1048576K
}
Event: 4459.044 GC heap after
{Heap after GC invocations=177 (full 5):
 garbage-first heap   total 951296K, used 562140K [0x0000000080000000, 0x0000000100000000)
  region size 1024K, 0 young (0K), 0 survivors (0K)
 Metaspace       used 443018K, committed 449216K, reserved 1441792K
  class space    used 55178K, committed 57984K, reserved 1048576K
}
Event: 4469.887 GC heap before
{Heap before GC invocations=177 (full 5):
 garbage-first heap   total 951296K, used 628700K [0x0000000080000000, 0x0000000100000000)
  region size 1024K, 66 young (67584K), 0 survivors (0K)
 Metaspace       used 443102K, committed 449216K, reserved 1441792K
  class space    used 55180K, committed 57984K, reserved 1048576K
}
Event: 4469.892 GC heap after
{Heap after GC invocations=178 (full 5):
 garbage-first heap   total 951296K, used 568284K [0x0000000080000000, 0x0000000100000000)
  region size 1024K, 6 young (6144K), 6 survivors (6144K)
 Metaspace       used 443102K, committed 449216K, reserved 1441792K
  class space    used 55180K, committed 57984K, reserved 1048576K
}
Event: 4485.241 GC heap before
{Heap before GC invocations=179 (full 5):
 garbage-first heap   total 998400K, used 892699K [0x0000000080000000, 0x0000000100000000)
  region size 1024K, 258 young (264192K), 6 survivors (6144K)
 Metaspace       used 442077K, committed 448576K, reserved 1441792K
  class space    used 54891K, committed 57728K, reserved 1048576K
}
Event: 4485.300 GC heap after
{Heap after GC invocations=180 (full 5):
 garbage-first heap   total 998400K, used 692606K [0x0000000080000000, 0x0000000100000000)
  region size 1024K, 33 young (33792K), 33 survivors (33792K)
 Metaspace       used 442077K, committed 448576K, reserved 1441792K
  class space    used 54891K, committed 57728K, reserved 1048576K
}
Event: 4500.139 GC heap before
{Heap before GC invocations=180 (full 5):
 garbage-first heap   total 998400K, used 927102K [0x0000000080000000, 0x0000000100000000)
  region size 1024K, 220 young (225280K), 33 survivors (33792K)
 Metaspace       used 442131K, committed 448576K, reserved 1441792K
  class space    used 54893K, committed 57728K, reserved 1048576K
}
Event: 4500.186 GC heap after
{Heap after GC invocations=181 (full 5):
 garbage-first heap   total 1028096K, used 783044K [0x0000000080000000, 0x0000000100000000)
  region size 1024K, 28 young (28672K), 28 survivors (28672K)
 Metaspace       used 442131K, committed 448576K, reserved 1441792K
  class space    used 54893K, committed 57728K, reserved 1048576K
}
Event: 4500.267 GC heap before
{Heap before GC invocations=181 (full 5):
 garbage-first heap   total 1028096K, used 806596K [0x0000000080000000, 0x0000000100000000)
  region size 1024K, 52 young (53248K), 28 survivors (28672K)
 Metaspace       used 442131K, committed 448576K, reserved 1441792K
  class space    used 54893K, committed 57728K, reserved 1048576K
}
Event: 4500.284 GC heap after
{Heap after GC invocations=182 (full 5):
 garbage-first heap   total 1028096K, used 802367K [0x0000000080000000, 0x0000000100000000)
  region size 1024K, 16 young (16384K), 16 survivors (16384K)
 Metaspace       used 442131K, committed 448576K, reserved 1441792K
  class space    used 54893K, committed 57728K, reserved 1048576K
}
Event: 4514.939 GC heap before
{Heap before GC invocations=183 (full 5):
 garbage-first heap   total 1159168K, used 834111K [0x0000000080000000, 0x0000000100000000)
  region size 1024K, 155 young (158720K), 16 survivors (16384K)
 Metaspace       used 442169K, committed 448576K, reserved 1441792K
  class space    used 54891K, committed 57728K, reserved 1048576K
}
Event: 4514.963 GC heap after
{Heap after GC invocations=184 (full 5):
 garbage-first heap   total 1159168K, used 722116K [0x0000000080000000, 0x0000000100000000)
  region size 1024K, 20 young (20480K), 20 survivors (20480K)
 Metaspace       used 442169K, committed 448576K, reserved 1441792K
  class space    used 54891K, committed 57728K, reserved 1048576K
}
Event: 4530.249 GC heap before
{Heap before GC invocations=184 (full 5):
 garbage-first heap   total 1159168K, used 1050820K [0x0000000080000000, 0x0000000100000000)
  region size 1024K, 276 young (282624K), 20 survivors (20480K)
 Metaspace       used 442186K, committed 448576K, reserved 1441792K
  class space    used 54891K, committed 57728K, reserved 1048576K
}
Event: 4530.298 GC heap after
{Heap after GC invocations=185 (full 5):
 garbage-first heap   total 1162240K, used 837316K [0x0000000080000000, 0x0000000100000000)
  region size 1024K, 35 young (35840K), 35 survivors (35840K)
 Metaspace       used 442186K, committed 448576K, reserved 1441792K
  class space    used 54891K, committed 57728K, reserved 1048576K
}
Event: 4530.368 GC heap before
{Heap before GC invocations=185 (full 5):
 garbage-first heap   total 1162240K, used 856772K [0x0000000080000000, 0x0000000100000000)
  region size 1024K, 55 young (56320K), 35 survivors (35840K)
 Metaspace       used 442197K, committed 448576K, reserved 1441792K
  class space    used 54891K, committed 57728K, reserved 1048576K
}
Event: 4530.391 GC heap after
{Heap after GC invocations=186 (full 5):
 garbage-first heap   total 1162240K, used 853700K [0x0000000080000000, 0x0000000100000000)
  region size 1024K, 13 young (13312K), 13 survivors (13312K)
 Metaspace       used 442197K, committed 448576K, reserved 1441792K
  class space    used 54891K, committed 57728K, reserved 1048576K
}

Dll operation events (3 events):
Event: 0.146 Loaded shared library E:\Rider\JetBrains Rider 2024.3.6\jbr\bin\java.dll
Event: 0.169 Loaded shared library E:\Rider\JetBrains Rider 2024.3.6\jbr\bin\zip.dll
Event: 1.815 Loaded shared library E:\Rider\JetBrains Rider 2024.3.6\jbr\bin\verify.dll

Deoptimization events (20 events):
Event: 4514.448 Thread 0x000002274a551b50 DEOPT PACKING pc=0x00000226b2936ca0 sp=0x00000055b36fd350
Event: 4514.448 Thread 0x000002274a551b50 DEOPT UNPACKING pc=0x00000226c1a74e42 sp=0x00000055b36fc750 mode 0
Event: 4529.270 Thread 0x000002274b447110 DEOPT PACKING pc=0x00000226b641a6e0 sp=0x00000055b4dfd6e0
Event: 4529.270 Thread 0x000002274b447110 DEOPT UNPACKING pc=0x00000226c1a74e42 sp=0x00000055b4dfcbe8 mode 0
Event: 4529.414 Thread 0x000002274a551b50 Uncommon trap: trap_request=0xffffffc6 fr.pc=0x00000226c2838a48 relative=0x0000000000001a08
Event: 4529.414 Thread 0x000002274a551b50 Uncommon trap: reason=bimorphic_or_optimized_type_check action=maybe_recompile pc=0x00000226c2838a48 method=com.intellij.lang.javascript.dialects.JSLibraryOverrider.getOverriddenFileType(Lcom/intellij/openapi/vfs/VirtualFile;)Lcom/intellij/openapi/fileTyp
Event: 4529.414 Thread 0x000002274a551b50 DEOPT PACKING pc=0x00000226c2838a48 sp=0x00000055b36fd9d0
Event: 4529.414 Thread 0x000002274a551b50 DEOPT UNPACKING pc=0x00000226c1a746a2 sp=0x00000055b36fd9b8 mode 2
Event: 4529.417 Thread 0x000002274b4463f0 Uncommon trap: trap_request=0xffffffc6 fr.pc=0x00000226c2838a48 relative=0x0000000000001a08
Event: 4529.417 Thread 0x000002274b4463f0 Uncommon trap: reason=bimorphic_or_optimized_type_check action=maybe_recompile pc=0x00000226c2838a48 method=com.intellij.lang.javascript.dialects.JSLibraryOverrider.getOverriddenFileType(Lcom/intellij/openapi/vfs/VirtualFile;)Lcom/intellij/openapi/fileTyp
Event: 4529.417 Thread 0x000002274b4463f0 DEOPT PACKING pc=0x00000226c2838a48 sp=0x00000055b4cfcea0
Event: 4529.417 Thread 0x000002274b4463f0 DEOPT UNPACKING pc=0x00000226c1a746a2 sp=0x00000055b4cfce88 mode 2
Event: 4529.418 Thread 0x000002274b4463f0 Uncommon trap: trap_request=0xffffffc6 fr.pc=0x00000226c2838a48 relative=0x0000000000001a08
Event: 4529.418 Thread 0x000002274b4463f0 Uncommon trap: reason=bimorphic_or_optimized_type_check action=maybe_recompile pc=0x00000226c2838a48 method=com.intellij.lang.javascript.dialects.JSLibraryOverrider.getOverriddenFileType(Lcom/intellij/openapi/vfs/VirtualFile;)Lcom/intellij/openapi/fileTyp
Event: 4529.418 Thread 0x000002274b4463f0 DEOPT PACKING pc=0x00000226c2838a48 sp=0x00000055b4cfcea0
Event: 4529.418 Thread 0x000002274b4463f0 DEOPT UNPACKING pc=0x00000226c1a746a2 sp=0x00000055b4cfce88 mode 2
Event: 4529.418 Thread 0x000002274b4463f0 Uncommon trap: trap_request=0xffffffc6 fr.pc=0x00000226c2838a48 relative=0x0000000000001a08
Event: 4529.418 Thread 0x000002274b4463f0 Uncommon trap: reason=bimorphic_or_optimized_type_check action=maybe_recompile pc=0x00000226c2838a48 method=com.intellij.lang.javascript.dialects.JSLibraryOverrider.getOverriddenFileType(Lcom/intellij/openapi/vfs/VirtualFile;)Lcom/intellij/openapi/fileTyp
Event: 4529.418 Thread 0x000002274b4463f0 DEOPT PACKING pc=0x00000226c2838a48 sp=0x00000055b4cfcea0
Event: 4529.418 Thread 0x000002274b4463f0 DEOPT UNPACKING pc=0x00000226c1a746a2 sp=0x00000055b4cfce88 mode 2

Classes loaded (20 events):
Event: 4453.293 Loading class com/intellij/xdebugger/impl/evaluate/quick/common/ValueHintType
Event: 4453.293 Loading class com/intellij/xdebugger/impl/evaluate/quick/common/ValueHintType done
Event: 4453.295 Loading class com/intellij/xdebugger/impl/evaluate/quick/common/ValueHintType$Companion
Event: 4453.295 Loading class com/intellij/xdebugger/impl/evaluate/quick/common/ValueHintType$Companion done
Event: 4453.295 Loading class kotlin/jvm/functions/Function0
Event: 4453.295 Loading class kotlin/jvm/functions/Function0 done
Event: 4453.295 Loading class kotlinx/serialization/KSerializer
Event: 4453.295 Loading class kotlinx/serialization/KSerializer done
Event: 4453.295 Loading class kotlinx/serialization/KSerializer
Event: 4453.295 Loading class kotlinx/serialization/KSerializer done
Event: 4453.305 Loading class com/intellij/xdebugger/evaluation/XDebuggerEvaluator
Event: 4453.305 Loading class com/intellij/xdebugger/evaluation/XDebuggerEvaluator done
Event: 4453.308 Loading class com/intellij/xdebugger/impl/evaluate/quick/XValueHint
Event: 4453.308 Loading class com/intellij/xdebugger/impl/evaluate/quick/XValueHint done
Event: 4459.049 Loading class com/intellij/util/containers/WeakHashMap$1
Event: 4459.049 Loading class com/intellij/util/containers/WeakHashMap$1 done
Event: 4499.098 Loading class com/intellij/util/containers/WeakKeySoftValueHashMap$1
Event: 4499.098 Loading class com/intellij/util/containers/WeakKeySoftValueHashMap$1 done
Event: 4506.075 Loading class javax/annotation/Nullable
Event: 4506.075 Loading class javax/annotation/Nullable done

Classes unloaded (20 events):
Event: 4470.065 Thread 0x00000226d873b6b0 Unloading class 0x00000226de4a9400 'java/lang/invoke/LambdaForm$MH+0x00000226de4a9400'
Event: 4470.065 Thread 0x00000226d873b6b0 Unloading class 0x00000226de4a9000 'java/lang/invoke/LambdaForm$MH+0x00000226de4a9000'
Event: 4470.065 Thread 0x00000226d873b6b0 Unloading class 0x00000226de4a8c00 'java/lang/invoke/LambdaForm$MH+0x00000226de4a8c00'
Event: 4470.065 Thread 0x00000226d873b6b0 Unloading class 0x00000226de4a8400 'java/lang/invoke/LambdaForm$MH+0x00000226de4a8400'
Event: 4470.065 Thread 0x00000226d873b6b0 Unloading class 0x00000226de4a8000 'java/lang/invoke/LambdaForm$MH+0x00000226de4a8000'
Event: 4470.065 Thread 0x00000226d873b6b0 Unloading class 0x00000226de4a2000 'java/lang/invoke/LambdaForm$MH+0x00000226de4a2000'
Event: 4470.065 Thread 0x00000226d873b6b0 Unloading class 0x00000226de4a1400 'java/lang/invoke/LambdaForm$MH+0x00000226de4a1400'
Event: 4470.065 Thread 0x00000226d873b6b0 Unloading class 0x00000226dc204400 'java/lang/invoke/LambdaForm$MH+0x00000226dc204400'
Event: 4500.476 Thread 0x00000226d873b6b0 Unloading class 0x00000226de888800 'java/lang/invoke/LambdaForm$MH+0x00000226de888800'
Event: 4500.476 Thread 0x00000226d873b6b0 Unloading class 0x00000226de888000 'java/lang/invoke/LambdaForm$MH+0x00000226de888000'
Event: 4500.476 Thread 0x00000226d873b6b0 Unloading class 0x00000226de85f800 'java/lang/invoke/LambdaForm$MH+0x00000226de85f800'
Event: 4500.476 Thread 0x00000226d873b6b0 Unloading class 0x00000226de82b000 'java/lang/invoke/LambdaForm$MH+0x00000226de82b000'
Event: 4500.476 Thread 0x00000226d873b6b0 Unloading class 0x00000226de809400 'java/lang/invoke/LambdaForm$MH+0x00000226de809400'
Event: 4530.596 Thread 0x00000226d873b6b0 Unloading class 0x00000226de88a000 'java/lang/invoke/LambdaForm$MH+0x00000226de88a000'
Event: 4530.596 Thread 0x00000226d873b6b0 Unloading class 0x00000226de530400 'java/lang/invoke/LambdaForm$MH+0x00000226de530400'
Event: 4530.596 Thread 0x00000226d873b6b0 Unloading class 0x00000226de51a000 'java/lang/invoke/LambdaForm$MH+0x00000226de51a000'
Event: 4530.596 Thread 0x00000226d873b6b0 Unloading class 0x00000226de519c00 'java/lang/invoke/LambdaForm$MH+0x00000226de519c00'
Event: 4530.596 Thread 0x00000226d873b6b0 Unloading class 0x00000226de519800 'java/lang/invoke/LambdaForm$MH+0x00000226de519800'
Event: 4530.596 Thread 0x00000226d873b6b0 Unloading class 0x00000226de519400 'java/lang/invoke/LambdaForm$MH+0x00000226de519400'
Event: 4530.596 Thread 0x00000226d873b6b0 Unloading class 0x00000226de519000 'java/lang/invoke/LambdaForm$MH+0x00000226de519000'

Classes redefined (4 events):
Event: 1.691 Thread 0x00000226d873b6b0 redefined class name=java.math.BigInteger, count=1
Event: 1.697 Thread 0x00000226d873b6b0 redefined class name=java.net.InetAddress, count=1
Event: 1.701 Thread 0x00000226d873b6b0 redefined class name=sun.management.VMManagementImpl, count=1
Event: 1.715 Thread 0x00000226d873b6b0 redefined class name=java.lang.Class, count=1

Internal exceptions (20 events):
Event: 4516.010 Thread 0x00000227e04e8550 Exception <a 'java/net/ConnectException'{0x00000000bb1c15b0}: Connection refused: connect> (0x00000000bb1c15b0) 
thrown [s\src\hotspot\share\prims\jni.cpp, line 572]
Event: 4518.226 Thread 0x000002274b74cb50 Exception <a 'sun/nio/fs/WindowsException'{0x00000000bab2d078}> (0x00000000bab2d078) 
thrown [s\src\hotspot\share\prims\jni.cpp, line 537]
Event: 4518.227 Thread 0x00000227d82c6070 Exception <a 'java/net/ConnectException'{0x00000000bab58160}: Connection refused: connect> (0x00000000bab58160) 
thrown [s\src\hotspot\share\prims\jni.cpp, line 572]
Event: 4521.017 Thread 0x000002274b74d870 Exception <a 'sun/nio/fs/WindowsException'{0x00000000ba1a5d10}> (0x00000000ba1a5d10) 
thrown [s\src\hotspot\share\prims\jni.cpp, line 537]
Event: 4521.017 Thread 0x00000227e04e8550 Exception <a 'java/net/ConnectException'{0x00000000ba081430}: Connection refused: connect> (0x00000000ba081430) 
thrown [s\src\hotspot\share\prims\jni.cpp, line 572]
Event: 4523.238 Thread 0x0000022749831a70 Exception <a 'sun/nio/fs/WindowsException'{0x00000000b9babd00}> (0x00000000b9babd00) 
thrown [s\src\hotspot\share\prims\jni.cpp, line 537]
Event: 4523.239 Thread 0x00000227d82c6070 Exception <a 'java/net/ConnectException'{0x00000000b9a134a0}: Connection refused: connect> (0x00000000b9a134a0) 
thrown [s\src\hotspot\share\prims\jni.cpp, line 572]
Event: 4524.074 Thread 0x000002274bc1b290 Exception <a 'sun/nio/fs/WindowsException'{0x00000000b9828458}> (0x00000000b9828458) 
thrown [s\src\hotspot\share\prims\jni.cpp, line 537]
Event: 4524.511 Thread 0x00000227cc47e710 Exception <a 'java/io/IOException'{0x00000000b97cbfb0}> (0x00000000b97cbfb0) 
thrown [s\src\hotspot\share\prims\jni.cpp, line 537]
Event: 4524.511 Thread 0x00000227cc47e710 Exception <a 'java/io/IOException'{0x00000000b97cf2b8}> (0x00000000b97cf2b8) 
thrown [s\src\hotspot\share\prims\jni.cpp, line 537]
Event: 4524.512 Thread 0x00000227cc47e080 Exception <a 'java/io/IOException'{0x00000000b97d5528}> (0x00000000b97d5528) 
thrown [s\src\hotspot\share\prims\jni.cpp, line 537]
Event: 4524.512 Thread 0x00000227cc47e080 Exception <a 'java/io/IOException'{0x00000000b97d5d70}> (0x00000000b97d5d70) 
thrown [s\src\hotspot\share\prims\jni.cpp, line 537]
Event: 4526.029 Thread 0x00000227498341d0 Exception <a 'sun/nio/fs/WindowsException'{0x00000000b9342470}> (0x00000000b9342470) 
thrown [s\src\hotspot\share\prims\jni.cpp, line 537]
Event: 4526.029 Thread 0x00000227e04e8550 Exception <a 'java/net/ConnectException'{0x00000000b9374018}: Connection refused: connect> (0x00000000b9374018) 
thrown [s\src\hotspot\share\prims\jni.cpp, line 572]
Event: 4528.254 Thread 0x000002274b74df00 Exception <a 'sun/nio/fs/WindowsException'{0x00000000b9054810}> (0x00000000b9054810) 
thrown [s\src\hotspot\share\prims\jni.cpp, line 537]
Event: 4528.255 Thread 0x00000227d82c6070 Exception <a 'java/net/ConnectException'{0x00000000b8d70a28}: Connection refused: connect> (0x00000000b8d70a28) 
thrown [s\src\hotspot\share\prims\jni.cpp, line 572]
Event: 4529.292 Thread 0x000002274cf03470 Exception <a 'java/io/IOException'{0x00000000b842e7d8}> (0x00000000b842e7d8) 
thrown [s\src\hotspot\share\prims\jni.cpp, line 537]
Event: 4529.292 Thread 0x000002274cf03470 Exception <a 'java/io/IOException'{0x00000000b842f008}> (0x00000000b842f008) 
thrown [s\src\hotspot\share\prims\jni.cpp, line 537]
Event: 4529.364 Thread 0x000002274b447110 Exception <a 'sun/nio/fs/WindowsException'{0x00000000b849e3e8}> (0x00000000b849e3e8) 
thrown [s\src\hotspot\share\prims\jni.cpp, line 537]
Event: 4530.062 Thread 0x00000227f90bd640 Exception <a 'sun/nio/fs/WindowsException'{0x00000000b6bed708}> (0x00000000b6bed708) 
thrown [s\src\hotspot\share\prims\jni.cpp, line 537]

ZGC Phase Switch (0 events):
No events

VM Operations (20 events):
Event: 4510.789 Executing VM operation: RendezvousGCThreads done
Event: 4514.817 Executing VM operation: Cleanup
Event: 4514.817 Executing VM operation: Cleanup done
Event: 4514.939 Executing VM operation: G1CollectForAllocation (G1 Evacuation Pause)
Event: 4514.963 Executing VM operation: G1CollectForAllocation (G1 Evacuation Pause) done
Event: 4515.963 Executing VM operation: Cleanup
Event: 4515.963 Executing VM operation: Cleanup done
Event: 4519.993 Executing VM operation: Cleanup
Event: 4519.993 Executing VM operation: Cleanup done
Event: 4524.028 Executing VM operation: Cleanup
Event: 4524.029 Executing VM operation: Cleanup done
Event: 4529.072 Executing VM operation: Cleanup
Event: 4529.072 Executing VM operation: Cleanup done
Event: 4530.081 Executing VM operation: Cleanup
Event: 4530.081 Executing VM operation: Cleanup done
Event: 4530.249 Executing VM operation: G1CollectForAllocation (G1 Evacuation Pause)
Event: 4530.298 Executing VM operation: G1CollectForAllocation (G1 Evacuation Pause) done
Event: 4530.368 Executing VM operation: G1TryInitiateConcMark (G1 Humongous Allocation)
Event: 4530.391 Executing VM operation: G1TryInitiateConcMark (G1 Humongous Allocation) done
Event: 4530.595 Executing VM operation: G1PauseRemark

Memory protections (0 events):
No events

Nmethod flushes (20 events):
Event: 4530.649 Thread 0x00000226d873b6b0 flushing  nmethod 0x00000226b4c49910
Event: 4530.649 Thread 0x00000226d873b6b0 flushing  nmethod 0x00000226b4c4b410
Event: 4530.649 Thread 0x00000226d873b6b0 flushing  nmethod 0x00000226b4c4b810
Event: 4530.649 Thread 0x00000226d873b6b0 flushing  nmethod 0x00000226b4e38990
Event: 4530.649 Thread 0x00000226d873b6b0 flushing  nmethod 0x00000226b4f50790
Event: 4530.649 Thread 0x00000226d873b6b0 flushing  nmethod 0x00000226b4f53190
Event: 4530.649 Thread 0x00000226d873b6b0 flushing  nmethod 0x00000226b4f54090
Event: 4530.649 Thread 0x00000226d873b6b0 flushing  nmethod 0x00000226b5075910
Event: 4530.649 Thread 0x00000226d873b6b0 flushing  nmethod 0x00000226b51eb810
Event: 4530.649 Thread 0x00000226d873b6b0 flushing  nmethod 0x00000226b531d190
Event: 4530.649 Thread 0x00000226d873b6b0 flushing  nmethod 0x00000226b532a390
Event: 4530.649 Thread 0x00000226d873b6b0 flushing  nmethod 0x00000226b54e3f90
Event: 4530.649 Thread 0x00000226d873b6b0 flushing  nmethod 0x00000226b54e4a90
Event: 4530.650 Thread 0x00000226d873b6b0 flushing  nmethod 0x00000226b54ec590
Event: 4530.650 Thread 0x00000226d873b6b0 flushing  nmethod 0x00000226b54f8810
Event: 4530.650 Thread 0x00000226d873b6b0 flushing  nmethod 0x00000226b5ca3d10
Event: 4530.650 Thread 0x00000226d873b6b0 flushing  nmethod 0x00000226b5e1c910
Event: 4530.650 Thread 0x00000226d873b6b0 flushing  nmethod 0x00000226b5fc2510
Event: 4530.650 Thread 0x00000226d873b6b0 flushing  nmethod 0x00000226b613c310
Event: 4530.650 Thread 0x00000226d873b6b0 flushing  nmethod 0x00000226b613c790

Events (20 events):
Event: 4382.599 Thread 0x000002275d628d90 Thread added: 0x0000022751fcc420
Event: 4383.202 Thread 0x0000022751fcc420 Thread added: 0x000002275a60f020
Event: 4388.468 Thread 0x0000022801781190 Thread added: 0x000002275da84fe0
Event: 4388.776 Thread 0x000002274bc19ee0 Thread added: 0x0000022766a5ee60
Event: 4388.776 Thread 0x000002274bc19ee0 Thread added: 0x0000022766a5f4f0
Event: 4388.776 Thread 0x000002274bc19ee0 Thread added: 0x0000022766a60210
Event: 4399.735 Thread 0x00000227cc47b920 Thread added: 0x00000227594bc670
Event: 4399.807 Thread 0x00000227e04eacb0 Thread added: 0x0000022801791ea0
Event: 4399.808 Thread 0x0000022801791ea0 Thread exited: 0x0000022801791ea0
Event: 4399.856 Thread 0x00000227e04eacb0 Thread added: 0x0000022801791ea0
Event: 4409.859 Thread 0x0000022801791ea0 Thread exited: 0x0000022801791ea0
Event: 4448.474 Thread 0x000002275da84fe0 Thread exited: 0x000002275da84fe0
Event: 4448.474 Thread 0x0000022801781190 Thread exited: 0x0000022801781190
Event: 4452.094 Thread 0x0000022753d8faa0 Thread exited: 0x0000022753d8faa0
Event: 4457.895 Thread 0x000002281043df50 Thread exited: 0x000002281043df50
Event: 4460.517 Thread 0x0000022766a5f4f0 Thread exited: 0x0000022766a5f4f0
Event: 4460.517 Thread 0x0000022766a60210 Thread exited: 0x0000022766a60210
Event: 4460.694 Thread 0x000002274afd6020 Thread added: 0x0000022751fce4f0
Event: 4469.159 Thread 0x00000227f90bf710 Thread added: 0x0000022801781190
Event: 4469.160 Thread 0x00000227f90bf710 Thread added: 0x000002280179c2b0


Dynamic libraries:
0x00007ff6c7860000 - 0x00007ff6c79d5000 	E:\Rider\JetBrains Rider 2024.3.6\bin\rider64.exe
0x00007ff8e5740000 - 0x00007ff8e59a8000 	C:\WINDOWS\SYSTEM32\ntdll.dll
0x00007ff8e4360000 - 0x00007ff8e4429000 	C:\WINDOWS\System32\KERNEL32.DLL
0x00007ff8e29d0000 - 0x00007ff8e2dbd000 	C:\WINDOWS\System32\KERNELBASE.dll
0x00007ff8e34e0000 - 0x00007ff8e35c0000 	C:\WINDOWS\System32\oleaut32.dll
0x00007ff8e3340000 - 0x00007ff8e33e3000 	C:\WINDOWS\System32\msvcp_win.dll
0x00007ff8e30c0000 - 0x00007ff8e320b000 	C:\WINDOWS\System32\ucrtbase.dll
0x00007ff8e5200000 - 0x00007ff8e5586000 	C:\WINDOWS\System32\combase.dll
0x00007ff8e3630000 - 0x00007ff8e3748000 	C:\WINDOWS\System32\RPCRT4.dll
0x00007ff8e45e0000 - 0x00007ff8e47ac000 	C:\WINDOWS\System32\user32.dll
0x00007ff8e33f0000 - 0x00007ff8e3417000 	C:\WINDOWS\System32\win32u.dll
0x00007ff8e4e80000 - 0x00007ff8e4eab000 	C:\WINDOWS\System32\GDI32.dll
0x00007ff8e2890000 - 0x00007ff8e29c7000 	C:\WINDOWS\System32\gdi32full.dll
0x00007ff8e3990000 - 0x00007ff8e40da000 	C:\WINDOWS\System32\shell32.dll
0x00007ff8e2dc0000 - 0x00007ff8e2f34000 	C:\WINDOWS\System32\wintypes.dll
0x00007ff8e4160000 - 0x00007ff8e4214000 	C:\WINDOWS\System32\advapi32.dll
0x00007ff8e38e0000 - 0x00007ff8e3989000 	C:\WINDOWS\System32\msvcrt.dll
0x00007ff8e1c60000 - 0x00007ff8e1c8b000 	C:\WINDOWS\SYSTEM32\userenv.dll
0x00007ff8e4c40000 - 0x00007ff8e4ce6000 	C:\WINDOWS\System32\sechost.dll
0x00007ff8e3210000 - 0x00007ff8e32a9000 	C:\WINDOWS\System32\bcryptprimitives.dll
0x00007ff8d7490000 - 0x00007ff8d74c5000 	C:\WINDOWS\SYSTEM32\WINMM.dll
0x00007ff8dfce0000 - 0x00007ff8dff21000 	C:\WINDOWS\SYSTEM32\dbghelp.dll
0x00007ff8e5590000 - 0x00007ff8e55bf000 	C:\WINDOWS\System32\IMM32.DLL
0x00007ff8e0510000 - 0x00007ff8e0d6b000 	C:\WINDOWS\SYSTEM32\windows.storage.dll
0x00007ff8e4d80000 - 0x00007ff8e4e75000 	C:\WINDOWS\System32\SHCORE.dll
0x00007ff8e4220000 - 0x00007ff8e428a000 	C:\WINDOWS\System32\shlwapi.dll
0x00007ff8e27a0000 - 0x00007ff8e27cf000 	C:\WINDOWS\SYSTEM32\profapi.dll
0x00007ff8e1760000 - 0x00007ff8e1796000 	C:\WINDOWS\SYSTEM32\ntmarta.dll
0x00007fff85b80000 - 0x00007fff8694b000 	E:\Rider\JetBrains Rider 2024.3.6\jbr\bin\server\jvm.dll
0x00007ff8e40e0000 - 0x00007ff8e4154000 	C:\WINDOWS\System32\WS2_32.dll
0x00007ff8e2540000 - 0x00007ff8e259e000 	C:\WINDOWS\SYSTEM32\POWRPROF.dll
0x00007ff8da440000 - 0x00007ff8da44b000 	C:\WINDOWS\SYSTEM32\VERSION.dll
0x00007fff88c80000 - 0x00007fff88c9b000 	E:\Rider\JetBrains Rider 2024.3.6\jbr\bin\VCRUNTIME140.dll
0x00007ff8a6bf0000 - 0x00007ff8a6bfc000 	E:\Rider\JetBrains Rider 2024.3.6\jbr\bin\VCRUNTIME140_1.dll
0x00007ff8e2520000 - 0x00007ff8e2534000 	C:\WINDOWS\SYSTEM32\UMPDC.dll
0x00007ff8a3f40000 - 0x00007ff8a3f4a000 	E:\Rider\JetBrains Rider 2024.3.6\jbr\bin\jimage.dll
0x00007ff8cf6b0000 - 0x00007ff8cf6f3000 	C:\WINDOWS\SYSTEM32\dbgcore.DLL
0x00007ff8a16d0000 - 0x00007ff8a16de000 	E:\Rider\JetBrains Rider 2024.3.6\jbr\bin\instrument.dll
0x00007fff88ee0000 - 0x00007fff88ef8000 	E:\Rider\JetBrains Rider 2024.3.6\jbr\bin\jli.dll
0x00007ff8bcaa0000 - 0x00007ff8bcb54000 	C:\WINDOWS\WinSxS\amd64_microsoft.windows.common-controls_6595b64144ccf1df_5.82.26100.4484_none_87ef4f277a2c8b1a\COMCTL32.dll
0x00007fff88cc0000 - 0x00007fff88ce0000 	E:\Rider\JetBrains Rider 2024.3.6\jbr\bin\java.dll
0x00007fff88c60000 - 0x00007fff88c78000 	E:\Rider\JetBrains Rider 2024.3.6\jbr\bin\zip.dll
0x00007ff8e1630000 - 0x00007ff8e164b000 	C:\WINDOWS\SYSTEM32\kernel.appcore.dll
0x00007ff8b0180000 - 0x00007ff8b0190000 	E:\Rider\JetBrains Rider 2024.3.6\jbr\bin\net.dll
0x00007ff8da540000 - 0x00007ff8da65e000 	C:\WINDOWS\SYSTEM32\WINHTTP.dll
0x00007ff8e1bc0000 - 0x00007ff8e1c2a000 	C:\WINDOWS\system32\mswsock.dll
0x00007fff9a520000 - 0x00007fff9a536000 	E:\Rider\JetBrains Rider 2024.3.6\jbr\bin\nio.dll
0x00007ff8b0a30000 - 0x00007ff8b0a39000 	E:\Rider\JetBrains Rider 2024.3.6\jbr\bin\management.dll
0x00007ff8b06a0000 - 0x00007ff8b06ab000 	E:\Rider\JetBrains Rider 2024.3.6\jbr\bin\management_ext.dll
0x00007ff8e42a0000 - 0x00007ff8e42a8000 	C:\WINDOWS\System32\PSAPI.DLL
0x00007ff8bd3c0000 - 0x00007ff8bd3d8000 	C:\WINDOWS\system32\napinsp.dll
0x00007ff8e1150000 - 0x00007ff8e1276000 	C:\WINDOWS\SYSTEM32\DNSAPI.dll
0x00007ff8e1060000 - 0x00007ff8e1093000 	C:\WINDOWS\SYSTEM32\IPHLPAPI.DLL
0x00007ff8e4290000 - 0x00007ff8e429a000 	C:\WINDOWS\System32\NSI.dll
0x00007ff8bd3a0000 - 0x00007ff8bd3b2000 	C:\WINDOWS\System32\winrnr.dll
0x00007ff8bd360000 - 0x00007ff8bd390000 	C:\WINDOWS\system32\nlansp_c.dll
0x00007ff8da470000 - 0x00007ff8da490000 	C:\WINDOWS\system32\wshbth.dll
0x00007ff8da170000 - 0x00007ff8da17b000 	C:\Windows\System32\rasadhlp.dll
0x00007ff8d9a90000 - 0x00007ff8d9b16000 	C:\WINDOWS\System32\fwpuclnt.dll
0x00007ff8affb0000 - 0x00007ff8affc0000 	E:\Rider\JetBrains Rider 2024.3.6\jbr\bin\verify.dll
0x00007fff8b290000 - 0x00007fff8b428000 	E:\Rider\JetBrains Rider 2024.3.6\jbr\bin\awt.dll
0x00007ff8ded30000 - 0x00007ff8ded66000 	C:\WINDOWS\SYSTEM32\dwmapi.dll
0x00007fff9a470000 - 0x00007fff9a4fd000 	E:\Rider\JetBrains Rider 2024.3.6\bin\MSVCP140.dll
0x00007fff9a420000 - 0x00007fff9a464000 	E:\Rider\JetBrains Rider 2024.3.6\jbr\bin\nvdaControllerClient64.dll
0x00007ff8de980000 - 0x00007ff8dea1e000 	C:\WINDOWS\SYSTEM32\apphelp.dll
0x00007ff8a1680000 - 0x00007ff8a168e000 	E:\Rider\JetBrains Rider 2024.3.6\jbr\bin\sunmscapi.dll
0x00007ff8e2f40000 - 0x00007ff8e30b7000 	C:\WINDOWS\System32\CRYPT32.dll
0x00007ff8e2090000 - 0x00007ff8e20c0000 	C:\WINDOWS\SYSTEM32\ncrypt.dll
0x00007ff8e2040000 - 0x00007ff8e207f000 	C:\WINDOWS\SYSTEM32\NTASN1.dll
0x00007ff89d080000 - 0x00007ff89d089000 	E:\Rider\JetBrains Rider 2024.3.6\jbr\bin\prefs.dll
0x00007ff8bc6a0000 - 0x00007ff8bc6a8000 	C:\WINDOWS\system32\wshunix.dll
0x00007ff8debd0000 - 0x00007ff8dec7f000 	C:\WINDOWS\system32\uxtheme.dll
0x00007ff8e5090000 - 0x00007ff8e51f0000 	C:\WINDOWS\System32\MSCTF.dll
0x00007ff8e4430000 - 0x00007ff8e45ce000 	C:\WINDOWS\System32\ole32.dll
0x00007ff89b480000 - 0x00007ff89b489000 	E:\Rider\JetBrains Rider 2024.3.6\jbr\bin\extnet.dll
0x00007fff8b200000 - 0x00007fff8b287000 	E:\Rider\JetBrains Rider 2024.3.6\jbr\bin\freetype.dll
0x00007fff8b110000 - 0x00007fff8b1fe000 	E:\Rider\JetBrains Rider 2024.3.6\jbr\bin\fontmanager.dll
0x00007fff9a3d0000 - 0x00007fff9a419000 	E:\Rider\JetBrains Rider 2024.3.6\lib\jna\amd64\jnidispatch.dll
0x00007ff8dea40000 - 0x00007ff8dea56000 	C:\WINDOWS\system32\Wtsapi32.dll
0x00007ff8e23d0000 - 0x00007ff8e2437000 	C:\WINDOWS\SYSTEM32\WINSTA.dll
0x00007ff854e70000 - 0x00007ff854f88000 	C:\WINDOWS\system32\opengl32.dll
0x00007ff854d40000 - 0x00007ff854d6d000 	C:\WINDOWS\SYSTEM32\GLU32.dll
0x00007ff8df1e0000 - 0x00007ff8df22d000 	C:\WINDOWS\SYSTEM32\dxcore.dll
0x00007ff8e1e70000 - 0x00007ff8e1e8b000 	C:\WINDOWS\SYSTEM32\CRYPTSP.dll
0x00007ff8e1590000 - 0x00007ff8e15cb000 	C:\WINDOWS\system32\rsaenh.dll
0x00007ff8e2770000 - 0x00007ff8e2796000 	C:\WINDOWS\SYSTEM32\bcrypt.dll
0x00007ff8e1e90000 - 0x00007ff8e1e9c000 	C:\WINDOWS\SYSTEM32\CRYPTBASE.dll
0x00007fff5eab0000 - 0x00007fff5eae8000 	E:\Rider\JetBrains Rider 2024.3.6\bin\WinShellIntegrationBridge.dll
0x00007ff8e42b0000 - 0x00007ff8e4358000 	C:\WINDOWS\System32\clbcatq.dll
0x00007ff8ca5e0000 - 0x00007ff8ca695000 	C:\Windows\System32\appresolver.dll
0x00007ff8dd0e0000 - 0x00007ff8dd1ed000 	C:\WINDOWS\system32\propsys.dll
0x00007ff8baab0000 - 0x00007ff8bab0e000 	C:\Windows\System32\Bcp47Langs.dll
0x00007ff8e55d0000 - 0x00007ff8e564a000 	C:\WINDOWS\System32\coml2.dll
0x00007ff8e2440000 - 0x00007ff8e2497000 	C:\WINDOWS\SYSTEM32\CFGMGR32.dll
0x00007ff8ae680000 - 0x00007ff8ae742000 	C:\Windows\System32\Windows.FileExplorer.Common.dll
0x00007ff8a4cb0000 - 0x00007ff8a4ccb000 	C:\WINDOWS\system32\NetworkExplorer.dll
0x00007ff8a1a90000 - 0x00007ff8a1a9f000 	C:\WINDOWS\SYSTEM32\LINKINFO.dll
0x00007ff8bccf0000 - 0x00007ff8bcd9d000 	C:\WINDOWS\SYSTEM32\ntshrui.dll
0x00007ff8d4220000 - 0x00007ff8d4249000 	C:\WINDOWS\SYSTEM32\srvcli.dll
0x00007ff8ba2c0000 - 0x00007ff8ba2d3000 	C:\WINDOWS\SYSTEM32\cscapi.dll
0x00007ff8e1fa0000 - 0x00007ff8e1fb3000 	C:\WINDOWS\SYSTEM32\MSASN1.dll
0x00007ff8dcf60000 - 0x00007ff8dd022000 	C:\WINDOWS\SYSTEM32\policymanager.dll
0x00007ff8dce80000 - 0x00007ff8dcf11000 	C:\WINDOWS\SYSTEM32\msvcp110_win.dll
0x00007ff8e1c30000 - 0x00007ff8e1c57000 	C:\WINDOWS\SYSTEM32\gpapi.dll
0x00007ff8da1c0000 - 0x00007ff8da1fb000 	C:\WINDOWS\SYSTEM32\cryptnet.dll
0x00007ff8deb60000 - 0x00007ff8deb6f000 	C:\WINDOWS\SYSTEM32\WINNSI.DLL
0x00007ff8da410000 - 0x00007ff8da42f000 	C:\WINDOWS\SYSTEM32\dhcpcsvc6.DLL
0x00007ff8da3e0000 - 0x00007ff8da405000 	C:\WINDOWS\SYSTEM32\dhcpcsvc.DLL
0x00007fff5cf20000 - 0x00007fff5cf3e000 	C:\Users\Kenwen\AppData\Local\Temp\74fefe32aae5295c67644065f2f07770\wism_1.dll
0x00007ff8d9670000 - 0x00007ff8d9682000 	C:\WINDOWS\system32\wbem\wbemprox.dll
0x00007ff8d5220000 - 0x00007ff8d529a000 	C:\WINDOWS\SYSTEM32\wbemcomn.dll
0x00007ff8ceb70000 - 0x00007ff8ceb85000 	C:\WINDOWS\system32\wbem\wbemsvc.dll
0x00007ff8cf960000 - 0x00007ff8cfa50000 	C:\WINDOWS\system32\wbem\fastprox.dll
0x00007ff8bd610000 - 0x00007ff8bd62d000 	C:\WINDOWS\SYSTEM32\amsi.dll
0x00007ff8adc10000 - 0x00007ff8adcb3000 	C:\ProgramData\Microsoft\Windows Defender\Platform\4.18.26070.9-0\MpOav.dll
0x00007ff8c9d00000 - 0x00007ff8c9ed7000 	C:\WINDOWS\WinSxS\amd64_microsoft.windows.gdiplus_6595b64144ccf1df_1.1.26100.4484_none_6ef960323dc16d81\gdiplus.dll
0x00007ff8c3680000 - 0x00007ff8c37d0000 	C:\WINDOWS\SYSTEM32\textinputframework.dll
0x00007ff8c20c0000 - 0x00007ff8c213d000 	C:\WINDOWS\system32\Oleacc.dll
0x00007ff883cf0000 - 0x00007ff883d01000 	C:\WINDOWS\SYSTEM32\wtdccm.dll
0x00007fff5cbd0000 - 0x00007fff5cf1e000 	C:\Users\Kenwen\AppData\Local\Temp\74fefe32aae5295c67644065f2f07770\libcrypto-1_1-x64.dll
0x00007fff5cbb0000 - 0x00007fff5cbcd000 	C:\Users\Kenwen\AppData\Local\Temp\74fefe32aae5295c67644065f2f07770\wism_2.dll
0x00007ff8d2ec0000 - 0x00007ff8d315a000 	C:\WINDOWS\WinSxS\amd64_microsoft.windows.common-controls_6595b64144ccf1df_6.0.26100.4484_none_3e0e6d4ce32ef3b3\comctl32.dll
0x00007ff8ddcb0000 - 0x00007ff8ddeeb000 	C:\WINDOWS\SYSTEM32\WindowsCodecs.dll
0x00007ff8c9510000 - 0x00007ff8c956a000 	C:\WINDOWS\system32\dataexchange.dll
0x00007ff8c1830000 - 0x00007ff8c1a68000 	C:\WINDOWS\system32\twinapi.appcore.dll
0x00007ff82b660000 - 0x00007ff82b6dd000 	C:\Users\Kenwen\AppData\Local\Temp\aha_ipc_native_13522441848634469778\libzmq-mt-4_3_6.dll
0x00007ff82b5e0000 - 0x00007ff82b65b000 	C:\Users\Kenwen\AppData\Local\Temp\aha_ipc_native_13522441848634469778\jzmq.dll
0x00007ff8de6b0000 - 0x00007ff8de7d5000 	C:\WINDOWS\SYSTEM32\CoreMessaging.dll

JVMTI agents:
D:\jetbra\jetbra\ja-netfilter.jar path:E:\Rider\JetBrains Rider 2024.3.6\jbr\bin\instrument.dll, loaded, initialized, instrumentlib options:jetbrains

dbghelp: loaded successfully - version: 4.0.5 - missing functions: none
symbol engine: initialized successfully - sym options: 0x614 - pdb path: .;E:\Rider\JetBrains Rider 2024.3.6\bin;C:\WINDOWS\SYSTEM32;E:\Rider\JetBrains Rider 2024.3.6\jbr\bin\server;E:\Rider\JetBrains Rider 2024.3.6\jbr\bin;C:\WINDOWS\WinSxS\amd64_microsoft.windows.common-controls_6595b64144ccf1df_5.82.26100.4484_none_87ef4f277a2c8b1a;E:\Rider\JetBrains Rider 2024.3.6\lib\jna\amd64;C:\Users\Kenwen\AppData\Local\Temp\74fefe32aae5295c67644065f2f07770;C:\WINDOWS\system32\wbem;C:\ProgramData\Microsoft\Windows Defender\Platform\4.18.26070.9-0;C:\WINDOWS\WinSxS\amd64_microsoft.windows.gdiplus_6595b64144ccf1df_1.1.26100.4484_none_6ef960323dc16d81;C:\WINDOWS\WinSxS\amd64_microsoft.windows.common-controls_6595b64144ccf1df_6.0.26100.4484_none_3e0e6d4ce32ef3b3;C:\Users\Kenwen\AppData\Local\Temp\aha_ipc_native_13522441848634469778;E:\Rider\JetBrains Rider 2024.3.6\plugins\dotCommon\DotFiles\windows-x64

VM Arguments:
jvm_args: abort vfprintf -XX:ErrorFile=C:\Users\Kenwen\java_error_in_rider_%p.log -XX:HeapDumpPath=C:\Users\Kenwen\java_error_in_rider.hprof -Xms128m -Xmx2048m -XX:JbrShrinkingGcMaxHeapFreeRatio=40 -XX:ReservedCodeCacheSize=512m -XX:+HeapDumpOnOutOfMemoryError -XX:-OmitStackTraceInFastThrow -XX:CICompilerCount=2 -XX:+IgnoreUnrecognizedVMOptions -XX:+UnlockDiagnosticVMOptions -XX:TieredOldPercentage=100000 -ea -Dsun.io.useCanonCaches=false -Dsun.java2d.metal=true -Djbr.catch.SIGABRT=true -Djdk.http.auth.tunneling.disabledSchemes="" -Djdk.attach.allowAttachSelf=true -Djdk.module.illegalAccess.silent=true -Djdk.nio.maxCachedBufferSize=2097152 -Djava.util.zip.use.nio.for.zip.file.access=true -Dkotlinx.coroutines.debug=off -Djava.nio.file.spi.DefaultFileSystemProvider=com.intellij.platform.core.nio.fs.MultiRoutingFileSystemProvider -Dllm.show.ai.promotion.window.on.start=false -Xms128m -Xmx2048m -XX:ReservedCodeCacheSize=512m -XX:+IgnoreUnrecognizedVMOptions -XX:+UseG1GC -XX:SoftRefLRUPolicyMSPerMB=50 -XX:CICompilerCount=2 -XX:+HeapDumpOnOutOfMemoryError -XX:-OmitStackTraceInFastThrow -ea -Dsun.io.useCanonCaches=false -Djdk.http.auth.tunneling.disabledSchemes="" -Djdk.attach.allowAttachSelf=true -Djdk.module.illegalAccess.silent=true -Dkotlinx.coroutines.debug=off -XX:ErrorFile=$USER_HOME/java_error_in_idea_%p.log -XX:HeapDumpPath=$USER_HOME/java_error_in_idea.hprof --add-opens=java.base/jdk.internal.org.objectweb.asm=ALL-UNNAMED --add-opens=java.base/jdk.internal.org.objectweb.asm.tree=ALL-UNNAMED -javaagent:D:\jetbra\jetbra\ja-netfilter.jar=jetbrains -Djb.vmOptionsFile=D:\jetbra\jetbra\vmoptions\rider.vmoptions -Xbootclasspath/a:E:\Rider\JetBrains Rider 2024.3.6\lib\nio-fs.jar -Djava.system.class.loader=com.intellij.util.lang.PathClassLoader -Didea.vendor.name=JetBrains -Didea.paths.selector=Rider2025.2 -Djna.boot.library.path=E:\Rider\JetBrains Rider 2024.3.6/lib/jna/amd64 -Djna.nosys=true -Djna.noclasspath=true -Dpty4j.preferred.native.folder=E:\Rider\JetBrains Rider 2024.3.6/lib/pty4j -Dio.netty.allocator.type=pooled -Dintellij.platform.runtime.repository.path=E:\Rider\JetBrains Rider 2024.3.6/modules/module-descriptors.dat -Didea.platform.prefix=Rider -Dwsl.use.remote.agent.for.nio.filesystem=true -Djava.nio.file.spi.DefaultFileSystemProvider=com.intellij.platform.core.nio.fs.MultiRoutingFileSystemProvider -Dide.native.launcher=true -Didea.class.before.app=com.jetbrains.rider.protocol.EarlyBackendStarter -Didea.show.customize.ide.wizard=true -DFilePageCache.THROW_ERROR_ON_DUPLICATE_STORAGE_REGISTRATION=false -Dsplash=true -Daether.connector.resumeDownloads=false -Dcompose.swing.render.on.graphics=true --add-opens=java.base/java.io=ALL-UNNAMED --add-opens=java.base/java.lang=ALL-UNNAMED --add-opens=java.base/java.lang.ref=ALL-UNNAMED --add-opens=java.base/java.lang.reflect=ALL-UNNAMED --add-opens=java.base/java.net=ALL-UNNAMED --add-opens=java.base/java.nio=ALL-UNNAMED --add-opens=java.base/java.nio.charset=ALL-UNNAMED --add-opens=java.base/java.text=ALL-UNNAMED --add-opens=java.base/java.time=ALL-UNNAMED --add-opens=java.base/java.util=ALL-UNNAMED --add-opens=java.base/java.util.concurrent=ALL-UNNAMED --add-opens=java.base/java.util.concurrent.atomic=ALL-UNNAMED --add-opens=java.base/java.util.concurrent.locks=ALL-UNNAMED --add-opens=java.base/jdk.internal.vm=ALL-UNNAMED --add-opens=java.base/sun.net.dns=ALL-UNNAMED --add-opens=java.base/sun.nio.ch=ALL-UNNAMED --add-opens=java.base/sun.nio.fs=ALL-UNNAMED --add-opens=java.base/sun.security.ssl=ALL-UNNAMED --add-opens=java.base/sun.security.util=ALL-UNNAMED --add-opens=java.desktop/com.sun.java.swing=ALL-UNNAMED --add-opens=java.desktop/java.awt=ALL-UNNAMED --add-opens=java.desktop/java.awt.dnd.peer=ALL-UNNAMED --add-opens=java.desktop/java.awt.event=ALL-UNNAMED --add-opens=java.desktop/java.awt.font=ALL-UNNAMED --add-opens=java.desktop/java.awt.image=ALL-UNNAMED --add-opens=java.desktop/java.awt.peer=ALL-UNNAMED --add-opens=java.desktop/javax.swing=ALL-UNNAMED --add-opens=java.desktop/javax.swing.plaf.basic=ALL-UNNAMED --add-opens=java.desktop/javax.swing.text=ALL-UNNAMED --add-opens=java.desktop/javax.swing.text.html=ALL-UNNAMED --add-opens=java.desktop/javax.swing.text.html.parser=ALL-UNNAMED --add-opens=java.desktop/sun.awt=ALL-UNNAMED --add-opens=java.desktop/sun.awt.datatransfer=ALL-UNNAMED --add-opens=java.desktop/sun.awt.image=ALL-UNNAMED --add-opens=java.desktop/sun.awt.windows=ALL-UNNAMED --add-opens=java.desktop/sun.font=ALL-UNNAMED --add-opens=java.desktop/sun.java2d=ALL-UNNAMED --add-opens=java.desktop/sun.swing=ALL-UNNAMED --add-opens=java.management/sun.management=ALL-UNNAMED --add-opens=jdk.attach/sun.tools.attach=ALL-UNNAMED --add-opens=jdk.compiler/com.sun.tools.javac.api=ALL-UNNAMED --add-opens=jdk.internal.jvmstat/sun.jvmstat.monitor=ALL-UNNAMED --add-opens=jdk.jdi/com.sun.tools.jdi=ALL-UNNAMED -Dide.native.launcher=true -Djcef.sandbox.ptr=00000226AB679700 -Djcef.sandbox.cefVersion=122.1.9+gd14e051+chromium-122.0.6261.94 
java_command: com.intellij.idea.Main E:\Project\Git\Hodgepodge\Hodgepodge.uproject
java_class_path (initial): E:\Rider\JetBrains Rider 2024.3.6\lib\platform-loader.jar;E:\Rider\JetBrains Rider 2024.3.6\lib\util-8.jar;E:\Rider\JetBrains Rider 2024.3.6\lib\app-client.jar;E:\Rider\JetBrains Rider 2024.3.6\lib\util.jar;E:\Rider\JetBrains Rider 2024.3.6\lib\product.jar;E:\Rider\JetBrains Rider 2024.3.6\lib\app.jar;E:\Rider\JetBrains Rider 2024.3.6\lib\annotations.jar;E:\Rider\JetBrains Rider 2024.3.6\lib\bouncy-castle.jar;E:\Rider\JetBrains Rider 2024.3.6\lib\eclipse.lsp4j.debug.jar;E:\Rider\JetBrains Rider 2024.3.6\lib\eclipse.lsp4j.jar;E:\Rider\JetBrains Rider 2024.3.6\lib\eclipse.lsp4j.jsonrpc.debug.jar;E:\Rider\JetBrains Rider 2024.3.6\lib\eclipse.lsp4j.jsonrpc.jar;E:\Rider\JetBrains Rider 2024.3.6\lib\external-system-rt.jar;E:\Rider\JetBrains Rider 2024.3.6\lib\externalProcess-rt.jar;E:\Rider\JetBrains Rider 2024.3.6\lib\forms_rt.jar;E:\Rider\JetBrains Rider 2024.3.6\lib\groovy.jar;E:\Rider\JetBrains Rider 2024.3.6\lib\javax.activation.jar;E:\Rider\JetBrains Rider 2024.3.6\lib\javax.annotation-api.jar;E:\Rider\JetBrains Rider 2024.3.6\lib\jaxb-api.jar;E:\Rider\JetBrains Rider 2024.3.6\lib\jaxb-runtime.jar;E:\Rider\JetBrains Rider 2024.3.6\lib\jps-model.jar;E:\Rider\JetBrains Rider 2024.3.6\lib\jsch-agent.jar;E:\Rider\JetBrains Rider 2024.3.6\lib\kotlinx-coroutines-slf4j-1.10.1-intellij.jar;E:\Rider\JetBrains Rider 2024.3.6\lib\lib-client.jar;E:\Rider\JetBrains Rider 2024.3.6\lib\lib.jar;E:\Rider\JetBrains Rider 2024.3.6\lib\opentelemetry.jar;E:\Rider\JetBrains Rider 2024.3.6\lib\product-client.jar;E:\Rider\JetBrains Rider 2024.3.6\lib\protobuf.jar;E:\Rider\JetBrains Rider 2024.3.6\lib\rd.jar;E:\Rider\JetBrains Rider 2024.3.6\lib\rhino.jar;E:\Rider\JetBrains Rider 2024.3.6\lib\stats.jar;E:\Rider\JetBrains Rider 2024.3.6\lib\trove.jar;E:\Rider\JetBrains Rider 2024.3.6\lib\util_rt.jar
Launcher Type: generic

[Global flags]
     intx CICompilerCount                          = 2                                         {product} {command line}
     uint ConcGCThreads                            = 4                                         {product} {ergonomic}
    ccstr ErrorFile                                = $USER_HOME/java_error_in_idea_%p.log            {product} {command line}
     uint G1ConcRefinementThreads                  = 15                                        {product} {ergonomic}
   size_t G1HeapRegionSize                         = 1048576                                   {product} {ergonomic}
    uintx GCDrainStackTargetSize                   = 64                                        {product} {ergonomic}
     bool HeapDumpOnOutOfMemoryError               = true                                   {manageable} {command line}
    ccstr HeapDumpPath                             = $USER_HOME/java_error_in_idea.hprof         {manageable} {command line}
     bool IgnoreUnrecognizedVMOptions              = true                                      {product} {command line}
   size_t InitialHeapSize                          = 134217728                                 {product} {command line}
    uintx JbrShrinkingGcMaxHeapFreeRatio           = 40                                     {manageable} {command line}
   size_t MarkStackSize                            = 4194304                                   {product} {ergonomic}
   size_t MaxHeapSize                              = 2147483648                                {product} {command line}
   size_t MaxNewSize                               = 1287651328                                {product} {ergonomic}
   size_t MinHeapDeltaBytes                        = 1048576                                   {product} {ergonomic}
   size_t MinHeapSize                              = 134217728                                 {product} {command line}
    uintx NonNMethodCodeHeapSize                   = 5826188                                {pd product} {ergonomic}
    uintx NonProfiledCodeHeapSize                  = 265522362                              {pd product} {ergonomic}
     bool OmitStackTraceInFastThrow                = false                                     {product} {command line}
    uintx ProfiledCodeHeapSize                     = 265522362                              {pd product} {ergonomic}
    uintx ReservedCodeCacheSize                    = 536870912                              {pd product} {command line}
     bool SegmentedCodeCache                       = true                                      {product} {ergonomic}
   size_t SoftMaxHeapSize                          = 2147483648                             {manageable} {ergonomic}
     intx SoftRefLRUPolicyMSPerMB                  = 50                                        {product} {command line}
     intx TieredOldPercentage                      = 100000                                 {diagnostic} {command line}
     bool UnlockDiagnosticVMOptions                = true                                   {diagnostic} {command line}
     bool UseCompressedOops                        = true                           {product lp64_product} {ergonomic}
     bool UseG1GC                                  = true                                      {product} {command line}
     bool UseLargePagesIndividualAllocation        = false                                  {pd product} {ergonomic}

Logging:
Log output configuration:
 #0: stdout all=warning uptime,level,tags foldmultilines=false
 #1: stderr all=off uptime,level,tags foldmultilines=false

Environment Variables:
JAVA_HOME=E:\Java\jdk-21_windows-x64_bin\jdk-21.0.1
PATH=C:\Program Files\Microsoft MPI\Bin\;E:\Java\jdk-21_windows-x64_bin\jdk-21.0.1\bin;C:\Program Files\Microsoft\jdk-11.0.16.101-hotspot\bin;C:\WINDOWS\system32;C:\WINDOWS;C:\WINDOWS\System32\Wbem;C:\WINDOWS\System32\WindowsPowerShell\v1.0\;C:\WINDOWS\System32\OpenSSH\;C:\Users\Administrator\AppData\Local\Microsoft\WindowsApps;C:\Recovery\OEM\Backup\;C:\Program Files (x86)\NVIDIA Corporation\PhysX\Common;C:\Windows\system32;C:\Windows;C:\Windows\System32\Wbem;C:\Windows\System32\WindowsPowerShell\v1.0\;C:\Windows\System32\OpenSSH\;C:\Program Files\Microsoft SQL Server\150\Tools\Binn\;C:\Program Files\dotnet\;E:\Git\Git\cmd;C:\Program Files\Microsoft SQL Server\Client SDK\ODBC\170\Tools\Binn\;C:\Program Files (x86)\Microsoft SQL Server\160\Tools\Binn\;C:\Program Files\Microsoft SQL Server\160\Tools\Binn\;C:\Program Files\Microsoft SQL Server\160\DTS\Binn\;C:\Program Files (x86)\Microsoft SQL Server\160\DTS\Binn\;C:\Program Files\NVIDIA Corporation\NVIDIA NvDLISR;C:\WINDOWS\system32;C:\WINDOWS;C:\WINDOWS\System32\Wbem;C:\WINDOWS\System32\WindowsPowerShell\v1.0\;C:\WINDOWS\System32\OpenSSH\;C:\Program Files\nodejs\;D:\vivo鍔炲叕濂椾欢\pcsuite\;D:\vivo\pcsuite\;E:\Python\Scripts\;E:\Python\;C:\Users\Kenwen\AppData\Local\Microsoft\WindowsApps;E:\IDEA\IntelliJ IDEA Community Edition 2023.2.4\bin;;E:\Microsoft VS Code\bin;C:\Users\Kenwen\AppData\Local\Programs\Ollama;E:\Rider\JetBrains Rider 2024.3.6\bin;;C:\Users\Kenwen\AppData\Roaming\npm;C:\Users\Kenwen\.dotnet\tools;C:\Users\Kenwen\AppData\Local\GitHubDesktop\bin;E:\cursor\resources\app\bin;D:\CodeBuddy CN\bin
USERNAME=Kenwen
OS=Windows_NT
PROCESSOR_IDENTIFIER=Intel64 Family 6 Model 154 Stepping 3, GenuineIntel
TMP=C:\Users\Kenwen\AppData\Local\Temp
TEMP=C:\Users\Kenwen\AppData\Local\Temp




Periodic native trim disabled

JNI global refs:
JNI global refs: 134, weak refs: 131

JNI global refs memory usage: 2099, weak refs: 5449

Process memory usage:
Resident Set Size: 1911736K (11% of 16474616K total physical memory with 1084868K free physical memory)

OOME stack traces (most recent first):
Classloader memory used:
Loader com.intellij.util.lang.PathClassLoader                                          : 224M
Loader com.intellij.ide.plugins.cl.PluginClassLoader                                   : 154M
Loader bootstrap                                                                       : 49899K
Loader jdk.internal.loader.ClassLoaders$PlatformClassLoader                            : 3294K
Loader jdk.internal.loader.ClassLoaders$AppClassLoader                                 : 650K
Loader com.intellij.util.lang.UrlClassLoader                                           : 472K
Loader sun.reflect.misc.MethodUtil                                                     : 4248B

Classes loaded by more than one classloader:
Class kotlin.NotImplementedError                                                      : loaded 6 times (x 82B)
Class kotlin.jvm.internal.markers.KMappedMarker                                       : loaded 6 times (x 70B)
Class kotlin.KotlinNullPointerException                                               : loaded 6 times (x 83B)
Class kotlin.collections.CollectionsKt__IterablesKt                                   : loaded 6 times (x 71B)
Class kotlin.UninitializedPropertyAccessException                                     : loaded 6 times (x 82B)
Class kotlin.collections.CollectionsKt__CollectionsJVMKt                              : loaded 6 times (x 71B)
Class kotlin.collections.CollectionsKt__IteratorsKt                                   : loaded 6 times (x 71B)
Class kotlin.jvm.internal.Intrinsics                                                  : loaded 6 times (x 71B)
Class kotlin.collections.CollectionsKt__MutableCollectionsJVMKt                       : loaded 6 times (x 71B)
Class kotlin.collections.CollectionsKt__ReversedViewsKt                               : loaded 6 times (x 71B)
Class kotlin.collections.CollectionsKt__MutableCollectionsKt                          : loaded 6 times (x 71B)
Class kotlin.collections.CollectionsKt__CollectionsKt                                 : loaded 6 times (x 71B)
Class kotlin.collections.CollectionsKt___CollectionsJvmKt                             : loaded 6 times (x 71B)
Class kotlin.collections.CollectionsKt__IteratorsJVMKt                                : loaded 6 times (x 71B)
Class kotlin.collections.CollectionsKt                                                : loaded 6 times (x 71B)
Class kotlin.collections.CollectionsKt___CollectionsKt                                : loaded 6 times (x 71B)
Class kotlin.text.StringsKt__StringsJVMKt                                             : loaded 5 times (x 71B)
Class kotlin.text.StringsKt__StringBuilderJVMKt                                       : loaded 5 times (x 71B)
Class kotlin.text.StringsKt__RegexExtensionsJVMKt                                     : loaded 5 times (x 71B)
Class kotlin.text.StringsKt___StringsJvmKt                                            : loaded 5 times (x 71B)
Class kotlin.text.StringsKt__RegexExtensionsKt                                        : loaded 5 times (x 71B)
Class kotlin.annotation.Retention                                                     : loaded 5 times (x 70B)
Class kotlin.text.StringsKt___StringsKt                                               : loaded 5 times (x 71B)
Class kotlin.text.StringsKt__StringNumberConversionsKt                                : loaded 5 times (x 71B)
Class kotlin.text.StringsKt                                                           : loaded 5 times (x 71B)
Class kotlin.Metadata                                                                 : loaded 5 times (x 70B)
Class kotlin.text.StringsKt__StringNumberConversionsJVMKt                             : loaded 5 times (x 71B)
Class kotlin.text.StringsKt__IndentKt                                                 : loaded 5 times (x 71B)
Class kotlin.text.StringsKt__AppendableKt                                             : loaded 5 times (x 71B)
Class kotlin.text.StringsKt__StringBuilderKt                                          : loaded 5 times (x 71B)
Class kotlin.NoWhenBranchMatchedException                                             : loaded 5 times (x 82B)
Class kotlin.text.StringsKt__StringsKt                                                : loaded 5 times (x 71B)
Class kotlin.annotation.Target                                                        : loaded 5 times (x 70B)
Class kotlin.collections.MapsKt__MapsKt                                               : loaded 4 times (x 71B)
Class kotlin.collections.ArraysKt__ArraysKt                                           : loaded 4 times (x 71B)
Class kotlin.ResultKt                                                                 : loaded 4 times (x 71B)
Class kotlin.collections.EmptyList                                                    : loaded 4 times (x 174B)
Class kotlin.collections.MapsKt__MapsJVMKt                                            : loaded 4 times (x 71B)
Class kotlin.enums.EnumEntries                                                        : loaded 4 times (x 70B)
Class kotlin.collections.AbstractList                                                 : loaded 4 times (x 197B)
Class kotlin.collections.AbstractCollection                                           : loaded 4 times (x 117B)
Class kotlin.TuplesKt                                                                 : loaded 4 times (x 71B)
Class kotlin.enums.EnumEntriesList                                                    : loaded 4 times (x 223B)
Class kotlin.collections.ArraysUtilJVM                                                : loaded 4 times (x 71B)
Class kotlin.coroutines.intrinsics.IntrinsicsKt__IntrinsicsKt                         : loaded 4 times (x 71B)
Class kotlin.collections.MapsKt___MapsJvmKt                                           : loaded 4 times (x 71B)
Class kotlin.collections.ArraysKt___ArraysJvmKt                                       : loaded 4 times (x 71B)
Class kotlin.collections.ArraysKt___ArraysKt                                          : loaded 4 times (x 71B)
Class kotlin.collections.MapsKt___MapsKt                                              : loaded 4 times (x 71B)
Class kotlin.collections.MapsKt__MapWithDefaultKt                                     : loaded 4 times (x 71B)
Class kotlin.enums.EnumEntriesKt                                                      : loaded 4 times (x 71B)
Class kotlin.coroutines.intrinsics.IntrinsicsKt                                       : loaded 4 times (x 71B)
Class kotlin.collections.MapsKt                                                       : loaded 4 times (x 71B)
Class kotlin.collections.ArraysKt                                                     : loaded 4 times (x 71B)
Class kotlin.collections.ArraysKt__ArraysJVMKt                                        : loaded 4 times (x 71B)
Class kotlin.collections.AbstractList$Companion                                       : loaded 4 times (x 71B)
Class kotlin.coroutines.intrinsics.IntrinsicsKt__IntrinsicsJvmKt                      : loaded 4 times (x 71B)
Class com.fasterxml.jackson.databind.ext.Java7SupportImpl                             : loaded 3 times (x 75B)
Class com.fasterxml.jackson.databind.ser.VirtualBeanPropertyWriter                    : loaded 3 times (x 143B)
Class com.fasterxml.jackson.databind.node.NullNode                                    : loaded 3 times (x 200B)
Class com.fasterxml.jackson.databind.introspect.ClassIntrospector                     : loaded 3 times (x 78B)
Class com.fasterxml.jackson.core.json.WriterBasedJsonGenerator                        : loaded 3 times (x 235B)
Class com.fasterxml.jackson.databind.ser.ResolvableSerializer                         : loaded 3 times (x 70B)
Class com.fasterxml.jackson.databind.JsonDeserializer                                 : loaded 3 times (x 97B)
Class com.fasterxml.jackson.databind.deser.std.MapEntryDeserializer                   : loaded 3 times (x 168B)
Class [Lcom.fasterxml.jackson.databind.AnnotationIntrospector$ReferenceProperty$Type; : loaded 3 times (x 69B)
Class com.fasterxml.jackson.databind.deser.impl.JDKValueInstantiators$ArrayListInstantiator: loaded 3 times (x 108B)
Class com.google.gson.Gson                                                            : loaded 3 times (x 72B)
Class com.google.gson.stream.MalformedJsonException                                   : loaded 3 times (x 82B)
Class com.google.gson.internal.sql.SqlTypesSupport                                    : loaded 3 times (x 71B)
Class kotlin.coroutines.jvm.internal.SuspendFunction                                  : loaded 3 times (x 70B)
Class com.fasterxml.jackson.databind.introspect.VisibilityChecker                     : loaded 3 times (x 70B)
Class [Lcom.fasterxml.jackson.core.Base64Variant$PaddingReadBehaviour;                : loaded 3 times (x 69B)
Class [Lcom.fasterxml.jackson.annotation.Nulls;                                       : loaded 3 times (x 69B)
Class com.fasterxml.jackson.databind.deser.std.ReferenceTypeDeserializer              : loaded 3 times (x 164B)
Class [Lcom.fasterxml.jackson.databind.cfg.CoercionAction;                            : loaded 3 times (x 69B)
Class com.fasterxml.jackson.databind.cfg.DatatypeFeature                              : loaded 3 times (x 70B)
Class com.fasterxml.jackson.databind.util.internal.PrivateMaxEntriesMap$DrainStatus   : loaded 3 times (x 80B)
Class com.fasterxml.jackson.databind.jsontype.PolymorphicTypeValidator                : loaded 3 times (x 74B)
Class com.fasterxml.jackson.databind.ser.SerializerFactory                            : loaded 3 times (x 78B)
Class com.fasterxml.jackson.databind.cfg.ContextAttributes                            : loaded 3 times (x 76B)
Class com.fasterxml.jackson.databind.JsonSerializer                                   : loaded 3 times (x 88B)
Class com.google.gson.ToNumberPolicy$4                                                : loaded 3 times (x 83B)
Class com.fasterxml.jackson.databind.JsonMappingException                             : loaded 3 times (x 97B)
Class com.fasterxml.jackson.databind.type.CollectionLikeType                          : loaded 3 times (x 145B)
Class com.fasterxml.jackson.databind.introspect.BasicClassIntrospector                : loaded 3 times (x 92B)
Class com.fasterxml.jackson.databind.node.TextNode                                    : loaded 3 times (x 201B)
Class com.fasterxml.jackson.databind.node.BinaryNode                                  : loaded 3 times (x 200B)
Class com.google.gson.TypeAdapterFactory                                              : loaded 3 times (x 70B)
Class com.google.gson.internal.bind.JsonTreeReader                                    : loaded 3 times (x 98B)
Class com.fasterxml.jackson.databind.ser.impl.PropertyBasedObjectIdGenerator          : loaded 3 times (x 80B)
Class com.fasterxml.jackson.databind.util.IgnorePropertiesUtil                        : loaded 3 times (x 71B)
Class com.fasterxml.jackson.annotation.JsonFormat$Feature                             : loaded 3 times (x 79B)
Class com.fasterxml.jackson.databind.introspect.AnnotatedFieldCollector$FieldBuilder  : loaded 3 times (x 72B)
Class com.fasterxml.jackson.databind.node.DoubleNode                                  : loaded 3 times (x 200B)
Class com.fasterxml.jackson.databind.ser.impl.UnwrappingBeanSerializer                : loaded 3 times (x 133B)
Class com.fasterxml.jackson.databind.node.BaseJsonNode                                : loaded 3 times (x 199B)
Class org.slf4j.helpers.Util                                                          : loaded 3 times (x 71B)
Class org.slf4j.helpers.BasicMDCAdapter$1                                             : loaded 3 times (x 86B)
Class com.google.gson.ToNumberPolicy$3                                                : loaded 3 times (x 83B)
Class com.google.gson.internal.bind.ReflectiveTypeAdapterFactory$BoundField           : loaded 3 times (x 75B)
Class com.fasterxml.jackson.databind.introspect.AnnotationIntrospectorPair            : loaded 3 times (x 163B)
Class com.fasterxml.jackson.databind.annotation.JsonDeserialize                       : loaded 3 times (x 70B)
Class com.fasterxml.jackson.databind.deser.CreatorProperty                            : loaded 3 times (x 144B)
Class com.fasterxml.jackson.databind.ser.std.JsonValueSerializer                      : loaded 3 times (x 123B)
Class com.fasterxml.jackson.databind.deser.impl.InnerClassProperty                    : loaded 3 times (x 143B)
Class com.google.gson.ToNumberPolicy$2                                                : loaded 3 times (x 83B)
Class com.google.gson.internal.reflect.ReflectionHelper$RecordHelper                  : loaded 3 times (x 75B)
Class com.google.gson.internal.bind.TypeAdapters$31                                   : loaded 3 times (x 76B)
Class com.google.gson.JsonSyntaxException                                             : loaded 3 times (x 82B)
Class com.google.gson.internal.ReflectionAccessFilterHelper                           : loaded 3 times (x 71B)
Class org.slf4j.helpers.SubstituteServiceProvider                                     : loaded 3 times (x 85B)
Class com.fasterxml.jackson.databind.jsontype.impl.StdSubtypeResolver                 : loaded 3 times (x 85B)
Class com.fasterxml.jackson.databind.DeserializationConfig                            : loaded 3 times (x 135B)
Class com.fasterxml.jackson.databind.exc.InvalidDefinitionException                   : loaded 3 times (x 100B)
Class com.fasterxml.jackson.databind.ser.std.DateTimeSerializerBase                   : loaded 3 times (x 123B)
Class com.fasterxml.jackson.databind.ser.std.AsArraySerializerBase                    : loaded 3 times (x 127B)
Class com.fasterxml.jackson.databind.ser.std.NumberSerializers$1                      : loaded 3 times (x 71B)
Class [Lcom.fasterxml.jackson.databind.ser.Serializers;                               : loaded 3 times (x 69B)
Class [Lcom.fasterxml.jackson.databind.util.AccessPattern;                            : loaded 3 times (x 69B)
Class [Lcom.fasterxml.jackson.databind.introspect.ConcreteBeanPropertyBase;           : loaded 3 times (x 69B)
Class com.fasterxml.jackson.databind.deser.ValueInstantiator                          : loaded 3 times (x 107B)
Class com.fasterxml.jackson.annotation.JsonInclude                                    : loaded 3 times (x 70B)
Class com.fasterxml.jackson.databind.introspect.AnnotatedMethodMap                    : loaded 3 times (x 79B)
Class com.fasterxml.jackson.databind.deser.std.StdKeyDeserializer$StringFactoryKeyDeserializer: loaded 3 times (x 79B)
Class com.fasterxml.jackson.databind.deser.impl.SetterlessProperty                    : loaded 3 times (x 140B)
Class com.fasterxml.jackson.databind.node.BooleanNode                                 : loaded 3 times (x 200B)
Class com.fasterxml.jackson.databind.node.FloatNode                                   : loaded 3 times (x 200B)
Class com.fasterxml.jackson.databind.SerializationFeature                             : loaded 3 times (x 84B)
Class com.fasterxml.jackson.annotation.Nulls                                          : loaded 3 times (x 79B)
Class com.fasterxml.jackson.core.JsonFactory$Feature                                  : loaded 3 times (x 84B)
Class [Lcom.fasterxml.jackson.databind.util.internal.PrivateMaxEntriesMap$DrainStatus;: loaded 3 times (x 69B)
Class com.fasterxml.jackson.annotation.JsonCreator$Mode                               : loaded 3 times (x 79B)
Class com.fasterxml.jackson.databind.DatabindException                                : loaded 3 times (x 89B)
Class com.fasterxml.jackson.databind.deser.std.NumberDeserializers$BigDecimalDeserializer: loaded 3 times (x 157B)
Class [Lcom.google.gson.FieldNamingStrategy;                                          : loaded 3 times (x 69B)
Class com.google.gson.ToNumberPolicy$1                                                : loaded 3 times (x 83B)
Class com.google.gson.internal.Excluder                                               : loaded 3 times (x 75B)
Class com.fasterxml.jackson.core.base.ParserMinimalBase                               : loaded 3 times (x 222B)
Class com.fasterxml.jackson.core.PrettyPrinter                                        : loaded 3 times (x 70B)
Class com.fasterxml.jackson.databind.AbstractTypeResolver                             : loaded 3 times (x 74B)
Class com.fasterxml.jackson.annotation.JacksonInject                                  : loaded 3 times (x 70B)
Class com.google.gson.Gson$1                                                          : loaded 3 times (x 76B)
Class com.google.gson.internal.bind.TypeAdapters$32                                   : loaded 3 times (x 76B)
Class com.fasterxml.jackson.databind.deser.std.FromStringDeserializer$StringBufferDeserializer: loaded 3 times (x 162B)
Class com.fasterxml.jackson.databind.deser.impl.JDKValueInstantiators$HashMapInstantiator: loaded 3 times (x 108B)
Class com.fasterxml.jackson.databind.ObjectReader                                     : loaded 3 times (x 229B)
Class com.google.gson.internal.bind.NumberTypeAdapter                                 : loaded 3 times (x 74B)
Class com.google.gson.Gson$3                                                          : loaded 3 times (x 75B)
Class com.fasterxml.jackson.databind.introspect.BasicBeanDescription                  : loaded 3 times (x 114B)
Class [Lcom.fasterxml.jackson.databind.MapperFeature;                                 : loaded 3 times (x 69B)
Class [Lcom.fasterxml.jackson.databind.deser.Deserializers;                           : loaded 3 times (x 69B)
Class com.fasterxml.jackson.databind.deser.BeanDeserializerModifier                   : loaded 3 times (x 82B)
Class com.fasterxml.jackson.databind.ser.impl.UnsupportedTypeSerializer               : loaded 3 times (x 114B)
Class com.fasterxml.jackson.databind.ser.std.NumberSerializers$IntegerSerializer      : loaded 3 times (x 119B)
Class [Lcom.fasterxml.jackson.core.JsonToken;                                         : loaded 3 times (x 69B)
Class com.fasterxml.jackson.databind.ext.Java7HandlersImpl                            : loaded 3 times (x 75B)
Class com.fasterxml.jackson.databind.deser.std.UntypedObjectDeserializer              : loaded 3 times (x 174B)
Class com.fasterxml.jackson.annotation.JsonInclude$Value                              : loaded 3 times (x 86B)
Class [Lcom.fasterxml.jackson.core.util.JacksonFeature;                               : loaded 3 times (x 69B)
Class com.fasterxml.jackson.databind.ext.Java7Support                                 : loaded 3 times (x 74B)
Class com.fasterxml.jackson.databind.deser.impl.JDKValueInstantiators$ConstantValueInstantiator: loaded 3 times (x 108B)
Class [Lcom.fasterxml.jackson.databind.BeanProperty;                                  : loaded 3 times (x 69B)
Class com.fasterxml.jackson.databind.ser.impl.BeanAsArraySerializer                   : loaded 3 times (x 134B)
Class com.google.gson.internal.bind.JsonAdapterAnnotationTypeAdapterFactory           : loaded 3 times (x 75B)
Class com.fasterxml.jackson.databind.deser.std.NumberDeserializers$BooleanDeserializer: loaded 3 times (x 157B)
Class com.fasterxml.jackson.databind.util.LookupCache                                 : loaded 3 times (x 70B)
Class com.fasterxml.jackson.core.Base64Variant$PaddingReadBehaviour                   : loaded 3 times (x 79B)
Class com.fasterxml.jackson.databind.ser.impl.UnknownSerializer                       : loaded 3 times (x 115B)
Class com.fasterxml.jackson.databind.deser.std.EnumSetDeserializer                    : loaded 3 times (x 167B)
Class com.fasterxml.jackson.databind.PropertyName                                     : loaded 3 times (x 83B)
Class com.fasterxml.jackson.databind.ser.std.NumberSerializer                         : loaded 3 times (x 119B)
Class com.google.gson.internal.bind.ObjectTypeAdapter                                 : loaded 3 times (x 74B)
Class com.fasterxml.jackson.databind.ser.std.ReferenceTypeSerializer                  : loaded 3 times (x 126B)
Class com.fasterxml.jackson.databind.ser.std.StdJdkSerializers                        : loaded 3 times (x 71B)
Class com.fasterxml.jackson.databind.util.internal.PrivateMaxEntriesMap$AddTask       : loaded 3 times (x 75B)
Class com.fasterxml.jackson.databind.introspect.AnnotatedCreatorCollector             : loaded 3 times (x 73B)
Class [Lcom.fasterxml.jackson.databind.ser.BeanPropertyWriter;                        : loaded 3 times (x 69B)
Class com.google.gson.internal.reflect.ReflectionHelper$RecordSupportedHelper         : loaded 3 times (x 78B)
Class com.fasterxml.jackson.core.io.JsonStringEncoder                                 : loaded 3 times (x 71B)
Class kotlin.LazyKt                                                                   : loaded 3 times (x 71B)
Class org.slf4j.helpers.NOP_FallbackServiceProvider                                   : loaded 3 times (x 84B)
Class com.fasterxml.jackson.databind.AnnotationIntrospector                           : loaded 3 times (x 160B)
Class com.fasterxml.jackson.databind.ser.std.ToStringSerializerBase                   : loaded 3 times (x 115B)
Class com.fasterxml.jackson.databind.deser.std.StdKeyDeserializer$DelegatingKD        : loaded 3 times (x 73B)
Class [Lcom.fasterxml.jackson.databind.AbstractTypeResolver;                          : loaded 3 times (x 69B)
Class com.fasterxml.jackson.databind.deser.std.StringCollectionDeserializer           : loaded 3 times (x 164B)
Class com.fasterxml.jackson.databind.node.ObjectNode                                  : loaded 3 times (x 285B)
Class com.fasterxml.jackson.databind.introspect.TypeResolutionContext                 : loaded 3 times (x 70B)
Class com.fasterxml.jackson.databind.exc.MismatchedInputException                     : loaded 3 times (x 99B)
Class com.fasterxml.jackson.core.JsonEncoding                                         : loaded 3 times (x 80B)
Class com.fasterxml.jackson.databind.deser.std.NumberDeserializers$PrimitiveOrWrapperDeserializer: loaded 3 times (x 157B)
Class com.google.gson.stream.JsonReader                                               : loaded 3 times (x 97B)
Class com.fasterxml.jackson.databind.type.PlaceholderForType                          : loaded 3 times (x 142B)
Class [Lcom.fasterxml.jackson.databind.JavaType;                                      : loaded 3 times (x 69B)
Class [Lcom.fasterxml.jackson.databind.cfg.DatatypeFeature;                           : loaded 3 times (x 69B)
Class com.fasterxml.jackson.databind.cfg.BaseSettings                                 : loaded 3 times (x 72B)
Class com.fasterxml.jackson.databind.node.ShortNode                                   : loaded 3 times (x 200B)
Class com.fasterxml.jackson.databind.ser.std.BooleanSerializer$AsNumber               : loaded 3 times (x 117B)
Class [Lcom.fasterxml.jackson.databind.util.Annotations;                              : loaded 3 times (x 69B)
Class com.fasterxml.jackson.databind.cfg.ConstructorDetector$SingleArgConstructor     : loaded 3 times (x 79B)
Class com.google.gson.internal.LazilyParsedNumber                                     : loaded 3 times (x 78B)
Class com.fasterxml.jackson.databind.deser.impl.ObjectIdValueProperty                 : loaded 3 times (x 140B)
Class com.google.gson.internal.Streams                                                : loaded 3 times (x 71B)
Class com.fasterxml.jackson.annotation.JsonProperty                                   : loaded 3 times (x 70B)
Class com.fasterxml.jackson.databind.introspect.POJOPropertiesCollector               : loaded 3 times (x 111B)
Class com.fasterxml.jackson.core.JsonGenerationException                              : loaded 3 times (x 90B)
Class kotlin.text.CharsKt__CharKt                                                     : loaded 3 times (x 71B)
Class com.fasterxml.jackson.databind.node.IntNode                                     : loaded 3 times (x 200B)
Class kotlin.coroutines.jvm.internal.Boxing                                           : loaded 3 times (x 71B)
Class com.fasterxml.jackson.core.util.Instantiatable                                  : loaded 3 times (x 70B)
Class com.fasterxml.jackson.databind.type.MapLikeType                                 : loaded 3 times (x 148B)
Class com.fasterxml.jackson.databind.util.internal.PrivateMaxEntriesMap$Builder       : loaded 3 times (x 71B)
Class com.fasterxml.jackson.databind.util.TypeKey                                     : loaded 3 times (x 75B)
Class com.fasterxml.jackson.annotation.JsonAnyGetter                                  : loaded 3 times (x 70B)
Class com.fasterxml.jackson.databind.deser.impl.CreatorCandidate$Param                : loaded 3 times (x 72B)
Class com.google.gson.internal.bind.DefaultDateTypeAdapter$DateType$1                 : loaded 3 times (x 73B)
Class kotlin.ranges.RangesKt___RangesKt                                               : loaded 3 times (x 71B)
Class com.fasterxml.jackson.databind.DeserializationContext                           : loaded 3 times (x 167B)
Class com.google.gson.internal.bind.TypeAdapters                                      : loaded 3 times (x 71B)
Class com.google.gson.FieldNamingPolicy                                               : loaded 3 times (x 83B)
Class com.fasterxml.jackson.databind.JavaType                                         : loaded 3 times (x 131B)
Class com.fasterxml.jackson.core.json.UTF8JsonGenerator                               : loaded 3 times (x 226B)
Class com.fasterxml.jackson.annotation.JsonFormat$Shape                               : loaded 3 times (x 79B)
Class [Lcom.fasterxml.jackson.databind.cfg.JsonNodeFeature;                           : loaded 3 times (x 69B)
Class com.fasterxml.jackson.databind.node.JsonNodeFactory                             : loaded 3 times (x 136B)
Class com.fasterxml.jackson.databind.deser.std.TokenBufferDeserializer                : loaded 3 times (x 157B)
Class com.fasterxml.jackson.databind.deser.std.NumberDeserializers$ShortDeserializer  : loaded 3 times (x 159B)
Class [Lcom.fasterxml.jackson.databind.deser.SettableBeanProperty;                    : loaded 3 times (x 69B)
Class com.fasterxml.jackson.databind.deser.impl.FieldProperty                         : loaded 3 times (x 141B)
Class com.fasterxml.jackson.core.StreamReadCapability                                 : loaded 3 times (x 84B)
Class com.fasterxml.jackson.databind.util.internal.PrivateMaxEntriesMap$EntrySet      : loaded 3 times (x 136B)
Class com.fasterxml.jackson.core.json.JsonWriteContext                                : loaded 3 times (x 95B)
Class [Lcom.fasterxml.jackson.databind.cfg.ConstructorDetector$SingleArgConstructor;  : loaded 3 times (x 69B)
Class com.fasterxml.jackson.databind.deser.std.StdKeyDeserializer$StringCtorKeyDeserializer: loaded 3 times (x 79B)
Class com.fasterxml.jackson.annotation.JsonIgnoreType                                 : loaded 3 times (x 70B)
Class com.fasterxml.jackson.databind.introspect.DefaultAccessorNamingStrategy         : loaded 3 times (x 80B)
Class com.fasterxml.jackson.core.json.async.NonBlockingUtf8JsonParserBase             : loaded 3 times (x 302B)
Class com.fasterxml.jackson.databind.deser.std.MapDeserializer                        : loaded 3 times (x 178B)
Class com.fasterxml.jackson.databind.deser.std.StdKeyDeserializer$EnumKD              : loaded 3 times (x 79B)
Class com.fasterxml.jackson.databind.ser.std.StdJdkSerializers$AtomicBooleanSerializer: loaded 3 times (x 115B)
Class com.fasterxml.jackson.databind.deser.std.FromStringDeserializer$Std             : loaded 3 times (x 163B)
Class com.fasterxml.jackson.databind.BeanDescription                                  : loaded 3 times (x 105B)
Class com.fasterxml.jackson.databind.deser.BeanDeserializerBuilder                    : loaded 3 times (x 103B)
Class com.google.gson.JsonArray                                                       : loaded 3 times (x 100B)
Class com.google.gson.FieldNamingStrategy                                             : loaded 3 times (x 70B)
Class com.google.gson.JsonNull                                                        : loaded 3 times (x 92B)
Class com.fasterxml.jackson.databind.deser.std.NumberDeserializers$NumberDeserializer : loaded 3 times (x 156B)
Class com.google.gson.internal.bind.TypeAdapters$29                                   : loaded 3 times (x 75B)
Class com.google.gson.internal.bind.MapTypeAdapterFactory                             : loaded 3 times (x 75B)
Class com.fasterxml.jackson.databind.ser.std.ToStringSerializer                       : loaded 3 times (x 115B)
Class com.fasterxml.jackson.databind.cfg.DatatypeFeatures                             : loaded 3 times (x 80B)
Class com.fasterxml.jackson.databind.type.TypeParser                                  : loaded 3 times (x 78B)
Class com.google.gson.internal.Streams$AppendableWriter                               : loaded 3 times (x 99B)
Class com.fasterxml.jackson.annotation.ObjectIdGenerator                              : loaded 3 times (x 79B)
Class com.fasterxml.jackson.databind.ser.std.NullSerializer                           : loaded 3 times (x 114B)
Class com.fasterxml.jackson.annotation.JsonAutoDetect$Visibility                      : loaded 3 times (x 79B)
Class com.fasterxml.jackson.databind.ser.impl.IteratorSerializer                      : loaded 3 times (x 132B)
Class com.fasterxml.jackson.databind.ser.impl.MapEntrySerializer                      : loaded 3 times (x 132B)
Class [Lcom.google.gson.LongSerializationPolicy;                                      : loaded 3 times (x 69B)
Class com.fasterxml.jackson.databind.deser.std.AtomicLongDeserializer                 : loaded 3 times (x 157B)
Class com.fasterxml.jackson.annotation.JsonAutoDetect                                 : loaded 3 times (x 70B)
Class kotlin.collections.EmptyMap                                                     : loaded 3 times (x 109B)
Class com.fasterxml.jackson.databind.introspect.DefaultAccessorNamingStrategy$RecordNaming: loaded 3 times (x 80B)
Class [Lcom.fasterxml.jackson.core.JsonGenerator$Feature;                             : loaded 3 times (x 69B)
Class [Lcom.fasterxml.jackson.databind.deser.BeanDeserializerModifier;                : loaded 3 times (x 69B)
Class com.google.gson.internal.LinkedTreeMap$Node                                     : loaded 3 times (x 79B)
Class com.fasterxml.jackson.databind.ser.std.CalendarSerializer                       : loaded 3 times (x 126B)
Class com.fasterxml.jackson.databind.ser.std.DateSerializer                           : loaded 3 times (x 126B)
Class com.fasterxml.jackson.databind.AnnotationIntrospector$ReferenceProperty$Type    : loaded 3 times (x 79B)
Class com.fasterxml.jackson.databind.introspect.AnnotatedMethodCollector$MethodBuilder: loaded 3 times (x 72B)
Class com.fasterxml.jackson.annotation.JsonIncludeProperties                          : loaded 3 times (x 70B)
Class com.fasterxml.jackson.databind.node.MissingNode                                 : loaded 3 times (x 199B)
Class com.fasterxml.jackson.annotation.JsonSetter$Value                               : loaded 3 times (x 85B)
Class com.fasterxml.jackson.core.async.ByteArrayFeeder                                : loaded 3 times (x 70B)
Class com.fasterxml.jackson.annotation.JsonTypeInfo                                   : loaded 3 times (x 70B)
Class com.fasterxml.jackson.databind.deser.std.JsonLocationInstantiator               : loaded 3 times (x 108B)
Class com.google.gson.FieldNamingPolicy$7                                             : loaded 3 times (x 83B)
Class com.google.gson.internal.bind.TypeAdapters$27                                   : loaded 3 times (x 75B)
Class com.google.gson.internal.reflect.ReflectionHelper                               : loaded 3 times (x 71B)
Class com.fasterxml.jackson.databind.type.IdentityEqualityType                        : loaded 3 times (x 139B)
Class com.fasterxml.jackson.databind.SerializationConfig                              : loaded 3 times (x 135B)
Class [Lcom.fasterxml.jackson.databind.cfg.ConfigFeature;                             : loaded 3 times (x 69B)
Class com.fasterxml.jackson.databind.cfg.DatatypeFeatures$DefaultHolder               : loaded 3 times (x 71B)
Class com.fasterxml.jackson.databind.ser.SerializerCache                              : loaded 3 times (x 72B)
Class com.fasterxml.jackson.databind.deser.std.ArrayBlockingQueueDeserializer         : loaded 3 times (x 175B)
Class com.google.gson.FieldNamingPolicy$6                                             : loaded 3 times (x 83B)
Class com.google.gson.internal.bind.TypeAdapters$26                                   : loaded 3 times (x 75B)
Class com.google.gson.internal.bind.ArrayTypeAdapter                                  : loaded 3 times (x 74B)
Class com.fasterxml.jackson.core.io.ContentReference                                  : loaded 3 times (x 86B)
Class com.fasterxml.jackson.annotation.JsonAlias                                      : loaded 3 times (x 70B)
Class com.fasterxml.jackson.core.util.DefaultPrettyPrinter$Indenter                   : loaded 3 times (x 70B)
Class com.fasterxml.jackson.databind.deser.std.StringArrayDeserializer                : loaded 3 times (x 160B)
Class com.fasterxml.jackson.databind.ser.std.StdJdkSerializers$AtomicLongSerializer   : loaded 3 times (x 115B)
Class [Lcom.fasterxml.jackson.databind.introspect.Annotated;                          : loaded 3 times (x 69B)
Class com.fasterxml.jackson.databind.deser.impl.MergingSettableBeanProperty           : loaded 3 times (x 143B)
Class com.fasterxml.jackson.databind.deser.std.NumberDeserializers$CharacterDeserializer: loaded 3 times (x 158B)
Class com.google.gson.FieldNamingPolicy$5                                             : loaded 3 times (x 83B)
Class com.google.gson.internal.bind.TypeAdapters$25                                   : loaded 3 times (x 75B)
Class com.google.gson.internal.LinkedTreeMap$EntrySet$1                               : loaded 3 times (x 81B)
Class com.fasterxml.jackson.databind.ser.std.NumberSerializers$DoubleSerializer       : loaded 3 times (x 119B)
Class com.fasterxml.jackson.databind.deser.std.JdkDeserializers                       : loaded 3 times (x 71B)
Class com.fasterxml.jackson.databind.jsontype.impl.LaissezFaireSubTypeValidator       : loaded 3 times (x 74B)
Class com.fasterxml.jackson.core.io.JsonEOFException                                  : loaded 3 times (x 95B)
Class com.fasterxml.jackson.databind.ser.std.NumberSerializers$IntLikeSerializer      : loaded 3 times (x 119B)
Class com.fasterxml.jackson.databind.ser.impl.TypeWrappedSerializer                   : loaded 3 times (x 92B)
Class com.fasterxml.jackson.databind.introspect.VirtualAnnotatedMember                : loaded 3 times (x 93B)
Class com.fasterxml.jackson.databind.annotation.JsonSerialize                         : loaded 3 times (x 70B)
Class com.fasterxml.jackson.databind.type.TypeBindings                                : loaded 3 times (x 85B)
Class [Lcom.fasterxml.jackson.databind.introspect.POJOPropertyBuilder$Linked;         : loaded 3 times (x 69B)
Class com.fasterxml.jackson.databind.deser.std.StdValueInstantiator                   : loaded 3 times (x 121B)
Class com.google.gson.FieldNamingPolicy$4                                             : loaded 3 times (x 83B)
Class com.google.gson.internal.bind.TypeAdapters$24                                   : loaded 3 times (x 75B)
Class com.fasterxml.jackson.databind.ser.std.EnumSerializer                           : loaded 3 times (x 119B)
Class com.fasterxml.jackson.databind.ser.std.InetSocketAddressSerializer              : loaded 3 times (x 116B)
Class com.fasterxml.jackson.core.json.async.NonBlockingJsonParser                     : loaded 3 times (x 312B)
Class com.fasterxml.jackson.databind.util.RootNameLookup                              : loaded 3 times (x 75B)
Class kotlin.coroutines.jvm.internal.SuspendLambda                                    : loaded 3 times (x 91B)
Class com.fasterxml.jackson.databind.cfg.ConfigOverride$Empty                         : loaded 3 times (x 80B)
Class com.fasterxml.jackson.databind.cfg.EnumFeature                                  : loaded 3 times (x 87B)
Class com.fasterxml.jackson.databind.ser.std.ArraySerializerBase                      : loaded 3 times (x 126B)
Class com.fasterxml.jackson.core.util.BufferRecycler                                  : loaded 3 times (x 88B)
Class com.fasterxml.jackson.databind.ext.OptionalHandlerFactory                       : loaded 3 times (x 75B)
Class com.google.gson.FieldNamingPolicy$3                                             : loaded 3 times (x 83B)
Class com.fasterxml.jackson.core.exc.StreamWriteException                             : loaded 3 times (x 89B)
Class com.google.gson.internal.bind.TypeAdapters$23                                   : loaded 3 times (x 75B)
Class com.fasterxml.jackson.databind.ser.std.UUIDSerializer                           : loaded 3 times (x 121B)
Class com.fasterxml.jackson.databind.deser.NullValueProvider                          : loaded 3 times (x 70B)
Class com.fasterxml.jackson.core.util.DefaultIndenter                                 : loaded 3 times (x 82B)
Class com.fasterxml.jackson.databind.cfg.CoercionAction                               : loaded 3 times (x 79B)
Class [Lcom.fasterxml.jackson.core.sym.CharsToNameCanonicalizer$Bucket;               : loaded 3 times (x 69B)
Class com.fasterxml.jackson.core.sym.CharsToNameCanonicalizer$Bucket                  : loaded 3 times (x 72B)
Class com.fasterxml.jackson.core.StreamReadConstraints                                : loaded 3 times (x 90B)
Class com.fasterxml.jackson.databind.util.ClassUtil                                   : loaded 3 times (x 71B)
Class com.fasterxml.jackson.annotation.JsonUnwrapped                                  : loaded 3 times (x 70B)
Class com.fasterxml.jackson.databind.DatabindContext                                  : loaded 3 times (x 101B)
Class com.google.gson.Gson$4                                                          : loaded 3 times (x 76B)
Class com.google.gson.internal.ConstructorConstructor                                 : loaded 3 times (x 72B)
Class com.fasterxml.jackson.databind.ser.impl.AttributePropertyWriter                 : loaded 3 times (x 143B)
Class com.fasterxml.jackson.core.SerializableString                                   : loaded 3 times (x 70B)
Class com.fasterxml.jackson.databind.jsonschema.SchemaAware                           : loaded 3 times (x 70B)
Class com.fasterxml.jackson.databind.ser.std.StdDelegatingSerializer                  : loaded 3 times (x 126B)
Class com.fasterxml.jackson.databind.deser.ValueInstantiator$Gettable                 : loaded 3 times (x 70B)
Class com.fasterxml.jackson.databind.deser.std.StdDelegatingDeserializer              : loaded 3 times (x 168B)
Class com.google.gson.FieldNamingPolicy$2                                             : loaded 3 times (x 83B)
Class com.google.gson.internal.Excluder$1                                             : loaded 3 times (x 74B)
Class com.fasterxml.jackson.databind.util.ArrayIterator                               : loaded 3 times (x 90B)
Class [Lcom.fasterxml.jackson.core.type.ResolvedType;                                 : loaded 3 times (x 69B)
Class com.fasterxml.jackson.databind.ser.std.NumberSerializers$FloatSerializer        : loaded 3 times (x 119B)
Class com.google.gson.internal.bind.TypeAdapters$22                                   : loaded 3 times (x 75B)
Class com.fasterxml.jackson.databind.deser.Deserializers                              : loaded 3 times (x 70B)
Class com.fasterxml.jackson.databind.deser.std.ThrowableDeserializer                  : loaded 3 times (x 223B)
Class com.fasterxml.jackson.annotation.JsonFormat                                     : loaded 3 times (x 70B)
Class com.fasterxml.jackson.databind.cfg.CoercionConfigs                              : loaded 3 times (x 79B)
Class com.fasterxml.jackson.databind.deser.BasicDeserializerFactory$ContainerDefaultMappings: loaded 3 times (x 71B)
Class com.fasterxml.jackson.databind.MapperFeature                                    : loaded 3 times (x 84B)
Class com.fasterxml.jackson.databind.deser.std.CollectionDeserializer                 : loaded 3 times (x 174B)
Class com.fasterxml.jackson.databind.ser.std.InetAddressSerializer                    : loaded 3 times (x 120B)
Class com.google.gson.FieldNamingPolicy$1                                             : loaded 3 times (x 83B)
Class com.google.gson.internal.bind.TypeAdapters$21                                   : loaded 3 times (x 75B)
Class com.google.gson.stream.JsonToken                                                : loaded 3 times (x 79B)
Class com.google.gson.JsonObject                                                      : loaded 3 times (x 93B)
Class com.fasterxml.jackson.databind.deser.BeanDeserializerFactory                    : loaded 3 times (x 141B)
Class com.fasterxml.jackson.databind.introspect.AccessorNamingStrategy$Provider       : loaded 3 times (x 74B)
Class com.fasterxml.jackson.annotation.JsonInclude$Include                            : loaded 3 times (x 79B)
Class com.fasterxml.jackson.databind.deser.DeserializerCache                          : loaded 3 times (x 72B)
Class com.fasterxml.jackson.annotation.JsonIgnoreProperties$Value                     : loaded 3 times (x 96B)
Class com.google.gson.internal.bind.TypeAdapters$20                                   : loaded 3 times (x 75B)
Class com.google.gson.internal.LinkedTreeMap$EntrySet                                 : loaded 3 times (x 136B)
Class kotlin.KotlinNothingValueException                                              : loaded 3 times (x 82B)
Class org.slf4j.helpers.BasicMarkerFactory                                            : loaded 3 times (x 82B)
Class com.fasterxml.jackson.databind.introspect.AccessorNamingStrategy                : loaded 3 times (x 75B)
Class [Lcom.fasterxml.jackson.core.JsonParser$Feature;                                : loaded 3 times (x 69B)
Class com.google.gson.LongSerializationPolicy                                         : loaded 3 times (x 80B)
Class com.fasterxml.jackson.databind.deser.ResolvableDeserializer                     : loaded 3 times (x 70B)
Class com.fasterxml.jackson.databind.deser.std.ObjectArrayDeserializer                : loaded 3 times (x 169B)
Class com.fasterxml.jackson.databind.introspect.AnnotatedField                        : loaded 3 times (x 91B)
Class com.fasterxml.jackson.databind.ser.impl.PropertySerializerMap$Single            : loaded 3 times (x 74B)
Class com.google.gson.internal.sql.SqlTimeTypeAdapter                                 : loaded 3 times (x 74B)
Class com.google.gson.internal.bind.TreeTypeAdapter                                   : loaded 3 times (x 75B)
Class com.fasterxml.jackson.databind.util.internal.LinkedDeque                        : loaded 3 times (x 201B)
Class com.fasterxml.jackson.databind.deser.std.NumberDeserializers$BigIntegerDeserializer: loaded 3 times (x 157B)
Class [Lcom.fasterxml.jackson.core.StreamReadCapability;                              : loaded 3 times (x 69B)
Class com.fasterxml.jackson.databind.deser.impl.ErrorThrowingDeserializer             : loaded 3 times (x 98B)
Class com.fasterxml.jackson.databind.cfg.ConfigOverride                               : loaded 3 times (x 80B)
Class com.fasterxml.jackson.databind.util.Annotations                                 : loaded 3 times (x 70B)
Class com.fasterxml.jackson.databind.util.internal.PrivateMaxEntriesMap$WeightedValue : loaded 3 times (x 72B)
Class com.fasterxml.jackson.databind.PropertyMetadata                                 : loaded 3 times (x 89B)
Class com.fasterxml.jackson.databind.deser.std.UUIDDeserializer                       : loaded 3 times (x 168B)
Class com.fasterxml.jackson.databind.deser.std.NumberDeserializers$IntegerDeserializer: loaded 3 times (x 157B)
Class com.fasterxml.jackson.core.util.ByteArrayBuilder                                : loaded 3 times (x 89B)
Class com.fasterxml.jackson.databind.introspect.AnnotatedClass                        : loaded 3 times (x 86B)
Class com.fasterxml.jackson.databind.deser.std.AtomicReferenceDeserializer            : loaded 3 times (x 169B)
Class com.fasterxml.jackson.databind.ser.std.ByteBufferSerializer                     : loaded 3 times (x 115B)
Class com.fasterxml.jackson.databind.ser.std.MapSerializer                            : loaded 3 times (x 148B)
Class com.fasterxml.jackson.databind.util.Named                                       : loaded 3 times (x 70B)
Class kotlin.jvm.internal.FunctionBase                                                : loaded 3 times (x 70B)
Class [Lcom.fasterxml.jackson.databind.introspect.AnnotatedWithParams;                : loaded 3 times (x 69B)
Class com.fasterxml.jackson.databind.cfg.ConfigOverrides                              : loaded 3 times (x 87B)
Class com.fasterxml.jackson.databind.introspect.AnnotatedConstructor                  : loaded 3 times (x 99B)
Class com.fasterxml.jackson.databind.type.ReferenceType                               : loaded 3 times (x 150B)
Class com.fasterxml.jackson.databind.cfg.CoercionInputShape                           : loaded 3 times (x 79B)
Class com.fasterxml.jackson.databind.deser.impl.BeanAsArrayDeserializer               : loaded 3 times (x 214B)
Class com.google.gson.internal.bind.CollectionTypeAdapterFactory                      : loaded 3 times (x 75B)
Class kotlin.ranges.RangesKt                                                          : loaded 3 times (x 71B)
Class com.fasterxml.jackson.core.TreeCodec                                            : loaded 3 times (x 78B)
Class com.fasterxml.jackson.databind.introspect.ConcreteBeanPropertyBase              : loaded 3 times (x 106B)
Class com.fasterxml.jackson.databind.introspect.AnnotationCollector$OneAnnotation     : loaded 3 times (x 82B)
Class com.google.gson.JsonElement                                                     : loaded 3 times (x 92B)
Class com.fasterxml.jackson.annotation.JsonView                                       : loaded 3 times (x 70B)
Class [Lcom.google.gson.ReflectionAccessFilter$FilterResult;                          : loaded 3 times (x 69B)
Class com.google.gson.internal.bind.DefaultDateTypeAdapter                            : loaded 3 times (x 74B)
Class com.google.gson.Gson$2                                                          : loaded 3 times (x 76B)
Class com.fasterxml.jackson.databind.ser.PropertyBuilder                              : loaded 3 times (x 80B)
Class org.slf4j.IMarkerFactory                                                        : loaded 3 times (x 70B)
Class [Lcom.fasterxml.jackson.databind.introspect.AnnotationMap;                      : loaded 3 times (x 69B)
Class com.fasterxml.jackson.databind.deser.std.StdScalarDeserializer                  : loaded 3 times (x 156B)
Class com.fasterxml.jackson.databind.ser.std.StdSerializer                            : loaded 3 times (x 114B)
Class com.fasterxml.jackson.databind.cfg.MutableCoercionConfig                        : loaded 3 times (x 77B)
Class com.fasterxml.jackson.databind.introspect.AnnotatedClass$Creators               : loaded 3 times (x 72B)
Class com.fasterxml.jackson.databind.type.SimpleType                                  : loaded 3 times (x 143B)
Class com.fasterxml.jackson.databind.introspect.NopAnnotationIntrospector             : loaded 3 times (x 160B)
Class com.fasterxml.jackson.databind.jsontype.DefaultBaseTypeLimitingValidator        : loaded 3 times (x 76B)
Class com.fasterxml.jackson.annotation.JsonTypeId                                     : loaded 3 times (x 70B)
Class com.google.gson.JsonPrimitive                                                   : loaded 3 times (x 93B)
Class com.google.gson.internal.sql.SqlTimestampTypeAdapter$1                          : loaded 3 times (x 75B)
Class com.fasterxml.jackson.core.json.JsonGeneratorImpl                               : loaded 3 times (x 225B)
Class com.fasterxml.jackson.databind.deser.AbstractDeserializer                       : loaded 3 times (x 104B)
Class com.fasterxml.jackson.databind.BeanProperty$Std                                 : loaded 3 times (x 108B)
Class com.google.gson.reflect.TypeToken                                               : loaded 3 times (x 75B)
Class com.fasterxml.jackson.databind.exc.ValueInstantiationException                  : loaded 3 times (x 98B)
Class com.fasterxml.jackson.databind.ser.std.BooleanSerializer                        : loaded 3 times (x 117B)
Class com.fasterxml.jackson.databind.type.TypeBindings$AsKey                          : loaded 3 times (x 72B)
Class com.fasterxml.jackson.databind.AnnotationIntrospector$ReferenceProperty         : loaded 3 times (x 76B)
Class com.google.gson.internal.Primitives                                             : loaded 3 times (x 71B)
Class com.google.gson.stream.JsonWriter                                               : loaded 3 times (x 98B)
Class com.fasterxml.jackson.databind.ser.PropertyBuilder$1                            : loaded 3 times (x 71B)
Class kotlin.text.CharsKt__CharJVMKt                                                  : loaded 3 times (x 71B)
Class com.fasterxml.jackson.databind.introspect.ClassIntrospector$MixInResolver       : loaded 3 times (x 70B)
Class [Lcom.fasterxml.jackson.databind.deser.KeyDeserializers;                        : loaded 3 times (x 69B)
Class com.fasterxml.jackson.databind.ser.std.StdScalarSerializer                      : loaded 3 times (x 114B)
Class com.fasterxml.jackson.databind.ser.impl.PropertySerializerMap$Double            : loaded 3 times (x 74B)
Class [Lcom.fasterxml.jackson.databind.ser.BeanSerializerModifier;                    : loaded 3 times (x 69B)
Class com.fasterxml.jackson.databind.ser.std.FileSerializer                           : loaded 3 times (x 115B)
Class com.fasterxml.jackson.databind.node.ContainerNode                               : loaded 3 times (x 239B)
Class com.fasterxml.jackson.databind.node.DecimalNode                                 : loaded 3 times (x 201B)
Class com.fasterxml.jackson.databind.DeserializationFeature                           : loaded 3 times (x 84B)
Class com.google.gson.LongSerializationPolicy$2                                       : loaded 3 times (x 80B)
Class kotlin.ranges.RangesKt__RangesKt                                                : loaded 3 times (x 71B)
Class kotlin.UNINITIALIZED_VALUE                                                      : loaded 3 times (x 71B)
Class com.fasterxml.jackson.core.JsonGenerator                                        : loaded 3 times (x 212B)
Class com.fasterxml.jackson.databind.BeanProperty                                     : loaded 3 times (x 70B)
Class com.fasterxml.jackson.core.async.NonBlockingInputFeeder                         : loaded 3 times (x 70B)
Class com.fasterxml.jackson.core.sym.ByteQuadsCanonicalizer$TableInfo                 : loaded 3 times (x 72B)
Class com.google.gson.LongSerializationPolicy$1                                       : loaded 3 times (x 80B)
Class [Lcom.google.gson.stream.JsonToken;                                             : loaded 3 times (x 69B)
Class kotlin.LazyKt__LazyKt                                                           : loaded 3 times (x 71B)
Class com.fasterxml.jackson.databind.util.ClassUtil$Ctor                              : loaded 3 times (x 72B)
Class com.fasterxml.jackson.databind.type.ResolvedRecursiveType                       : loaded 3 times (x 141B)
Class [Lcom.fasterxml.jackson.databind.SerializationFeature;                          : loaded 3 times (x 69B)
Class com.fasterxml.jackson.databind.ser.std.ToEmptyObjectSerializer                  : loaded 3 times (x 114B)
Class com.fasterxml.jackson.databind.introspect.AnnotationCollector$OneCollector      : loaded 3 times (x 77B)
Class com.fasterxml.jackson.databind.deser.std.FromStringDeserializer                 : loaded 3 times (x 162B)
Class com.fasterxml.jackson.databind.deser.SettableBeanProperty$Delegating            : loaded 3 times (x 143B)
Class com.fasterxml.jackson.databind.introspect.AnnotationCollector                   : loaded 3 times (x 77B)
Class com.fasterxml.jackson.databind.JsonSerializable                                 : loaded 3 times (x 70B)
Class com.fasterxml.jackson.databind.type.LogicalType                                 : loaded 3 times (x 79B)
Class com.google.gson.internal.bind.TypeAdapterRuntimeTypeWrapper                     : loaded 3 times (x 74B)
Class com.fasterxml.jackson.databind.node.NumericNode                                 : loaded 3 times (x 200B)
Class com.fasterxml.jackson.databind.deser.impl.TypeWrappedDeserializer               : loaded 3 times (x 98B)
Class com.fasterxml.jackson.databind.deser.ContextualDeserializer                     : loaded 3 times (x 70B)
Class com.fasterxml.jackson.databind.deser.ValueInstantiators                         : loaded 3 times (x 70B)
Class com.fasterxml.jackson.databind.ser.std.NumberSerializers$ShortSerializer        : loaded 3 times (x 119B)
Class com.fasterxml.jackson.core.util.JacksonFeatureSet                               : loaded 3 times (x 71B)
Class com.fasterxml.jackson.databind.introspect.AnnotatedMethodCollector              : loaded 3 times (x 75B)
Class com.google.gson.JsonIOException                                                 : loaded 3 times (x 82B)
Class com.google.gson.internal.reflect.ReflectionHelper$RecordNotSupportedHelper      : loaded 3 times (x 78B)
Class com.fasterxml.jackson.databind.deser.std.FromStringDeserializer$StringBuilderDeserializer: loaded 3 times (x 162B)
Class com.fasterxml.jackson.databind.util.LinkedNode                                  : loaded 3 times (x 72B)
Class com.fasterxml.jackson.core.JsonParseException                                   : loaded 3 times (x 94B)
Class com.fasterxml.jackson.databind.ser.std.NumberSerializer$BigDecimalAsStringSerializer: loaded 3 times (x 115B)
Class com.fasterxml.jackson.databind.ser.std.EnumSetSerializer                        : loaded 3 times (x 132B)
Class com.fasterxml.jackson.databind.ser.std.StaticListSerializerBase                 : loaded 3 times (x 123B)
Class com.fasterxml.jackson.databind.cfg.JsonNodeFeature                              : loaded 3 times (x 87B)
Class kotlin.SynchronizedLazyImpl                                                     : loaded 3 times (x 76B)
Class com.fasterxml.jackson.databind.type.TypeFactory                                 : loaded 3 times (x 135B)
Class com.fasterxml.jackson.core.TreeNode                                             : loaded 3 times (x 70B)
Class kotlin.collections.EmptyIterator                                                : loaded 3 times (x 89B)
Class org.slf4j.LoggerFactory                                                         : loaded 3 times (x 71B)
Class com.fasterxml.jackson.core.io.SegmentedStringWriter                             : loaded 3 times (x 102B)
Class com.fasterxml.jackson.databind.type.MapType                                     : loaded 3 times (x 148B)
Class com.fasterxml.jackson.databind.type.TypeBindings$TypeParamStash                 : loaded 3 times (x 71B)
Class com.fasterxml.jackson.databind.introspect.AnnotatedFieldCollector               : loaded 3 times (x 74B)
Class com.fasterxml.jackson.databind.introspect.TypeResolutionContext$Basic           : loaded 3 times (x 76B)
Class com.google.gson.ReflectionAccessFilter$FilterResult                             : loaded 3 times (x 79B)
Class com.fasterxml.jackson.databind.introspect.POJOPropertyBuilder$Linked            : loaded 3 times (x 72B)
Class com.fasterxml.jackson.databind.deser.std.NumberDeserializers$ByteDeserializer   : loaded 3 times (x 159B)
Class com.google.gson.internal.bind.ReflectiveTypeAdapterFactory$RecordAdapter        : loaded 3 times (x 77B)
Class com.google.gson.Gson$5                                                          : loaded 3 times (x 76B)
Class [Lcom.fasterxml.jackson.annotation.JsonInclude$Value;                           : loaded 3 times (x 69B)
Class com.fasterxml.jackson.core.JsonParser$Feature                                   : loaded 3 times (x 79B)
Class com.fasterxml.jackson.databind.deser.ValueInstantiator$Base                     : loaded 3 times (x 108B)
Class com.fasterxml.jackson.databind.cfg.DeserializerFactoryConfig                    : loaded 3 times (x 87B)
Class com.fasterxml.jackson.databind.introspect.VisibilityChecker$Std                 : loaded 3 times (x 122B)
Class com.fasterxml.jackson.databind.introspect.AnnotatedClassResolver                : loaded 3 times (x 74B)
Class com.fasterxml.jackson.core.sym.ByteQuadsCanonicalizer                           : loaded 3 times (x 72B)
Class com.fasterxml.jackson.core.JsonStreamContext                                    : loaded 3 times (x 83B)
Class com.fasterxml.jackson.core.json.async.NonBlockingByteBufferJsonParser           : loaded 3 times (x 311B)
Class com.fasterxml.jackson.databind.introspect.CollectorBase                         : loaded 3 times (x 72B)
Class com.fasterxml.jackson.core.ObjectCodec                                          : loaded 3 times (x 92B)
Class com.fasterxml.jackson.annotation.JsonKey                                        : loaded 3 times (x 70B)
Class com.fasterxml.jackson.databind.annotation.JsonNaming                            : loaded 3 times (x 70B)
Class com.fasterxml.jackson.annotation.JsonManagedReference                           : loaded 3 times (x 70B)
Class [Lcom.fasterxml.jackson.databind.util.ClassUtil$Ctor;                           : loaded 3 times (x 69B)
Class com.fasterxml.jackson.core.Base64Variant                                        : loaded 3 times (x 72B)
Class com.fasterxml.jackson.core.TSFBuilder                                           : loaded 3 times (x 113B)
Class com.fasterxml.jackson.databind.introspect.AnnotationCollector$NoAnnotations     : loaded 3 times (x 81B)
Class com.fasterxml.jackson.databind.ser.BeanSerializer                               : loaded 3 times (x 133B)
Class com.google.gson.internal.bind.MapTypeAdapterFactory$Adapter                     : loaded 3 times (x 74B)
Class com.google.gson.internal.sql.SqlTimeTypeAdapter$1                               : loaded 3 times (x 75B)
Class com.fasterxml.jackson.annotation.JsonIdentityInfo                               : loaded 3 times (x 70B)
Class com.fasterxml.jackson.databind.deser.std.AtomicBooleanDeserializer              : loaded 3 times (x 157B)
Class com.google.gson.internal.sql.SqlDateTypeAdapter                                 : loaded 3 times (x 74B)
Class com.fasterxml.jackson.annotation.JacksonAnnotationValue                         : loaded 3 times (x 70B)
Class [Lcom.fasterxml.jackson.databind.cfg.EnumFeature;                               : loaded 3 times (x 69B)
Class com.fasterxml.jackson.databind.ser.std.ClassSerializer                          : loaded 3 times (x 115B)
Class com.fasterxml.jackson.annotation.JsonSetter                                     : loaded 3 times (x 70B)
Class com.fasterxml.jackson.databind.util.internal.PrivateMaxEntriesMap               : loaded 3 times (x 148B)
Class com.fasterxml.jackson.databind.ObjectWriter                                     : loaded 3 times (x 166B)
Class com.fasterxml.jackson.databind.deser.std.NumberDeserializers$LongDeserializer   : loaded 3 times (x 157B)
Class com.fasterxml.jackson.databind.exc.IgnoredPropertyException                     : loaded 3 times (x 102B)
Class com.fasterxml.jackson.core.sym.CharsToNameCanonicalizer                         : loaded 3 times (x 72B)
Class com.fasterxml.jackson.databind.deser.std.NullifyingDeserializer                 : loaded 3 times (x 156B)
Class com.fasterxml.jackson.databind.util.internal.PrivateMaxEntriesMap$WriteThroughEntry: loaded 3 times (x 82B)
Class com.fasterxml.jackson.databind.cfg.MapperConfigBase                             : loaded 3 times (x 134B)
Class com.fasterxml.jackson.databind.deser.UnresolvedForwardReference                 : loaded 3 times (x 103B)
Class com.fasterxml.jackson.databind.node.JsonNodeCreator                             : loaded 3 times (x 70B)
Class [Lcom.fasterxml.jackson.core.JsonFactory$Feature;                               : loaded 3 times (x 69B)
Class com.fasterxml.jackson.databind.deser.std.EnumMapDeserializer                    : loaded 3 times (x 174B)
Class com.fasterxml.jackson.databind.deser.std.StringDeserializer                     : loaded 3 times (x 158B)
Class com.fasterxml.jackson.databind.util.internal.PrivateMaxEntriesMap$EntryIterator : loaded 3 times (x 79B)
Class com.fasterxml.jackson.core.json.ReaderBasedJsonParser                           : loaded 3 times (x 280B)
Class com.fasterxml.jackson.databind.deser.std.ContainerDeserializerBase              : loaded 3 times (x 161B)
Class com.fasterxml.jackson.annotation.ObjectIdGenerators$Base                        : loaded 3 times (x 80B)
Class com.fasterxml.jackson.databind.ser.impl.IndexedListSerializer                   : loaded 3 times (x 127B)
Class [Lcom.fasterxml.jackson.databind.ser.impl.ReadOnlyClassToSerializerMap$Bucket;  : loaded 3 times (x 69B)
Class com.fasterxml.jackson.core.JacksonException                                     : loaded 3 times (x 85B)
Class kotlin.text.CharsKt                                                             : loaded 3 times (x 71B)
Class com.fasterxml.jackson.databind.ser.DefaultSerializerProvider                    : loaded 3 times (x 163B)
Class com.fasterxml.jackson.core.type.ResolvedType                                    : loaded 3 times (x 94B)
Class com.fasterxml.jackson.core.json.UTF8DataInputJsonParser                         : loaded 3 times (x 278B)
Class com.fasterxml.jackson.core.util.DefaultPrettyPrinter$FixedSpaceIndenter         : loaded 3 times (x 77B)
Class com.fasterxml.jackson.databind.jsonFormatVisitors.JsonFormatVisitable           : loaded 3 times (x 70B)
Class com.fasterxml.jackson.annotation.JsonPropertyOrder                              : loaded 3 times (x 70B)
Class com.fasterxml.jackson.databind.ser.impl.StringCollectionSerializer              : loaded 3 times (x 124B)
Class com.fasterxml.jackson.databind.ser.ContainerSerializer                          : loaded 3 times (x 120B)
Class com.fasterxml.jackson.core.JsonGenerator$Feature                                : loaded 3 times (x 79B)
Class com.fasterxml.jackson.annotation.ObjectIdGenerators$PropertyGenerator           : loaded 3 times (x 80B)
Class com.fasterxml.jackson.databind.introspect.BeanPropertyDefinition                : loaded 3 times (x 109B)
Class com.fasterxml.jackson.databind.jsontype.TypeResolverBuilder                     : loaded 3 times (x 70B)
Class com.fasterxml.jackson.databind.SerializerProvider                               : loaded 3 times (x 149B)
Class com.google.gson.JsonParseException                                              : loaded 3 times (x 82B)
Class org.slf4j.spi.MDCAdapter                                                        : loaded 3 times (x 70B)
Class org.slf4j.helpers.SubstituteLoggerFactory                                       : loaded 3 times (x 81B)
Class com.fasterxml.jackson.core.io.DataOutputAsStream                                : loaded 3 times (x 86B)
Class com.fasterxml.jackson.core.exc.StreamConstraintsException                       : loaded 3 times (x 87B)
Class com.google.gson.internal.bind.DefaultDateTypeAdapter$DateType                   : loaded 3 times (x 73B)
Class [Lcom.fasterxml.jackson.databind.DeserializationFeature;                        : loaded 3 times (x 69B)
Class [Lcom.fasterxml.jackson.databind.deser.ValueInstantiators;                      : loaded 3 times (x 69B)
Class com.fasterxml.jackson.databind.ser.impl.ReadOnlyClassToSerializerMap            : loaded 3 times (x 72B)
Class com.fasterxml.jackson.databind.deser.std.NumberDeserializers$DoubleDeserializer : loaded 3 times (x 159B)
Class com.google.gson.internal.bind.TypeAdapters$9                                    : loaded 3 times (x 75B)
Class com.fasterxml.jackson.annotation.JsonIgnoreProperties                           : loaded 3 times (x 70B)
Class com.fasterxml.jackson.databind.type.CollectionType                              : loaded 3 times (x 145B)
Class com.fasterxml.jackson.databind.ser.PropertyWriter                               : loaded 3 times (x 112B)
Class com.fasterxml.jackson.databind.util.AccessPattern                               : loaded 3 times (x 79B)
Class com.fasterxml.jackson.databind.deser.impl.FailingDeserializer                   : loaded 3 times (x 156B)
Class com.fasterxml.jackson.databind.ser.BeanPropertyWriter                           : loaded 3 times (x 141B)
Class com.fasterxml.jackson.databind.util.internal.Linked                             : loaded 3 times (x 70B)
Class com.fasterxml.jackson.core.sym.CharsToNameCanonicalizer$TableInfo               : loaded 3 times (x 72B)
Class [Lcom.fasterxml.jackson.annotation.JsonFormat$Shape;                            : loaded 3 times (x 69B)
Class com.fasterxml.jackson.databind.node.POJONode                                    : loaded 3 times (x 202B)
Class com.fasterxml.jackson.databind.deser.std.EnumDeserializer                       : loaded 3 times (x 170B)
Class com.fasterxml.jackson.annotation.JsonCreator                                    : loaded 3 times (x 70B)
Class com.fasterxml.jackson.databind.MappingJsonFactory                               : loaded 3 times (x 174B)
Class com.fasterxml.jackson.core.JsonFactory                                          : loaded 3 times (x 174B)
Class com.fasterxml.jackson.databind.ser.impl.PropertySerializerMap$Empty             : loaded 3 times (x 73B)
Class com.fasterxml.jackson.databind.deser.impl.NullsConstantProvider                 : loaded 3 times (x 80B)
Class com.fasterxml.jackson.databind.deser.impl.ManagedReferenceProperty              : loaded 3 times (x 144B)
Class com.fasterxml.jackson.databind.deser.std.NumberDeserializers$FloatDeserializer  : loaded 3 times (x 158B)
Class com.google.gson.internal.bind.TypeAdapters$8                                    : loaded 3 times (x 75B)
Class com.google.gson.internal.bind.CollectionTypeAdapterFactory$Adapter              : loaded 3 times (x 74B)
Class com.fasterxml.jackson.core.Versioned                                            : loaded 3 times (x 70B)
Class com.fasterxml.jackson.core.Base64Variants                                       : loaded 3 times (x 71B)
Class com.fasterxml.jackson.core.util.DefaultPrettyPrinter                            : loaded 3 times (x 109B)
Class com.google.gson.internal.bind.ReflectiveTypeAdapterFactory$1                    : loaded 3 times (x 74B)
Class com.fasterxml.jackson.databind.ser.Serializers                                  : loaded 3 times (x 70B)
Class com.fasterxml.jackson.databind.ser.impl.PropertySerializerMap$SerializerAndMapResult: loaded 3 times (x 72B)
Class [Lcom.fasterxml.jackson.annotation.JsonFormat$Feature;                          : loaded 3 times (x 69B)
Class com.fasterxml.jackson.databind.deser.impl.JDKValueInstantiators$LinkedHashMapInstantiator: loaded 3 times (x 108B)
Class com.fasterxml.jackson.core.JsonLocation                                         : loaded 3 times (x 81B)
Class com.fasterxml.jackson.databind.ser.impl.PropertySerializerMap                   : loaded 3 times (x 73B)
Class com.fasterxml.jackson.databind.ser.BeanSerializerBuilder                        : loaded 3 times (x 90B)
Class com.fasterxml.jackson.databind.introspect.POJOPropertyBuilder                   : loaded 3 times (x 148B)
Class com.fasterxml.jackson.core.io.IOContext                                         : loaded 3 times (x 105B)
Class com.fasterxml.jackson.databind.ser.ContextualSerializer                         : loaded 3 times (x 70B)
Class com.google.gson.internal.bind.TypeAdapters$7                                    : loaded 3 times (x 75B)
Class com.fasterxml.jackson.databind.util.internal.PrivateMaxEntriesMap$DrainStatus$1 : loaded 3 times (x 80B)
Class com.google.gson.annotations.SerializedName                                      : loaded 3 times (x 70B)
Class com.fasterxml.jackson.databind.jsontype.SubtypeResolver                         : loaded 3 times (x 81B)
Class com.fasterxml.jackson.databind.deser.impl.PropertyBasedObjectIdGenerator        : loaded 3 times (x 80B)
Class com.fasterxml.jackson.databind.ser.std.StringSerializer                         : loaded 3 times (x 114B)
Class com.fasterxml.jackson.annotation.JsonFilter                                     : loaded 3 times (x 70B)
Class com.fasterxml.jackson.databind.introspect.AnnotationCollector$NCollector        : loaded 3 times (x 77B)
Class com.google.gson.internal.bind.TypeAdapters$6                                    : loaded 3 times (x 75B)
Class com.google.gson.internal.bind.TypeAdapters$19                                   : loaded 3 times (x 75B)
Class com.google.gson.internal.bind.ReflectiveTypeAdapterFactory$FieldReflectionAdapter: loaded 3 times (x 77B)
Class com.fasterxml.jackson.databind.introspect.POJOPropertyBuilder$WithMember        : loaded 3 times (x 70B)
Class com.fasterxml.jackson.annotation.JsonAnySetter                                  : loaded 3 times (x 70B)
Class com.fasterxml.jackson.core.base.ParserBase                                      : loaded 3 times (x 263B)
Class [Lcom.fasterxml.jackson.databind.type.LogicalType;                              : loaded 3 times (x 69B)
Class com.fasterxml.jackson.databind.deser.impl.MethodProperty                        : loaded 3 times (x 141B)
Class com.fasterxml.jackson.databind.ser.BeanSerializerModifier                       : loaded 3 times (x 82B)
Class com.fasterxml.jackson.annotation.JsonAutoDetect$1                               : loaded 3 times (x 71B)
Class com.fasterxml.jackson.databind.introspect.POJOPropertyBuilder$6                 : loaded 3 times (x 71B)
Class com.google.gson.internal.bind.TypeAdapters$5                                    : loaded 3 times (x 75B)
Class com.fasterxml.jackson.databind.ser.std.NumberSerializers$Base                   : loaded 3 times (x 119B)
Class com.fasterxml.jackson.databind.node.BigIntegerNode                              : loaded 3 times (x 201B)
Class com.google.gson.internal.bind.TypeAdapters$18                                   : loaded 3 times (x 75B)
Class com.fasterxml.jackson.databind.util.internal.PrivateMaxEntriesMap$DrainStatus$2 : loaded 3 times (x 80B)
Class com.fasterxml.jackson.core.JsonProcessingException                              : loaded 3 times (x 87B)
Class com.google.gson.internal.bind.SerializationDelegatingTypeAdapter                : loaded 3 times (x 74B)
Class com.google.gson.annotations.JsonAdapter                                         : loaded 3 times (x 70B)
Class org.slf4j.helpers.NOPLoggerFactory                                              : loaded 3 times (x 75B)
Class org.slf4j.spi.LoggingEventBuilder                                               : loaded 3 times (x 70B)
Class com.fasterxml.jackson.databind.deser.DefaultDeserializationContext$Impl         : loaded 3 times (x 176B)
Class com.fasterxml.jackson.databind.node.TreeTraversingParser                        : loaded 3 times (x 224B)
Class com.fasterxml.jackson.databind.deser.std.StdDeserializer                        : loaded 3 times (x 156B)
Class com.fasterxml.jackson.databind.util.internal.PrivateMaxEntriesMap$Node          : loaded 3 times (x 78B)
Class [Lcom.fasterxml.jackson.annotation.PropertyAccessor;                            : loaded 3 times (x 69B)
Class com.fasterxml.jackson.databind.introspect.POJOPropertyBuilder$5                 : loaded 3 times (x 77B)
Class com.fasterxml.jackson.databind.deser.BuilderBasedDeserializer                   : loaded 3 times (x 219B)
Class com.google.gson.internal.bind.TypeAdapters$4                                    : loaded 3 times (x 75B)
Class com.google.gson.internal.bind.TypeAdapters$17                                   : loaded 3 times (x 75B)
Class com.google.gson.TypeAdapter                                                     : loaded 3 times (x 73B)
Class com.google.gson.ToNumberStrategy                                                : loaded 3 times (x 70B)
Class [Lcom.fasterxml.jackson.databind.ser.PropertyWriter;                            : loaded 3 times (x 69B)
Class kotlin.LazyKt__LazyJVMKt                                                        : loaded 3 times (x 71B)
Class org.slf4j.helpers.NOPMDCAdapter                                                 : loaded 3 times (x 93B)
Class com.fasterxml.jackson.databind.introspect.DefaultAccessorNamingStrategy$Provider: loaded 3 times (x 81B)
Class com.fasterxml.jackson.core.util.JacksonFeature                                  : loaded 3 times (x 70B)
Class com.fasterxml.jackson.databind.cfg.MapperConfig                                 : loaded 3 times (x 119B)
Class [Lcom.fasterxml.jackson.annotation.JacksonAnnotationValue;                      : loaded 3 times (x 69B)
Class com.fasterxml.jackson.databind.ser.std.IterableSerializer                       : loaded 3 times (x 131B)
Class com.fasterxml.jackson.core.exc.StreamReadException                              : loaded 3 times (x 92B)
Class com.fasterxml.jackson.core.StreamWriteCapability                                : loaded 3 times (x 84B)
Class com.fasterxml.jackson.databind.annotation.JsonTypeResolver                      : loaded 3 times (x 70B)
Class com.fasterxml.jackson.core.JsonToken                                            : loaded 3 times (x 80B)
Class [Lcom.fasterxml.jackson.core.StreamWriteCapability;                             : loaded 3 times (x 69B)
Class com.fasterxml.jackson.core.io.CharTypes                                         : loaded 3 times (x 71B)
Class com.fasterxml.jackson.core.io.SerializedString                                  : loaded 3 times (x 96B)
Class com.fasterxml.jackson.core.base.GeneratorBase                                   : loaded 3 times (x 222B)
Class com.fasterxml.jackson.databind.ext.NioPathDeserializer                          : loaded 3 times (x 157B)
Class com.fasterxml.jackson.databind.util.internal.PrivateMaxEntriesMap$DrainStatus$3 : loaded 3 times (x 80B)
Class [Lcom.fasterxml.jackson.databind.util.Named;                                    : loaded 3 times (x 69B)
Class com.fasterxml.jackson.databind.introspect.POJOPropertyBuilder$4                 : loaded 3 times (x 77B)
Class com.google.gson.internal.bind.TypeAdapters$3                                    : loaded 3 times (x 75B)
Class com.google.gson.internal.bind.TypeAdapters$16                                   : loaded 3 times (x 75B)
Class com.google.gson.internal.sql.SqlTypesSupport$2                                  : loaded 3 times (x 74B)
Class com.fasterxml.jackson.databind.ObjectMapper                                     : loaded 3 times (x 336B)
Class com.fasterxml.jackson.databind.ser.impl.ReadOnlyClassToSerializerMap$Bucket     : loaded 3 times (x 72B)
Class com.fasterxml.jackson.databind.util.StdDateFormat                               : loaded 3 times (x 108B)
Class com.fasterxml.jackson.databind.deser.std.StdKeyDeserializers                    : loaded 3 times (x 75B)
Class com.fasterxml.jackson.databind.introspect.MemberKey                             : loaded 3 times (x 72B)
Class com.fasterxml.jackson.databind.annotation.JsonValueInstantiator                 : loaded 3 times (x 70B)
Class com.fasterxml.jackson.databind.introspect.POJOPropertyBuilder$3                 : loaded 3 times (x 77B)
Class com.fasterxml.jackson.databind.deser.impl.BeanPropertyMap                       : loaded 3 times (x 98B)
Class com.google.gson.internal.bind.TypeAdapters$15                                   : loaded 3 times (x 75B)
Class com.fasterxml.jackson.databind.ext.NioPathSerializer                            : loaded 3 times (x 116B)
Class com.fasterxml.jackson.databind.cfg.ConstructorDetector                          : loaded 3 times (x 72B)
Class com.fasterxml.jackson.annotation.PropertyAccessor                               : loaded 3 times (x 79B)
Class com.google.gson.internal.bind.TypeAdapters$2                                    : loaded 3 times (x 75B)
Class com.fasterxml.jackson.databind.deser.KeyDeserializers                           : loaded 3 times (x 70B)
Class com.google.gson.internal.sql.SqlTypesSupport$1                                  : loaded 3 times (x 74B)
Class com.fasterxml.jackson.databind.ser.std.TokenBufferSerializer                    : loaded 3 times (x 115B)
Class com.fasterxml.jackson.core.JsonParser                                           : loaded 3 times (x 199B)
Class com.fasterxml.jackson.databind.introspect.Annotated                             : loaded 3 times (x 82B)
Class com.fasterxml.jackson.databind.exc.UnrecognizedPropertyException                : loaded 3 times (x 102B)
Class com.fasterxml.jackson.databind.ser.std.NumberSerializers$LongSerializer         : loaded 3 times (x 119B)
Class com.fasterxml.jackson.annotation.JsonGetter                                     : loaded 3 times (x 70B)
Class com.fasterxml.jackson.databind.ser.std.StdJdkSerializers$AtomicIntegerSerializer: loaded 3 times (x 115B)
Class com.fasterxml.jackson.databind.introspect.POJOPropertyBuilder$2                 : loaded 3 times (x 77B)
Class com.google.gson.internal.bind.TypeAdapters$14                                   : loaded 3 times (x 75B)
Class com.google.gson.internal.bind.TypeAdapters$1                                    : loaded 3 times (x 75B)
Class com.google.gson.internal.bind.NumberTypeAdapter$1                               : loaded 3 times (x 76B)
Class com.fasterxml.jackson.databind.KeyDeserializer                                  : loaded 3 times (x 72B)
Class com.fasterxml.jackson.databind.ser.DefaultSerializerProvider$Impl               : loaded 3 times (x 163B)
Class [Lcom.fasterxml.jackson.annotation.JsonInclude$Include;                         : loaded 3 times (x 69B)
Class com.fasterxml.jackson.databind.cfg.CoercionConfig                               : loaded 3 times (x 74B)
Class com.fasterxml.jackson.databind.ser.impl.FailingSerializer                       : loaded 3 times (x 114B)
Class com.fasterxml.jackson.databind.ser.std.SerializableSerializer                   : loaded 3 times (x 116B)
Class com.fasterxml.jackson.databind.ser.std.NumberSerializers                        : loaded 3 times (x 71B)
Class com.fasterxml.jackson.databind.deser.std.StdKeyDeserializer                     : loaded 3 times (x 79B)
Class com.fasterxml.jackson.databind.exc.InvalidTypeIdException                       : loaded 3 times (x 101B)
Class com.fasterxml.jackson.core.JsonFactoryBuilder                                   : loaded 3 times (x 133B)
Class com.fasterxml.jackson.databind.util.TokenBuffer                                 : loaded 3 times (x 227B)
Class com.fasterxml.jackson.core.JsonParser$NumberType                                : loaded 3 times (x 79B)
Class com.fasterxml.jackson.databind.cfg.SerializerFactoryConfig                      : loaded 3 times (x 72B)
Class com.fasterxml.jackson.databind.introspect.POJOPropertyBuilder$1                 : loaded 3 times (x 77B)
Class com.google.gson.internal.bind.TypeAdapters$13                                   : loaded 3 times (x 75B)
Class com.fasterxml.jackson.databind.introspect.AnnotatedParameter                    : loaded 3 times (x 92B)
Class com.google.gson.internal.ObjectConstructor                                      : loaded 3 times (x 70B)
Class org.slf4j.event.LoggingEvent                                                    : loaded 3 times (x 70B)
Class com.fasterxml.jackson.core.TokenStreamFactory                                   : loaded 3 times (x 119B)
Class com.fasterxml.jackson.databind.type.TypeBase                                    : loaded 3 times (x 139B)
Class com.fasterxml.jackson.core.async.ByteBufferFeeder                               : loaded 3 times (x 70B)
Class com.fasterxml.jackson.databind.deser.impl.CreatorCollector                      : loaded 3 times (x 89B)
Class com.fasterxml.jackson.annotation.JsonIncludeProperties$Value                    : loaded 3 times (x 78B)
Class com.fasterxml.jackson.annotation.JsonIgnore                                     : loaded 3 times (x 70B)
Class com.fasterxml.jackson.databind.ser.impl.IndexedStringListSerializer             : loaded 3 times (x 123B)
Class com.fasterxml.jackson.databind.ser.impl.StringArraySerializer                   : loaded 3 times (x 129B)
Class com.fasterxml.jackson.annotation.JsonBackReference                              : loaded 3 times (x 70B)
Class com.fasterxml.jackson.databind.ser.std.ObjectArraySerializer                    : loaded 3 times (x 133B)
Class com.fasterxml.jackson.core.exc.InputCoercionException                           : loaded 3 times (x 96B)
Class com.fasterxml.jackson.annotation.JacksonAnnotationsInside                       : loaded 3 times (x 70B)
Class [Lcom.google.gson.ToNumberStrategy;                                             : loaded 3 times (x 69B)
Class com.google.gson.internal.bind.TypeAdapters$12                                   : loaded 3 times (x 75B)
Class com.fasterxml.jackson.annotation.JsonFormat$Features                            : loaded 3 times (x 75B)
Class com.fasterxml.jackson.databind.JsonSerializable$Base                            : loaded 3 times (x 78B)
Class com.fasterxml.jackson.databind.ser.BeanSerializerFactory                        : loaded 3 times (x 128B)
Class com.fasterxml.jackson.core.util.Separators                                      : loaded 3 times (x 90B)
Class com.fasterxml.jackson.databind.introspect.AnnotationMap                         : loaded 3 times (x 78B)
Class com.fasterxml.jackson.databind.util.BeanUtil                                    : loaded 3 times (x 71B)
Class [Lcom.google.gson.FieldNamingPolicy;                                            : loaded 3 times (x 69B)
Class com.google.gson.internal.bind.TypeAdapters$11                                   : loaded 3 times (x 75B)
Class com.fasterxml.jackson.databind.introspect.AnnotatedWithParams                   : loaded 3 times (x 99B)
Class [Lcom.fasterxml.jackson.annotation.JsonProperty$Access;                         : loaded 3 times (x 69B)
Class com.fasterxml.jackson.databind.ser.impl.UnwrappingBeanPropertyWriter            : loaded 3 times (x 143B)
Class com.google.gson.internal.bind.TypeAdapters$10                                   : loaded 3 times (x 75B)
Class com.google.gson.internal.bind.ReflectiveTypeAdapterFactory$Adapter              : loaded 3 times (x 77B)
Class com.google.gson.internal.LinkedTreeMap$LinkedTreeMapIterator                    : loaded 3 times (x 80B)
Class [Lcom.fasterxml.jackson.annotation.JsonCreator$Mode;                            : loaded 3 times (x 69B)
Class com.fasterxml.jackson.annotation.JsonValue                                      : loaded 3 times (x 70B)
Class com.fasterxml.jackson.databind.JsonNode                                         : loaded 3 times (x 190B)
Class com.fasterxml.jackson.databind.deser.BeanDeserializerBase                       : loaded 3 times (x 212B)
Class com.fasterxml.jackson.databind.deser.impl.UnsupportedTypeDeserializer           : loaded 3 times (x 156B)
Class com.fasterxml.jackson.databind.node.ValueNode                                   : loaded 3 times (x 199B)
Class org.slf4j.ILoggerFactory                                                        : loaded 3 times (x 70B)
Class com.fasterxml.jackson.databind.deser.DeserializerFactory                        : loaded 3 times (x 91B)
Class com.fasterxml.jackson.core.io.UTF8Writer                                        : loaded 3 times (x 100B)
Class [Lcom.fasterxml.jackson.annotation.JsonAutoDetect$Visibility;                   : loaded 3 times (x 69B)
Class [Lcom.fasterxml.jackson.core.JsonParser$NumberType;                             : loaded 3 times (x 69B)
Class com.fasterxml.jackson.databind.type.ClassStack                                  : loaded 3 times (x 72B)
Class com.fasterxml.jackson.databind.exc.PropertyBindingException                     : loaded 3 times (x 102B)
Class [Lcom.fasterxml.jackson.databind.introspect.AnnotatedMember;                    : loaded 3 times (x 69B)
Class com.google.gson.internal.sql.SqlDateTypeAdapter$1                               : loaded 3 times (x 75B)
Class com.fasterxml.jackson.databind.Module$SetupContext                              : loaded 3 times (x 70B)
Class com.google.gson.internal.bind.ObjectTypeAdapter$1                               : loaded 3 times (x 76B)
Class org.slf4j.Marker                                                                : loaded 3 times (x 70B)
Class com.google.gson.internal.LinkedTreeMap                                          : loaded 3 times (x 123B)
Class com.google.gson.stream.JsonReader$1                                             : loaded 3 times (x 72B)
Class com.fasterxml.jackson.databind.deser.DefaultDeserializationContext              : loaded 3 times (x 176B)
Class com.fasterxml.jackson.databind.deser.BasicDeserializerFactory                   : loaded 3 times (x 121B)
Class com.fasterxml.jackson.databind.ser.std.TimeZoneSerializer                       : loaded 3 times (x 116B)
Class com.fasterxml.jackson.databind.ser.std.BeanSerializerBase                       : loaded 3 times (x 133B)
Class com.google.gson.internal.sql.SqlTimestampTypeAdapter                            : loaded 3 times (x 76B)
Class com.fasterxml.jackson.databind.deser.impl.CreatorCandidate                      : loaded 3 times (x 72B)
Class com.fasterxml.jackson.core.util.InternCache                                     : loaded 3 times (x 187B)
Class com.fasterxml.jackson.databind.deser.SettableBeanProperty                       : loaded 3 times (x 140B)
Class com.fasterxml.jackson.databind.cfg.ContextAttributes$Impl                       : loaded 3 times (x 78B)
Class com.fasterxml.jackson.databind.introspect.SimpleMixInResolver                   : loaded 3 times (x 85B)
Class com.fasterxml.jackson.databind.introspect.AnnotatedMethod                       : loaded 3 times (x 99B)
Class com.google.gson.internal.bind.ReflectiveTypeAdapterFactory                      : loaded 3 times (x 75B)
Class org.slf4j.helpers.ThreadLocalMapOfStacks                                        : loaded 3 times (x 76B)
Class [Lcom.fasterxml.jackson.databind.cfg.CoercionInputShape;                        : loaded 3 times (x 69B)
Class com.fasterxml.jackson.databind.exc.InvalidFormatException                       : loaded 3 times (x 100B)
Class com.fasterxml.jackson.databind.deser.impl.ReadableObjectId$Referring            : loaded 3 times (x 76B)
Class com.fasterxml.jackson.databind.annotation.JsonAppend                            : loaded 3 times (x 70B)
Class com.google.gson.internal.JsonReaderInternalAccess                               : loaded 3 times (x 72B)
Class com.fasterxml.jackson.databind.introspect.AnnotationCollector$EmptyCollector    : loaded 3 times (x 77B)
Class org.slf4j.Logger                                                                : loaded 3 times (x 70B)
Class com.fasterxml.jackson.annotation.JsonMerge                                      : loaded 3 times (x 70B)
Class com.fasterxml.jackson.databind.jsontype.impl.SubTypeValidator                   : loaded 3 times (x 73B)
Class com.google.gson.internal.LinkedTreeMap$1                                        : loaded 3 times (x 91B)
Class com.fasterxml.jackson.core.util.DefaultPrettyPrinter$NopIndenter                : loaded 3 times (x 77B)
Class com.fasterxml.jackson.databind.ser.std.CollectionSerializer                     : loaded 3 times (x 132B)
Class com.fasterxml.jackson.annotation.JsonPropertyDescription                        : loaded 3 times (x 70B)
Class com.fasterxml.jackson.databind.introspect.MethodGenericTypeResolver             : loaded 3 times (x 71B)
Class com.google.gson.internal.bind.JsonTreeWriter                                    : loaded 3 times (x 98B)
Class com.google.gson.internal.bind.ArrayTypeAdapter$1                                : loaded 3 times (x 75B)
Class com.fasterxml.jackson.databind.deser.std.ByteBufferDeserializer                 : loaded 3 times (x 158B)
Class com.fasterxml.jackson.annotation.JsonProperty$Access                            : loaded 3 times (x 79B)
Class com.google.gson.Gson$FutureTypeAdapter                                          : loaded 3 times (x 76B)
Class com.fasterxml.jackson.annotation.JsonRawValue                                   : loaded 3 times (x 70B)
Class com.fasterxml.jackson.databind.introspect.AnnotatedMember                       : loaded 3 times (x 91B)
Class com.fasterxml.jackson.databind.introspect.JacksonAnnotationIntrospector         : loaded 3 times (x 174B)
Class com.fasterxml.jackson.databind.ser.BasicSerializerFactory                       : loaded 3 times (x 106B)
Class com.fasterxml.jackson.databind.util.SimpleBeanPropertyDefinition                : loaded 3 times (x 112B)
Class com.fasterxml.jackson.annotation.JsonFormat$Value                               : loaded 3 times (x 97B)
Class com.fasterxml.jackson.databind.cfg.ConfigFeature                                : loaded 3 times (x 70B)
Class com.fasterxml.jackson.databind.node.LongNode                                    : loaded 3 times (x 200B)
Class [Lcom.fasterxml.jackson.databind.deser.impl.CreatorCandidate$Param;             : loaded 3 times (x 69B)
Class [Lcom.google.gson.ToNumberPolicy;                                               : loaded 3 times (x 69B)
Class com.google.gson.ToNumberPolicy                                                  : loaded 3 times (x 83B)
Class org.slf4j.spi.SLF4JServiceProvider                                              : loaded 3 times (x 70B)
Class com.fasterxml.jackson.databind.jsontype.PolymorphicTypeValidator$Base           : loaded 3 times (x 74B)
Class com.fasterxml.jackson.databind.deser.BeanDeserializer$BeanReferring             : loaded 3 times (x 77B)
Class com.fasterxml.jackson.databind.type.ArrayType                                   : loaded 3 times (x 139B)
Class com.fasterxml.jackson.databind.deser.impl.JDKValueInstantiators                 : loaded 3 times (x 71B)
Class com.fasterxml.jackson.databind.deser.std.AtomicIntegerDeserializer              : loaded 3 times (x 157B)
Class com.fasterxml.jackson.databind.util.LRUMap                                      : loaded 3 times (x 89B)
Class com.fasterxml.jackson.databind.deser.BeanDeserializer                           : loaded 3 times (x 223B)
Class com.fasterxml.jackson.databind.ext.Java7Handlers                                : loaded 3 times (x 74B)
Class com.fasterxml.jackson.core.json.async.NonBlockingJsonParserBase                 : loaded 3 times (x 269B)
Class com.fasterxml.jackson.databind.deser.impl.ObjectIdReferenceProperty             : loaded 3 times (x 140B)
Class com.fasterxml.jackson.databind.deser.std.NumberDeserializers                    : loaded 3 times (x 71B)
Class org.slf4j.helpers.BasicMDCAdapter                                               : loaded 3 times (x 95B)
Class org.apache.http.impl.io.ContentLengthInputStream                                : loaded 2 times (x 92B)
Class org.apache.http.impl.execchain.RedirectExec                                     : loaded 2 times (x 76B)
Class io.netty.handler.codec.http.HttpVersion                                         : loaded 2 times (x 83B)
Class io.netty.util.ByteProcessor                                                     : loaded 2 times (x 70B)
Class [Lcom.fasterxml.jackson.databind.node.ContainerNode;                            : loaded 2 times (x 69B)
Class io.opentelemetry.api.internal.AutoValue_ImmutableSpanContext                    : loaded 2 times (x 92B)
Class com.fasterxml.jackson.module.kotlin.ArgumentBucket                              : loaded 2 times (x 101B)
Class kotlin.io.ByteStreamsKt                                                         : loaded 2 times (x 71B)
Class io.opentelemetry.sdk.metrics.AutoValue_InstrumentSelector                       : loaded 2 times (x 78B)
Class com.fasterxml.jackson.core.util.VersionUtil                                     : loaded 2 times (x 72B)
Class io.netty.util.internal.logging.InternalLogger                                   : loaded 2 times (x 70B)
Class io.netty.channel.ChannelOption                                                  : loaded 2 times (x 81B)
Class com.fasterxml.jackson.databind.deser.impl.PropertyValue$AnyParameter            : loaded 2 times (x 74B)
Class io.netty.channel.RecvByteBufAllocator                                           : loaded 2 times (x 70B)
Class kotlin.annotation.AnnotationTarget                                              : loaded 2 times (x 79B)
Class [Lcom.fasterxml.jackson.core.JsonEncoding;                                      : loaded 2 times (x 69B)
Class org.apache.http.params.HttpParams                                               : loaded 2 times (x 70B)
Class org.apache.http.client.protocol.RequestAddCookies                               : loaded 2 times (x 76B)
Class org.apache.http.client.CookieStore                                              : loaded 2 times (x 70B)
Class kotlin.jvm.JvmClassMappingKt                                                    : loaded 2 times (x 71B)
Class kotlin.coroutines.CombinedContext                                               : loaded 2 times (x 78B)
Class com.google.gson.internal.ConstructorConstructor$9                               : loaded 2 times (x 76B)
Class [Lio.netty.buffer.PoolArenaMetric;                                              : loaded 2 times (x 69B)
Class io.netty.channel.AbstractChannel$AnnotatedConnectException                      : loaded 2 times (x 82B)
Class io.netty.channel.ChannelFutureListener                                          : loaded 2 times (x 70B)
Class [Lcom.fasterxml.jackson.databind.node.JsonNodeCreator;                          : loaded 2 times (x 69B)
Class io.opentelemetry.api.metrics.LongGauge                                          : loaded 2 times (x 70B)
Class io.netty.util.concurrent.GenericFutureListener                                  : loaded 2 times (x 70B)
Class io.netty.handler.codec.DecoderException                                         : loaded 2 times (x 82B)
Class kotlinx.coroutines.CancelHandler                                                : loaded 2 times (x 76B)
Class kotlinx.coroutines.TimeoutKt$withTimeoutOrNull$1                                : loaded 2 times (x 88B)
Class kotlinx.coroutines.selects.SelectKt$DUMMY_PROCESS_RESULT_FUNCTION$1             : loaded 2 times (x 78B)
Class io.opentelemetry.sdk.metrics.internal.state.AutoValue_MeterProviderSharedState  : loaded 2 times (x 77B)
Class com.google.protobuf.SmallSortedMap$1                                            : loaded 2 times (x 132B)
Class org.h2.mvstore.MVStore$TxCounter                                                : loaded 2 times (x 71B)
Class io.opentelemetry.sdk.metrics.export.MetricReader                                : loaded 2 times (x 70B)
Class org.h2.store.fs.FileBase                                                        : loaded 2 times (x 129B)
Class org.h2.compress.Compressor                                                      : loaded 2 times (x 70B)
Class org.slf4j.helpers.Reporter$Level                                                : loaded 2 times (x 79B)
Class org.slf4j.helpers.Reporter$TargetChoice                                         : loaded 2 times (x 79B)
Class org.apache.http.auth.AuthProtocolState                                          : loaded 2 times (x 79B)
Class [Lcom.google.protobuf.Descriptors$FileDescriptor$Syntax;                        : loaded 2 times (x 69B)
Class com.google.protobuf.DescriptorProtos$FileOptions                                : loaded 2 times (x 232B)
Class kotlin.jvm.internal.TypeIntrinsics                                              : loaded 2 times (x 71B)
Class kotlinx.coroutines.EventLoopImplBase$DelayedTaskQueue                           : loaded 2 times (x 72B)
Class kotlinx.coroutines.DispatchedTaskKt                                             : loaded 2 times (x 71B)
Class kotlinx.coroutines.internal.SystemPropsKt__SystemProps_commonKt                 : loaded 2 times (x 71B)
Class kotlinx.coroutines.ThreadContextElement                                         : loaded 2 times (x 70B)
Class io.opentelemetry.sdk.metrics.ViewBuilder                                        : loaded 2 times (x 72B)
Class kotlin.time.DurationUnit                                                        : loaded 2 times (x 79B)
Class io.netty.util.Constant                                                          : loaded 2 times (x 70B)
Class io.opentelemetry.sdk.OpenTelemetrySdk$ObfuscatedMeterProvider                   : loaded 2 times (x 79B)
Class io.opentelemetry.api.trace.ImmutableTraceFlags                                  : loaded 2 times (x 77B)
Class com.fasterxml.jackson.databind.deser.impl.PropertyValue$Any                     : loaded 2 times (x 74B)
Class io.netty.util.internal.ReferenceCountUpdater                                    : loaded 2 times (x 74B)
Class com.fasterxml.jackson.module.kotlin.ReflectionCache$Companion                   : loaded 2 times (x 71B)
Class io.netty.util.concurrent.ThreadPerTaskExecutor                                  : loaded 2 times (x 75B)
Class io.netty.handler.codec.http.HttpObjectDecoder$LineParser                        : loaded 2 times (x 75B)
Class io.opentelemetry.sdk.metrics.AutoValue_View                                     : loaded 2 times (x 77B)
Class com.fasterxml.jackson.databind.annotation.JacksonStdImpl                        : loaded 2 times (x 70B)
Class org.apache.http.message.BasicHeaderValueParser                                  : loaded 2 times (x 85B)
Class org.apache.http.io.SessionInputBuffer                                           : loaded 2 times (x 70B)
Class org.apache.http.conn.routing.RouteInfo$LayerType                                : loaded 2 times (x 79B)
Class com.google.protobuf.WireFormat$FieldType$1                                      : loaded 2 times (x 83B)
Class com.google.protobuf.Utf8$UnsafeProcessor                                        : loaded 2 times (x 77B)
Class com.google.protobuf.ByteString$LiteralByteString                                : loaded 2 times (x 106B)
Class com.google.protobuf.UnknownFieldSet$Parser                                      : loaded 2 times (x 150B)
Class org.apache.http.impl.cookie.NetscapeDraftSpecProvider                           : loaded 2 times (x 76B)
Class org.apache.http.client.RedirectException                                        : loaded 2 times (x 82B)
Class org.apache.http.client.protocol.RequestExpectContinue                           : loaded 2 times (x 75B)
Class org.apache.http.client.methods.CloseableHttpResponse                            : loaded 2 times (x 70B)
Class org.apache.http.impl.client.DefaultUserTokenHandler                             : loaded 2 times (x 75B)
Class org.apache.http.conn.util.DomainType                                            : loaded 2 times (x 79B)
Class [Lkotlinx.coroutines.flow.internal.AbstractSharedFlowSlot;                      : loaded 2 times (x 69B)
Class kotlin.collections.SetsKt                                                       : loaded 2 times (x 71B)
Class io.netty.handler.codec.http.HttpClientCodec$Decoder                             : loaded 2 times (x 125B)
Class io.netty.channel.ChannelHandlerContext                                          : loaded 2 times (x 70B)
Class io.netty.channel.ChannelOutboundBuffer$1                                        : loaded 2 times (x 75B)
Class kotlinx.coroutines.internal.LockFreeTaskQueueCore                               : loaded 2 times (x 72B)
Class io.netty.util.internal.Cleaner                                                  : loaded 2 times (x 70B)
Class com.fasterxml.jackson.core.Version                                              : loaded 2 times (x 86B)
Class kotlin.internal.PlatformImplementationsKt                                       : loaded 2 times (x 71B)
Class org.h2.mvstore.FileStore                                                        : loaded 2 times (x 133B)
Class kotlinx.coroutines.internal.LockFreeLinkedListHead                              : loaded 2 times (x 75B)
Class org.apache.http.impl.conn.LoggingManagedHttpClientConnection                    : loaded 2 times (x 152B)
Class [Lorg.apache.http.HeaderElement;                                                : loaded 2 times (x 69B)
Class com.google.protobuf.WireFormat$FieldType$2                                      : loaded 2 times (x 83B)
Class com.google.protobuf.Descriptors                                                 : loaded 2 times (x 71B)
Class org.apache.http.impl.client.DefaultHttpRequestRetryHandler                      : loaded 2 times (x 80B)
Class org.apache.http.client.protocol.RequestDefaultHeaders                           : loaded 2 times (x 76B)
Class org.apache.http.protocol.RequestUserAgent                                       : loaded 2 times (x 76B)
Class kotlinx.coroutines.sync.MutexKt                                                 : loaded 2 times (x 71B)
Class org.apache.http.impl.conn.CPoolEntry                                            : loaded 2 times (x 92B)
Class kotlin.time.DurationUnitKt__DurationUnitKt                                      : loaded 2 times (x 71B)
Class org.apache.http.conn.HttpHostConnectException                                   : loaded 2 times (x 83B)
Class io.netty.channel.CompleteChannelFuture                                          : loaded 2 times (x 174B)
Class io.netty.channel.DefaultChannelPipeline$HeadContext                             : loaded 2 times (x 218B)
Class io.netty.util.concurrent.FutureListener                                         : loaded 2 times (x 70B)
Class [Lio.opentelemetry.api.trace.TraceFlags;                                        : loaded 2 times (x 69B)
Class [Lio.opentelemetry.context.ContextStorage;                                      : loaded 2 times (x 69B)
Class com.google.protobuf.SmallSortedMap                                              : loaded 2 times (x 132B)
Class io.netty.buffer.ByteBufAllocatorMetric                                          : loaded 2 times (x 70B)
Class [Lcom.google.protobuf.WireFormat$JavaType;                                      : loaded 2 times (x 69B)
Class io.netty.handler.logging.LoggingHandler                                         : loaded 2 times (x 124B)
Class io.netty.channel.ChannelOutboundHandler                                         : loaded 2 times (x 70B)
Class org.apache.http.protocol.BasicHttpContext                                       : loaded 2 times (x 81B)
Class com.fasterxml.jackson.core.io.NumberOutput                                      : loaded 2 times (x 71B)
Class com.fasterxml.jackson.core.StreamWriteConstraints                               : loaded 2 times (x 76B)
Class org.apache.http.cookie.Cookie                                                   : loaded 2 times (x 70B)
Class [Lcom.google.protobuf.Descriptors$DescriptorPool$SearchFilter;                  : loaded 2 times (x 69B)
Class com.google.protobuf.WireFormat$FieldType$3                                      : loaded 2 times (x 83B)
Class [Lcom.google.protobuf.Descriptors$FieldDescriptor;                              : loaded 2 times (x 69B)
Class org.apache.http.conn.ClientConnectionManager                                    : loaded 2 times (x 70B)
Class org.apache.http.impl.DefaultHttpResponseFactory                                 : loaded 2 times (x 79B)
Class org.apache.http.HttpInetConnection                                              : loaded 2 times (x 70B)
Class org.apache.http.client.RedirectStrategy                                         : loaded 2 times (x 70B)
Class org.apache.http.config.Lookup                                                   : loaded 2 times (x 70B)
Class kotlinx.coroutines.selects.SelectClause                                         : loaded 2 times (x 70B)
Class kotlinx.coroutines.DisposeOnCompletion                                          : loaded 2 times (x 90B)
Class kotlinx.coroutines.internal.LimitedDispatcher$Worker                            : loaded 2 times (x 75B)
Class [Lkotlinx.coroutines.CoroutineStart;                                            : loaded 2 times (x 69B)
Class kotlinx.coroutines.CoroutineDispatcher$Key                                      : loaded 2 times (x 72B)
Class kotlinx.coroutines.CoroutineExceptionHandler$Key                                : loaded 2 times (x 71B)
Class kotlin.jvm.internal.markers.KMutableMap$Entry                                   : loaded 2 times (x 70B)
Class org.h2.mvstore.DataUtils                                                        : loaded 2 times (x 71B)
Class io.opentelemetry.sdk.trace.SdkTracer                                            : loaded 2 times (x 79B)
Class [Lio.netty.buffer.PoolSubpage;                                                  : loaded 2 times (x 69B)
Class io.netty.util.concurrent.MultithreadEventExecutorGroup$1                        : loaded 2 times (x 78B)
Class io.opentelemetry.context.ThreadLocalContextStorage                              : loaded 2 times (x 85B)
Class com.fasterxml.jackson.databind.ser.std.ByteArraySerializer                      : loaded 2 times (x 117B)
Class com.fasterxml.jackson.databind.introspect.PotentialCreators                     : loaded 2 times (x 81B)
Class com.fasterxml.jackson.databind.module.SimpleDeserializers                       : loaded 2 times (x 96B)
Class io.opentelemetry.sdk.logs.NoopLogRecordProcessor                                : loaded 2 times (x 86B)
Class io.opentelemetry.api.trace.TraceStateBuilder                                    : loaded 2 times (x 70B)
Class io.opentelemetry.sdk.common.SystemClock                                         : loaded 2 times (x 76B)
Class io.netty.handler.codec.http.websocketx.WebSocketClientHandshakeException        : loaded 2 times (x 82B)
Class io.netty.channel.MessageSizeEstimator                                           : loaded 2 times (x 70B)
Class kotlin.internal.ProgressionUtilKt                                               : loaded 2 times (x 71B)
Class com.fasterxml.jackson.annotation.JacksonAnnotation                              : loaded 2 times (x 70B)
Class [Lorg.apache.http.conn.routing.RouteInfo$TunnelType;                            : loaded 2 times (x 69B)
Class com.google.protobuf.WireFormat$FieldType$4                                      : loaded 2 times (x 83B)
Class com.google.protobuf.Descriptors$DescriptorPool$PackageDescriptor                : loaded 2 times (x 76B)
Class kotlinx.coroutines.selects.SelectImplementation$doSelectSuspend$1               : loaded 2 times (x 88B)
Class kotlinx.coroutines.flow.Flow                                                    : loaded 2 times (x 70B)
Class kotlinx.coroutines.internal.DispatchedContinuationKt                            : loaded 2 times (x 71B)
Class kotlin.collections.AbstractMutableSet                                           : loaded 2 times (x 142B)
Class com.intellij.ultimate.PluginVerifier                                            : loaded 2 times (x 71B)
Class com.google.protobuf.ExtensionRegistry$ExtensionInfo                             : loaded 2 times (x 72B)
Class io.netty.util.Signal$SignalConstant                                             : loaded 2 times (x 80B)
Class io.opentelemetry.api.metrics.DefaultMeter$NoopLongCounter                       : loaded 2 times (x 79B)
Class io.netty.buffer.ReadOnlyUnsafeDirectByteBuf                                     : loaded 2 times (x 309B)
Class com.google.protobuf.Descriptors$FileDescriptor                                  : loaded 2 times (x 76B)
Class com.google.protobuf.ByteString$BoundedByteString                                : loaded 2 times (x 106B)
Class io.opentelemetry.sdk.trace.internal.TracerConfig                                : loaded 2 times (x 72B)
Class io.opentelemetry.sdk.trace.IdGenerator                                          : loaded 2 times (x 70B)
Class com.google.common.collect.ImmutableMap$IteratorBasedImmutableMap                : loaded 2 times (x 125B)
Class [Lcom.google.protobuf.Descriptors$Descriptor;                                   : loaded 2 times (x 69B)
Class com.google.protobuf.Utf8                                                        : loaded 2 times (x 71B)
Class com.google.protobuf.DescriptorProtos$FieldDescriptorProto$Type                  : loaded 2 times (x 87B)
Class com.google.protobuf.GeneratedMessageV3                                          : loaded 2 times (x 153B)
Class org.apache.http.pool.AbstractConnPool                                           : loaded 2 times (x 112B)
Class com.google.gson.internal.ConstructorConstructor$18                              : loaded 2 times (x 75B)
Class io.netty.channel.CombinedChannelDuplexHandler$DelegatingChannelHandlerContext   : loaded 2 times (x 186B)
Class io.netty.channel.MessageSizeEstimator$Handle                                    : loaded 2 times (x 70B)
Class io.netty.channel.socket.DuplexChannelConfig                                     : loaded 2 times (x 70B)
Class io.opentelemetry.context.Context                                                : loaded 2 times (x 70B)
Class [Lcom.fasterxml.jackson.databind.ser.impl.PropertySerializerMap$TypeAndSerializer;: loaded 2 times (x 69B)
Class io.netty.util.ResourceLeak                                                      : loaded 2 times (x 70B)
Class [Lcom.google.protobuf.DescriptorProtos$FieldDescriptorProto$Type;               : loaded 2 times (x 69B)
Class com.fasterxml.jackson.core.StreamReadFeature                                    : loaded 2 times (x 85B)
Class com.fasterxml.jackson.databind.ser.Serializers$Base                             : loaded 2 times (x 87B)
Class org.apache.http.io.BufferInfo                                                   : loaded 2 times (x 70B)
Class com.fasterxml.jackson.core.util.TextBuffer                                      : loaded 2 times (x 109B)
Class [Lio.opentelemetry.sdk.trace.RandomIdGenerator;                                 : loaded 2 times (x 69B)
Class io.opentelemetry.sdk.metrics.internal.view.RegisteredView                       : loaded 2 times (x 76B)
Class com.fasterxml.jackson.databind.deser.std.FactoryBasedEnumDeserializer           : loaded 2 times (x 163B)
Class com.fasterxml.jackson.core.json.DupDetector                                     : loaded 2 times (x 77B)
Class com.fasterxml.jackson.module.kotlin.KotlinFeature                               : loaded 2 times (x 80B)
Class org.apache.http.conn.routing.RouteTracker                                       : loaded 2 times (x 84B)
Class com.google.protobuf.MessageLite$Builder                                         : loaded 2 times (x 70B)
Class org.apache.http.impl.client.TargetAuthenticationStrategy                        : loaded 2 times (x 87B)
Class kotlinx.coroutines.sync.SemaphoreImpl                                           : loaded 2 times (x 82B)
Class kotlinx.coroutines.internal.ConcurrentLinkedListNode                            : loaded 2 times (x 73B)
Class kotlinx.coroutines.flow.MutableSharedFlow                                       : loaded 2 times (x 70B)
Class io.netty.handler.codec.http.HttpObjectAggregator                                : loaded 2 times (x 126B)
Class io.netty.buffer.Unpooled                                                        : loaded 2 times (x 71B)
Class com.fasterxml.jackson.module.kotlin.ConstructorValueCreator                     : loaded 2 times (x 75B)
Class io.netty.channel.ChannelHandler$Sharable                                        : loaded 2 times (x 70B)
Class [Lio.netty.handler.codec.DefaultHeaders$HeaderEntry;                            : loaded 2 times (x 69B)
Class io.netty.buffer.ByteBufAllocator                                                : loaded 2 times (x 70B)
Class io.netty.util.internal.ReflectionUtil                                           : loaded 2 times (x 71B)
Class io.netty.util.internal.PlatformDependent0$1                                     : loaded 2 times (x 74B)
Class [Lcom.fasterxml.jackson.databind.node.BaseJsonNode;                             : loaded 2 times (x 69B)
Class com.fasterxml.jackson.core.util.RecyclerPool$WithPool                           : loaded 2 times (x 70B)
Class io.opentelemetry.api.trace.TracerBuilder                                        : loaded 2 times (x 70B)
Class io.opentelemetry.api.metrics.LongCounter                                        : loaded 2 times (x 70B)
Class com.google.protobuf.Descriptors$DescriptorPool$SearchFilter                     : loaded 2 times (x 79B)
Class com.google.protobuf.Parser                                                      : loaded 2 times (x 70B)
Class org.apache.http.conn.HttpClientConnectionManager                                : loaded 2 times (x 70B)
Class org.apache.http.client.HttpClient                                               : loaded 2 times (x 70B)
Class kotlinx.coroutines.internal.LockFreeTaskQueueCore$Placeholder                   : loaded 2 times (x 71B)
Class io.netty.util.DefaultAttributeMap$DefaultAttribute                              : loaded 2 times (x 82B)
Class io.netty.buffer.PooledByteBuf                                                   : loaded 2 times (x 311B)
Class io.netty.util.IntSupplier                                                       : loaded 2 times (x 70B)
Class io.netty.util.concurrent.AbstractEventExecutorGroup                             : loaded 2 times (x 182B)
Class io.opentelemetry.sdk.logs.internal.LoggerConfig                                 : loaded 2 times (x 74B)
Class io.netty.buffer.UnpooledUnsafeHeapByteBuf                                       : loaded 2 times (x 309B)
Class io.netty.buffer.ReadOnlyByteBuf                                                 : loaded 2 times (x 313B)
Class [Lio.netty.handler.logging.ByteBufFormat;                                       : loaded 2 times (x 69B)
Class io.netty.handler.codec.MessageToMessageEncoder                                  : loaded 2 times (x 102B)
Class io.netty.util.internal.PlatformDependent0$2                                     : loaded 2 times (x 75B)
Class io.netty.handler.codec.ByteToMessageDecoder$2                                   : loaded 2 times (x 74B)
Class io.netty.util.internal.logging.AbstractInternalLogger                           : loaded 2 times (x 161B)
Class kotlin.collections.SetsKt__SetsJVMKt                                            : loaded 2 times (x 71B)
Class kotlinx.coroutines.ExecutorsKt                                                  : loaded 2 times (x 71B)
Class com.fasterxml.jackson.core.util.JsonRecyclerPools                               : loaded 2 times (x 71B)
Class kotlinx.coroutines.Job                                                          : loaded 2 times (x 70B)
Class kotlinx.coroutines.flow.internal.NullSurrogateKt                                : loaded 2 times (x 71B)
Class org.h2.mvstore.Page                                                             : loaded 2 times (x 102B)
Class org.h2.store.fs.FilePath                                                        : loaded 2 times (x 95B)
Class org.h2.mvstore.FreeSpaceBitSet                                                  : loaded 2 times (x 86B)
Class com.google.protobuf.ByteString$LeafByteString                                   : loaded 2 times (x 103B)
Class com.google.protobuf.Descriptors$GenericDescriptor                               : loaded 2 times (x 75B)
Class org.apache.http.impl.auth.HttpAuthenticator                                     : loaded 2 times (x 75B)
Class org.apache.http.ProtocolException                                               : loaded 2 times (x 82B)
Class org.apache.http.HttpException                                                   : loaded 2 times (x 82B)
Class kotlin.internal.jdk8.JDK8PlatformImplementations$ReflectSdkVersion              : loaded 2 times (x 71B)
Class kotlinx.coroutines.flow.StateFlow                                               : loaded 2 times (x 70B)
Class org.apache.http.pool.PoolEntryCallback                                          : loaded 2 times (x 70B)
Class org.apache.http.impl.auth.SPNegoSchemeFactory                                   : loaded 2 times (x 81B)
Class com.google.protobuf.Internal$ProtobufList                                       : loaded 2 times (x 70B)
Class io.netty.channel.CombinedChannelDuplexHandler$1                                 : loaded 2 times (x 186B)
Class io.netty.util.concurrent.ThreadProperties                                       : loaded 2 times (x 70B)
Class io.netty.channel.SelectStrategyFactory                                          : loaded 2 times (x 70B)
Class io.opentelemetry.api.metrics.DefaultMeter$NoopLongHistogram                     : loaded 2 times (x 79B)
Class io.opentelemetry.api.metrics.DefaultMeter$NoopLongCounterBuilder$1              : loaded 2 times (x 78B)
Class com.fasterxml.jackson.databind.deser.impl.PropertyValue                         : loaded 2 times (x 74B)
Class io.netty.util.internal.PlatformDependent0$3                                     : loaded 2 times (x 75B)
Class com.google.protobuf.DescriptorProtos$FileOptionsOrBuilder                       : loaded 2 times (x 70B)
Class com.google.protobuf.ByteString$ArraysByteArrayCopier                            : loaded 2 times (x 74B)
Class org.apache.http.conn.routing.RouteInfo$TunnelType                               : loaded 2 times (x 79B)
Class [Lcom.fasterxml.jackson.core.util.Separators$Spacing;                           : loaded 2 times (x 69B)
Class io.netty.handler.codec.http.HttpHeaderValues                                    : loaded 2 times (x 71B)
Class io.opentelemetry.api.metrics.DefaultMeterProvider$NoopMeterBuilder              : loaded 2 times (x 79B)
Class io.opentelemetry.sdk.logs.SdkLoggerProviderBuilder                              : loaded 2 times (x 72B)
Class io.netty.buffer.PooledByteBufAllocatorMetric                                    : loaded 2 times (x 76B)
Class org.h2.store.fs.FilePathWrapper                                                 : loaded 2 times (x 100B)
Class io.netty.handler.codec.ByteToMessageDecoder$1                                   : loaded 2 times (x 74B)
Class org.apache.http.message.BasicListHeaderIterator                                 : loaded 2 times (x 89B)
Class org.apache.http.config.SocketConfig$Builder                                     : loaded 2 times (x 80B)
Class com.google.protobuf.Descriptors$FieldDescriptor$Type                            : loaded 2 times (x 79B)
Class com.google.protobuf.AbstractMessageLite                                         : loaded 2 times (x 101B)
Class org.apache.http.client.config.RequestConfig                                     : loaded 2 times (x 91B)
Class org.apache.http.protocol.HttpProcessor                                          : loaded 2 times (x 70B)
Class kotlinx.coroutines.selects.SelectKt                                             : loaded 2 times (x 71B)
Class kotlinx.coroutines.selects.SelectInstance                                       : loaded 2 times (x 70B)
Class kotlinx.coroutines.Job$Key                                                      : loaded 2 times (x 71B)
Class kotlinx.coroutines.DefaultExecutor                                              : loaded 2 times (x 120B)
Class kotlinx.coroutines.ExecutorCoroutineDispatcher                                  : loaded 2 times (x 107B)
Class kotlin.random.jdk8.PlatformThreadLocalRandom                                    : loaded 2 times (x 87B)
Class io.netty.util.Signal$1                                                          : loaded 2 times (x 77B)
Class io.netty.util.internal.SocketUtils                                              : loaded 2 times (x 71B)
Class io.opentelemetry.api.metrics.DefaultMeter$NoopLongGauge                         : loaded 2 times (x 79B)
Class io.opentelemetry.api.metrics.DefaultMeter$NoopDoubleUpDownCounterBuilder        : loaded 2 times (x 83B)
Class io.netty.buffer.WrappedUnpooledUnsafeDirectByteBuf                              : loaded 2 times (x 316B)
Class org.apache.http.auth.AuthSchemeProvider                                         : loaded 2 times (x 70B)
Class io.netty.handler.codec.CodecException                                           : loaded 2 times (x 82B)
Class com.fasterxml.jackson.module.kotlin.KotlinAnnotationIntrospector$hasRequiredMarker$2$1: loaded 2 times (x 79B)
Class io.netty.util.internal.PlatformDependent0$4                                     : loaded 2 times (x 75B)
Class com.fasterxml.jackson.databind.util.TokenBufferReadContext                      : loaded 2 times (x 89B)
Class com.fasterxml.jackson.module.kotlin.KotlinInstantiators                         : loaded 2 times (x 75B)
Class org.apache.http.params.BasicHttpParams                                          : loaded 2 times (x 111B)
Class com.fasterxml.jackson.annotation.JsonEnumDefaultValue                           : loaded 2 times (x 70B)
Class io.netty.buffer.AbstractReferenceCountedByteBuf                                 : loaded 2 times (x 306B)
Class io.netty.util.internal.StringUtil                                               : loaded 2 times (x 71B)
Class io.netty.handler.codec.DefaultHeaders$ValueValidator                            : loaded 2 times (x 70B)
Class [Lio.opentelemetry.sdk.trace.samplers.SamplingDecision;                         : loaded 2 times (x 69B)
Class io.opentelemetry.sdk.metrics.internal.exemplar.TraceBasedExemplarFilter         : loaded 2 times (x 75B)
Class io.opentelemetry.api.logs.LoggerProvider                                        : loaded 2 times (x 70B)
Class io.opentelemetry.api.internal.IncubatingUtil                                    : loaded 2 times (x 71B)
Class com.google.common.collect.ImmutableCollection                                   : loaded 2 times (x 125B)
Class com.fasterxml.jackson.databind.annotation.EnumNaming                            : loaded 2 times (x 70B)
Class kotlinx.coroutines.selects.SelectImplementation                                 : loaded 2 times (x 106B)
Class kotlin.io.FilesKt__UtilsKt                                                      : loaded 2 times (x 71B)
Class org.slf4j.helpers.LegacyAbstractLogger                                          : loaded 2 times (x 215B)
Class io.opentelemetry.api.metrics.DefaultMeter$NoopLongUpDownCounterBuilder          : loaded 2 times (x 85B)
Class kotlin.collections.builders.MapBuilder$Itr                                      : loaded 2 times (x 72B)
Class io.opentelemetry.api.metrics.DefaultMeter$NoopDoubleGaugeBuilder$1              : loaded 2 times (x 78B)
Class io.netty.util.NetUtilInitializations                                            : loaded 2 times (x 71B)
Class io.netty.handler.codec.http.HttpStatusClass                                     : loaded 2 times (x 82B)
Class io.netty.handler.codec.http.FullHttpResponse                                    : loaded 2 times (x 70B)
Class io.netty.buffer.PooledHeapByteBuf                                               : loaded 2 times (x 311B)
Class io.netty.channel.AbstractChannel$AnnotatedNoRouteToHostException                : loaded 2 times (x 82B)
Class io.netty.channel.AbstractChannel$AbstractUnsafe                                 : loaded 2 times (x 94B)
Class [Lio.netty.handler.codec.http.HttpStatusClass;                                  : loaded 2 times (x 69B)
Class io.netty.util.internal.PlatformDependent0$5                                     : loaded 2 times (x 75B)
Class org.apache.http.impl.execchain.TunnelRefusedException                           : loaded 2 times (x 83B)
Class io.netty.util.AsciiString                                                       : loaded 2 times (x 86B)
Class org.apache.http.client.protocol.RequestAcceptEncoding                           : loaded 2 times (x 76B)
Class com.google.protobuf.CodedInputStream$IterableDirectByteBufferDecoder            : loaded 2 times (x 119B)
Class com.fasterxml.jackson.core.util.RecyclerPool$ThreadLocalPoolBase                : loaded 2 times (x 83B)
Class io.opentelemetry.sdk.internal.RateLimiter                                       : loaded 2 times (x 74B)
Class com.google.protobuf.Internal$DoubleList                                         : loaded 2 times (x 70B)
Class [Lorg.apache.http.client.utils.URIUtils$UriFlag;                                : loaded 2 times (x 69B)
Class kotlin.sequences.SequencesKt                                                    : loaded 2 times (x 71B)
Class org.apache.http.message.AbstractHttpMessage                                     : loaded 2 times (x 108B)
Class org.apache.http.util.VersionInfo                                                : loaded 2 times (x 72B)
Class org.apache.http.conn.ConnectTimeoutException                                    : loaded 2 times (x 84B)
Class org.apache.commons.logging.LogFactory$1                                         : loaded 2 times (x 74B)
Class org.apache.http.client.CredentialsProvider                                      : loaded 2 times (x 70B)
Class kotlinx.coroutines.JobSupport$ChildCompletion                                   : loaded 2 times (x 90B)
Class kotlinx.coroutines.EventLoop                                                    : loaded 2 times (x 105B)
Class org.h2.mvstore.Page$Leaf                                                        : loaded 2 times (x 105B)
Class kotlin.jvm.internal.markers.KMutableSet                                         : loaded 2 times (x 70B)
Class com.google.gson.Strictness                                                      : loaded 2 times (x 79B)
Class io.opentelemetry.api.common.AttributeKey                                        : loaded 2 times (x 70B)
Class com.fasterxml.jackson.module.kotlin.KotlinAnnotationIntrospector                : loaded 2 times (x 161B)
Class io.netty.handler.codec.http.HttpContent                                         : loaded 2 times (x 70B)
Class io.opentelemetry.sdk.OpenTelemetrySdk$ObfuscatedLoggerProvider                  : loaded 2 times (x 79B)
Class io.netty.handler.codec.http.DefaultHttpHeadersFactory                           : loaded 2 times (x 76B)
Class io.netty.util.internal.PlatformDependent0$6                                     : loaded 2 times (x 75B)
Class io.opentelemetry.api.logs.LoggerBuilder                                         : loaded 2 times (x 70B)
Class io.opentelemetry.api.metrics.DefaultMeterProvider                               : loaded 2 times (x 77B)
Class io.opentelemetry.api.metrics.DefaultMeter$NoopDoubleGaugeBuilder                : loaded 2 times (x 85B)
Class io.opentelemetry.sdk.trace.AutoValue_SpanLimits_SpanLimitsValue                 : loaded 2 times (x 78B)
Class io.opentelemetry.context.DefaultContextKey                                      : loaded 2 times (x 72B)
Class kotlinx.coroutines.JobSupport                                                   : loaded 2 times (x 132B)
Class org.apache.http.HeaderElement                                                   : loaded 2 times (x 70B)
Class com.google.protobuf.SmallSortedMap$EmptySet$1                                   : loaded 2 times (x 78B)
Class com.google.protobuf.DescriptorProtos$FieldDescriptorProto$Label$1               : loaded 2 times (x 74B)
Class org.apache.http.client.AuthCache                                                : loaded 2 times (x 70B)
Class org.apache.http.message.BasicLineFormatter                                      : loaded 2 times (x 86B)
Class org.apache.commons.logging.LogFactory$2                                         : loaded 2 times (x 75B)
Class kotlinx.coroutines.Deferred                                                     : loaded 2 times (x 70B)
Class kotlinx.coroutines.internal.Removed                                             : loaded 2 times (x 72B)
Class org.apache.commons.logging.LogConfigurationException                            : loaded 2 times (x 82B)
Class org.apache.http.impl.DefaultConnectionReuseStrategy                             : loaded 2 times (x 76B)
Class org.apache.http.impl.cookie.RFC6265CookieSpecProvider                           : loaded 2 times (x 76B)
Class io.netty.util.Attribute                                                         : loaded 2 times (x 70B)
Class io.opentelemetry.api.logs.Logger                                                : loaded 2 times (x 70B)
Class com.google.protobuf.DescriptorProtos$FileDescriptorProtoOrBuilder               : loaded 2 times (x 70B)
Class com.google.common.collect.BiMap                                                 : loaded 2 times (x 70B)
Class io.opentelemetry.context.ImplicitContextKeyed                                   : loaded 2 times (x 70B)
Class com.fasterxml.jackson.databind.deser.std.JsonNodeDeserializer$ObjectDeserializer: loaded 2 times (x 163B)
Class io.netty.handler.codec.http.FullHttpMessage                                     : loaded 2 times (x 70B)
Class com.fasterxml.jackson.module.kotlin.ValueCreator                                : loaded 2 times (x 74B)
Class io.netty.buffer.FixedCompositeByteBuf                                           : loaded 2 times (x 307B)
Class io.netty.buffer.UnpooledByteBufAllocator$InstrumentedUnpooledDirectByteBuf      : loaded 2 times (x 313B)
Class io.netty.handler.codec.http.DefaultHttpHeadersFactory$3                         : loaded 2 times (x 74B)
Class io.netty.util.concurrent.FastThreadLocal                                        : loaded 2 times (x 75B)
Class io.opentelemetry.sdk.internal.ScopeConfiguratorBuilder                          : loaded 2 times (x 72B)
Class io.netty.channel.ChannelFactory                                                 : loaded 2 times (x 70B)
Class io.netty.channel.Channel$Unsafe                                                 : loaded 2 times (x 70B)
Class io.netty.channel.StacklessClosedChannelException                                : loaded 2 times (x 82B)
Class org.apache.http.message.HeaderValueParser                                       : loaded 2 times (x 70B)
Class org.apache.http.client.methods.AbortableHttpRequest                             : loaded 2 times (x 70B)
Class com.google.protobuf.DescriptorProtos$FieldOptions$1                             : loaded 2 times (x 150B)
Class com.google.protobuf.SmallSortedMap$EmptySet$2                                   : loaded 2 times (x 78B)
Class org.apache.commons.logging.LogFactory$3                                         : loaded 2 times (x 75B)
Class kotlinx.coroutines.selects.SelectBuilder                                        : loaded 2 times (x 70B)
Class io.netty.handler.codec.http.DefaultHttpObject                                   : loaded 2 times (x 82B)
Class kotlin.collections.builders.ListBuilderKt                                       : loaded 2 times (x 71B)
Class kotlinx.coroutines.JobSupport$Finishing                                         : loaded 2 times (x 76B)
Class io.netty.resolver.InetNameResolver                                              : loaded 2 times (x 92B)
Class io.netty.buffer.AbstractByteBufAllocator$1                                      : loaded 2 times (x 71B)
Class io.netty.util.concurrent.EventExecutorChooserFactory$EventExecutorChooser       : loaded 2 times (x 70B)
Class kotlinx.coroutines.internal.ThreadLocalKt                                       : loaded 2 times (x 71B)
Class io.netty.util.internal.logging.InternalLogLevel                                 : loaded 2 times (x 79B)
Class io.netty.util.internal.logging.InternalLoggerFactory                            : loaded 2 times (x 72B)
Class org.apache.commons.logging.Log                                                  : loaded 2 times (x 70B)
Class org.apache.http.impl.conn.DefaultHttpResponseParserFactory                      : loaded 2 times (x 76B)
Class org.apache.http.impl.execchain.RetryExec                                        : loaded 2 times (x 76B)
Class com.google.protobuf.AbstractMessageLite$Builder$LimitedInputStream              : loaded 2 times (x 92B)
Class com.google.protobuf.Extension$ExtensionType                                     : loaded 2 times (x 79B)
Class com.google.protobuf.UnsafeUtil$Android32MemoryAccessor                          : loaded 2 times (x 89B)
Class com.google.protobuf.Descriptors$OneofDescriptor                                 : loaded 2 times (x 76B)
Class org.apache.http.client.methods.HttpRequestBase                                  : loaded 2 times (x 145B)
Class org.apache.http.HttpConnectionMetrics                                           : loaded 2 times (x 70B)
Class [Lcom.google.protobuf.Internal$EnumLiteMap;                                     : loaded 2 times (x 69B)
Class com.google.protobuf.IterableByteBufferInputStream                               : loaded 2 times (x 92B)
Class org.apache.commons.logging.LogFactory$4                                         : loaded 2 times (x 75B)
Class org.apache.http.conn.util.PublicSuffixListParser                                : loaded 2 times (x 71B)
Class org.apache.http.impl.execchain.ClientExecChain                                  : loaded 2 times (x 70B)
Class kotlin.io.FilesKt__FileReadWriteKt                                              : loaded 2 times (x 71B)
Class kotlinx.coroutines.CopyableThrowable                                            : loaded 2 times (x 70B)
Class org.slf4j.helpers.FormattingTuple                                               : loaded 2 times (x 75B)
Class kotlinx.coroutines.scheduling.TasksKt                                           : loaded 2 times (x 71B)
Class kotlinx.coroutines.internal.SystemPropsKt__SystemPropsKt                        : loaded 2 times (x 71B)
Class kotlinx.coroutines.ChildJob                                                     : loaded 2 times (x 70B)
Class org.apache.http.client.protocol.HttpClientContext                               : loaded 2 times (x 109B)
Class org.apache.http.entity.HttpEntityWrapper                                        : loaded 2 times (x 92B)
Class io.opentelemetry.sdk.trace.SpanLimits$SpanLimitsValue                           : loaded 2 times (x 78B)
Class com.fasterxml.jackson.databind.deser.impl.JDKValueInstantiators$JDKValueInstantiator: loaded 2 times (x 108B)
Class io.netty.resolver.AddressResolver                                               : loaded 2 times (x 70B)
Class io.netty.buffer.PooledByteBufAllocator$1                                        : loaded 2 times (x 76B)
Class io.opentelemetry.api.metrics.DefaultMeter$NoopDoubleUpDownCounterBuilder$1      : loaded 2 times (x 79B)
Class io.opentelemetry.context.ContextStorage                                         : loaded 2 times (x 70B)
Class io.opentelemetry.sdk.logs.SdkLogger                                             : loaded 2 times (x 79B)
Class io.netty.handler.codec.http.HttpHeadersFactory                                  : loaded 2 times (x 70B)
Class io.netty.buffer.UnpooledUnsafeDirectByteBuf                                     : loaded 2 times (x 316B)
Class io.netty.channel.ChannelInitializer                                             : loaded 2 times (x 102B)
Class io.netty.handler.codec.DefaultHeadersImpl                                       : loaded 2 times (x 277B)
Class io.netty.handler.codec.http.DefaultHttpHeadersFactory$2                         : loaded 2 times (x 74B)
Class io.netty.channel.DefaultChannelPipeline$PendingHandlerCallback                  : loaded 2 times (x 77B)
Class io.netty.buffer.PooledByteBufAllocator                                          : loaded 2 times (x 134B)
Class com.google.gson.internal.bind.ReflectiveTypeAdapterFactory$2                    : loaded 2 times (x 79B)
Class kotlin.time.DurationUnitKt__DurationUnitJvmKt                                   : loaded 2 times (x 71B)
Class io.opentelemetry.sdk.metrics.SdkMeterProvider                                   : loaded 2 times (x 83B)
Class org.apache.http.impl.io.AbstractMessageParser                                   : loaded 2 times (x 77B)
Class org.apache.http.params.HttpProtocolParams                                       : loaded 2 times (x 71B)
Class com.google.protobuf.DescriptorProtos$FieldDescriptorProto$Label                 : loaded 2 times (x 87B)
Class com.google.protobuf.DescriptorProtos$DescriptorProtoOrBuilder                   : loaded 2 times (x 70B)
Class com.google.protobuf.NioByteString                                               : loaded 2 times (x 104B)
Class com.google.protobuf.FieldSet$FieldDescriptorLite                                : loaded 2 times (x 70B)
Class com.google.protobuf.ExtensionLite                                               : loaded 2 times (x 77B)
Class org.apache.http.impl.cookie.IgnoreSpecProvider                                  : loaded 2 times (x 76B)
Class org.apache.http.message.BasicLineParser                                         : loaded 2 times (x 88B)
Class org.apache.http.impl.conn.PoolingHttpClientConnectionManager                    : loaded 2 times (x 132B)
Class org.apache.http.conn.util.PublicSuffixList                                      : loaded 2 times (x 72B)
Class kotlinx.coroutines.sync.SemaphoreSegment                                        : loaded 2 times (x 76B)
Class kotlin.internal.PlatformImplementations                                         : loaded 2 times (x 75B)
Class kotlinx.coroutines.JobKt                                                        : loaded 2 times (x 71B)
Class kotlinx.coroutines.scheduling.SchedulerCoroutineDispatcher                      : loaded 2 times (x 108B)
Class kotlinx.coroutines.ChildHandleNode                                              : loaded 2 times (x 94B)
Class kotlinx.coroutines.flow.internal.AbstractSharedFlowSlot                         : loaded 2 times (x 73B)
Class kotlin.jvm.internal.Ref$IntRef                                                  : loaded 2 times (x 71B)
Class org.apache.http.util.TextUtils                                                  : loaded 2 times (x 71B)
Class io.netty.util.concurrent.DefaultPromise$LeanCancellationException               : loaded 2 times (x 82B)
Class io.opentelemetry.api.metrics.ObservableDoubleGauge                              : loaded 2 times (x 70B)
Class io.opentelemetry.api.metrics.DefaultMeter$NoopDoubleUpDownCounterBuilder$2      : loaded 2 times (x 78B)
Class io.opentelemetry.api.metrics.ObservableMeasurement                              : loaded 2 times (x 70B)
Class io.netty.handler.codec.http.CombinedHttpHeaders                                 : loaded 2 times (x 123B)
Class com.fasterxml.jackson.databind.ser.std.StdArraySerializers                      : loaded 2 times (x 71B)
Class io.netty.handler.codec.EncoderException                                         : loaded 2 times (x 82B)
Class org.apache.http.protocol.ChainBuilder                                           : loaded 2 times (x 72B)
Class com.google.protobuf.DescriptorProtos$FileOptions$1                              : loaded 2 times (x 150B)
Class io.netty.util.internal.LongCounter                                              : loaded 2 times (x 70B)
Class com.fasterxml.jackson.databind.JsonSerializer$None                              : loaded 2 times (x 88B)
Class com.google.protobuf.ByteOutput                                                  : loaded 2 times (x 76B)
Class org.apache.http.config.ConnectionConfig                                         : loaded 2 times (x 79B)
Class io.opentelemetry.sdk.metrics.internal.view.AttributesProcessor$JoinedAttributesProcessor: loaded 2 times (x 75B)
Class org.apache.http.message.BasicHttpResponse                                       : loaded 2 times (x 132B)
Class org.h2.mvstore.cache.FilePathCache$FileCache                                    : loaded 2 times (x 129B)
Class [Lorg.h2.mvstore.cache.CacheLongKeyLIRS$Entry;                                  : loaded 2 times (x 69B)
Class org.h2.mvstore.cache.CacheLongKeyLIRS                                           : loaded 2 times (x 100B)
Class org.apache.http.config.ConnectionConfig$Builder                                 : loaded 2 times (x 79B)
Class [Lorg.apache.http.auth.AuthProtocolState;                                       : loaded 2 times (x 69B)
Class com.google.protobuf.UnsafeUtil                                                  : loaded 2 times (x 71B)
Class com.google.protobuf.DescriptorProtos$FileDescriptorProto$1                      : loaded 2 times (x 150B)
Class org.apache.http.message.LineFormatter                                           : loaded 2 times (x 70B)
Class org.apache.http.impl.io.DefaultHttpRequestWriterFactory                         : loaded 2 times (x 76B)
Class org.apache.http.conn.ssl.X509HostnameVerifier                                   : loaded 2 times (x 70B)
Class org.apache.commons.logging.LogFactory$6                                         : loaded 2 times (x 75B)
Class kotlinx.coroutines.EventLoopImplBase$DelayedResumeTask                          : loaded 2 times (x 94B)
Class kotlinx.coroutines.ChildContinuation                                            : loaded 2 times (x 90B)
Class kotlinx.coroutines.flow.internal.FusibleFlow                                    : loaded 2 times (x 70B)
Class com.google.gson.internal.$Gson$Preconditions                                    : loaded 2 times (x 71B)
Class org.h2.mvstore.type.DataType                                                    : loaded 2 times (x 70B)
Class io.opentelemetry.sdk.metrics.Aggregation                                        : loaded 2 times (x 70B)
Class io.netty.buffer.ByteBufUtil$ThreadLocalUnsafeDirectByteBuf                      : loaded 2 times (x 317B)
Class io.netty.channel.socket.nio.SelectorProviderUtil                                : loaded 2 times (x 71B)
Class io.netty.util.concurrent.AbstractEventExecutor                                  : loaded 2 times (x 232B)
Class io.netty.util.concurrent.AbstractFuture                                         : loaded 2 times (x 128B)
Class io.opentelemetry.sdk.OpenTelemetrySdk$ObfuscatedTracerProvider                  : loaded 2 times (x 81B)
Class io.opentelemetry.sdk.logs.LoggerSharedState                                     : loaded 2 times (x 72B)
Class io.opentelemetry.sdk.trace.data.SpanData                                        : loaded 2 times (x 70B)
Class com.fasterxml.jackson.databind.introspect.PotentialCreator                      : loaded 2 times (x 89B)
Class io.netty.buffer.AbstractByteBufAllocator                                        : loaded 2 times (x 116B)
Class io.netty.buffer.WrappedByteBuf                                                  : loaded 2 times (x 284B)
Class [Lcom.fasterxml.jackson.databind.introspect.BeanPropertyDefinition;             : loaded 2 times (x 69B)
Class io.netty.handler.codec.http.DefaultHttpHeadersFactory$1                         : loaded 2 times (x 74B)
Class com.fasterxml.jackson.module.kotlin.KotlinNamesAnnotationIntrospectorKt         : loaded 2 times (x 71B)
Class com.fasterxml.jackson.module.kotlin.InternalCommonsKt$defaultConstructorMarker$2: loaded 2 times (x 78B)
Class io.netty.channel.ChannelHandlerMask$2                                           : loaded 2 times (x 75B)
Class kotlin.coroutines.jvm.internal.DebugMetadata                                    : loaded 2 times (x 70B)
Class kotlin.collections.builders.MapBuilder$EntriesItr                               : loaded 2 times (x 81B)
Class io.opentelemetry.sdk.trace.SpanProcessor                                        : loaded 2 times (x 70B)
Class kotlinx.coroutines.intrinsics.UndispatchedKt                                    : loaded 2 times (x 71B)
Class com.fasterxml.jackson.core.io.NumberInput                                       : loaded 2 times (x 71B)
Class org.apache.http.conn.EofSensorWatcher                                           : loaded 2 times (x 70B)
Class org.apache.http.client.protocol.ResponseProcessCookies                          : loaded 2 times (x 76B)
Class org.apache.http.NameValuePair                                                   : loaded 2 times (x 70B)
Class org.apache.http.pool.ConnFactory                                                : loaded 2 times (x 70B)
Class kotlinx.coroutines.scheduling.CoroutineScheduler$WorkerState                    : loaded 2 times (x 79B)
Class kotlin.jvm.internal.markers.KMutableMap                                         : loaded 2 times (x 70B)
Class com.google.protobuf.DescriptorProtos$DescriptorProto$1                          : loaded 2 times (x 150B)
Class com.google.protobuf.Internal$EnumLite                                           : loaded 2 times (x 70B)
Class io.netty.handler.codec.http.HttpHeaderNames                                     : loaded 2 times (x 71B)
Class io.netty.handler.codec.http.HttpRequest                                         : loaded 2 times (x 70B)
Class io.netty.buffer.AbstractUnsafeSwappedByteBuf                                    : loaded 2 times (x 291B)
Class io.netty.buffer.PoolChunkList                                                   : loaded 2 times (x 84B)
Class io.netty.channel.MultithreadEventLoopGroup                                      : loaded 2 times (x 226B)
Class io.opentelemetry.api.metrics.DoubleHistogram                                    : loaded 2 times (x 70B)
Class io.netty.handler.codec.DecoderResult                                            : loaded 2 times (x 76B)
Class io.netty.handler.codec.DefaultHeaders$NameValidator$1                           : loaded 2 times (x 74B)
Class [Lcom.google.protobuf.Descriptors$EnumDescriptor;                               : loaded 2 times (x 69B)
Class org.apache.http.io.SessionOutputBuffer                                          : loaded 2 times (x 70B)
Class kotlin.text.DelimitedRangesSequence$iterator$1                                  : loaded 2 times (x 79B)
Class io.netty.handler.codec.http.LastHttpContent                                     : loaded 2 times (x 70B)
Class io.netty.channel.ChannelOutboundHandlerAdapter                                  : loaded 2 times (x 99B)
Class io.netty.channel.ChannelInboundHandler                                          : loaded 2 times (x 70B)
Class [Lorg.slf4j.helpers.Reporter$Level;                                             : loaded 2 times (x 69B)
Class io.opentelemetry.sdk.resources.AutoValue_Resource                               : loaded 2 times (x 77B)
Class com.fasterxml.jackson.databind.introspect.NopAnnotationIntrospector$1           : loaded 2 times (x 160B)
Class com.fasterxml.jackson.databind.cfg.DefaultCacheProvider                         : loaded 2 times (x 80B)
Class com.fasterxml.jackson.module.kotlin.KotlinNamesAnnotationIntrospector           : loaded 2 times (x 161B)
Class com.fasterxml.jackson.databind.util.TokenBuffer$Segment                         : loaded 2 times (x 73B)
Class com.fasterxml.jackson.databind.deser.impl.JDKValueInstantiators$HashSetInstantiator: loaded 2 times (x 108B)
Class io.netty.handler.codec.http.DefaultHttpHeaders                                  : loaded 2 times (x 123B)
Class io.netty.buffer.SimpleLeakAwareCompositeByteBuf                                 : loaded 2 times (x 405B)
Class io.opentelemetry.api.metrics.DefaultMeter$NoopLongHistogramBuilder              : loaded 2 times (x 81B)
Class [Lorg.h2.mvstore.Page$PageReference;                                            : loaded 2 times (x 69B)
Class kotlinx.coroutines.BlockingEventLoop                                            : loaded 2 times (x 117B)
Class org.apache.http.conn.ssl.SSLConnectionSocketFactory                             : loaded 2 times (x 83B)
Class kotlinx.coroutines.ThreadLocalEventLoop                                         : loaded 2 times (x 71B)
Class io.netty.util.concurrent.ProgressiveFuture                                      : loaded 2 times (x 70B)
Class io.netty.channel.AbstractChannelHandlerContext                                  : loaded 2 times (x 192B)
Class io.opentelemetry.api.metrics.DefaultMeter$NoopDoubleUpDownCounter               : loaded 2 times (x 79B)
Class io.netty.channel.ChannelHandlerMask$1                                           : loaded 2 times (x 75B)
Class io.netty.channel.ChannelDuplexHandler                                           : loaded 2 times (x 118B)
Class io.netty.channel.MaxMessagesRecvByteBufAllocator                                : loaded 2 times (x 70B)
Class com.fasterxml.jackson.module.kotlin.KotlinFeature$Companion                     : loaded 2 times (x 71B)
Class io.netty.channel.AdaptiveRecvByteBufAllocator                                   : loaded 2 times (x 83B)
Class io.netty.channel.RecvByteBufAllocator$Handle                                    : loaded 2 times (x 70B)
Class kotlinx.coroutines.Waiter                                                       : loaded 2 times (x 70B)
Class com.google.protobuf.Descriptors$FieldDescriptor                                 : loaded 2 times (x 88B)
Class com.google.protobuf.Descriptors$1                                               : loaded 2 times (x 71B)
Class org.apache.http.conn.ConnectionPoolTimeoutException                             : loaded 2 times (x 84B)
Class kotlinx.coroutines.flow.StateFlowImpl$collect$1                                 : loaded 2 times (x 88B)
Class kotlinx.coroutines.CompletionStateKt                                            : loaded 2 times (x 71B)
Class org.h2.mvstore.MVMap$BasicBuilder                                               : loaded 2 times (x 87B)
Class io.netty.channel.ChannelMetadata                                                : loaded 2 times (x 71B)
Class io.opentelemetry.api.metrics.DefaultMeter$NoopDoubleHistogram                   : loaded 2 times (x 79B)
Class io.opentelemetry.sdk.common.InstrumentationScopeInfoBuilder                     : loaded 2 times (x 72B)
Class io.netty.handler.codec.ValueConverter                                           : loaded 2 times (x 70B)
Class io.netty.handler.codec.http.EmptyHttpHeaders                                    : loaded 2 times (x 121B)
Class io.netty.buffer.WrappedCompositeByteBuf                                         : loaded 2 times (x 404B)
Class io.opentelemetry.sdk.OpenTelemetrySdk                                           : loaded 2 times (x 96B)
Class com.fasterxml.jackson.databind.deser.std.JsonNodeDeserializer$ArrayDeserializer : loaded 2 times (x 163B)
Class io.opentelemetry.api.metrics.DefaultMeter$NoopLongUpDownCounterBuilder$2        : loaded 2 times (x 78B)
Class io.opentelemetry.api.metrics.DefaultMeter$NoopLongGaugeBuilder                  : loaded 2 times (x 83B)
Class io.netty.util.NettyRuntime                                                      : loaded 2 times (x 71B)
Class io.netty.channel.DefaultMessageSizeEstimator$HandleImpl                         : loaded 2 times (x 74B)
Class kotlinx.coroutines.internal.LimitedDispatcherKt                                 : loaded 2 times (x 71B)
Class com.google.protobuf.DescriptorProtos$FieldOptions                               : loaded 2 times (x 194B)
Class org.apache.http.impl.client.CookieSpecRegistries                                : loaded 2 times (x 71B)
Class org.apache.http.auth.AuthScheme                                                 : loaded 2 times (x 70B)
Class org.apache.http.client.entity.DeflateInputStreamFactory                         : loaded 2 times (x 75B)
Class org.apache.http.client.NonRepeatableRequestException                            : loaded 2 times (x 82B)
Class org.apache.http.pool.ConnPoolControl                                            : loaded 2 times (x 70B)
Class kotlinx.coroutines.CancellableContinuationImpl                                  : loaded 2 times (x 128B)
Class [Lkotlinx.coroutines.flow.StateFlowSlot;                                        : loaded 2 times (x 69B)
Class kotlinx.coroutines.CoroutineDispatcher                                          : loaded 2 times (x 99B)
Class io.netty.buffer.PooledByteBufAllocator$PoolThreadLocalCache                     : loaded 2 times (x 76B)
Class io.netty.channel.nio.AbstractNioByteChannel$NioByteUnsafe                       : loaded 2 times (x 101B)
Class io.netty.channel.nio.AbstractNioChannel$NioUnsafe                               : loaded 2 times (x 70B)
Class io.netty.util.internal.PriorityQueue                                            : loaded 2 times (x 70B)
Class io.netty.handler.codec.http.EmptyHttpHeaders$InstanceInitializer                : loaded 2 times (x 71B)
Class com.fasterxml.jackson.databind.deser.impl.PropertyValue$Map                     : loaded 2 times (x 74B)
Class kotlin.io.FilesKt__FilePathComponentsKt                                         : loaded 2 times (x 71B)
Class com.fasterxml.jackson.databind.util.ArrayBuilders                               : loaded 2 times (x 72B)
Class kotlinx.coroutines.JobSupport$SelectOnAwaitCompletionHandler                    : loaded 2 times (x 90B)
Class org.apache.commons.logging.impl.WeakHashtable                                   : loaded 2 times (x 129B)
Class org.apache.commons.logging.impl.LogFactoryImpl                                  : loaded 2 times (x 86B)
Class com.google.protobuf.LazyFieldLite                                               : loaded 2 times (x 84B)
Class org.apache.http.message.BasicRequestLine                                        : loaded 2 times (x 80B)
Class kotlinx.coroutines.ResumeOnCompletion                                           : loaded 2 times (x 90B)
Class io.netty.handler.codec.http.HttpClientCodec                                     : loaded 2 times (x 124B)
Class io.netty.util.IllegalReferenceCountException                                    : loaded 2 times (x 82B)
Class com.fasterxml.jackson.databind.ser.std.StdArraySerializers$TypedPrimitiveArraySerializer: loaded 2 times (x 126B)
Class com.google.protobuf.CodedOutputStream                                           : loaded 2 times (x 109B)
Class io.netty.resolver.AddressResolverGroup                                          : loaded 2 times (x 81B)
Class com.fasterxml.jackson.module.kotlin.InternalCommonsKt                           : loaded 2 times (x 71B)
Class org.apache.http.impl.io.IdentityOutputStream                                    : loaded 2 times (x 86B)
Class io.opentelemetry.sdk.metrics.SdkMeterProviderBuilder                            : loaded 2 times (x 72B)
Class com.fasterxml.jackson.databind.ser.std.StdKeySerializers                        : loaded 2 times (x 71B)
Class io.netty.handler.codec.http.HttpObject                                          : loaded 2 times (x 70B)
Class io.opentelemetry.sdk.trace.SpanLimitsBuilder                                    : loaded 2 times (x 71B)
Class io.netty.handler.codec.http.DefaultHttpHeaders$HeaderValueConverter             : loaded 2 times (x 130B)
Class [Lorg.apache.http.conn.ssl.DefaultHostnameVerifier$HostNameType;                : loaded 2 times (x 69B)
Class org.apache.http.impl.execchain.MainClientExec                                   : loaded 2 times (x 77B)
Class org.apache.http.HttpResponse                                                    : loaded 2 times (x 70B)
Class org.apache.http.concurrent.Cancellable                                          : loaded 2 times (x 70B)
Class org.apache.commons.logging.LogFactory                                           : loaded 2 times (x 78B)
Class org.apache.http.conn.util.PublicSuffixMatcherLoader                             : loaded 2 times (x 71B)
Class kotlinx.coroutines.sync.Semaphore                                               : loaded 2 times (x 70B)
Class kotlinx.coroutines.NonDisposableHandle                                          : loaded 2 times (x 78B)
Class kotlinx.coroutines.SupervisorJobImpl                                            : loaded 2 times (x 138B)
Class io.netty.util.concurrent.MultithreadEventExecutorGroup                          : loaded 2 times (x 185B)
Class io.netty.util.CharsetUtil                                                       : loaded 2 times (x 71B)
Class io.opentelemetry.api.metrics.ObservableLongUpDownCounter                        : loaded 2 times (x 70B)
Class io.netty.handler.codec.DefaultHeaders$HeaderEntry                               : loaded 2 times (x 80B)
Class io.netty.util.internal.UnpaddedInternalThreadLocalMap                           : loaded 2 times (x 71B)
Class io.opentelemetry.api.metrics.DefaultMeter$NoopLongUpDownCounterBuilder$1        : loaded 2 times (x 79B)
Class io.opentelemetry.api.trace.SpanContext                                          : loaded 2 times (x 70B)
Class io.netty.util.internal.ThreadExecutorMap$3                                      : loaded 2 times (x 75B)
Class io.netty.buffer.PooledDirectByteBuf                                             : loaded 2 times (x 311B)
Class io.opentelemetry.sdk.trace.SpanLimits                                           : loaded 2 times (x 78B)
Class com.fasterxml.jackson.core.json.JsonReadContext                                 : loaded 2 times (x 84B)
Class org.apache.http.impl.execchain.ResponseEntityProxy                              : loaded 2 times (x 101B)
Class [Lcom.google.protobuf.Descriptors$FieldDescriptor$Type;                         : loaded 2 times (x 69B)
Class com.google.protobuf.SmallSortedMap$EmptySet                                     : loaded 2 times (x 71B)
Class com.google.protobuf.ByteString$2                                                : loaded 2 times (x 89B)
Class org.apache.http.impl.cookie.RFC6265CookieSpecProvider$CompatibilityLevel        : loaded 2 times (x 79B)
Class org.apache.http.impl.auth.NTLMSchemeFactory                                     : loaded 2 times (x 79B)
Class org.apache.http.conn.ssl.StrictHostnameVerifier                                 : loaded 2 times (x 81B)
Class [Lorg.apache.http.conn.util.DomainType;                                         : loaded 2 times (x 69B)
Class kotlinx.coroutines.scheduling.WorkQueue                                         : loaded 2 times (x 72B)
Class io.netty.handler.codec.http.HttpResponseDecoder                                 : loaded 2 times (x 125B)
Class io.netty.handler.codec.http.HttpObjectDecoder                                   : loaded 2 times (x 125B)
Class [Lio.netty.buffer.PoolSubpageMetric;                                            : loaded 2 times (x 69B)
Class io.netty.bootstrap.ChannelFactory                                               : loaded 2 times (x 70B)
Class io.netty.util.concurrent.RejectedExecutionHandler                               : loaded 2 times (x 70B)
Class io.netty.util.NetUtil                                                           : loaded 2 times (x 71B)
Class io.opentelemetry.api.metrics.DefaultMeter$NoopDoubleCounter                     : loaded 2 times (x 79B)
Class io.opentelemetry.sdk.logs.AutoValue_LogLimits                                   : loaded 2 times (x 74B)
Class io.netty.buffer.UnpooledByteBufAllocator$InstrumentedUnpooledUnsafeNoCleanerDirectByteBuf: loaded 2 times (x 317B)
Class io.netty.buffer.AbstractByteBuf                                                 : loaded 2 times (x 304B)
Class io.netty.handler.codec.http.HttpScheme                                          : loaded 2 times (x 72B)
Class io.netty.buffer.AbstractUnpooledSlicedByteBuf                                   : loaded 2 times (x 315B)
Class io.netty.buffer.SwappedByteBuf                                                  : loaded 2 times (x 284B)
Class com.fasterxml.jackson.databind.module.SimpleAbstractTypeResolver                : loaded 2 times (x 76B)
Class kotlinx.coroutines.scheduling.GlobalQueue                                       : loaded 2 times (x 72B)
Class kotlin.internal.jdk7.JDK7PlatformImplementations                                : loaded 2 times (x 75B)
Class [Lio.opentelemetry.sdk.trace.samplers.Sampler;                                  : loaded 2 times (x 69B)
Class kotlin.io.CloseableKt                                                           : loaded 2 times (x 71B)
Class io.opentelemetry.sdk.metrics.internal.AutoValue_MeterConfig                     : loaded 2 times (x 72B)
Class kotlinx.coroutines.sync.Mutex                                                   : loaded 2 times (x 70B)
Class org.apache.http.Consts                                                          : loaded 2 times (x 71B)
Class com.google.protobuf.UnsafeUtil$1                                                : loaded 2 times (x 74B)
Class io.opentelemetry.api.internal.Utils                                             : loaded 2 times (x 71B)
Class [Lcom.google.common.collect.ImmutableEntry;                                     : loaded 2 times (x 69B)
Class org.apache.http.auth.AuthState                                                  : loaded 2 times (x 88B)
Class [Lcom.google.protobuf.ProtocolMessageEnum;                                      : loaded 2 times (x 69B)
Class com.google.protobuf.LazyStringArrayList                                         : loaded 2 times (x 314B)
Class org.apache.http.conn.routing.HttpRouteDirector                                  : loaded 2 times (x 70B)
Class org.apache.http.conn.routing.HttpRoutePlanner                                   : loaded 2 times (x 70B)
Class kotlinx.coroutines.scheduling.TaskImpl                                          : loaded 2 times (x 77B)
Class kotlinx.coroutines.CoroutineExceptionHandler                                    : loaded 2 times (x 70B)
Class kotlinx.coroutines.flow.StateFlowImpl                                           : loaded 2 times (x 104B)
Class kotlin.LazyKt__LazyJVMKt$WhenMappings                                           : loaded 2 times (x 71B)
Class io.netty.handler.codec.http.HttpObjectDecoder$State                             : loaded 2 times (x 79B)
Class io.netty.handler.codec.http.HttpMessageDecoderResult                            : loaded 2 times (x 76B)
Class io.netty.channel.DefaultChannelPipeline$1                                       : loaded 2 times (x 75B)
Class [Lio.netty.util.concurrent.EventExecutor;                                       : loaded 2 times (x 69B)
Class io.netty.util.concurrent.PromiseTask$SentinelRunnable                           : loaded 2 times (x 76B)
Class [Lio.netty.util.Attribute;                                                      : loaded 2 times (x 69B)
Class com.fasterxml.jackson.databind.json.JsonMapper                                  : loaded 2 times (x 340B)
Class io.opentelemetry.api.metrics.DefaultMeter$NoopDoubleHistogramBuilder            : loaded 2 times (x 83B)
Class io.netty.channel.Channel                                                        : loaded 2 times (x 70B)
Class [Lcom.google.protobuf.Descriptors$FieldDescriptor$JavaType;                     : loaded 2 times (x 69B)
Class org.apache.http.client.methods.AbstractExecutionAwareRequest                    : loaded 2 times (x 128B)
Class io.opentelemetry.sdk.metrics.internal.debug.NoSourceInfo                        : loaded 2 times (x 83B)
Class io.opentelemetry.sdk.trace.SdkTracerProvider                                    : loaded 2 times (x 83B)
Class com.fasterxml.jackson.module.kotlin.KotlinModule$Companion                      : loaded 2 times (x 71B)
Class com.fasterxml.jackson.module.kotlin.KotlinModule                                : loaded 2 times (x 102B)
Class io.netty.handler.codec.http.HttpHeaders                                         : loaded 2 times (x 121B)
Class com.fasterxml.jackson.core.util.BufferRecycler$Gettable                         : loaded 2 times (x 70B)
Class org.apache.http.impl.auth.HttpAuthenticator$1                                   : loaded 2 times (x 71B)
Class org.apache.http.message.ParserCursor                                            : loaded 2 times (x 76B)
Class com.google.protobuf.UninitializedMessageException                               : loaded 2 times (x 84B)
Class kotlin.jvm.internal.ArrayIterator                                               : loaded 2 times (x 79B)
Class kotlinx.coroutines.CoroutineContextKt                                           : loaded 2 times (x 71B)
Class kotlin.LazyThreadSafetyMode                                                     : loaded 2 times (x 79B)
Class io.netty.handler.codec.DefaultHeaders$NameValidator                             : loaded 2 times (x 70B)
Class io.opentelemetry.sdk.common.CompletableResultCode                               : loaded 2 times (x 72B)
Class io.netty.handler.codec.http.HttpResponseStatus                                  : loaded 2 times (x 82B)
Class io.netty.buffer.PoolSubpageMetric                                               : loaded 2 times (x 70B)
Class io.netty.util.concurrent.EventExecutorChooserFactory                            : loaded 2 times (x 70B)
Class io.netty.util.internal.ThreadExecutorMap$2                                      : loaded 2 times (x 75B)
Class io.netty.channel.VoidChannelPromise$1                                           : loaded 2 times (x 79B)
Class kotlinx.coroutines.StandaloneCoroutine                                          : loaded 2 times (x 143B)
Class org.apache.commons.logging.impl.LogFactoryImpl$2                                : loaded 2 times (x 75B)
Class org.apache.http.RequestLine                                                     : loaded 2 times (x 70B)
Class com.fasterxml.jackson.core.ErrorReportConfiguration                             : loaded 2 times (x 74B)
Class io.opentelemetry.sdk.trace.samplers.ParentBasedSamplerBuilder                   : loaded 2 times (x 72B)
Class io.opentelemetry.sdk.metrics.internal.view.AttributesProcessor                  : loaded 2 times (x 74B)
Class com.google.protobuf.DescriptorProtos$SourceCodeInfoOrBuilder                    : loaded 2 times (x 70B)
Class org.apache.http.impl.HttpConnectionMetricsImpl                                  : loaded 2 times (x 90B)
Class [Lorg.slf4j.helpers.Reporter$TargetChoice;                                      : loaded 2 times (x 69B)
Class kotlin.sequences.TransformingSequence$iterator$1                                : loaded 2 times (x 79B)
Class com.google.common.collect.AbstractMapEntry                                      : loaded 2 times (x 81B)
Class io.opentelemetry.sdk.internal.ScopeConfigurator                                 : loaded 2 times (x 70B)
Class org.apache.http.impl.cookie.BasicSecureHandler                                  : loaded 2 times (x 83B)
Class com.google.protobuf.Descriptors$ServiceDescriptor                               : loaded 2 times (x 76B)
Class org.apache.http.pool.AbstractConnPool$1                                         : loaded 2 times (x 86B)
Class org.apache.http.conn.DnsResolver                                                : loaded 2 times (x 70B)
Class kotlinx.coroutines.internal.DispatchedContinuation                              : loaded 2 times (x 90B)
Class kotlinx.coroutines.internal.Symbol                                              : loaded 2 times (x 72B)
Class com.fasterxml.jackson.databind.deser.Deserializers$Base                         : loaded 2 times (x 93B)
Class io.netty.util.AttributeKey                                                      : loaded 2 times (x 80B)
Class io.netty.util.ResourceLeakDetector$Level                                        : loaded 2 times (x 79B)
Class com.google.gson.internal.$Gson$Types                                            : loaded 2 times (x 71B)
Class io.netty.util.internal.LongAdderCounter                                         : loaded 2 times (x 90B)
Class [Lio.netty.channel.ChannelHandler;                                              : loaded 2 times (x 69B)
Class io.netty.channel.DefaultChannelPromise                                          : loaded 2 times (x 306B)
Class io.netty.util.concurrent.DefaultThreadFactory                                   : loaded 2 times (x 77B)
Class io.netty.util.concurrent.AbstractScheduledEventExecutor$1                       : loaded 2 times (x 89B)
Class io.netty.channel.ChannelOption$1                                                : loaded 2 times (x 77B)
Class com.fasterxml.jackson.databind.ser.std.StdKeySerializer                         : loaded 2 times (x 114B)
Class com.fasterxml.jackson.databind.ser.impl.PropertySerializerMap$TypeAndSerializer : loaded 2 times (x 72B)
Class io.netty.util.internal.SocketUtils$11                                           : loaded 2 times (x 75B)
Class io.netty.channel.ChannelException                                               : loaded 2 times (x 82B)
Class io.netty.util.internal.ThreadExecutorMap$1                                      : loaded 2 times (x 75B)
Class io.netty.util.concurrent.DefaultEventExecutorChooserFactory$GenericEventExecutorChooser: loaded 2 times (x 75B)
Class io.netty.util.concurrent.FastThreadLocalRunnable                                : loaded 2 times (x 75B)
Class io.netty.channel.DefaultChannelPipeline$AddStrategy                             : loaded 2 times (x 79B)
Class kotlinx.coroutines.scheduling.NanoTimeSource                                    : loaded 2 times (x 72B)
Class io.opentelemetry.sdk.metrics.internal.view.AttributesProcessor$AppendingAttributesProcessor: loaded 2 times (x 75B)
Class com.fasterxml.jackson.databind.cfg.CacheProvider                                : loaded 2 times (x 70B)
Class io.opentelemetry.context.propagation.TextMapPropagator                          : loaded 2 times (x 70B)
Class kotlinx.coroutines.CompletedContinuation                                        : loaded 2 times (x 72B)
Class org.h2.mvstore.SFChunk                                                          : loaded 2 times (x 87B)
Class kotlin.sequences.SequencesKt__SequencesJVMKt                                    : loaded 2 times (x 71B)
Class org.apache.http.config.MessageConstraints$Builder                               : loaded 2 times (x 74B)
Class org.apache.http.pool.AbstractConnPool$2                                         : loaded 2 times (x 92B)
Class [Lorg.apache.http.conn.routing.RouteInfo$LayerType;                             : loaded 2 times (x 69B)
Class com.google.protobuf.Descriptors$DescriptorPool                                  : loaded 2 times (x 72B)
Class com.google.protobuf.DescriptorProtos$MessageOptionsOrBuilder                    : loaded 2 times (x 70B)
Class com.google.protobuf.Internal$LongList                                           : loaded 2 times (x 70B)
Class org.apache.http.cookie.CookieIdentityComparator                                 : loaded 2 times (x 91B)
Class org.apache.http.cookie.CookieSpecProvider                                       : loaded 2 times (x 70B)
Class com.google.gson.JsonDeserializer                                                : loaded 2 times (x 70B)
Class org.apache.http.client.AuthenticationStrategy                                   : loaded 2 times (x 70B)
Class io.netty.buffer.ByteBufUtil                                                     : loaded 2 times (x 71B)
Class io.netty.channel.socket.DuplexChannel                                           : loaded 2 times (x 70B)
Class io.netty.util.concurrent.AbstractScheduledEventExecutor$2                       : loaded 2 times (x 74B)
Class io.netty.util.concurrent.OrderedEventExecutor                                   : loaded 2 times (x 70B)
Class io.opentelemetry.api.metrics.DefaultMeter$NoopLongCounterBuilder                : loaded 2 times (x 85B)
Class io.opentelemetry.api.metrics.ObservableLongMeasurement                          : loaded 2 times (x 70B)
Class io.opentelemetry.context.ArrayBasedContext                                      : loaded 2 times (x 100B)
Class [Lcom.fasterxml.jackson.databind.JsonNode;                                      : loaded 2 times (x 69B)
Class org.apache.commons.logging.impl.LogFactoryImpl$1                                : loaded 2 times (x 74B)
Class org.apache.http.config.RegistryBuilder                                          : loaded 2 times (x 72B)
Class org.apache.http.impl.conn.DefaultHttpClientConnectionOperator                   : loaded 2 times (x 78B)
Class org.apache.http.conn.HttpConnectionFactory                                      : loaded 2 times (x 70B)
Class org.apache.http.impl.EnglishReasonPhraseCatalog                                 : loaded 2 times (x 75B)
Class io.opentelemetry.sdk.metrics.internal.aggregator.AggregatorFactory              : loaded 2 times (x 70B)
Class org.apache.http.client.protocol.RequestAuthCache                                : loaded 2 times (x 76B)
Class kotlinx.coroutines.BuildersKt__BuildersKt                                       : loaded 2 times (x 71B)
Class org.h2.mvstore.Page$PageReference                                               : loaded 2 times (x 72B)
Class com.google.protobuf.ByteString$ByteIterator                                     : loaded 2 times (x 70B)
Class org.apache.http.impl.conn.LoggingInputStream                                    : loaded 2 times (x 92B)
Class com.google.protobuf.InvalidProtocolBufferException                              : loaded 2 times (x 85B)
Class org.apache.http.auth.AuthSchemeFactory                                          : loaded 2 times (x 70B)
Class kotlinx.coroutines.Delay$DefaultImpls                                           : loaded 2 times (x 71B)
Class kotlinx.coroutines.EventLoopKt                                                  : loaded 2 times (x 71B)
Class org.apache.http.client.entity.DeflateInputStream                                : loaded 2 times (x 92B)
Class org.apache.http.impl.conn.CPool                                                 : loaded 2 times (x 115B)
Class org.apache.http.impl.client.HttpClientBuilder                                   : loaded 2 times (x 77B)
Class kotlin.text.Regex                                                               : loaded 2 times (x 72B)
Class kotlin.collections.ArrayAsCollection                                            : loaded 2 times (x 105B)
Class com.google.protobuf.DescriptorProtos$FieldDescriptorProtoOrBuilder              : loaded 2 times (x 70B)
Class com.google.protobuf.DescriptorProtos$FieldDescriptorProto                       : loaded 2 times (x 182B)
Class io.netty.handler.codec.http.TooLongHttpHeaderException                          : loaded 2 times (x 82B)
Class io.netty.buffer.UnpooledDuplicatedByteBuf                                       : loaded 2 times (x 314B)
Class [Lio.netty.handler.codec.http.HttpObjectDecoder$State;                          : loaded 2 times (x 69B)
Class io.netty.handler.codec.ByteToMessageDecoder                                     : loaded 2 times (x 112B)
Class org.h2.mvstore.MVMap$DecisionMaker$1                                            : loaded 2 times (x 75B)
Class io.opentelemetry.api.metrics.ObservableLongGauge                                : loaded 2 times (x 70B)
Class org.apache.http.message.BasicHeaderElementIterator                              : loaded 2 times (x 87B)
Class org.apache.http.util.EntityUtils                                                : loaded 2 times (x 71B)
Class io.opentelemetry.api.metrics.MeterBuilder                                       : loaded 2 times (x 70B)
Class com.google.common.collect.UnmodifiableIterator                                  : loaded 2 times (x 80B)
Class io.opentelemetry.api.common.AttributesBuilder                                   : loaded 2 times (x 70B)
Class io.opentelemetry.api.common.AttributeType                                       : loaded 2 times (x 79B)
Class org.slf4j.helpers.NamedLoggerBase                                               : loaded 2 times (x 213B)
Class io.opentelemetry.sdk.resources.Resource                                         : loaded 2 times (x 76B)
Class com.google.protobuf.Extension                                                   : loaded 2 times (x 85B)
Class org.apache.http.impl.client.BasicCredentialsProvider                            : loaded 2 times (x 80B)
Class org.apache.http.impl.client.BasicCookieStore                                    : loaded 2 times (x 83B)
Class org.apache.http.pool.PoolEntry                                                  : loaded 2 times (x 87B)
Class com.google.protobuf.MessageOrBuilder                                            : loaded 2 times (x 70B)
Class kotlin.internal.jdk8.JDK8PlatformImplementations                                : loaded 2 times (x 75B)
Class kotlin.jvm.internal.Ref$ObjectRef                                               : loaded 2 times (x 72B)
Class io.opentelemetry.context.propagation.DefaultContextPropagators                  : loaded 2 times (x 75B)
Class io.opentelemetry.sdk.metrics.internal.view.AttributesProcessor$AttributeKeyFilteringProcessor: loaded 2 times (x 75B)
Class io.netty.channel.ChannelPipelineException                                       : loaded 2 times (x 82B)
Class org.h2.mvstore.MVMap$DecisionMaker$2                                            : loaded 2 times (x 75B)
Class [Lcom.fasterxml.jackson.core.TreeNode;                                          : loaded 2 times (x 69B)
Class io.netty.handler.codec.http.HttpClientUpgradeHandler$SourceCodec                : loaded 2 times (x 70B)
Class io.netty.buffer.AbstractDerivedByteBuf                                          : loaded 2 times (x 312B)
Class [Lcom.fasterxml.jackson.databind.JsonSerializable;                              : loaded 2 times (x 69B)
Class io.opentelemetry.context.ContextStorageWrappers                                 : loaded 2 times (x 71B)
Class io.opentelemetry.api.trace.SpanId                                               : loaded 2 times (x 71B)
Class org.h2.mvstore.cache.CacheLongKeyLIRS$Entry                                     : loaded 2 times (x 75B)
Class kotlin.sequences.SequencesKt__SequencesKt                                       : loaded 2 times (x 71B)
Class [Lorg.apache.http.cookie.CommonCookieAttributeHandler;                          : loaded 2 times (x 69B)
Class org.apache.http.client.CircularRedirectException                                : loaded 2 times (x 82B)
Class kotlinx.coroutines.flow.SubscribedFlowCollector                                 : loaded 2 times (x 75B)
Class kotlin.coroutines.CoroutineContext$Element$DefaultImpls                         : loaded 2 times (x 71B)
Class kotlinx.coroutines.Job$DefaultImpls                                             : loaded 2 times (x 71B)
Class kotlin.collections.SetsKt___SetsKt                                              : loaded 2 times (x 71B)
Class kotlin.comparisons.ComparisonsKt__ComparisonsKt                                 : loaded 2 times (x 71B)
Class io.netty.util.internal.ThreadExecutorMap                                        : loaded 2 times (x 71B)
Class io.netty.channel.DefaultChannelPipeline$7                                       : loaded 2 times (x 71B)
Class io.netty.channel.DefaultMessageSizeEstimator                                    : loaded 2 times (x 75B)
Class org.h2.mvstore.MVMap$DecisionMaker$3                                            : loaded 2 times (x 75B)
Class io.opentelemetry.api.metrics.DefaultMeter                                       : loaded 2 times (x 83B)
Class io.netty.channel.nio.AbstractNioChannel                                         : loaded 2 times (x 196B)
Class kotlin.comparisons.ComparisonsKt___ComparisonsJvmKt                             : loaded 2 times (x 71B)
Class com.google.gson.GsonBuilder                                                     : loaded 2 times (x 72B)
Class com.google.gson.JsonSerializer                                                  : loaded 2 times (x 70B)
Class kotlinx.coroutines.scheduling.CoroutineScheduler$Companion                      : loaded 2 times (x 71B)
Class com.fasterxml.jackson.core.util.Separators$Spacing                              : loaded 2 times (x 79B)
Class io.opentelemetry.sdk.metrics.internal.state.MeterProviderSharedState            : loaded 2 times (x 75B)
Class [Lio.opentelemetry.api.common.AttributeType;                                    : loaded 2 times (x 69B)
Class org.h2.util.StringUtils                                                         : loaded 2 times (x 71B)
Class org.apache.http.params.HttpParamsNames                                          : loaded 2 times (x 70B)
Class com.google.protobuf.Utf8$Processor                                              : loaded 2 times (x 77B)
Class com.google.protobuf.Reader                                                      : loaded 2 times (x 70B)
Class org.apache.http.impl.auth.KerberosSchemeFactory                                 : loaded 2 times (x 81B)
Class org.apache.http.io.HttpMessageWriter                                            : loaded 2 times (x 70B)
Class org.apache.http.conn.SchemePortResolver                                         : loaded 2 times (x 70B)
Class kotlin.comparisons.ComparisonsKt                                                : loaded 2 times (x 71B)
Class kotlin.comparisons.ComparisonsKt___ComparisonsKt                                : loaded 2 times (x 71B)
Class [Lcom.google.gson.Strictness;                                                   : loaded 2 times (x 69B)
Class org.apache.http.ConnectionReuseStrategy                                         : loaded 2 times (x 70B)
Class org.h2.mvstore.MVMap$DecisionMaker$4                                            : loaded 2 times (x 75B)
Class [Lio.opentelemetry.context.ThreadLocalContextStorage;                           : loaded 2 times (x 69B)
Class com.fasterxml.jackson.module.kotlin.KotlinValueInstantiator                     : loaded 2 times (x 122B)
Class org.apache.http.pool.RouteSpecificPool                                          : loaded 2 times (x 86B)
Class io.netty.util.AsciiString$1                                                     : loaded 2 times (x 75B)
Class io.netty.util.internal.PlatformDependent                                        : loaded 2 times (x 71B)
Class org.apache.http.conn.routing.RouteInfo                                          : loaded 2 times (x 70B)
Class io.opentelemetry.sdk.metrics.InstrumentSelectorBuilder                          : loaded 2 times (x 72B)
Class kotlinx.coroutines.DispatchedCoroutine                                          : loaded 2 times (x 147B)
Class com.google.common.collect.ImmutableSet                                          : loaded 2 times (x 147B)
Class org.apache.http.config.MessageConstraints                                       : loaded 2 times (x 74B)
Class org.apache.http.client.utils.URIBuilder                                         : loaded 2 times (x 105B)
Class [Lcom.google.protobuf.WireFormat$FieldType;                                     : loaded 2 times (x 69B)
Class com.google.protobuf.AbstractMessage$BuilderParent                               : loaded 2 times (x 70B)
Class org.apache.http.impl.client.DefaultRedirectStrategy                             : loaded 2 times (x 81B)
Class org.apache.http.impl.conn.ConnectionShutdownException                           : loaded 2 times (x 82B)
Class org.apache.http.conn.ConnectionKeepAliveStrategy                                : loaded 2 times (x 70B)
Class kotlinx.coroutines.EventLoopImplBase$DelayedRunnableTask                        : loaded 2 times (x 94B)
Class kotlinx.coroutines.TimeoutCancellationException                                 : loaded 2 times (x 85B)
Class kotlinx.coroutines.CompletableJob                                               : loaded 2 times (x 70B)
Class com.google.gson.JsonDeserializationContext                                      : loaded 2 times (x 70B)
Class org.apache.http.impl.client.HttpClientBuilder$2                                 : loaded 2 times (x 79B)
Class com.google.protobuf.GeneratedMessage$GeneratedExtension                         : loaded 2 times (x 87B)
Class com.google.protobuf.UnsafeUtil$MemoryAccessor                                   : loaded 2 times (x 89B)
Class io.netty.buffer.PooledUnsafeHeapByteBuf                                         : loaded 2 times (x 311B)
Class io.netty.channel.SucceededChannelFuture                                         : loaded 2 times (x 174B)
Class org.h2.mvstore.MVMap$DecisionMaker$5                                            : loaded 2 times (x 75B)
Class io.opentelemetry.api.metrics.DefaultMeter$NoopObservableDoubleMeasurement       : loaded 2 times (x 77B)
Class org.apache.http.ConnectionClosedException                                       : loaded 2 times (x 82B)
Class io.netty.buffer.EmptyByteBuf                                                    : loaded 2 times (x 284B)
Class io.netty.util.internal.TypeParameterMatcher                                     : loaded 2 times (x 72B)
Class io.netty.util.AsciiString$2                                                     : loaded 2 times (x 75B)
Class org.apache.http.message.BasicStatusLine                                         : loaded 2 times (x 80B)
Class io.opentelemetry.sdk.metrics.internal.export.RegisteredReader                   : loaded 2 times (x 76B)
Class org.h2.mvstore.RootReference                                                    : loaded 2 times (x 72B)
Class org.h2.mvstore.MVStore                                                          : loaded 2 times (x 155B)
Class com.fasterxml.jackson.databind.deser.impl.PropertyBasedCreator$CaseInsensitiveMap: loaded 2 times (x 136B)
Class com.fasterxml.jackson.core.io.UTF32Reader                                       : loaded 2 times (x 93B)
Class kotlin.text.DelimitedRangesSequence                                             : loaded 2 times (x 75B)
Class com.google.protobuf.ByteString                                                  : loaded 2 times (x 101B)
Class org.apache.http.client.protocol.ResponseContentEncoding                         : loaded 2 times (x 76B)
Class [Lorg.apache.http.HttpRequestInterceptor;                                       : loaded 2 times (x 69B)
Class kotlinx.coroutines.ExecutorCoroutineDispatcherImpl                              : loaded 2 times (x 112B)
Class kotlin.jvm.internal.markers.KMutableIterable                                    : loaded 2 times (x 70B)
Class kotlin.time.DurationKt                                                          : loaded 2 times (x 71B)
Class io.opentelemetry.api.metrics.LongHistogramBuilder                               : loaded 2 times (x 70B)
Class kotlin.collections.builders.AbstractMapBuilderEntrySet                          : loaded 2 times (x 144B)
Class kotlinx.coroutines.DisposableHandle                                             : loaded 2 times (x 70B)
Class io.netty.channel.ChannelHandlerMask$Skip                                        : loaded 2 times (x 70B)
Class io.opentelemetry.api.trace.Tracer                                               : loaded 2 times (x 70B)
Class com.fasterxml.jackson.databind.ser.std.StdArraySerializers$DoubleArraySerializer: loaded 2 times (x 129B)
Class io.netty.buffer.UnpooledUnsafeNoCleanerDirectByteBuf                            : loaded 2 times (x 317B)
Class kotlinx.coroutines.DisposeOnCancel                                              : loaded 2 times (x 77B)
Class com.fasterxml.jackson.databind.deser.impl.JDKValueInstantiators$TreeMapInstantiator: loaded 2 times (x 108B)
Class org.apache.http.impl.entity.LaxContentLengthStrategy                            : loaded 2 times (x 75B)
Class [Lorg.apache.http.impl.cookie.RFC6265CookieSpecProvider$CompatibilityLevel;     : loaded 2 times (x 69B)
Class org.h2.mvstore.Chunk                                                            : loaded 2 times (x 87B)
Class kotlin.sequences.SequencesKt___SequencesJvmKt                                   : loaded 2 times (x 71B)
Class com.fasterxml.jackson.databind.jsontype.TypeSerializer                          : loaded 2 times (x 95B)
Class org.apache.http.impl.execchain.HttpResponseProxy                                : loaded 2 times (x 139B)
Class org.apache.http.conn.ConnectionReleaseTrigger                                   : loaded 2 times (x 70B)
Class org.apache.http.impl.io.SessionOutputBufferImpl                                 : loaded 2 times (x 98B)
Class org.apache.http.util.ByteArrayBuffer                                            : loaded 2 times (x 72B)
Class org.apache.http.impl.cookie.DefaultCookieSpecProvider                           : loaded 2 times (x 76B)
Class org.apache.http.NoHttpResponseException                                         : loaded 2 times (x 82B)
Class org.apache.http.impl.client.DefaultConnectionKeepAliveStrategy                  : loaded 2 times (x 75B)
Class org.apache.http.util.Args                                                       : loaded 2 times (x 71B)
Class kotlinx.coroutines.scheduling.CoroutineScheduler$Worker                         : loaded 2 times (x 106B)
Class kotlinx.coroutines.CoroutineStart$WhenMappings                                  : loaded 2 times (x 71B)
Class com.google.protobuf.AbstractParser                                              : loaded 2 times (x 150B)
Class com.intellij.cwm.plugin.provisioner.ProvisionedCodeWithMeEnterpriseConfiguration: loaded 2 times (x 78B)
Class org.apache.http.params.AbstractHttpParams                                       : loaded 2 times (x 105B)
Class io.netty.handler.codec.http.HttpHeaderValidationUtil                            : loaded 2 times (x 71B)
Class io.opentelemetry.api.trace.ArrayBasedTraceState                                 : loaded 2 times (x 86B)
Class io.opentelemetry.context.ContextKey                                             : loaded 2 times (x 70B)
Class [Lcom.fasterxml.jackson.databind.node.ValueNode;                                : loaded 2 times (x 69B)
Class io.netty.handler.codec.Headers                                                  : loaded 2 times (x 70B)
Class [Lio.netty.util.AsciiString;                                                    : loaded 2 times (x 69B)
Class io.netty.util.internal.EmptyArrays                                              : loaded 2 times (x 71B)
Class org.apache.http.impl.io.HttpTransportMetricsImpl                                : loaded 2 times (x 79B)
Class [Lkotlin.annotation.AnnotationTarget;                                           : loaded 2 times (x 69B)
Class io.netty.channel.DefaultMaxMessagesRecvByteBufAllocator                         : loaded 2 times (x 82B)
Class io.netty.channel.ChannelInboundHandlerAdapter                                   : loaded 2 times (x 100B)
Class kotlin.text.Regex$Companion                                                     : loaded 2 times (x 71B)
Class org.apache.http.HttpMessage                                                     : loaded 2 times (x 70B)
Class org.apache.http.entity.ContentLengthStrategy                                    : loaded 2 times (x 70B)
Class [Lio.opentelemetry.sdk.trace.IdGenerator;                                       : loaded 2 times (x 69B)
Class [Lio.opentelemetry.sdk.metrics.internal.debug.NoSourceInfo;                     : loaded 2 times (x 69B)
Class org.apache.http.protocol.HttpProcessorBuilder                                   : loaded 2 times (x 85B)
Class org.apache.http.cookie.MalformedCookieException                                 : loaded 2 times (x 82B)
Class org.apache.http.conn.ManagedHttpClientConnection                                : loaded 2 times (x 70B)
Class org.apache.http.conn.util.PublicSuffixMatcher                                   : loaded 2 times (x 72B)
Class kotlinx.coroutines.sync.SemaphoreKt                                             : loaded 2 times (x 71B)
Class kotlin.random.AbstractPlatformRandom                                            : loaded 2 times (x 87B)
Class com.google.protobuf.ByteString$ByteArrayCopier                                  : loaded 2 times (x 70B)
Class io.netty.channel.nio.AbstractNioChannel$1                                       : loaded 2 times (x 76B)
Class io.netty.channel.ChannelPromise                                                 : loaded 2 times (x 70B)
Class io.netty.util.concurrent.GlobalEventExecutor                                    : loaded 2 times (x 278B)
Class com.google.protobuf.GeneratedMessageV3$ExtendableMessage                        : loaded 2 times (x 174B)
Class com.google.protobuf.GeneratedMessageV3$ExtendableBuilder                        : loaded 2 times (x 270B)
Class com.google.protobuf.WireFormat$FieldType                                        : loaded 2 times (x 83B)
Class org.h2.mvstore.MVStore$Builder                                                  : loaded 2 times (x 72B)
Class com.fasterxml.jackson.module.kotlin.KotlinModule$Builder$Companion              : loaded 2 times (x 71B)
Class io.netty.util.internal.MathUtil                                                 : loaded 2 times (x 71B)
Class [Lio.netty.util.ResourceLeakDetector$Level;                                     : loaded 2 times (x 69B)
Class org.h2.store.fs.FileUtils                                                       : loaded 2 times (x 71B)
Class com.fasterxml.jackson.core.json.UTF8StreamJsonParser                            : loaded 2 times (x 279B)
Class org.apache.http.conn.ssl.DefaultHostnameVerifier$HostNameType                   : loaded 2 times (x 79B)
Class org.apache.http.conn.routing.HttpRoute                                          : loaded 2 times (x 84B)
Class com.google.protobuf.IntArrayList                                                : loaded 2 times (x 262B)
Class com.google.protobuf.ExtensionRegistryLite                                       : loaded 2 times (x 74B)
Class org.apache.http.impl.cookie.BasicPathHandler                                    : loaded 2 times (x 83B)
Class org.apache.http.TokenIterator                                                   : loaded 2 times (x 70B)
Class kotlinx.coroutines.selects.SelectClause1                                        : loaded 2 times (x 70B)
Class kotlinx.coroutines.flow.FlowCollector                                           : loaded 2 times (x 70B)
Class io.opentelemetry.api.metrics.DefaultMeter$1                                     : loaded 2 times (x 78B)
Class io.netty.channel.EventLoop                                                      : loaded 2 times (x 70B)
Class io.netty.buffer.DuplicatedByteBuf                                               : loaded 2 times (x 313B)
Class io.netty.channel.DefaultChannelId                                               : loaded 2 times (x 79B)
Class [Lio.netty.util.internal.PriorityQueueNode;                                     : loaded 2 times (x 69B)
Class org.h2.mvstore.Page$IncompleteNonLeaf                                           : loaded 2 times (x 108B)
Class io.netty.util.ConstantPool                                                      : loaded 2 times (x 77B)
Class io.netty.util.concurrent.FailedFuture                                           : loaded 2 times (x 130B)
Class [Lio.netty.util.concurrent.EventExecutorGroup;                                  : loaded 2 times (x 69B)
Class io.netty.channel.nio.AbstractNioByteChannel$1                                   : loaded 2 times (x 76B)
Class io.netty.util.ResourceLeakDetectorFactory$DefaultResourceLeakDetectorFactory    : loaded 2 times (x 74B)
Class com.fasterxml.jackson.core.util.RecyclerPool                                    : loaded 2 times (x 70B)
Class kotlinx.coroutines.scheduling.DefaultIoScheduler                                : loaded 2 times (x 110B)
Class kotlinx.coroutines.internal.ContextScope                                        : loaded 2 times (x 75B)
Class io.opentelemetry.api.metrics.MeterProvider                                      : loaded 2 times (x 70B)
Class kotlinx.coroutines.DispatchedTask                                               : loaded 2 times (x 81B)
Class org.apache.http.impl.cookie.BasicDomainHandler                                  : loaded 2 times (x 83B)
Class org.apache.http.cookie.SetCookie                                                : loaded 2 times (x 70B)
Class org.apache.http.ProtocolVersion                                                 : loaded 2 times (x 75B)
Class kotlinx.coroutines.NodeList                                                     : loaded 2 times (x 79B)
Class kotlinx.coroutines.JobKt__JobKt                                                 : loaded 2 times (x 71B)
Class kotlinx.coroutines.CompletedExceptionally                                       : loaded 2 times (x 72B)
Class com.google.gson.InstanceCreator                                                 : loaded 2 times (x 70B)
Class kotlin.jvm.internal.markers.KMutableIterator                                    : loaded 2 times (x 70B)
Class [Lkotlinx.coroutines.scheduling.CoroutineScheduler$WorkerState;                 : loaded 2 times (x 69B)
Class kotlinx.coroutines.TimeoutKt                                                    : loaded 2 times (x 71B)
Class com.google.protobuf.MessageLiteOrBuilder                                        : loaded 2 times (x 70B)
Class io.netty.buffer.AbstractReferenceCountedByteBuf$1                               : loaded 2 times (x 74B)
Class io.netty.handler.codec.http.HttpStatusClass$1                                   : loaded 2 times (x 82B)
Class io.opentelemetry.api.trace.ArrayBasedTraceStateBuilder                          : loaded 2 times (x 77B)
Class io.opentelemetry.sdk.common.AutoValue_InstrumentationScopeInfo                  : loaded 2 times (x 76B)
Class io.netty.handler.codec.http.HttpMessage                                         : loaded 2 times (x 70B)
Class com.fasterxml.jackson.databind.ser.std.StdKeySerializers$StringKeySerializer    : loaded 2 times (x 114B)
Class org.apache.http.pool.ConnPool                                                   : loaded 2 times (x 70B)
Class org.apache.http.impl.conn.ManagedHttpClientConnectionFactory                    : loaded 2 times (x 77B)
Class com.google.protobuf.InvalidProtocolBufferException$InvalidWireTypeException     : loaded 2 times (x 85B)
Class com.google.protobuf.Internal$BooleanList                                        : loaded 2 times (x 70B)
Class com.google.protobuf.Internal$FloatList                                          : loaded 2 times (x 70B)
Class org.h2.util.MemoryEstimator                                                     : loaded 2 times (x 71B)
Class com.google.common.collect.ImmutableMap                                          : loaded 2 times (x 120B)
Class com.google.protobuf.WireFormat$JavaType                                         : loaded 2 times (x 79B)
Class com.google.protobuf.Utf8$SafeProcessor                                          : loaded 2 times (x 77B)
Class org.apache.http.conn.routing.BasicRouteDirector                                 : loaded 2 times (x 78B)
Class org.apache.http.auth.AuthenticationException                                    : loaded 2 times (x 82B)
Class org.apache.http.HttpResponseFactory                                             : loaded 2 times (x 70B)
Class kotlinx.coroutines.DeferredCoroutine                                            : loaded 2 times (x 152B)
Class org.apache.http.protocol.HTTP                                                   : loaded 2 times (x 71B)
Class org.apache.http.message.BasicHeaderIterator                                     : loaded 2 times (x 89B)
Class org.h2.mvstore.CursorPos                                                        : loaded 2 times (x 72B)
Class io.opentelemetry.api.internal.ConfigUtil                                        : loaded 2 times (x 71B)
Class io.netty.channel.nio.AbstractNioChannel$AbstractNioUnsafe                       : loaded 2 times (x 101B)
Class io.netty.channel.nio.AbstractNioByteChannel                                     : loaded 2 times (x 203B)
Class com.fasterxml.jackson.module.kotlin.BucketGenerator$Companion                   : loaded 2 times (x 71B)
Class io.netty.util.AbstractConstant                                                  : loaded 2 times (x 80B)
Class io.netty.channel.ChannelHandler                                                 : loaded 2 times (x 70B)
Class com.fasterxml.jackson.module.kotlin.KotlinAnnotationIntrospector$Companion$UNIT_TYPE$2: loaded 2 times (x 78B)
Class com.fasterxml.jackson.databind.ser.std.StdKeySerializers$Default                : loaded 2 times (x 114B)
Class com.fasterxml.jackson.databind.deser.impl.PropertyBasedCreator                  : loaded 2 times (x 72B)
Class io.netty.buffer.UnpooledByteBufAllocator$UnpooledByteBufAllocatorMetric         : loaded 2 times (x 76B)
Class io.opentelemetry.api.trace.TracerProvider                                       : loaded 2 times (x 70B)
Class io.opentelemetry.api.metrics.LongUpDownCounterBuilder                           : loaded 2 times (x 70B)
Class org.apache.http.impl.io.SessionInputBufferImpl                                  : loaded 2 times (x 101B)
Class org.apache.http.impl.io.IdentityInputStream                                     : loaded 2 times (x 92B)
Class org.apache.http.impl.cookie.PublicSuffixDomainFilter                            : loaded 2 times (x 84B)
Class org.apache.http.protocol.HttpCoreContext                                        : loaded 2 times (x 88B)
Class org.apache.http.StatusLine                                                      : loaded 2 times (x 70B)
Class kotlinx.coroutines.CoroutineStart                                               : loaded 2 times (x 79B)
Class kotlinx.coroutines.scheduling.UnlimitedIoScheduler                              : loaded 2 times (x 99B)
Class io.netty.channel.nio.SelectedSelectionKeySetSelector                            : loaded 2 times (x 90B)
Class io.netty.channel.AbstractChannel                                                : loaded 2 times (x 187B)
Class com.google.gson.TypeAdapter$1                                                   : loaded 2 times (x 74B)
Class io.netty.channel.ChannelProgressiveFuture                                       : loaded 2 times (x 70B)
Class kotlinx.coroutines.JobImpl                                                      : loaded 2 times (x 138B)
Class kotlinx.coroutines.internal.SystemPropsKt                                       : loaded 2 times (x 71B)
Class io.opentelemetry.api.trace.AutoValue_ArrayBasedTraceState                       : loaded 2 times (x 87B)
Class io.opentelemetry.sdk.trace.TracerSharedState                                    : loaded 2 times (x 72B)
Class io.netty.buffer.ByteBufAllocatorMetricProvider                                  : loaded 2 times (x 70B)
Class com.google.gson.internal.bind.JsonTreeWriter$1                                  : loaded 2 times (x 99B)
Class kotlinx.coroutines.selects.SelectInstanceInternal                               : loaded 2 times (x 70B)
Class org.apache.http.HeaderElementIterator                                           : loaded 2 times (x 70B)
Class org.apache.http.auth.MalformedChallengeException                                : loaded 2 times (x 82B)
Class io.opentelemetry.api.metrics.Meter                                              : loaded 2 times (x 70B)
Class [Lio.opentelemetry.sdk.metrics.internal.debug.SourceInfo;                       : loaded 2 times (x 69B)
Class com.google.protobuf.ExtensionRegistry                                           : loaded 2 times (x 87B)
Class com.google.protobuf.Utf8$UnpairedSurrogateException                             : loaded 2 times (x 82B)
Class [Lcom.google.common.collect.AbstractMapEntry;                                   : loaded 2 times (x 69B)
Class com.google.common.collect.ImmutableEntry                                        : loaded 2 times (x 82B)
Class org.apache.http.MessageConstraintException                                      : loaded 2 times (x 82B)
Class org.apache.http.client.methods.HttpRequestWrapper                               : loaded 2 times (x 126B)
Class com.google.protobuf.DescriptorProtos$MessageOptions$1                           : loaded 2 times (x 150B)
Class org.apache.http.conn.UnsupportedSchemeException                                 : loaded 2 times (x 82B)
Class kotlinx.coroutines.EventLoopImplBase                                            : loaded 2 times (x 117B)
Class kotlinx.coroutines.CoroutineId                                                  : loaded 2 times (x 93B)
Class kotlin.collections.EmptySet                                                     : loaded 2 times (x 122B)
Class org.apache.http.FormattedHeader                                                 : loaded 2 times (x 70B)
Class kotlin.annotation.AnnotationRetention                                           : loaded 2 times (x 79B)
Class com.fasterxml.jackson.module.kotlin.PackageVersion                              : loaded 2 times (x 74B)
Class [Lcom.fasterxml.jackson.databind.node.JsonNodeType;                             : loaded 2 times (x 69B)
Class io.netty.handler.codec.http.DefaultHttpMessage                                  : loaded 2 times (x 92B)
Class io.netty.channel.WriteBufferWaterMark                                           : loaded 2 times (x 71B)
Class io.netty.channel.ChannelProgressivePromise                                      : loaded 2 times (x 70B)
Class io.netty.util.concurrent.GlobalEventExecutor$1                                  : loaded 2 times (x 76B)
Class io.opentelemetry.api.trace.TraceState                                           : loaded 2 times (x 70B)
Class com.fasterxml.jackson.databind.ser.std.StdArraySerializers$FloatArraySerializer : loaded 2 times (x 129B)
Class com.fasterxml.jackson.databind.ser.std.StdArraySerializers$BooleanArraySerializer: loaded 2 times (x 129B)
Class com.fasterxml.jackson.databind.deser.impl.JDKValueInstantiators$LinkedListInstantiator: loaded 2 times (x 108B)
Class io.opentelemetry.api.metrics.LongCounterBuilder                                 : loaded 2 times (x 70B)
Class io.netty.util.AsciiString$CharEqualityComparator                                : loaded 2 times (x 70B)
Class io.opentelemetry.api.metrics.BatchCallback                                      : loaded 2 times (x 70B)
Class io.netty.util.concurrent.PromiseTask                                            : loaded 2 times (x 195B)
Class io.netty.channel.AbstractChannelHandlerContext$Tasks                            : loaded 2 times (x 72B)
Class io.netty.buffer.ByteBufUtil$2                                                   : loaded 2 times (x 74B)
Class kotlin.collections.builders.MapBuilderEntries                                   : loaded 2 times (x 145B)
Class io.opentelemetry.sdk.internal.ComponentRegistry                                 : loaded 2 times (x 72B)
Class org.slf4j.helpers.AbstractLogger                                                : loaded 2 times (x 215B)
Class org.h2.message.DbException                                                      : loaded 2 times (x 87B)
Class com.google.common.collect.CollectPreconditions                                  : loaded 2 times (x 71B)
Class [Lcom.google.protobuf.Descriptors$FileDescriptor;                               : loaded 2 times (x 69B)
Class org.apache.http.cookie.CookieAttributeHandler                                   : loaded 2 times (x 70B)
Class org.apache.http.HttpVersion                                                     : loaded 2 times (x 75B)
Class kotlinx.coroutines.JobSupport$onAwaitInternal$2                                 : loaded 2 times (x 125B)
Class kotlinx.coroutines.selects.SelectImplementation$ClauseData                      : loaded 2 times (x 72B)
Class com.google.gson.internal.bind.TypeAdapters$34$1                                 : loaded 2 times (x 74B)
Class kotlinx.coroutines.IncompleteStateBox                                           : loaded 2 times (x 72B)
Class org.apache.http.ReasonPhraseCatalog                                             : loaded 2 times (x 70B)
Class io.netty.handler.codec.http.HttpClientCodec$Encoder                             : loaded 2 times (x 108B)
Class io.netty.buffer.PoolArena                                                       : loaded 2 times (x 152B)
Class io.netty.channel.AbstractChannel$CloseFuture                                    : loaded 2 times (x 306B)
Class io.opentelemetry.api.metrics.DefaultMeter$NoopObservableLongMeasurement         : loaded 2 times (x 77B)
Class io.opentelemetry.api.metrics.ObservableDoubleUpDownCounter                      : loaded 2 times (x 70B)
Class io.opentelemetry.api.metrics.LongUpDownCounter                                  : loaded 2 times (x 70B)
Class io.opentelemetry.api.metrics.DoubleGaugeBuilder                                 : loaded 2 times (x 70B)
Class io.opentelemetry.context.LazyStorage                                            : loaded 2 times (x 71B)
Class io.netty.buffer.UnpooledHeapByteBuf                                             : loaded 2 times (x 309B)
Class com.google.protobuf.UnsafeUtil$Android64MemoryAccessor                          : loaded 2 times (x 89B)
Class com.fasterxml.jackson.module.kotlin.ReflectionCacheKt                           : loaded 2 times (x 71B)
Class org.apache.http.message.BasicHeader                                             : loaded 2 times (x 82B)
Class com.fasterxml.jackson.module.kotlin.KotlinSerializers                           : loaded 2 times (x 87B)
Class io.opentelemetry.sdk.metrics.SdkMeter                                           : loaded 2 times (x 79B)
Class org.apache.http.impl.io.ChunkedInputStream                                      : loaded 2 times (x 93B)
Class io.opentelemetry.sdk.metrics.InstrumentSelector                                 : loaded 2 times (x 77B)
Class com.fasterxml.jackson.databind.introspect.AnnotationCollector$TwoAnnotations    : loaded 2 times (x 82B)
Class org.h2.mvstore.SingleFileStore                                                  : loaded 2 times (x 146B)
Class org.apache.http.client.methods.HttpExecutionAware                               : loaded 2 times (x 70B)
Class com.google.protobuf.Internal$EnumLiteMap                                        : loaded 2 times (x 70B)
Class org.apache.http.conn.ssl.AllowAllHostnameVerifier                               : loaded 2 times (x 81B)
Class kotlin.io.FilesKt                                                               : loaded 2 times (x 71B)
Class kotlinx.coroutines.GlobalScope                                                  : loaded 2 times (x 74B)
Class [Lorg.slf4j.event.Level;                                                        : loaded 2 times (x 69B)
Class kotlinx.coroutines.DefaultExecutorKt                                            : loaded 2 times (x 71B)
Class kotlinx.coroutines.Unconfined                                                   : loaded 2 times (x 99B)
Class io.netty.handler.codec.MessageAggregator                                        : loaded 2 times (x 116B)
Class [Lkotlin.time.DurationUnit;                                                     : loaded 2 times (x 69B)
Class io.netty.buffer.ByteBufConvertible                                              : loaded 2 times (x 70B)
Class io.netty.handler.codec.http.HttpUtil                                            : loaded 2 times (x 71B)
Class io.opentelemetry.api.metrics.LongGaugeBuilder                                   : loaded 2 times (x 70B)
Class io.netty.handler.codec.http.LastHttpContent$1                                   : loaded 2 times (x 119B)
Class io.netty.channel.ChannelConfig                                                  : loaded 2 times (x 70B)
Class io.netty.handler.codec.CharSequenceValueConverter                               : loaded 2 times (x 130B)
Class [Lio.netty.util.DefaultAttributeMap$DefaultAttribute;                           : loaded 2 times (x 69B)
Class io.netty.util.concurrent.RejectedExecutionHandlers                              : loaded 2 times (x 71B)
Class io.netty.util.concurrent.BlockingOperationException                             : loaded 2 times (x 82B)
Class io.netty.resolver.DefaultAddressResolverGroup                                   : loaded 2 times (x 81B)
Class io.netty.buffer.ByteBufUtil$1                                                   : loaded 2 times (x 75B)
Class io.netty.buffer.PoolArena$HeapArena                                             : loaded 2 times (x 152B)
Class org.h2.mvstore.Cursor                                                           : loaded 2 times (x 80B)
Class com.google.protobuf.LazyStringList                                              : loaded 2 times (x 70B)
Class org.apache.http.protocol.RequestTargetHost                                      : loaded 2 times (x 75B)
Class org.apache.http.message.LineParser                                              : loaded 2 times (x 70B)
Class kotlinx.coroutines.internal.Segment                                             : loaded 2 times (x 75B)
Class kotlinx.coroutines.EventLoopImplBase$DelayedTask                                : loaded 2 times (x 94B)
Class kotlinx.coroutines.AbstractCoroutine                                            : loaded 2 times (x 143B)
Class io.netty.buffer.UnsafeDirectSwappedByteBuf                                      : loaded 2 times (x 291B)
Class kotlinx.coroutines.Delay                                                        : loaded 2 times (x 70B)
Class kotlin.collections.builders.MapBuilder$Companion                                : loaded 2 times (x 71B)
Class kotlinx.coroutines.ParentJob                                                    : loaded 2 times (x 70B)
Class kotlinx.coroutines.JobNode                                                      : loaded 2 times (x 90B)
Class kotlinx.coroutines.selects.SelectClause1Impl                                    : loaded 2 times (x 80B)
Class kotlinx.coroutines.JobSupport$onAwaitInternal$1                                 : loaded 2 times (x 125B)
Class io.netty.resolver.SimpleNameResolver                                            : loaded 2 times (x 91B)
Class io.netty.buffer.UnsafeHeapSwappedByteBuf                                        : loaded 2 times (x 291B)
Class io.netty.channel.ChannelId                                                      : loaded 2 times (x 70B)
Class io.opentelemetry.api.metrics.DefaultMeter$NoopLongUpDownCounter                 : loaded 2 times (x 79B)
Class io.netty.util.ResourceLeakDetector                                              : loaded 2 times (x 79B)
Class io.netty.handler.logging.ByteBufFormat                                          : loaded 2 times (x 79B)
Class com.fasterxml.jackson.module.kotlin.ClosedRangeMixin                            : loaded 2 times (x 79B)
Class com.fasterxml.jackson.module.kotlin.KotlinAnnotationIntrospector$Companion      : loaded 2 times (x 71B)
Class org.apache.http.HeaderIterator                                                  : loaded 2 times (x 70B)
Class org.apache.http.impl.auth.BasicSchemeFactory                                    : loaded 2 times (x 80B)
Class com.google.protobuf.TextFormat$InvalidEscapeSequenceException                   : loaded 2 times (x 82B)
Class [Lcom.google.protobuf.Descriptors$ServiceDescriptor;                            : loaded 2 times (x 69B)
Class org.apache.http.util.LangUtils                                                  : loaded 2 times (x 71B)
Class com.fasterxml.jackson.core.json.JsonParserBase                                  : loaded 2 times (x 263B)
Class org.apache.http.conn.ssl.SubjectName                                            : loaded 2 times (x 72B)
Class [Lkotlin.annotation.AnnotationRetention;                                        : loaded 2 times (x 69B)
Class org.apache.http.message.BufferedHeader                                          : loaded 2 times (x 88B)
Class com.google.protobuf.FieldSet                                                    : loaded 2 times (x 72B)
Class com.google.protobuf.GeneratedMessageV3$Builder                                  : loaded 2 times (x 244B)
Class org.apache.http.client.config.RequestConfig$Builder                             : loaded 2 times (x 91B)
Class org.apache.http.conn.ConnectionRequest                                          : loaded 2 times (x 70B)
Class kotlinx.coroutines.CancellableContinuation                                      : loaded 2 times (x 70B)
Class org.apache.http.conn.ssl.DefaultHostnameVerifier$1                              : loaded 2 times (x 71B)
Class org.h2.util.Utils                                                               : loaded 2 times (x 71B)
Class org.h2.mvstore.MVMap$DecisionMaker                                              : loaded 2 times (x 75B)
Class io.netty.handler.codec.http.HttpDecoderConfig                                   : loaded 2 times (x 72B)
Class io.netty.handler.codec.http.websocketx.WebSocketHandshakeException              : loaded 2 times (x 82B)
Class io.opentelemetry.sdk.trace.data.EventData                                       : loaded 2 times (x 70B)
Class io.netty.buffer.UnpooledByteBufAllocator$InstrumentedUnpooledUnsafeDirectByteBuf: loaded 2 times (x 316B)
Class io.opentelemetry.api.internal.ImmutableKeyValuePairs                            : loaded 2 times (x 73B)
Class com.fasterxml.jackson.databind.deser.std.BaseNodeDeserializer$ContainerStack    : loaded 2 times (x 72B)
Class io.netty.buffer.ReadOnlyByteBufferBuf                                           : loaded 2 times (x 309B)
Class com.fasterxml.jackson.module.kotlin.KotlinValueInstantiator$createFromObjectWith$1$valueDeserializer$2: loaded 2 times (x 79B)
Class [Lorg.h2.mvstore.MVMap$Decision;                                                : loaded 2 times (x 69B)
Class io.netty.channel.EventLoopGroup                                                 : loaded 2 times (x 70B)
Class io.netty.channel.FileRegion                                                     : loaded 2 times (x 70B)
Class io.netty.buffer.SizeClassesMetric                                               : loaded 2 times (x 70B)
Class kotlin.coroutines.ContinuationInterceptor$DefaultImpls                          : loaded 2 times (x 71B)
Class kotlinx.coroutines.internal.ThreadSafeHeapNode                                  : loaded 2 times (x 70B)
Class io.opentelemetry.sdk.metrics.internal.view.AttributesProcessor$BaggageAppendingAttributesProcessor: loaded 2 times (x 75B)
Class org.apache.http.impl.conn.PoolingHttpClientConnectionManager$ConfigData         : loaded 2 times (x 80B)
Class io.opentelemetry.sdk.metrics.internal.MeterConfig                               : loaded 2 times (x 72B)
Class io.opentelemetry.context.propagation.NoopTextMapPropagator                      : loaded 2 times (x 76B)
Class kotlin.annotation.MustBeDocumented                                              : loaded 2 times (x 70B)
Class com.fasterxml.jackson.databind.introspect.EnumNamingStrategyFactory             : loaded 2 times (x 71B)
Class com.google.protobuf.Android                                                     : loaded 2 times (x 71B)
Class com.google.protobuf.Descriptors$DescriptorValidationException                   : loaded 2 times (x 85B)
Class org.apache.http.impl.client.AuthenticationStrategyImpl                          : loaded 2 times (x 86B)
Class org.apache.commons.logging.impl.WeakHashtable$WeakKey                           : loaded 2 times (x 80B)
Class org.apache.http.client.methods.Configurable                                     : loaded 2 times (x 70B)
Class kotlinx.coroutines.sync.MutexImpl                                               : loaded 2 times (x 98B)
Class kotlinx.coroutines.CancellableContinuationKt                                    : loaded 2 times (x 71B)
Class [Lkotlin.LazyThreadSafetyMode;                                                  : loaded 2 times (x 69B)
Class org.apache.http.HttpConnection                                                  : loaded 2 times (x 70B)
Class org.apache.http.io.HttpMessageParser                                            : loaded 2 times (x 70B)
Class kotlin.jvm.internal.markers.KMutableCollection                                  : loaded 2 times (x 70B)
Class org.apache.http.protocol.ImmutableHttpProcessor                                 : loaded 2 times (x 80B)
Class com.google.gson.internal.bind.TypeAdapters$EnumTypeAdapter                      : loaded 2 times (x 74B)
Class com.google.gson.internal.bind.TypeAdapters$28                                   : loaded 2 times (x 75B)
Class com.google.protobuf.AbstractMessage                                             : loaded 2 times (x 141B)
Class io.netty.handler.codec.http.HttpObjectDecoder$HeaderParser                      : loaded 2 times (x 75B)
Class io.netty.buffer.PoolChunkListMetric                                             : loaded 2 times (x 70B)
Class io.netty.buffer.PoolSubpage                                                     : loaded 2 times (x 78B)
Class io.netty.channel.DefaultChannelPipeline$PendingHandlerAddedTask                 : loaded 2 times (x 77B)
Class io.netty.util.concurrent.RejectedExecutionHandlers$1                            : loaded 2 times (x 74B)
Class io.netty.util.NetUtil$SoMaxConnAction                                           : loaded 2 times (x 74B)
Class io.opentelemetry.api.metrics.DefaultMeter$NoopDoubleCounterBuilder$1            : loaded 2 times (x 78B)
Class io.netty.util.internal.TypeParameterMatcher$1                                   : loaded 2 times (x 72B)
Class com.fasterxml.jackson.databind.introspect.POJOPropertiesCollector$1             : loaded 2 times (x 71B)
Class io.netty.util.internal.PlatformDependent0                                       : loaded 2 times (x 71B)
Class com.fasterxml.jackson.module.kotlin.KotlinKeyDeserializers                      : loaded 2 times (x 75B)
Class com.google.protobuf.DescriptorProtos$DescriptorProto                            : loaded 2 times (x 201B)
Class org.apache.http.HttpEntityEnclosingRequest                                      : loaded 2 times (x 70B)
Class org.apache.http.impl.execchain.ConnectionHolder                                 : loaded 2 times (x 95B)
Class org.h2.mvstore.type.StringDataType                                              : loaded 2 times (x 115B)
Class org.h2.util.IOUtils                                                             : loaded 2 times (x 71B)
Class org.slf4j.helpers.NOPLogger                                                     : loaded 2 times (x 213B)
Class org.apache.http.client.utils.URIUtils$UriFlag                                   : loaded 2 times (x 79B)
Class [Lcom.google.protobuf.Descriptors$GenericDescriptor;                            : loaded 2 times (x 69B)
Class kotlin.coroutines.CoroutineContext$DefaultImpls                                 : loaded 2 times (x 71B)
Class kotlinx.coroutines.internal.LockFreeLinkedListNode                              : loaded 2 times (x 75B)
Class org.h2.engine.SysProperties                                                     : loaded 2 times (x 71B)
Class io.opentelemetry.api.common.ArrayBackedAttributes                               : loaded 2 times (x 81B)
Class io.opentelemetry.api.internal.StringUtils                                       : loaded 2 times (x 71B)
Class com.fasterxml.jackson.module.kotlin.KotlinKeySerializers                        : loaded 2 times (x 87B)
Class io.netty.util.internal.CleanerJava9                                             : loaded 2 times (x 74B)
Class io.netty.util.concurrent.GenericProgressiveFutureListener                       : loaded 2 times (x 70B)
Class io.netty.util.internal.PriorityQueueNode                                        : loaded 2 times (x 70B)
Class io.netty.util.concurrent.DefaultFutureListeners                                 : loaded 2 times (x 72B)
Class io.netty.util.concurrent.DefaultPromise$StacklessCancellationException          : loaded 2 times (x 82B)
Class io.opentelemetry.api.trace.Span                                                 : loaded 2 times (x 70B)
Class io.opentelemetry.api.metrics.DoubleCounterBuilder                               : loaded 2 times (x 70B)
Class kotlin.collections.builders.MapBuilder$EntryRef                                 : loaded 2 times (x 81B)
Class kotlinx.coroutines.EventLoop_commonKt                                           : loaded 2 times (x 71B)
Class io.netty.util.internal.OutOfDirectMemoryError                                   : loaded 2 times (x 82B)
Class kotlin.jvm.internal.ArrayIteratorKt                                             : loaded 2 times (x 71B)
Class org.apache.http.impl.execchain.ProtocolExec                                     : loaded 2 times (x 77B)
Class org.apache.http.impl.auth.DigestSchemeFactory                                   : loaded 2 times (x 80B)
Class org.apache.http.util.Asserts                                                    : loaded 2 times (x 71B)
Class org.apache.http.conn.EofSensorInputStream                                       : loaded 2 times (x 104B)
Class com.google.protobuf.AbstractProtobufList                                        : loaded 2 times (x 229B)
Class org.apache.http.impl.conn.DefaultRoutePlanner                                   : loaded 2 times (x 77B)
Class org.apache.http.client.entity.GZIPInputStreamFactory                            : loaded 2 times (x 75B)
Class org.apache.http.client.HttpRequestRetryHandler                                  : loaded 2 times (x 70B)
Class kotlinx.coroutines.Active                                                       : loaded 2 times (x 71B)
Class io.opentelemetry.sdk.trace.samplers.Sampler                                     : loaded 2 times (x 70B)
Class io.netty.channel.AbstractChannel$AbstractUnsafe$1                               : loaded 2 times (x 76B)
Class io.opentelemetry.sdk.internal.RandomSupplier                                    : loaded 2 times (x 71B)
Class [Lio.netty.util.internal.logging.InternalLogLevel;                              : loaded 2 times (x 69B)
Class io.netty.util.ReferenceCounted                                                  : loaded 2 times (x 70B)
Class io.netty.util.internal.CleanerJava9$1                                           : loaded 2 times (x 75B)
Class [Lcom.fasterxml.jackson.databind.PropertyName;                                  : loaded 2 times (x 69B)
Class com.fasterxml.jackson.databind.ser.std.MapProperty                              : loaded 2 times (x 116B)
Class com.fasterxml.jackson.databind.ser.std.StdKeySerializers$EnumKeySerializer      : loaded 2 times (x 114B)
Class com.fasterxml.jackson.module.kotlin.KotlinModule$Builder                        : loaded 2 times (x 72B)
Class io.netty.buffer.ByteBufHolder                                                   : loaded 2 times (x 70B)
Class io.netty.handler.ssl.SslContext                                                 : loaded 2 times (x 86B)
Class io.netty.channel.ChannelFlushPromiseNotifier$FlushCheckpoint                    : loaded 2 times (x 70B)
Class [Lio.netty.channel.DefaultChannelPipeline$AddStrategy;                          : loaded 2 times (x 69B)
Class io.netty.handler.codec.http.TooLongHttpLineException                            : loaded 2 times (x 82B)
Class [Lio.opentelemetry.sdk.trace.samplers.AlwaysOffSampler;                         : loaded 2 times (x 69B)
Class io.netty.buffer.UnsafeByteBufUtil                                               : loaded 2 times (x 71B)
Class com.google.gson.FormattingStyle                                                 : loaded 2 times (x 78B)
Class kotlinx.coroutines.DebugKt                                                      : loaded 2 times (x 71B)
Class com.fasterxml.jackson.databind.Module                                           : loaded 2 times (x 79B)
Class com.fasterxml.jackson.core.util.BufferRecyclers                                 : loaded 2 times (x 71B)
Class org.apache.http.impl.io.ChunkedOutputStream                                     : loaded 2 times (x 90B)
Class com.google.protobuf.LazyField                                                   : loaded 2 times (x 85B)
Class com.google.protobuf.DescriptorProtos$FieldDescriptorProto$1                     : loaded 2 times (x 150B)
Class com.google.protobuf.Message$Builder                                             : loaded 2 times (x 70B)
Class kotlin.text.Charsets                                                            : loaded 2 times (x 71B)
Class kotlinx.coroutines.internal.LockFreeTaskQueueCore$Companion                     : loaded 2 times (x 71B)
Class kotlinx.coroutines.internal.LimitedDispatcher                                   : loaded 2 times (x 105B)
Class [Lkotlinx.coroutines.internal.ThreadSafeHeapNode;                               : loaded 2 times (x 69B)
Class io.netty.util.Signal                                                            : loaded 2 times (x 89B)
Class io.netty.resolver.AbstractAddressResolver                                       : loaded 2 times (x 93B)
Class io.netty.handler.codec.ByteToMessageDecoder$Cumulator                           : loaded 2 times (x 70B)
Class io.netty.util.ResourceLeakHint                                                  : loaded 2 times (x 70B)
Class org.apache.http.HttpResponseInterceptor                                         : loaded 2 times (x 70B)
Class org.apache.http.conn.ssl.AbstractVerifier                                       : loaded 2 times (x 81B)
Class org.apache.http.impl.DefaultBHttpClientConnection                               : loaded 2 times (x 135B)
Class [Lorg.apache.http.HttpResponseInterceptor;                                      : loaded 2 times (x 69B)
Class com.google.protobuf.Internal                                                    : loaded 2 times (x 71B)
Class io.opentelemetry.api.OpenTelemetry                                              : loaded 2 times (x 70B)
Class [Lorg.apache.http.NameValuePair;                                                : loaded 2 times (x 69B)
Class com.google.protobuf.MessageReflection$MergeTarget                               : loaded 2 times (x 70B)
Class org.apache.http.conn.socket.PlainConnectionSocketFactory                        : loaded 2 times (x 77B)
Class org.apache.http.impl.client.CloseableHttpClient                                 : loaded 2 times (x 106B)
Class com.google.gson.internal.bind.TreeTypeAdapter$SingleTypeFactory                 : loaded 2 times (x 75B)
Class org.apache.http.HttpHost                                                        : loaded 2 times (x 72B)
Class org.apache.http.impl.cookie.AbstractCookieAttributeHandler                      : loaded 2 times (x 79B)
Class com.fasterxml.jackson.module.kotlin.KotlinDeserializers                         : loaded 2 times (x 94B)
Class io.netty.util.AttributeKey$1                                                    : loaded 2 times (x 77B)
Class io.netty.util.AttributeMap                                                      : loaded 2 times (x 70B)
Class io.opentelemetry.api.trace.PropagatedSpan                                       : loaded 2 times (x 112B)
Class io.netty.handler.codec.DefaultHeaders                                           : loaded 2 times (x 277B)
Class com.fasterxml.jackson.databind.ser.std.StdArraySerializers$IntArraySerializer   : loaded 2 times (x 129B)
Class [Lio.netty.handler.logging.LogLevel;                                            : loaded 2 times (x 69B)
Class io.opentelemetry.sdk.logs.internal.AutoValue_LoggerConfig                       : loaded 2 times (x 75B)
Class io.netty.util.concurrent.SingleThreadEventExecutor                              : loaded 2 times (x 301B)
Class io.netty.handler.codec.PrematureChannelClosureException                         : loaded 2 times (x 82B)
Class com.google.gson.internal.bind.TypeAdapters$34                                   : loaded 2 times (x 76B)
Class kotlinx.coroutines.InactiveNodeList                                             : loaded 2 times (x 76B)
Class com.fasterxml.jackson.databind.cfg.MapperBuilder                                : loaded 2 times (x 150B)
Class com.google.protobuf.UnknownFieldSet                                             : loaded 2 times (x 87B)
Class com.google.protobuf.Descriptors$EnumDescriptor                                  : loaded 2 times (x 79B)
Class io.opentelemetry.api.common.ArrayBackedAttributesBuilder                        : loaded 2 times (x 104B)
Class org.h2.mvstore.MVMap$RewriteDecisionMaker                                       : loaded 2 times (x 76B)
Class org.h2.mvstore.cache.FilePathCache                                              : loaded 2 times (x 100B)
Class com.google.common.collect.Hashing                                               : loaded 2 times (x 71B)
Class com.google.common.base.Preconditions                                            : loaded 2 times (x 71B)
Class [Lorg.apache.http.Header;                                                       : loaded 2 times (x 69B)
Class org.apache.http.client.ClientProtocolException                                  : loaded 2 times (x 82B)
Class kotlinx.coroutines.flow.StateFlowSlot                                           : loaded 2 times (x 74B)
Class org.slf4j.helpers.MessageFormatter                                              : loaded 2 times (x 71B)
Class kotlinx.coroutines.SupervisorKt                                                 : loaded 2 times (x 71B)
Class [Lcom.google.protobuf.Descriptors$OneofDescriptor;                              : loaded 2 times (x 69B)
Class io.netty.handler.codec.TooLongFrameException                                    : loaded 2 times (x 82B)
Class io.netty.buffer.ByteBufUtil$ThreadLocalDirectByteBuf                            : loaded 2 times (x 313B)
Class io.netty.util.concurrent.DefaultEventExecutorChooserFactory                     : loaded 2 times (x 74B)
Class io.opentelemetry.api.metrics.DoubleGauge                                        : loaded 2 times (x 70B)
Class io.netty.buffer.UnpooledByteBufAllocator                                        : loaded 2 times (x 119B)
Class org.apache.http.impl.conn.CPoolProxy                                            : loaded 2 times (x 140B)
Class org.h2.mvstore.MVStoreException                                                 : loaded 2 times (x 83B)
Class com.fasterxml.jackson.databind.json.JsonMapper$Builder                          : loaded 2 times (x 156B)
Class io.opentelemetry.sdk.common.Clock                                               : loaded 2 times (x 70B)
Class io.opentelemetry.api.trace.TraceFlags                                           : loaded 2 times (x 70B)
Class io.opentelemetry.api.trace.propagation.W3CTraceContextPropagator                : loaded 2 times (x 76B)
Class com.fasterxml.jackson.databind.util.TokenBuffer$Parser                          : loaded 2 times (x 223B)
Class org.h2.store.fs.encrypt.FileEncrypt                                             : loaded 2 times (x 131B)
Class io.netty.buffer.AdvancedLeakAwareCompositeByteBuf                               : loaded 2 times (x 405B)
Class io.opentelemetry.sdk.internal.AttributesMap                                     : loaded 2 times (x 142B)
Class com.google.protobuf.PrimitiveNonBoxingCollection                                : loaded 2 times (x 70B)
Class kotlinx.coroutines.BuildersKt__Builders_commonKt                                : loaded 2 times (x 71B)
Class kotlin.collections.SetsKt__SetsKt                                               : loaded 2 times (x 71B)
Class org.h2.mvstore.MVMap$IntValueHolder                                             : loaded 2 times (x 71B)
Class org.h2.mvstore.MVMap$4                                                          : loaded 2 times (x 71B)
Class io.netty.handler.codec.http.HttpRequestEncoder                                  : loaded 2 times (x 108B)
Class io.netty.buffer.UnpooledSlicedByteBuf                                           : loaded 2 times (x 316B)
Class io.netty.channel.CombinedChannelDuplexHandler                                   : loaded 2 times (x 119B)
Class io.opentelemetry.sdk.logs.SdkLoggerProvider                                     : loaded 2 times (x 82B)
Class io.netty.channel.nio.SelectedSelectionKeySet                                    : loaded 2 times (x 136B)
Class io.netty.util.internal.TypeParameterMatcher$ReflectiveMatcher                   : loaded 2 times (x 73B)
Class com.fasterxml.jackson.databind.deser.std.BaseNodeDeserializer                   : loaded 2 times (x 163B)
Class io.netty.channel.VoidChannelPromise                                             : loaded 2 times (x 257B)
Class io.netty.channel.DefaultChannelPipeline                                         : loaded 2 times (x 213B)
Class io.netty.util.ResourceLeakDetectorFactory                                       : loaded 2 times (x 73B)
Class com.google.gson.internal.bind.TypeAdapters$33                                   : loaded 2 times (x 76B)
Class com.google.gson.JsonSerializationContext                                        : loaded 2 times (x 70B)
Class kotlinx.coroutines.CopyableThreadContextElement                                 : loaded 2 times (x 70B)
Class kotlin.random.Random$Default                                                    : loaded 2 times (x 86B)
Class org.apache.http.client.methods.HttpUriRequest                                   : loaded 2 times (x 70B)
Class io.opentelemetry.sdk.metrics.internal.view.DefaultAggregation                   : loaded 2 times (x 75B)
Class org.apache.http.impl.client.DefaultClientConnectionReuseStrategy                : loaded 2 times (x 76B)
Class io.opentelemetry.sdk.metrics.export.CollectionRegistration                      : loaded 2 times (x 70B)
Class org.apache.http.impl.cookie.DefaultCookieSpecProvider$1                         : loaded 2 times (x 84B)
Class io.opentelemetry.api.common.Attributes                                          : loaded 2 times (x 70B)
Class org.apache.http.impl.conn.DefaultManagedHttpClientConnection                    : loaded 2 times (x 152B)
Class kotlinx.coroutines.flow.SharedFlow                                              : loaded 2 times (x 70B)
Class com.google.protobuf.Descriptors$FieldDescriptor$JavaType                        : loaded 2 times (x 79B)
Class org.apache.http.impl.io.AbstractMessageWriter                                   : loaded 2 times (x 77B)
Class io.opentelemetry.api.metrics.DefaultMeter$NoopDoubleCounterBuilder              : loaded 2 times (x 83B)
Class io.opentelemetry.sdk.logs.LogLimits                                             : loaded 2 times (x 74B)
Class com.fasterxml.jackson.databind.ser.std.StdArraySerializers$CharArraySerializer  : loaded 2 times (x 117B)
Class com.fasterxml.jackson.databind.RuntimeJsonMappingException                      : loaded 2 times (x 82B)
Class com.fasterxml.jackson.databind.deser.impl.PropertyValueBuffer                   : loaded 2 times (x 84B)
Class kotlin.sequences.SequencesKt___SequencesKt                                      : loaded 2 times (x 71B)
Class org.h2.mvstore.RandomAccessStore                                                : loaded 2 times (x 142B)
Class io.netty.util.internal.ObjectUtil                                               : loaded 2 times (x 71B)
Class com.fasterxml.jackson.module.kotlin.ReflectionCache                             : loaded 2 times (x 72B)
Class com.fasterxml.jackson.databind.type.ClassKey                                    : loaded 2 times (x 75B)
Class io.netty.util.internal.BoundedInputStream                                       : loaded 2 times (x 92B)
Class io.opentelemetry.sdk.trace.samplers.SamplingDecision                            : loaded 2 times (x 79B)
Class io.opentelemetry.context.Scope                                                  : loaded 2 times (x 70B)
Class io.netty.util.concurrent.ScheduledFutureTask                                    : loaded 2 times (x 239B)
Class io.netty.channel.SelectStrategy                                                 : loaded 2 times (x 70B)
Class io.netty.channel.ChannelPipeline                                                : loaded 2 times (x 70B)
Class org.h2.mvstore.MVMap$EqualsDecisionMaker                                        : loaded 2 times (x 76B)
Class org.apache.http.protocol.RequestContent                                         : loaded 2 times (x 75B)
Class org.apache.http.impl.client.ProxyAuthenticationStrategy                         : loaded 2 times (x 87B)
Class org.apache.http.io.HttpMessageParserFactory                                     : loaded 2 times (x 70B)
Class org.apache.commons.logging.impl.WeakHashtable$Referenced                        : loaded 2 times (x 72B)
Class kotlinx.coroutines.CancellableContinuationImplKt                                : loaded 2 times (x 71B)
Class io.netty.channel.ChannelOutboundBuffer$Entry                                    : loaded 2 times (x 72B)
Class com.google.gson.internal.$Gson$Types$ParameterizedTypeImpl                      : loaded 2 times (x 81B)
Class io.netty.channel.DefaultChannelPipeline$TailContext                             : loaded 2 times (x 208B)
Class io.netty.resolver.NameResolver                                                  : loaded 2 times (x 70B)
Class io.netty.util.concurrent.DefaultPromise                                         : loaded 2 times (x 182B)
Class io.netty.util.NetUtilInitializations$NetworkIfaceAndInetAddress                 : loaded 2 times (x 72B)
Class com.fasterxml.jackson.databind.ser.impl.PropertySerializerMap$Multi             : loaded 2 times (x 74B)
Class io.netty.buffer.PoolThreadCache                                                 : loaded 2 times (x 72B)
Class io.netty.resolver.AddressResolverGroup$1                                        : loaded 2 times (x 78B)
Class io.netty.handler.codec.http.FullHttpRequest                                     : loaded 2 times (x 70B)
Class kotlinx.coroutines.scheduling.SchedulerTimeSource                               : loaded 2 times (x 72B)
Class kotlinx.coroutines.scheduling.CoroutineScheduler                                : loaded 2 times (x 81B)
Class kotlinx.coroutines.EventLoopImplPlatform                                        : loaded 2 times (x 107B)
Class io.opentelemetry.sdk.internal.ThrottlingLogger                                  : loaded 2 times (x 76B)
Class io.opentelemetry.context.propagation.ContextPropagators                         : loaded 2 times (x 70B)
Class org.apache.http.impl.conn.PoolingHttpClientConnectionManager$InternalConnectionFactory: loaded 2 times (x 77B)
Class io.opentelemetry.sdk.metrics.export.MetricExporter                              : loaded 2 times (x 70B)
Class com.fasterxml.jackson.core.io.MergedStream                                      : loaded 2 times (x 92B)
Class org.apache.http.impl.conn.SystemDefaultDnsResolver                              : loaded 2 times (x 75B)
Class org.apache.http.protocol.HttpContext                                            : loaded 2 times (x 70B)
Class kotlinx.coroutines.flow.MutableStateFlow                                        : loaded 2 times (x 70B)
Class com.google.protobuf.GeneratedMessageV3$BuilderParent                            : loaded 2 times (x 70B)
Class com.google.protobuf.Internal$IntList                                            : loaded 2 times (x 70B)
Class com.google.protobuf.DescriptorProtos$FieldDescriptorProto$Type$1                : loaded 2 times (x 74B)
Class io.netty.channel.AbstractChannel$AnnotatedSocketException                       : loaded 2 times (x 82B)
Class io.netty.util.concurrent.DefaultPromise$CauseHolder                             : loaded 2 times (x 72B)
Class io.opentelemetry.api.metrics.LongHistogram                                      : loaded 2 times (x 70B)
Class io.opentelemetry.api.metrics.ObservableDoubleMeasurement                        : loaded 2 times (x 70B)
Class [Lcom.fasterxml.jackson.databind.node.NumericNode;                              : loaded 2 times (x 69B)
Class io.netty.buffer.CompositeByteBuf                                                : loaded 2 times (x 404B)
Class org.apache.http.message.TokenParser                                             : loaded 2 times (x 77B)
Class io.netty.util.concurrent.Future                                                 : loaded 2 times (x 70B)
Class io.netty.handler.codec.DecoderResultProvider                                    : loaded 2 times (x 70B)
Class com.fasterxml.jackson.databind.deser.std.JsonNodeDeserializer                   : loaded 2 times (x 165B)
Class io.opentelemetry.sdk.metrics.export.AggregationTemporalitySelector              : loaded 2 times (x 70B)
Class [Lcom.fasterxml.jackson.module.kotlin.KotlinFeature;                            : loaded 2 times (x 69B)
Class io.netty.buffer.ByteBuf                                                         : loaded 2 times (x 283B)
Class io.opentelemetry.api.metrics.DoubleCounter                                      : loaded 2 times (x 70B)
Class io.netty.channel.DefaultSelectStrategyFactory                                   : loaded 2 times (x 74B)
Class io.netty.util.concurrent.AbstractScheduledEventExecutor                         : loaded 2 times (x 238B)
Class io.netty.util.internal.DefaultPriorityQueue                                     : loaded 2 times (x 167B)
Class io.opentelemetry.sdk.metrics.internal.view.AutoValue_RegisteredView             : loaded 2 times (x 77B)
Class io.netty.channel.ChannelInboundInvoker                                          : loaded 2 times (x 70B)
Class org.h2.mvstore.cache.CacheLongKeyLIRS$Segment                                   : loaded 2 times (x 81B)
Class io.netty.channel.DefaultChannelPipeline$PendingHandlerRemovedTask               : loaded 2 times (x 77B)
Class org.apache.http.impl.io.ContentLengthOutputStream                               : loaded 2 times (x 86B)
Class com.google.protobuf.DescriptorProtos$FileDescriptorProto                        : loaded 2 times (x 201B)
Class com.google.protobuf.Descriptors$Descriptor                                      : loaded 2 times (x 76B)
Class org.apache.http.auth.Credentials                                                : loaded 2 times (x 70B)
Class kotlinx.coroutines.Incomplete                                                   : loaded 2 times (x 70B)
Class [Lio.netty.buffer.SizeClassesMetric;                                            : loaded 2 times (x 69B)
Class com.google.gson.internal.bind.JsonAdapterAnnotationTypeAdapterFactory$DummyTypeAdapterFactory: loaded 2 times (x 75B)
Class kotlinx.coroutines.ChildHandle                                                  : loaded 2 times (x 70B)
Class io.netty.buffer.PoolArena$DirectArena                                           : loaded 2 times (x 152B)
Class io.netty.buffer.UnpooledByteBufAllocator$InstrumentedUnpooledHeapByteBuf        : loaded 2 times (x 309B)
Class kotlinx.coroutines.CoroutineScope                                               : loaded 2 times (x 70B)
Class io.netty.handler.logging.LogLevel                                               : loaded 2 times (x 79B)
Class io.netty.util.internal.SystemPropertyUtil                                       : loaded 2 times (x 71B)
Class org.apache.http.io.HttpMessageWriterFactory                                     : loaded 2 times (x 70B)
Class org.apache.http.ParseException                                                  : loaded 2 times (x 82B)
Class io.opentelemetry.sdk.metrics.View                                               : loaded 2 times (x 76B)
Class org.apache.http.client.methods.HttpRequestWrapper$HttpEntityEnclosingRequestWrapper: loaded 2 times (x 134B)
Class [Lorg.apache.http.cookie.CookieAttributeHandler;                                : loaded 2 times (x 69B)
Class io.opentelemetry.sdk.trace.SdkTracerProviderBuilder                             : loaded 2 times (x 72B)
Class org.h2.util.MathUtils                                                           : loaded 2 times (x 71B)
Class org.h2.mvstore.cache.CacheLongKeyLIRS$Config                                    : loaded 2 times (x 71B)
Class org.apache.http.conn.util.InetAddressUtils                                      : loaded 2 times (x 71B)
Class org.apache.http.conn.ssl.BrowserCompatHostnameVerifier                          : loaded 2 times (x 81B)
Class kotlinx.coroutines.TimeoutCoroutine                                             : loaded 2 times (x 150B)
Class org.slf4j.event.Level                                                           : loaded 2 times (x 80B)
Class kotlinx.coroutines.AbstractTimeSourceKt                                         : loaded 2 times (x 71B)
Class org.apache.http.impl.conn.LoggingOutputStream                                   : loaded 2 times (x 86B)
Class com.google.gson.internal.bind.ReflectiveTypeAdapterFactory$FieldsData           : loaded 2 times (x 72B)
Class kotlin.sequences.TransformingSequence                                           : loaded 2 times (x 75B)
Class io.netty.util.internal.SocketUtils$3                                            : loaded 2 times (x 75B)
Class io.netty.handler.codec.http.HttpObjectDecoder$1                                 : loaded 2 times (x 74B)
Class io.opentelemetry.api.metrics.DoubleUpDownCounter                                : loaded 2 times (x 70B)
Class [Lcom.fasterxml.jackson.databind.node.IntNode;                                  : loaded 2 times (x 69B)
Class io.opentelemetry.sdk.common.InstrumentationScopeInfo                            : loaded 2 times (x 75B)
Class io.netty.buffer.SimpleLeakAwareByteBuf                                          : loaded 2 times (x 285B)
Class com.fasterxml.jackson.databind.deser.impl.PropertyValue$Regular                 : loaded 2 times (x 74B)
Class io.netty.util.concurrent.Promise                                                : loaded 2 times (x 70B)
Class io.netty.util.internal.PlatformDependent$1                                      : loaded 2 times (x 74B)
Class com.fasterxml.jackson.databind.ser.std.StdKeySerializers$Dynamic                : loaded 2 times (x 116B)
Class io.netty.buffer.AdvancedLeakAwareByteBuf                                        : loaded 2 times (x 285B)
Class io.opentelemetry.api.internal.OtelEncodingUtils                                 : loaded 2 times (x 71B)
Class org.apache.http.client.UserTokenHandler                                         : loaded 2 times (x 70B)
Class org.apache.http.impl.cookie.DefaultCookieSpecProvider$CompatibilityLevel        : loaded 2 times (x 79B)
Class com.fasterxml.jackson.core.util.JsonRecyclerPools$ThreadLocalPool               : loaded 2 times (x 85B)
Class com.google.protobuf.WireFormat                                                  : loaded 2 times (x 71B)
Class org.apache.http.params.CoreProtocolPNames                                       : loaded 2 times (x 70B)
Class org.apache.http.impl.conn.PoolingHttpClientConnectionManager$1                  : loaded 2 times (x 80B)
Class com.fasterxml.jackson.databind.util.EnumResolver                                : loaded 2 times (x 83B)
Class org.apache.http.impl.execchain.RequestEntityProxy                               : loaded 2 times (x 94B)
Class [Lcom.google.protobuf.FieldSet$FieldDescriptorLite;                             : loaded 2 times (x 69B)
Class org.apache.http.impl.entity.StrictContentLengthStrategy                         : loaded 2 times (x 75B)
Class org.apache.http.protocol.HttpRequestExecutor                                    : loaded 2 times (x 77B)
Class kotlinx.coroutines.flow.StateFlowKt                                             : loaded 2 times (x 71B)
Class kotlin.coroutines.jvm.internal.SpillingKt                                       : loaded 2 times (x 71B)
Class org.apache.http.impl.io.EmptyInputStream                                        : loaded 2 times (x 91B)
Class io.netty.buffer.PoolArenaMetric                                                 : loaded 2 times (x 70B)
Class io.netty.util.concurrent.SingleThreadEventExecutor$1                            : loaded 2 times (x 74B)
Class io.netty.channel.SingleThreadEventLoop                                          : loaded 2 times (x 388B)
Class io.netty.buffer.UnpooledByteBufAllocator$InstrumentedUnpooledUnsafeHeapByteBuf  : loaded 2 times (x 309B)
Class io.netty.util.internal.PlatformDependent$2                                      : loaded 2 times (x 74B)
Class org.slf4j.helpers.Reporter                                                      : loaded 2 times (x 71B)
Class org.h2.mvstore.MVMap                                                            : loaded 2 times (x 166B)
Class io.opentelemetry.sdk.trace.samplers.AlwaysOnSampler                             : loaded 2 times (x 83B)
Class io.netty.util.HashingStrategy                                                   : loaded 2 times (x 70B)
Class io.opentelemetry.context.ContextStorageProvider                                 : loaded 2 times (x 70B)
Class io.opentelemetry.api.metrics.DefaultMeter$NoopLongGaugeBuilder$1                : loaded 2 times (x 78B)
Class com.google.common.collect.ImmutableList                                         : loaded 2 times (x 206B)
Class com.fasterxml.jackson.core.json.ByteSourceJsonBootstrapper                      : loaded 2 times (x 72B)
Class org.apache.http.config.SocketConfig                                             : loaded 2 times (x 80B)
Class com.google.protobuf.Descriptors$FileDescriptor$Syntax                           : loaded 2 times (x 79B)
Class [Lcom.google.protobuf.Internal$EnumLite;                                        : loaded 2 times (x 69B)
Class com.google.protobuf.GeneratedMessageV3$ExtendableMessageOrBuilder               : loaded 2 times (x 70B)
Class com.google.protobuf.CodedInputStream$ArrayDecoder                               : loaded 2 times (x 119B)
Class org.apache.http.cookie.CookieSpec                                               : loaded 2 times (x 70B)
Class org.apache.http.impl.conn.DefaultSchemePortResolver                             : loaded 2 times (x 75B)
Class kotlinx.coroutines.Empty                                                        : loaded 2 times (x 75B)
Class io.netty.util.concurrent.CompleteFuture                                         : loaded 2 times (x 130B)
Class io.netty.handler.codec.http.HttpResponse                                        : loaded 2 times (x 70B)
Class kotlin.collections.builders.MapBuilder                                          : loaded 2 times (x 112B)
Class io.netty.util.concurrent.GlobalEventExecutor$TaskRunner                         : loaded 2 times (x 75B)
Class io.opentelemetry.api.trace.SpanContextKey                                       : loaded 2 times (x 71B)
Class com.fasterxml.jackson.databind.ser.std.StdArraySerializers$LongArraySerializer  : loaded 2 times (x 129B)
Class io.netty.channel.ChannelOutboundInvoker                                         : loaded 2 times (x 70B)
Class kotlinx.coroutines.flow.CancellableFlow                                         : loaded 2 times (x 70B)
Class kotlinx.coroutines.flow.internal.AbstractSharedFlow                             : loaded 2 times (x 74B)
Class org.apache.http.conn.socket.LayeredConnectionSocketFactory                      : loaded 2 times (x 70B)
Class org.apache.http.HttpRequestInterceptor                                          : loaded 2 times (x 70B)
Class com.google.protobuf.CodedInputStream$StreamDecoder                              : loaded 2 times (x 119B)
Class com.fasterxml.jackson.databind.util.CompactStringObjectMap                      : loaded 2 times (x 72B)
Class org.h2.mvstore.MVMap$Builder                                                    : loaded 2 times (x 90B)
Class io.opentelemetry.api.internal.InternalAttributeKeyImpl                          : loaded 2 times (x 76B)
Class org.h2.mvstore.FileStore$1                                                      : loaded 2 times (x 83B)
Class [Lorg.h2.mvstore.cache.CacheLongKeyLIRS$Segment;                                : loaded 2 times (x 69B)
Class org.apache.http.io.HttpTransportMetrics                                         : loaded 2 times (x 70B)
Class org.apache.http.client.utils.URLEncodedUtils                                    : loaded 2 times (x 71B)
Class [Lcom.google.protobuf.DescriptorProtos$FieldDescriptorProto$Label;              : loaded 2 times (x 69B)
Class com.google.protobuf.ProtocolStringList                                          : loaded 2 times (x 70B)
Class com.fasterxml.jackson.databind.type.IterationType                               : loaded 2 times (x 148B)
Class io.opentelemetry.sdk.trace.samplers.ParentBasedSampler                          : loaded 2 times (x 76B)
Class [Lio.netty.util.concurrent.GenericFutureListener;                               : loaded 2 times (x 69B)
Class io.netty.buffer.PooledUnsafeDirectByteBuf                                       : loaded 2 times (x 311B)
Class io.netty.buffer.SizeClasses                                                     : loaded 2 times (x 82B)
Class [Lio.netty.buffer.PoolArena;                                                    : loaded 2 times (x 69B)
Class io.netty.channel.DefaultChannelConfig                                           : loaded 2 times (x 131B)
Class io.netty.channel.ChannelFuture                                                  : loaded 2 times (x 70B)
Class io.opentelemetry.api.metrics.DoubleUpDownCounterBuilder                         : loaded 2 times (x 70B)
Class [Lcom.fasterxml.jackson.databind.JsonSerializable$Base;                         : loaded 2 times (x 69B)
Class com.fasterxml.jackson.databind.JsonDeserializer$None                            : loaded 2 times (x 97B)
Class com.fasterxml.jackson.databind.node.ArrayNode                                   : loaded 2 times (x 318B)
Class com.fasterxml.jackson.module.kotlin.BucketGenerator                             : loaded 2 times (x 72B)
Class io.opentelemetry.api.metrics.DoubleHistogramBuilder                             : loaded 2 times (x 70B)
Class [Lio.opentelemetry.api.trace.ImmutableTraceFlags;                               : loaded 2 times (x 69B)
Class io.opentelemetry.sdk.trace.samplers.AlwaysOffSampler                            : loaded 2 times (x 83B)
Class io.opentelemetry.sdk.metrics.internal.debug.DebugConfig                         : loaded 2 times (x 71B)
Class io.opentelemetry.sdk.metrics.internal.view.NoopAttributesProcessor              : loaded 2 times (x 74B)
Class io.netty.channel.socket.nio.NioChannelOption                                    : loaded 2 times (x 81B)
Class kotlinx.coroutines.CoroutineScopeKt                                             : loaded 2 times (x 71B)
Class kotlinx.coroutines.BuildersKt                                                   : loaded 2 times (x 71B)
Class [Lorg.apache.http.impl.cookie.DefaultCookieSpecProvider$CompatibilityLevel;     : loaded 2 times (x 69B)
Class kotlinx.coroutines.BlockingCoroutine                                            : loaded 2 times (x 143B)
Class org.apache.http.impl.BHttpConnectionBase                                        : loaded 2 times (x 119B)
Class org.apache.http.conn.HttpClientConnectionOperator                               : loaded 2 times (x 70B)
Class org.apache.http.HttpRequest                                                     : loaded 2 times (x 70B)
Class org.apache.http.HttpEntity                                                      : loaded 2 times (x 70B)
Class kotlin.jvm.internal.StringCompanionObject                                       : loaded 2 times (x 71B)
Class com.google.gson.internal.UnsafeAllocator                                        : loaded 2 times (x 72B)
Class kotlinx.coroutines.scheduling.Task                                              : loaded 2 times (x 76B)
Class kotlinx.coroutines.internal.ThreadContextKt                                     : loaded 2 times (x 71B)
Class kotlinx.coroutines.internal.ScopeCoroutine                                      : loaded 2 times (x 147B)
Class io.netty.util.NettyRuntime$AvailableProcessorsHolder                            : loaded 2 times (x 73B)
Class io.opentelemetry.api.metrics.DefaultMeter$NoopDoubleGauge                       : loaded 2 times (x 79B)
Class io.netty.buffer.UnreleasableByteBuf                                             : loaded 2 times (x 284B)
Class kotlin.io.FilesKt__FileTreeWalkKt                                               : loaded 2 times (x 71B)
Class org.apache.http.impl.client.InternalHttpClient                                  : loaded 2 times (x 110B)
Class org.apache.http.HttpClientConnection                                            : loaded 2 times (x 70B)
Class org.apache.http.Header                                                          : loaded 2 times (x 70B)
Class com.google.protobuf.CodedInputStream$UnsafeDirectNioDecoder                     : loaded 2 times (x 119B)
Class com.google.protobuf.DescriptorProtos$FieldOptionsOrBuilder                      : loaded 2 times (x 70B)
Class com.fasterxml.jackson.databind.ObjectMapper$1                                   : loaded 2 times (x 130B)
Class org.apache.http.client.utils.URIUtils                                           : loaded 2 times (x 71B)
Class kotlin.sequences.SequencesKt__SequenceBuilderKt                                 : loaded 2 times (x 71B)
Class io.opentelemetry.api.trace.TraceId                                              : loaded 2 times (x 71B)
Class com.google.gson.internal.bind.ObjectTypeAdapter$2                               : loaded 2 times (x 71B)
Class io.opentelemetry.sdk.metrics.export.DefaultAggregationSelector                  : loaded 2 times (x 70B)
Class com.fasterxml.jackson.core.util.ReadConstrainedTextBuffer                       : loaded 2 times (x 109B)
Class org.apache.http.cookie.CookieRestrictionViolationException                      : loaded 2 times (x 82B)
Class org.apache.http.cookie.CookieOrigin                                             : loaded 2 times (x 72B)
Class org.apache.http.conn.socket.ConnectionSocketFactory                             : loaded 2 times (x 70B)
Class com.google.protobuf.Message                                                     : loaded 2 times (x 70B)
Class com.google.gson.internal.UnsafeAllocator$1                                      : loaded 2 times (x 73B)
Class kotlinx.coroutines.internal.ThreadSafeHeap                                      : loaded 2 times (x 72B)
Class kotlinx.coroutines.DelayKt                                                      : loaded 2 times (x 71B)
Class kotlinx.coroutines.NotCompleted                                                 : loaded 2 times (x 70B)
Class kotlinx.coroutines.internal.LockFreeTaskQueue                                   : loaded 2 times (x 72B)
Class kotlinx.coroutines.scheduling.DefaultScheduler                                  : loaded 2 times (x 108B)
Class kotlinx.coroutines.Dispatchers                                                  : loaded 2 times (x 71B)
Class kotlin.time.DurationUnitKt                                                      : loaded 2 times (x 71B)
Class com.fasterxml.jackson.databind.module.SimpleModule                              : loaded 2 times (x 101B)
Class org.h2.store.fs.disk.FilePathDisk                                               : loaded 2 times (x 97B)
Class io.netty.channel.DefaultSelectStrategy                                          : loaded 2 times (x 74B)
Class io.netty.util.DefaultAttributeMap                                               : loaded 2 times (x 78B)
Class org.h2.mvstore.MVMap$Decision                                                   : loaded 2 times (x 79B)
Class io.netty.util.internal.ThrowableUtil                                            : loaded 2 times (x 71B)
Class io.opentelemetry.api.internal.ImmutableSpanContext                              : loaded 2 times (x 91B)
Class io.netty.handler.codec.DefaultHeaders$ValueValidator$1                          : loaded 2 times (x 74B)
Class io.opentelemetry.sdk.logs.LogRecordProcessor                                    : loaded 2 times (x 70B)
Class io.netty.util.internal.InternalThreadLocalMap                                   : loaded 2 times (x 72B)
Class com.fasterxml.jackson.databind.node.JsonNodeType                                : loaded 2 times (x 79B)
Class com.fasterxml.jackson.module.kotlin.KotlinModuleKt                              : loaded 2 times (x 71B)
Class io.netty.channel.ChannelHandlerAdapter                                          : loaded 2 times (x 81B)
Class io.netty.util.concurrent.EventExecutorGroup                                     : loaded 2 times (x 70B)
Class io.netty.util.concurrent.ScheduledFuture                                        : loaded 2 times (x 70B)
Class io.opentelemetry.sdk.trace.internal.AutoValue_TracerConfig                      : loaded 2 times (x 72B)
Class io.opentelemetry.sdk.trace.RandomIdGenerator                                    : loaded 2 times (x 83B)
Class [Lio.opentelemetry.sdk.trace.samplers.AlwaysOnSampler;                          : loaded 2 times (x 69B)
Class io.opentelemetry.sdk.metrics.internal.view.DropAggregation                      : loaded 2 times (x 75B)
Class io.opentelemetry.sdk.OpenTelemetrySdkBuilder                                    : loaded 2 times (x 72B)
Class org.apache.http.impl.conn.Wire                                                  : loaded 2 times (x 83B)
Class com.google.protobuf.ProtocolMessageEnum                                         : loaded 2 times (x 70B)
Class com.google.protobuf.AbstractMessage$Builder                                     : loaded 2 times (x 226B)
Class com.google.protobuf.ExtensionRegistryFactory                                    : loaded 2 times (x 71B)
Class org.apache.http.config.Registry                                                 : loaded 2 times (x 75B)
Class com.google.gson.internal.UnsafeAllocator$2                                      : loaded 2 times (x 73B)
Class kotlin.random.Random                                                            : loaded 2 times (x 86B)
Class kotlin.coroutines.jvm.internal.DebugProbesKt                                    : loaded 2 times (x 71B)
Class kotlinx.coroutines.intrinsics.CancellableKt                                     : loaded 2 times (x 71B)
Class com.google.gson.internal.bind.DefaultDateTypeAdapter$1                          : loaded 2 times (x 75B)
Class io.netty.channel.socket.ChannelOutputShutdownException                          : loaded 2 times (x 82B)
Class kotlinx.coroutines.internal.ResizableAtomicArray                                : loaded 2 times (x 72B)
Class io.netty.resolver.DefaultNameResolver                                           : loaded 2 times (x 92B)
Class io.netty.channel.ChannelHandlerMask                                             : loaded 2 times (x 71B)
Class io.netty.channel.DefaultChannelHandlerContext                                   : loaded 2 times (x 192B)
Class io.netty.util.concurrent.EventExecutor                                          : loaded 2 times (x 70B)
Class io.opentelemetry.api.metrics.ObservableDoubleCounter                            : loaded 2 times (x 70B)
Class com.fasterxml.jackson.databind.deser.impl.JDKValueInstantiators$ConcurrentHashMapInstantiator: loaded 2 times (x 108B)
Class kotlin.io.TextStreamsKt                                                         : loaded 2 times (x 71B)
Class org.apache.http.client.entity.InputStreamFactory                                : loaded 2 times (x 70B)
Class com.google.protobuf.UnsafeUtil$JvmMemoryAccessor                                : loaded 2 times (x 89B)
Class org.apache.http.message.BasicTokenIterator                                      : loaded 2 times (x 95B)
Class org.h2.mvstore.MVMap$MapBuilder                                                 : loaded 2 times (x 70B)
Class org.h2.mvstore.Page$NonLeaf                                                     : loaded 2 times (x 107B)
Class org.h2.mvstore.type.BasicDataType                                               : loaded 2 times (x 109B)
Class org.h2.store.fs.FileBaseDefault                                                 : loaded 2 times (x 130B)
Class com.google.protobuf.DescriptorProtos$MessageOptions                             : loaded 2 times (x 190B)
Class com.google.protobuf.CodedInputStream                                            : loaded 2 times (x 118B)
Class org.apache.http.client.protocol.RequestClientConnControl                        : loaded 2 times (x 76B)
Class org.apache.http.conn.ssl.DefaultHostnameVerifier                                : loaded 2 times (x 75B)
Class com.google.protobuf.MessageLite                                                 : loaded 2 times (x 70B)
Class com.google.gson.internal.UnsafeAllocator$3                                      : loaded 2 times (x 73B)
Class io.netty.util.concurrent.FastThreadLocalThread                                  : loaded 2 times (x 108B)
Class io.netty.buffer.UnpooledDirectByteBuf                                           : loaded 2 times (x 313B)
Class io.netty.resolver.InetSocketAddressResolver                                     : loaded 2 times (x 96B)
Class io.netty.handler.codec.http.HttpObjectEncoder                                   : loaded 2 times (x 107B)
Class io.netty.util.concurrent.ProgressivePromise                                     : loaded 2 times (x 70B)
Class io.opentelemetry.api.metrics.ObservableLongCounter                              : loaded 2 times (x 70B)
Class io.netty.util.ResourceLeakTracker                                               : loaded 2 times (x 70B)
Class com.fasterxml.jackson.databind.ser.std.StdArraySerializers$ShortArraySerializer : loaded 2 times (x 129B)
Class io.netty.handler.codec.MessageToMessageDecoder                                  : loaded 2 times (x 103B)
Class com.fasterxml.jackson.databind.deser.impl.JDKValueInstantiators$TreeSetInstantiator: loaded 2 times (x 108B)
Class io.opentelemetry.sdk.internal.AttributeUtil                                     : loaded 2 times (x 71B)
Class io.netty.util.internal.MacAddressUtil                                           : loaded 2 times (x 71B)
Class io.netty.channel.ChannelOutboundBuffer                                          : loaded 2 times (x 72B)
Class io.opentelemetry.sdk.metrics.internal.debug.SourceInfo                          : loaded 2 times (x 70B)
Class io.netty.handler.codec.http.DefaultHttpResponse                                 : loaded 2 times (x 102B)
Class org.apache.http.impl.conn.DefaultHttpResponseParser                             : loaded 2 times (x 79B)
Class org.apache.http.impl.io.DefaultHttpRequestWriter                                : loaded 2 times (x 78B)
Class org.apache.http.util.CharArrayBuffer                                            : loaded 2 times (x 83B)
Class org.apache.http.message.HeaderGroup                                             : loaded 2 times (x 86B)
Class com.google.protobuf.AbstractMessageLite$Builder                                 : loaded 2 times (x 126B)
Class org.apache.http.cookie.CommonCookieAttributeHandler                             : loaded 2 times (x 70B)
Class org.apache.http.impl.execchain.RequestAbortedException                          : loaded 2 times (x 82B)
Class org.apache.commons.logging.impl.Log4JLogger                                     : loaded 2 times (x 111B)
Class com.google.gson.internal.UnsafeAllocator$4                                      : loaded 2 times (x 72B)
Class kotlinx.coroutines.JobSupportKt                                                 : loaded 2 times (x 71B)
Class kotlinx.coroutines.ExecutorCoroutineDispatcher$Key                              : loaded 2 times (x 72B)

---------------  S Y S T E M  ---------------

OS:
 Windows 11 , 64 bit Build 26100 (10.0.26100.4484)
OS uptime: 24 days 21:33 hours

CPU: total 20 (initial active 20) (20 cores per cpu, 1 threads per core) family 6 model 154 stepping 3 microcode 0x416, cx8, cmov, fxsr, mmx, 3dnowpref, sse, sse2, sse3, ssse3, sse4.1, sse4.2, popcnt, lzcnt, tsc, tscinvbit, avx, avx2, aes, erms, clmul, bmi1, bmi2, adx, sha, fma, vzeroupper, clflush, clflushopt, clwb, serialize, rdtscp, rdpid, fsrm, f16c, pku, cet_ibt, cet_ss
Processor Information for processor 0
  Max Mhz: 2300, Current Mhz: 2300, Mhz Limit: 2300
Processor Information for processor 1
  Max Mhz: 2300, Current Mhz: 2300, Mhz Limit: 2300
Processor Information for processor 2
  Max Mhz: 2300, Current Mhz: 2300, Mhz Limit: 2300
Processor Information for processor 3
  Max Mhz: 2300, Current Mhz: 2300, Mhz Limit: 2300
Processor Information for processor 4
  Max Mhz: 2300, Current Mhz: 2300, Mhz Limit: 2300
Processor Information for processor 5
  Max Mhz: 2300, Current Mhz: 1506, Mhz Limit: 2300
Processor Information for processor 6
  Max Mhz: 2300, Current Mhz: 2300, Mhz Limit: 2300
Processor Information for processor 7
  Max Mhz: 2300, Current Mhz: 1506, Mhz Limit: 2300
Processor Information for processor 8
  Max Mhz: 2300, Current Mhz: 2300, Mhz Limit: 2300
Processor Information for processor 9
  Max Mhz: 2300, Current Mhz: 2300, Mhz Limit: 2300
Processor Information for processor 10
  Max Mhz: 2300, Current Mhz: 2300, Mhz Limit: 2300
Processor Information for processor 11
  Max Mhz: 2300, Current Mhz: 2300, Mhz Limit: 2300
Processor Information for processor 12
  Max Mhz: 2300, Current Mhz: 1700, Mhz Limit: 1679
Processor Information for processor 13
  Max Mhz: 2300, Current Mhz: 1700, Mhz Limit: 1679
Processor Information for processor 14
  Max Mhz: 2300, Current Mhz: 1700, Mhz Limit: 1679
Processor Information for processor 15
  Max Mhz: 2300, Current Mhz: 1700, Mhz Limit: 1679
Processor Information for processor 16
  Max Mhz: 2300, Current Mhz: 1700, Mhz Limit: 1679
Processor Information for processor 17
  Max Mhz: 2300, Current Mhz: 1700, Mhz Limit: 1679
Processor Information for processor 18
  Max Mhz: 2300, Current Mhz: 1700, Mhz Limit: 1679
Processor Information for processor 19
  Max Mhz: 2300, Current Mhz: 1700, Mhz Limit: 1679

Memory: 4k page, system-wide physical 16088M (1176M free)
TotalPageFile size 42901M (AvailPageFile size 47M)
current process WorkingSet (physical memory assigned to process): 1870M, peak: 2799M
current process commit charge ("private bytes"): 2489M, peak: 2820M

vm_info: OpenJDK 64-Bit Server VM (21.0.8+1-b1038.71) for windows-amd64 JRE (21.0.8+1-b1038.71), built on 2025-09-04 by "builduser" with MS VC++ 16.10 / 16.11 (VS2019)

END.
